code,start_date,industry_code,update_date,l1_code,l2_code,sw_l1_name,code_gildata,name,wind_sw_l1,_merge,status
000001,2021-07-30 00:00:00,480301,2025-12-15 16:33:00,480000,480300,银行,000001.SZ,平安银行,银行,both,agree
000002,1991-01-29 00:00:00,430101,2015-10-27 15:29:00,430000,430100,房地产,000002.SZ,万科A,房地产,both,agree
000003,1991-04-14 00:00:00,510101,2015-10-27 15:28:00,510000,510100,综合,,,,left_only,only_sw
000004,2021-07-30 00:00:00,710402,2021-07-31 16:18:00,710000,710400,计算机,000004.SZ,国华退(退市),计算机,both,agree
000005,2021-07-30 00:00:00,760104,2022-10-11 14:51:00,760000,760100,环保,,,,left_only,only_sw
000006,2017-06-29 00:00:00,430101,2020-12-16 15:10:00,430000,430100,房地产,000006.SZ,深振业A,房地产,both,agree
000007,2021-07-30 00:00:00,450304,2021-07-31 16:18:00,450000,450300,商贸零售,000007.SZ,全新好,商贸零售,both,agree
000008,2015-07-01 00:00:00,640501,2015-10-27 15:29:00,640000,640500,机械设备,000008.SZ,神州高铁,机械设备,both,agree
000009,2021-07-30 00:00:00,630702,2025-10-15 10:57:00,630000,630700,电力设备,000009.SZ,中国宝安,电力设备,both,agree
000010,2021-07-30 00:00:00,620307,2021-08-02 13:20:00,620000,620300,建筑装饰,000010.SZ,*ST美丽,建筑装饰,both,agree
000011,1992-03-30 00:00:00,430101,2015-10-27 15:29:00,430000,430100,房地产,000011.SZ,深物业A,房地产,both,agree
000012,2014-02-21 00:00:00,610201,2024-09-27 12:41:00,610000,610200,建筑材料,000012.SZ,南玻A,建筑材料,both,agree
000013,2003-05-01 00:00:00,220501,2015-10-27 15:28:00,220000,220500,基础化工,,,,left_only,only_sw
000014,2001-05-01 00:00:00,430101,2015-10-27 15:29:00,430000,430100,房地产,000014.SZ,沙河股份,房地产,both,agree
000015,1992-06-25 00:00:00,510101,2015-10-27 15:28:00,510000,510100,综合,,,,left_only,only_sw
000016,2024-07-30 12:45:00,330106,2024-07-30 12:45:00,330000,330100,家用电器,000016.SZ,*ST康佳A,家用电器,both,agree
000017,2022-07-29 00:00:00,350301,2022-07-29 11:54:00,350000,350300,纺织服饰,000017.SZ,深中华A,纺织服饰,both,agree
000018,2018-07-13 00:00:00,620403,2019-08-09 15:39:00,620000,620400,建筑装饰,,,,left_only,only_sw
000019,2021-07-30 00:00:00,110502,2021-07-31 16:18:00,110000,110500,农林牧渔,000019.SZ,深粮控股,农林牧渔,both,agree
000020,2021-07-30 00:00:00,270301,2023-04-25 09:31:00,270000,270300,电子,000020.SZ,深华发A,电子,both,agree
000021,2021-07-30 00:00:00,270504,2023-04-25 09:31:00,270000,270500,电子,000021.SZ,深科技,电子,both,agree
000022,1993-05-05 00:00:00,420101,2024-10-25 09:03:00,420000,420100,交通运输,,,,left_only,only_sw
000023,2021-07-30 00:00:00,610102,2023-12-07 10:03:00,610000,610100,建筑材料,,,,left_only,only_sw
000024,2002-05-01 00:00:00,430101,2015-10-27 15:29:00,430000,430100,房地产,,,,left_only,only_sw
000025,2023-07-04 00:00:00,510101,2024-07-29 11:30:00,510000,510100,综合,000025.SZ,特力A,综合,both,agree
000026,2021-07-30 00:00:00,350301,2023-06-28 18:51:00,350000,350300,纺织服饰,000026.SZ,飞亚达,纺织服饰,both,agree
000027,1993-09-03 00:00:00,410101,2015-10-27 15:29:00,410000,410100,公用事业,000027.SZ,深圳能源,公用事业,both,agree
000028,2021-07-30 00:00:00,370402,2021-07-31 16:18:00,370000,370400,医药生物,000028.SZ,国药一致,医药生物,both,agree
000029,1993-09-15 00:00:00,430101,2015-10-27 15:29:00,430000,430100,房地产,000029.SZ,深深房A,房地产,both,agree
000030,2021-07-30 00:00:00,280203,2025-01-08 14:36:00,280000,280200,汽车,000030.SZ,富奥股份,汽车,both,agree
000031,2021-07-30 00:00:00,430102,2021-07-31 16:18:00,430000,430100,房地产,000031.SZ,大悦城,房地产,both,agree
000032,2022-07-29 00:00:00,620404,2022-07-29 11:54:00,620000,620400,建筑装饰,000032.SZ,深桑达A,建筑装饰,both,agree
000033,1994-01-03 00:00:00,460201,2015-10-27 15:28:00,460000,460200,社会服务,,,,left_only,only_sw
000034,2021-07-30 00:00:00,710301,2024-02-19 09:41:00,710000,710300,计算机,000034.SZ,神州数码,计算机,both,agree
000035,2021-07-30 00:00:00,760103,2026-09-22 11:03:00,760000,760100,环保,000035.SZ,中国天楹,环保,both,agree
000036,2010-01-08 00:00:00,430101,2015-10-27 15:29:00,430000,430100,房地产,000036.SZ,华联控股,房地产,both,agree
000037,2022-07-29 00:00:00,410101,2025-10-15 10:57:00,410000,410100,公用事业,000037.SZ,深南电A,公用事业,both,agree
000038,2021-07-30 00:00:00,510101,2021-07-31 16:18:00,510000,510100,综合,,,,left_only,only_sw
000039,2021-07-30 00:00:00,640108,2025-10-15 10:57:00,640000,640100,机械设备,000039.SZ,中集集团,机械设备,both,agree
000040,2021-07-30 00:00:00,410106,2022-10-11 14:51:00,410000,410100,公用事业,,,,left_only,only_sw
000042,1994-09-21 00:00:00,430101,2015-10-27 15:29:00,430000,430100,房地产,000042.SZ,中洲控股,房地产,both,agree
000043,2007-07-02 00:00:00,430101,2015-10-27 15:29:00,430000,430100,房地产,,,,left_only,only_sw
000045,2014-01-01 00:00:00,270301,2015-10-27 15:29:00,270000,270300,电子,000045.SZ,深纺织A,电子,both,agree
000046,2021-07-30 00:00:00,430101,2021-07-31 16:18:00,430000,430100,房地产,,,,left_only,only_sw
000047,1994-10-21 00:00:00,430101,2015-10-27 15:28:00,430000,430100,房地产,,,,left_only,only_sw
000048,2025-08-11 17:30:00,110702,2025-08-11 17:30:00,110000,110700,农林牧渔,000048.SZ,京基智农,农林牧渔,both,agree
000049,2021-07-30 00:00:00,630701,2025-10-15 10:57:00,630000,630700,电力设备,000049.SZ,德赛电池,电力设备,both,agree
000050,2010-01-01 00:00:00,270301,2015-10-27 15:29:00,270000,270300,电子,000050.SZ,深天马A,电子,both,agree
000055,2021-07-30 00:00:00,610303,2024-01-14 08:47:00,610000,610300,建筑材料,000055.SZ,方大集团,建筑材料,both,agree
000056,2021-07-30 00:00:00,430301,2021-07-31 16:18:00,430000,430300,房地产,000056.SZ,*ST皇庭,房地产,both,agree
000058,2021-07-30 00:00:00,450304,2021-07-31 16:18:00,450000,450300,商贸零售,000058.SZ,深赛格,商贸零售,both,agree
000059,2021-07-30 00:00:00,750301,2024-04-01 15:28:00,750000,750300,石油石化,000059.SZ,华锦股份,石油石化,both,agree
000060,2014-02-21 00:00:00,240303,2024-09-27 12:41:00,240000,240300,有色金属,000060.SZ,中金岭南,有色金属,both,agree
000061,2021-07-30 00:00:00,450304,2021-07-31 16:18:00,450000,450300,商贸零售,000061.SZ,农产品,商贸零售,both,agree
000062,2017-06-29 00:00:00,270401,2019-08-09 15:38:00,270000,270400,电子,000062.SZ,深圳华强,电子,both,agree
000063,2021-07-30 00:00:00,730204,2026-06-01 14:47:00,730000,730200,通信,000063.SZ,中兴通讯,通信,both,agree
000065,2014-02-21 00:00:00,620403,2024-09-27 12:41:00,620000,620400,建筑装饰,000065.SZ,北方国际,建筑装饰,both,agree
000066,2021-07-30 00:00:00,710103,2025-02-19 17:18:00,710000,710100,计算机,000066.SZ,中国长城,计算机,both,agree
000068,2021-07-30 00:00:00,760104,2025-10-15 10:57:00,760000,760100,环保,000068.SZ,华控赛格,环保,both,agree
000069,2021-07-30 00:00:00,430102,2026-02-26 16:27:00,430000,430100,房地产,000069.SZ,华侨城A,房地产,both,agree
000070,2021-07-30 00:00:00,730205,2026-08-19 07:04:00,730000,730200,通信,000070.SZ,特发信息,通信,both,agree
000078,2021-07-30 00:00:00,370402,2021-07-31 16:18:00,370000,370400,医药生物,000078.SZ,ST海王,医药生物,both,agree
000088,2021-11-12 00:00:00,421102,2025-10-15 10:57:00,420000,421100,交通运输,000088.SZ,盐田港,交通运输,both,agree
000089,2021-07-30 00:00:00,421002,2025-10-15 10:57:00,420000,421000,交通运输,000089.SZ,深圳机场,交通运输,both,agree
000090,2006-09-01 00:00:00,430101,2015-10-27 15:29:00,430000,430100,房地产,000090.SZ,天健集团,房地产,both,agree
000096,2021-07-30 00:00:00,750302,2021-07-31 16:18:00,750000,750300,石油石化,000096.SZ,广聚能源,石油石化,both,agree
000099,2021-07-30 00:00:00,421001,2025-01-08 14:36:00,420000,421000,交通运输,000099.SZ,中信海直,交通运输,both,agree
000100,2019-04-22 00:00:00,270301,2021-03-03 15:16:00,270000,270300,电子,000100.SZ,TCL科技,电子,both,agree
000150,2021-07-30 00:00:00,370604,2021-07-31 16:18:00,370000,370600,医药生物,,,,left_only,only_sw
000151,2010-10-08 00:00:00,450201,2019-08-09 15:40:00,450000,450200,商贸零售,000151.SZ,中成股份,商贸零售,both,agree
000153,2000-09-18 16:07:00,370102,2015-10-27 15:28:00,370000,370100,医药生物,000153.SZ,丰原药业,医药生物,both,agree
000155,2021-07-30 00:00:00,410107,2025-10-15 10:57:00,410000,410100,公用事业,000155.SZ,川能动力,公用事业,both,agree
000156,2021-07-30 00:00:00,721001,2025-10-15 10:57:00,720000,721000,传媒,000156.SZ,华数传媒,传媒,both,agree
000157,2021-07-30 00:00:00,640601,2025-10-15 10:57:00,640000,640600,机械设备,000157.SZ,中联重科,机械设备,both,agree
000158,2021-07-30 00:00:00,710301,2021-07-31 16:18:00,710000,710300,计算机,000158.SZ,常山北明,计算机,both,agree
000159,2024-07-30 12:45:00,630504,2025-10-15 10:57:00,630000,630500,电力设备,000159.SZ,国际实业,电力设备,both,agree
000166,2015-01-18 00:08:00,490101,2015-11-05 14:03:00,490000,490100,非银金融,000166.SZ,申万宏源,非银金融,both,agree
000301,2021-07-30 00:00:00,750301,2026-02-26 16:27:00,750000,750300,石油石化,000301.SZ,东方盛虹,石油石化,both,agree
000333,2013-01-18 00:00:00,330102,2015-10-27 15:29:00,330000,330100,家用电器,000333.SZ,美的集团,家用电器,both,agree
000338,2021-07-30 00:00:00,280203,2023-07-01 07:45:00,280000,280200,汽车,000338.SZ,潍柴动力,汽车,both,agree
000400,2021-07-30 00:00:00,630803,2025-11-10 13:33:00,630000,630800,电力设备,000400.SZ,许继电气,电力设备,both,agree
000401,2014-02-21 00:00:00,610101,2024-09-27 12:41:00,610000,610100,建筑材料,000401.SZ,金隅冀东,建筑材料,both,agree
000402,2021-07-30 00:00:00,430102,2022-02-09 17:18:00,430000,430100,房地产,000402.SZ,金融街,房地产,both,agree
000403,2021-07-30 00:00:00,370302,2021-07-31 16:18:00,370000,370300,医药生物,000403.SZ,派林生物,医药生物,both,agree
000404,2021-07-30 00:00:00,330601,2021-07-31 16:18:00,330000,330600,家用电器,000404.SZ,长虹华意,家用电器,both,agree
000405,1996-06-20 00:00:00,240101,2015-10-27 15:28:00,240000,240100,有色金属,,,,left_only,only_sw
000406,1996-06-28 00:00:00,210101,2015-10-27 15:29:00,210000,210100,,,,,left_only,only_sw
000407,2017-12-15 01:36:00,410301,2019-08-09 15:39:00,410000,410300,公用事业,000407.SZ,胜利股份,公用事业,both,agree
000408,2026-07-01 10:24:00,220804,2026-07-01 10:24:00,220000,220800,基础化工,000408.SZ,藏格矿业,基础化工,both,agree
000409,2022-07-29 00:00:00,710301,2022-10-11 14:51:00,710000,710300,计算机,000409.SZ,云鼎科技,计算机,both,agree
000410,2014-02-21 00:00:00,640101,2024-09-27 12:41:00,640000,640100,机械设备,000410.SZ,沈阳机床,机械设备,both,agree
000411,2021-07-30 00:00:00,370402,2021-07-31 16:18:00,370000,370400,医药生物,000411.SZ,英特集团,医药生物,both,agree
000412,1996-07-15 00:00:00,510101,2015-10-27 15:28:00,510000,510100,综合,,,,left_only,only_sw
000413,1996-09-25 00:00:00,270301,2015-10-27 15:28:00,270000,270300,电子,,,,left_only,only_sw
000415,2021-07-30 00:00:00,490305,2026-04-08 19:56:00,490000,490300,非银金融,000415.SZ,渤海租赁,非银金融,both,agree
000416,2021-07-30 00:00:00,490302,2021-07-31 16:18:00,490000,490300,非银金融,,,,left_only,only_sw
000417,2023-07-04 00:00:00,450303,2023-07-04 15:14:00,450000,450300,商贸零售,000417.SZ,合百集团,商贸零售,both,agree
000418,1997-03-28 00:00:00,330103,2015-10-27 15:29:00,330000,330100,家用电器,,,,left_only,only_sw
000419,2014-02-21 00:00:00,450303,2024-09-27 12:41:00,450000,450300,商贸零售,000419.SZ,通程控股,商贸零售,both,agree
000420,1996-08-02 00:00:00,220403,2015-10-27 15:29:00,220000,220400,基础化工,000420.SZ,吉林化纤,基础化工,both,agree
000421,2023-07-04 00:00:00,510101,2024-07-29 11:30:00,510000,510100,综合,000421.SZ,南京公用,综合,both,agree
000422,2022-07-29 00:00:00,220801,2022-07-29 11:54:00,220000,220800,基础化工,000422.SZ,湖北宜化,基础化工,both,agree
000423,1996-07-29 00:00:00,370201,2015-10-27 15:28:00,370000,370200,医药生物,000423.SZ,东阿阿胶,医药生物,both,agree
000425,2021-07-30 00:00:00,640601,2025-10-15 10:57:00,640000,640600,机械设备,000425.SZ,徐工机械,机械设备,both,agree
000426,2014-02-21 00:00:00,240303,2024-09-27 12:41:00,240000,240300,有色金属,000426.SZ,兴业银锡,有色金属,both,agree
000428,2021-07-30 00:00:00,460901,2021-07-31 16:18:00,460000,460900,社会服务,000428.SZ,华天酒店,社会服务,both,agree
000429,2021-07-30 00:00:00,420901,2025-10-15 10:57:00,420000,420900,交通运输,000429.SZ,粤高速A,交通运输,both,agree
000430,2021-07-30 00:00:00,461003,2024-01-19 11:04:00,460000,461000,社会服务,000430.SZ,张家界,社会服务,both,agree
000488,2021-07-30 00:00:00,360102,2024-09-03 15:10:00,360000,360100,轻工制造,000488.SZ,ST晨鸣,轻工制造,both,agree
000498,2021-07-30 00:00:00,620306,2021-08-25 10:04:00,620000,620300,建筑装饰,000498.SZ,山东路桥,建筑装饰,both,agree
000501,2017-06-29 00:00:00,450301,2021-03-03 15:31:00,450000,450300,商贸零售,000501.SZ,武商集团,商贸零售,both,agree
000502,2021-07-30 00:00:00,430301,2021-07-31 16:18:00,430000,430300,房地产,,,,left_only,only_sw
000503,2021-07-30 00:00:00,710401,2021-07-31 16:18:00,710000,710400,计算机,000503.SZ,国新健康,计算机,both,agree
000504,2021-07-30 00:00:00,370605,2021-07-31 16:18:00,370000,370600,医药生物,000504.SZ,南华生物,医药生物,both,agree
000505,2018-07-13 00:00:00,110502,2019-08-09 15:39:00,110000,110500,农林牧渔,000505.SZ,京粮控股,农林牧渔,both,agree
000506,2022-07-29 00:00:00,240401,2025-01-08 14:36:00,240000,240400,有色金属,000506.SZ,招金黄金,有色金属,both,agree
000507,2023-07-04 00:00:00,410107,2025-10-15 10:57:00,410000,410100,公用事业,000507.SZ,珠海港,公用事业,both,agree
000508,1993-01-30 00:04:00,110601,2015-10-26 10:31:00,110000,110600,农林牧渔,,,,left_only,only_sw
000509,2022-07-29 00:00:00,270301,2022-07-29 11:54:00,270000,270300,电子,000509.SZ,华塑控股,电子,both,agree
000510,1993-05-07 00:00:00,220202,2015-10-27 15:28:00,220000,220200,基础化工,000510.SZ,新金路,基础化工,both,agree
000511,2014-01-01 00:00:00,240203,2015-10-27 15:29:00,240000,240200,有色金属,,,,left_only,only_sw
000513,2008-01-02 00:00:00,370102,2015-10-27 15:29:00,370000,370100,医药生物,000513.SZ,丽珠集团,医药生物,both,agree
000514,1993-07-12 00:00:00,430101,2015-10-27 15:29:00,430000,430100,房地产,000514.SZ,渝开发,房地产,both,agree
000515,1993-07-12 00:00:00,220203,2015-10-27 15:29:00,220000,220200,基础化工,,,,left_only,only_sw
000516,2021-07-30 00:00:00,370604,2025-12-26 11:34:00,370000,370600,医药生物,000516.SZ,国际医学,医药生物,both,agree
000517,2010-01-01 00:00:00,430101,2015-10-27 15:29:00,430000,430100,房地产,000517.SZ,荣安地产,房地产,both,agree
000518,2021-07-30 00:00:00,370304,2021-07-31 16:18:00,370000,370300,医药生物,000518.SZ,四环生物,医药生物,both,agree
000519,2017-06-29 00:00:00,650301,2024-06-24 23:01:00,650000,650300,国防军工,000519.SZ,中兵红箭,国防军工,both,agree
000520,2021-07-30 00:00:00,421101,2025-10-15 10:57:00,420000,421100,交通运输,000520.SZ,凤凰航运,交通运输,both,agree
000521,2021-07-30 00:00:00,330106,2021-07-31 16:18:00,330000,330100,家用电器,000521.SZ,长虹美菱,家用电器,both,agree
000522,1993-11-08 00:00:00,370102,2015-10-27 15:28:00,370000,370100,医药生物,,,,left_only,only_sw
000523,2024-07-30 12:45:00,510101,2025-01-08 14:36:00,510000,510100,综合,000523.SZ,红棉股份,综合,both,agree
000524,2021-07-30 00:00:00,461004,2023-02-20 17:31:00,460000,461000,社会服务,000524.SZ,岭南控股,社会服务,both,agree
000525,2021-07-30 00:00:00,220803,2021-07-31 16:18:00,220000,220800,基础化工,000525.SZ,红太阳,基础化工,both,agree
000526,2021-07-30 00:00:00,461102,2021-07-31 16:18:00,460000,461100,社会服务,000526.SZ,学大教育,社会服务,both,agree
000527,1993-11-12 00:00:00,330102,2015-10-27 15:29:00,330000,330100,家用电器,,,,left_only,only_sw
000528,2021-07-30 00:00:00,640601,2025-10-15 10:57:00,640000,640600,机械设备,000528.SZ,柳工,机械设备,both,agree
000529,2023-05-12 00:00:00,340401,2023-05-15 13:30:00,340000,340400,食品饮料,000529.SZ,广弘控股,食品饮料,both,agree
000530,2014-02-21 00:00:00,640105,2024-09-27 12:41:00,640000,640100,机械设备,000530.SZ,冰山冷热,机械设备,both,agree
000531,2017-06-29 00:00:00,410101,2019-08-09 15:38:00,410000,410100,公用事业,000531.SZ,穗恒运A,公用事业,both,agree
000532,2021-07-30 00:00:00,490307,2023-04-25 09:31:00,490000,490300,非银金融,000532.SZ,华金资本,非银金融,both,agree
000533,2021-07-30 00:00:00,630801,2025-10-15 10:57:00,630000,630800,电力设备,000533.SZ,顺钠股份,电力设备,both,agree
000534,2021-07-30 00:00:00,370304,2024-04-01 15:29:00,370000,370300,医药生物,000534.SZ,万泽股份,医药生物,both,agree
000535,1993-11-30 00:00:00,230201,2015-10-27 15:28:00,230000,230200,钢铁,,,,left_only,only_sw
000536,2011-01-10 00:00:00,270301,2015-10-27 15:29:00,270000,270300,电子,000536.SZ,华映科技,电子,both,agree
000537,2022-08-26 00:00:00,410107,2025-10-15 10:57:00,410000,410100,公用事业,000537.SZ,绿发电力,公用事业,both,agree
000538,1993-12-15 00:00:00,370201,2015-10-27 15:29:00,370000,370200,医药生物,000538.SZ,云南白药,医药生物,both,agree
000539,1993-11-26 00:00:00,410101,2015-10-27 15:29:00,410000,410100,公用事业,000539.SZ,粤电力A,公用事业,both,agree
000540,2001-05-01 00:00:00,430101,2015-10-27 15:29:00,430000,430100,房地产,,,,left_only,only_sw
000541,2021-07-30 00:00:00,330501,2025-02-10 17:37:00,330000,330500,家用电器,000541.SZ,佛山照明,家用电器,both,agree
000542,1993-12-01 00:00:00,320102,2015-10-27 15:28:00,320000,320100,,,,,left_only,only_sw
000543,1993-12-20 00:00:00,410101,2015-10-27 15:29:00,410000,410100,公用事业,000543.SZ,皖能电力,公用事业,both,agree
000544,2021-07-30 00:00:00,760102,2025-10-15 10:57:00,760000,760100,环保,000544.SZ,中原环保,环保,both,agree
000545,2021-07-30 00:00:00,220206,2021-07-31 16:18:00,220000,220200,基础化工,000545.SZ,金浦钛业,基础化工,both,agree
000546,2024-07-30 12:45:00,760103,2025-10-15 10:57:00,760000,760100,环保,000546.SZ,金圆股份,环保,both,agree
000547,2021-07-30 00:00:00,650501,2025-10-15 10:57:00,650000,650500,国防军工,000547.SZ,航天发展,国防军工,both,agree
000548,2021-07-30 00:00:00,420901,2025-10-15 10:57:00,420000,420900,交通运输,000548.SZ,湖南投资,交通运输,both,agree
000549,1993-12-20 00:00:00,310102,2015-10-27 15:28:00,310000,310100,,,,,left_only,only_sw
000550,2021-07-30 00:00:00,280601,2025-01-08 14:36:00,280000,280600,汽车,000550.SZ,江铃汽车,汽车,both,agree
000551,2021-07-30 00:00:00,760201,2025-10-15 10:57:00,760000,760200,环保,000551.SZ,创元科技,环保,both,agree
000552,2021-07-30 00:00:00,740101,2025-10-15 10:57:00,740000,740100,煤炭,000552.SZ,甘肃能化,煤炭,both,agree
000553,2021-07-30 00:00:00,220803,2022-09-02 09:37:00,220000,220800,基础化工,000553.SZ,安道麦A,基础化工,both,agree
000554,2021-07-30 00:00:00,750302,2021-07-31 16:18:00,750000,750300,石油石化,000554.SZ,泰山石油,石油石化,both,agree
000555,2021-07-30 00:00:00,710301,2021-07-31 16:18:00,710000,710300,计算机,000555.SZ,神州信息,计算机,both,agree
000556,1994-05-25 00:00:00,510101,2015-10-27 15:28:00,510000,510100,综合,,,,left_only,only_sw
000557,2021-07-30 00:00:00,420903,2025-10-15 10:57:00,420000,420900,交通运输,000557.SZ,西部创业,交通运输,both,agree
000558,2025-03-07 12:05:00,461003,2025-03-07 12:05:00,460000,461000,社会服务,000558.SZ,天府文旅,社会服务,both,agree
000559,2021-07-30 00:00:00,280203,2025-01-08 14:36:00,280000,280200,汽车,000559.SZ,万向钱潮,汽车,both,agree
000560,2021-07-30 00:00:00,430302,2026-09-19 18:41:00,430000,430300,房地产,000560.SZ,我爱我家,房地产,both,agree
000561,2019-07-24 00:00:00,650201,2019-08-09 15:39:00,650000,650200,国防军工,000561.SZ,烽火电子,国防军工,both,agree
000562,2014-02-21 00:00:00,490101,2024-09-27 12:41:00,490000,490100,非银金融,,,,left_only,only_sw
000563,2021-07-30 00:00:00,490304,2021-08-25 10:03:00,490000,490300,非银金融,000563.SZ,陕国投A,非银金融,both,agree
000564,2014-02-21 00:00:00,450301,2024-09-27 12:41:00,450000,450300,商贸零售,000564.SZ,供销大集,商贸零售,both,agree
000565,2011-01-10 00:00:00,220305,2015-10-27 15:29:00,220000,220300,基础化工,000565.SZ,渝三峡A,基础化工,both,agree
000566,2008-01-02 00:00:00,370102,2015-10-27 15:28:00,370000,370100,医药生物,000566.SZ,海南海药,医药生物,both,agree
000567,2021-07-30 00:00:00,490307,2021-07-31 16:18:00,490000,490300,非银金融,000567.SZ,海德股份,非银金融,both,agree
000568,2021-07-30 00:00:00,340501,2021-07-31 16:18:00,340000,340500,食品饮料,000568.SZ,泸州老窖,食品饮料,both,agree
000569,1994-04-25 00:00:00,230102,2015-10-27 15:28:00,230000,230100,钢铁,,,,left_only,only_sw
000570,2021-07-30 00:00:00,280203,2025-01-08 14:36:00,280000,280200,汽车,000570.SZ,苏常柴A,汽车,both,agree
000571,2021-07-30 00:00:00,740101,2025-10-15 10:57:00,740000,740100,煤炭,000571.SZ,新大洲A,煤炭,both,agree
000572,2021-07-30 00:00:00,280502,2025-01-08 14:36:00,280000,280500,汽车,000572.SZ,海马汽车,汽车,both,agree
000573,1994-08-15 00:00:00,430101,2015-10-27 15:29:00,430000,430100,房地产,000573.SZ,粤宏远A,房地产,both,agree
000576,2020-06-22 00:00:00,650301,2020-06-22 11:20:00,650000,650300,国防军工,000576.SZ,甘化科工,国防军工,both,agree
000578,2009-06-01 00:00:00,220306,2015-10-27 15:29:00,220000,220300,基础化工,,,,left_only,only_sw
000581,2021-07-30 00:00:00,280203,2025-01-08 14:36:00,280000,280200,汽车,000581.SZ,威孚高科,汽车,both,agree
000582,2021-07-30 00:00:00,421102,2025-10-15 10:57:00,420000,421100,交通运输,000582.SZ,北部湾港,交通运输,both,agree
000583,1995-11-01 00:00:00,470301,2015-10-27 15:28:00,470000,470300,,,,,left_only,only_sw
000584,2021-07-30 00:00:00,640701,2021-07-31 16:18:00,640000,640700,机械设备,,,,left_only,only_sw
000585,2021-07-30 00:00:00,630801,2021-11-30 13:17:00,630000,630800,电力设备,,,,left_only,only_sw
000586,2021-07-30 00:00:00,730205,2026-06-01 14:47:00,730000,730200,通信,000586.SZ,汇源通信,通信,both,agree
000587,2021-07-30 00:00:00,350301,2021-07-31 16:18:00,350000,350300,纺织服饰,,,,left_only,only_sw
000588,1996-01-23 00:00:00,110202,2015-10-27 15:28:00,110000,110200,农林牧渔,,,,left_only,only_sw
000589,2021-07-30 00:00:00,280204,2025-09-26 17:00:00,280000,280200,汽车,000589.SZ,贵州轮胎,汽车,both,agree
000590,1996-01-19 00:00:00,370201,2015-10-27 15:28:00,370000,370200,医药生物,000590.SZ,古汉医药,医药生物,both,agree
000591,2021-07-30 00:00:00,410106,2025-10-15 10:57:00,410000,410100,公用事业,000591.SZ,太阳能,公用事业,both,agree
000592,2014-01-01 00:00:00,110301,2015-10-27 15:29:00,110000,110300,农林牧渔,000592.SZ,平潭发展,农林牧渔,both,agree
000593,2018-06-19 16:11:00,410301,2019-08-09 15:39:00,410000,410300,公用事业,000593.SZ,德龙汇能,公用事业,both,agree
000594,2007-01-02 00:00:00,420701,2015-10-27 15:28:00,420000,420700,交通运输,,,,left_only,only_sw
000595,2026-07-01 10:24:00,410107,2026-07-01 10:24:00,410000,410100,公用事业,000595.SZ,新能股份,公用事业,both,agree
000596,2021-07-30 00:00:00,340501,2025-06-01 08:45:00,340000,340500,食品饮料,000596.SZ,古井贡酒,食品饮料,both,agree
000597,2019-07-24 00:00:00,370102,2020-12-04 14:32:00,370000,370100,医药生物,000597.SZ,东北制药,医药生物,both,agree
000598,2021-07-30 00:00:00,760102,2026-09-22 11:03:00,760000,760100,环保,000598.SZ,兴蓉环境,环保,both,agree
000599,2021-07-30 00:00:00,280204,2025-01-08 14:36:00,280000,280200,汽车,000599.SZ,青岛双星,汽车,both,agree
000600,2006-09-07 00:00:00,410101,2015-10-27 15:29:00,410000,410100,公用事业,000600.SZ,建投能源,公用事业,both,agree
000601,2017-05-26 10:00:00,410102,2018-06-20 15:06:00,410000,410100,公用事业,000601.SZ,韶能股份,公用事业,both,agree
000602,2013-07-01 00:00:00,410101,2015-10-27 15:29:00,410000,410100,公用事业,,,,left_only,only_sw
000603,2014-02-21 00:00:00,240303,2024-09-27 12:41:00,240000,240300,有色金属,000603.SZ,盛达资源,有色金属,both,agree
000605,2021-07-30 00:00:00,760102,2025-10-15 10:57:00,760000,760100,环保,000605.SZ,渤海股份,环保,both,agree
000606,2021-07-30 00:00:00,710301,2021-07-31 16:18:00,710000,710300,计算机,,,,left_only,only_sw
000607,2021-07-30 00:00:00,720502,2025-10-15 10:57:00,720000,720500,传媒,000607.SZ,华媒控股,传媒,both,agree
000608,2021-07-30 00:00:00,430102,2021-07-31 16:18:00,430000,430100,房地产,000608.SZ,阳光股份,房地产,both,agree
000609,2007-07-02 00:00:00,430101,2015-10-27 15:29:00,430000,430100,房地产,000609.SZ,*ST中迪,房地产,both,agree
000610,2024-07-30 12:45:00,461004,2024-07-30 12:45:00,460000,461000,社会服务,000610.SZ,*ST西旅,社会服务,both,agree
000611,2021-07-30 00:00:00,740101,2021-07-31 16:18:00,740000,740100,煤炭,,,,left_only,only_sw
000612,2014-02-21 00:00:00,240301,2024-09-27 12:41:00,240000,240300,有色金属,000612.SZ,焦作万方,有色金属,both,agree
000613,2021-07-30 00:00:00,460901,2021-07-31 16:18:00,460000,460900,社会服务,,,,left_only,only_sw
000615,2021-07-30 00:00:00,770302,2024-01-15 10:32:00,770000,770300,美容护理,000615.SZ,*ST美谷,美容护理,both,agree
000616,2022-07-29 00:00:00,490307,2022-07-29 11:54:00,490000,490300,非银金融,,,,left_only,only_sw
000617,2021-07-30 00:00:00,490302,2026-02-26 16:27:00,490000,490300,非银金融,000617.SZ,中油资本,非银金融,both,agree
000618,1996-10-15 00:00:00,220101,2015-10-27 15:29:00,220000,220100,基础化工,,,,left_only,only_sw
000619,2014-02-21 00:00:00,610303,2024-09-27 12:41:00,610000,610300,建筑材料,000619.SZ,海螺新材,建筑材料,both,agree
000620,2012-01-08 00:00:00,430101,2015-10-27 15:29:00,430000,430100,房地产,000620.SZ,盈新发展,房地产,both,agree
000621,1996-11-05 00:00:00,470201,2015-10-27 15:28:00,470000,470200,,,,,left_only,only_sw
000622,2021-07-30 00:00:00,510101,2024-07-29 11:30:00,510000,510100,综合,,,,left_only,only_sw
000623,2022-07-29 00:00:00,370201,2022-07-29 11:54:00,370000,370200,医药生物,000623.SZ,吉林敖东,医药生物,both,agree
000625,2021-07-30 00:00:00,280502,2026-02-26 16:27:00,280000,280500,汽车,000625.SZ,长安汽车,汽车,both,agree
000626,2021-07-30 00:00:00,420802,2025-10-15 10:57:00,420000,420800,交通运输,000626.SZ,远大控股,交通运输,both,agree
000627,2017-06-29 00:00:00,490201,2021-03-03 15:31:00,490000,490200,非银金融,,,,left_only,only_sw
000628,2018-07-13 00:00:00,620101,2020-07-15 16:29:00,620000,620100,建筑装饰,000628.SZ,高新发展,建筑装饰,both,agree
000629,2021-07-30 00:00:00,230302,2025-01-24 16:29:00,230000,230300,钢铁,000629.SZ,钒钛股份,钢铁,both,agree
000630,2014-02-21 00:00:00,240302,2024-09-27 12:41:00,240000,240300,有色金属,000630.SZ,铜陵有色,有色金属,both,agree
000631,2026-07-01 10:24:00,410110,2026-07-01 10:24:00,410000,410100,公用事业,000631.SZ,顺发恒能,公用事业,both,agree
000632,2007-07-02 00:00:00,510101,2024-07-29 11:30:00,510000,510100,综合,000632.SZ,ST三木,综合,both,agree
000633,2018-06-19 16:13:00,240201,2021-01-25 13:35:00,240000,240200,有色金属,000633.SZ,合金投资,有色金属,both,agree
000635,2007-07-02 00:00:00,220202,2015-10-27 15:29:00,220000,220200,基础化工,000635.SZ,英力特,基础化工,both,agree
000636,2011-10-10 00:00:00,270203,2015-10-27 15:28:00,270000,270200,电子,000636.SZ,风华高科,电子,both,agree
000637,2021-07-30 00:00:00,750303,2021-07-31 16:18:00,750000,750300,石油石化,000637.SZ,茂化实华,石油石化,both,agree
000638,2024-01-08 00:00:00,650501,2025-10-15 10:57:00,650000,650500,国防军工,000638.SZ,*ST万方(退市),国防军工,both,agree
000639,2024-07-30 12:45:00,340407,2024-07-30 12:45:00,340000,340400,食品饮料,000639.SZ,ST西王,食品饮料,both,agree
000650,2007-07-02 00:00:00,370201,2015-10-27 15:29:00,370000,370200,医药生物,000650.SZ,仁和药业,医药生物,both,agree
000651,1996-11-18 00:00:00,330102,2015-10-27 15:28:00,330000,330100,家用电器,000651.SZ,格力电器,家用电器,both,agree
000652,2006-09-01 00:00:00,510101,2024-07-29 11:30:00,510000,510100,综合,000652.SZ,泰达股份,综合,both,agree
000653,1996-11-26 00:00:00,450201,2015-10-27 15:28:00,450000,450200,商贸零售,,,,left_only,only_sw
000655,2021-07-30 00:00:00,230301,2025-01-08 14:36:00,230000,230300,钢铁,000655.SZ,金岭矿业,钢铁,both,agree
000656,2007-07-02 00:00:00,430101,2015-10-27 15:29:00,430000,430100,房地产,000656.SZ,金科股份,房地产,both,agree
000657,2014-02-21 00:00:00,240502,2024-09-27 12:41:00,240000,240500,有色金属,000657.SZ,中钨高新,有色金属,both,agree
000658,1996-12-18 00:00:00,510101,2015-10-27 15:28:00,510000,510100,综合,,,,left_only,only_sw
000659,2021-07-30 00:00:00,360204,2021-07-31 16:18:00,360000,360200,轻工制造,000659.SZ,珠海中富,轻工制造,both,agree
000660,2005-07-01 00:00:00,260404,2015-10-27 15:28:00,260000,260400,,,,,left_only,only_sw
000661,2021-07-30 00:00:00,370304,2021-07-31 16:18:00,370000,370300,医药生物,000661.SZ,长春高新,医药生物,both,agree
000662,2021-07-30 00:00:00,710401,2021-07-31 16:18:00,710000,710400,计算机,,,,left_only,only_sw
000663,2022-07-29 00:00:00,110301,2022-07-29 11:54:00,110000,110300,农林牧渔,000663.SZ,永安林业,农林牧渔,both,agree
000665,2021-07-30 00:00:00,721001,2025-10-15 10:57:00,720000,721000,传媒,000665.SZ,湖北广电,传媒,both,agree
000666,2021-07-30 00:00:00,490304,2021-07-31 16:18:00,490000,490300,非银金融,,,,left_only,only_sw
000667,2003-05-01 00:00:00,430101,2015-10-27 15:29:00,430000,430100,房地产,,,,left_only,only_sw
000668,2024-07-30 12:45:00,430101,2025-01-08 14:36:00,430000,430100,房地产,000668.SZ,荣丰控股,房地产,both,agree
000669,2013-01-01 00:00:00,410301,2015-10-27 15:29:00,410000,410300,公用事业,000669.SZ,ST金鸿,公用事业,both,agree
000670,2022-07-29 00:00:00,270401,2023-04-25 09:31:00,270000,270400,电子,000670.SZ,盈方微,电子,both,agree
000671,2007-07-02 00:00:00,430101,2015-10-27 15:29:00,430000,430100,房地产,,,,left_only,only_sw
000672,2014-02-21 00:00:00,610101,2024-09-27 12:41:00,610000,610100,建筑材料,000672.SZ,上峰材料,建筑材料,both,agree
000673,2021-07-30 00:00:00,720601,2021-07-31 16:18:00,720000,720600,传媒,,,,left_only,only_sw
000675,1996-12-26 00:00:00,220302,2015-10-27 15:28:00,220000,220300,基础化工,,,,left_only,only_sw
000676,2021-07-30 00:00:00,720501,2025-10-15 10:57:00,720000,720500,传媒,000676.SZ,智度股份,传媒,both,agree
000677,2021-07-30 00:00:00,220403,2021-07-31 16:18:00,220000,220400,基础化工,000677.SZ,ST海龙,基础化工,both,agree
000678,2021-07-30 00:00:00,280203,2025-01-08 14:36:00,280000,280200,汽车,000678.SZ,襄阳轴承,汽车,both,agree
000679,2022-07-29 00:00:00,450301,2022-07-29 11:54:00,450000,450300,商贸零售,000679.SZ,大连友谊,商贸零售,both,agree
000680,2021-07-30 00:00:00,640601,2025-10-15 10:57:00,640000,640600,机械设备,000680.SZ,山推股份,机械设备,both,agree
000681,2021-07-30 00:00:00,720703,2025-10-15 10:57:00,720000,720700,传媒,000681.SZ,视觉中国,传媒,both,agree
000682,2021-07-30 00:00:00,630803,2025-10-15 10:57:00,630000,630800,电力设备,000682.SZ,东方电子,电力设备,both,agree
000683,2015-07-01 00:00:00,220201,2015-11-09 13:56:00,220000,220200,基础化工,000683.SZ,博源化工,基础化工,both,agree
000685,2021-07-30 00:00:00,760102,2026-09-22 11:03:00,760000,760100,环保,000685.SZ,中山公用,环保,both,agree
000686,2014-02-21 00:00:00,490101,2024-09-27 12:41:00,490000,490100,非银金融,000686.SZ,东北证券,非银金融,both,agree
000687,2019-07-24 00:00:00,650201,2019-08-09 15:39:00,650000,650200,国防军工,,,,left_only,only_sw
000688,2026-07-01 10:24:00,240505,2026-07-01 10:24:00,240000,240500,有色金属,000688.SZ,国城矿业,有色金属,both,agree
000689,1996-12-31 00:00:00,240101,2015-10-27 15:28:00,240000,240100,有色金属,,,,left_only,only_sw
000690,2021-07-30 00:00:00,410101,2025-10-15 10:57:00,410000,410100,公用事业,000690.SZ,宝新能源,公用事业,both,agree
000691,2022-07-29 00:00:00,220204,2022-07-29 11:54:00,220000,220200,基础化工,000691.SZ,亚太实业,基础化工,both,agree
000692,1997-02-27 00:00:00,410104,2015-10-27 15:29:00,410000,410100,公用事业,000692.SZ,惠天热电,公用事业,both,agree
000693,2014-02-21 00:00:00,720303,2024-09-27 12:41:00,720000,720300,传媒,,,,left_only,only_sw
000695,2024-07-30 12:45:00,630702,2025-10-15 10:57:00,630000,630700,电力设备,000695.SZ,滨海能源,电力设备,both,agree
000697,2019-07-24 00:00:00,650201,2019-08-09 15:39:00,650000,650200,国防军工,000697.SZ,炼石航空,国防军工,both,agree
000698,2021-07-30 00:00:00,750301,2021-07-31 16:18:00,750000,750300,石油石化,000698.SZ,ST沈化,石油石化,both,agree
000699,1997-03-10 00:00:00,360101,2015-10-27 15:28:00,360000,360100,轻工制造,,,,left_only,only_sw
000700,2021-07-30 00:00:00,280202,2025-01-08 14:36:00,280000,280200,汽车,000700.SZ,模塑科技,汽车,both,agree
000701,2026-07-01 10:24:00,450201,2026-07-01 10:24:00,450000,450200,商贸零售,000701.SZ,厦门信达,商贸零售,both,agree
000702,2021-07-30 00:00:00,110402,2024-05-27 10:52:00,110000,110400,农林牧渔,000702.SZ,正虹科技,农林牧渔,both,agree
000703,2021-07-30 00:00:00,750301,2025-09-11 15:39:00,750000,750300,石油石化,000703.SZ,恒逸石化,石油石化,both,agree
000705,2021-07-30 00:00:00,370402,2021-07-31 16:18:00,370000,370400,医药生物,000705.SZ,浙江震元,医药生物,both,agree
000707,1997-04-15 00:00:00,220201,2015-10-27 15:29:00,220000,220200,基础化工,000707.SZ,双环科技,基础化工,both,agree
000708,2021-07-30 00:00:00,230501,2022-07-05 09:16:00,230000,230500,钢铁,000708.SZ,中信特钢,钢铁,both,agree
000709,2021-07-30 00:00:00,230402,2025-01-08 14:36:00,230000,230400,钢铁,000709.SZ,河钢股份,钢铁,both,agree
000710,2022-07-29 00:00:00,370602,2022-07-29 11:54:00,370000,370600,医药生物,000710.SZ,贝瑞基因,医药生物,both,agree
000711,2022-07-29 00:00:00,760104,2025-10-15 10:57:00,760000,760100,环保,000711.SZ,京蓝科技,环保,both,agree
000712,2014-02-21 00:00:00,490101,2024-09-30 15:34:00,490000,490100,非银金融,000712.SZ,锦龙股份,非银金融,both,agree
000713,1997-04-22 00:00:00,110101,2015-10-27 15:28:00,110000,110100,农林牧渔,000713.SZ,国投丰乐,农林牧渔,both,agree
000715,2014-02-21 00:00:00,450301,2024-09-27 12:41:00,450000,450300,商贸零售,000715.SZ,中兴商业,商贸零售,both,agree
000716,2022-07-29 00:00:00,340801,2022-07-29 11:54:00,340000,340800,食品饮料,000716.SZ,黑芝麻,食品饮料,both,agree
000717,2021-07-30 00:00:00,230401,2025-01-08 14:36:00,230000,230400,钢铁,000717.SZ,中南股份,钢铁,both,agree
000718,2006-09-01 00:00:00,430101,2015-10-27 15:29:00,430000,430100,房地产,000718.SZ,苏宁环球,房地产,both,agree
000719,2021-07-30 00:00:00,720902,2025-10-15 10:57:00,720000,720900,传媒,000719.SZ,中原传媒,传媒,both,agree
000720,2022-07-29 00:00:00,630805,2025-10-15 10:57:00,630000,630800,电力设备,000720.SZ,新能泰山,电力设备,both,agree
000721,2021-07-30 00:00:00,460902,2021-07-31 16:18:00,460000,460900,社会服务,000721.SZ,西安饮食,社会服务,both,agree
000722,2013-01-01 00:00:00,410102,2015-10-27 15:29:00,410000,410100,公用事业,000722.SZ,湖南发展,公用事业,both,agree
000723,2021-07-30 00:00:00,740201,2025-10-15 10:57:00,740000,740200,煤炭,000723.SZ,美锦能源,煤炭,both,agree
000725,2001-01-12 00:00:00,270301,2015-10-27 15:29:00,270000,270300,电子,000725.SZ,京东方A,电子,both,agree
000726,2000-12-25 00:00:00,350102,2015-10-27 15:29:00,350000,350100,纺织服饰,000726.SZ,鲁泰A,纺织服饰,both,agree
000727,1997-05-20 00:00:00,270301,2015-10-27 15:29:00,270000,270300,电子,000727.SZ,冠捷科技,电子,both,agree
000728,2014-02-21 00:00:00,490101,2024-09-27 12:41:00,490000,490100,非银金融,000728.SZ,国元证券,非银金融,both,agree
000729,2021-07-30 00:00:00,340601,2026-07-03 16:36:00,340000,340600,食品饮料,000729.SZ,燕京啤酒,食品饮料,both,agree
000730,1997-05-22 00:00:00,410401,2015-10-27 15:28:00,410000,410400,公用事业,,,,left_only,only_sw
000731,2021-07-30 00:00:00,220801,2021-07-31 16:18:00,220000,220800,基础化工,000731.SZ,四川美丰,基础化工,both,agree
000732,2011-01-10 00:00:00,430101,2015-10-27 15:29:00,430000,430100,房地产,,,,left_only,only_sw
000733,2021-07-30 00:00:00,650501,2025-10-15 10:57:00,650000,650500,国防军工,000733.SZ,振华科技,国防军工,both,agree
000735,2021-07-30 00:00:00,110702,2024-05-27 10:52:00,110000,110700,农林牧渔,000735.SZ,罗牛山,农林牧渔,both,agree
000736,2007-07-02 00:00:00,430101,2015-10-27 15:29:00,430000,430100,房地产,000736.SZ,中交发展,房地产,both,agree
000737,2022-07-29 00:00:00,240302,2025-01-08 14:36:00,240000,240300,有色金属,000737.SZ,北方铜业,有色金属,both,agree
000738,2014-02-21 00:00:00,650201,2024-09-27 12:41:00,650000,650200,国防军工,000738.SZ,航发控制,国防军工,both,agree
000739,2002-09-01 00:00:00,370101,2015-10-27 15:29:00,370000,370100,医药生物,000739.SZ,普洛药业,医药生物,both,agree
000748,2014-02-21 00:00:00,710101,2024-09-27 12:41:00,710000,710100,计算机,,,,left_only,only_sw
000750,2014-02-21 00:00:00,490101,2024-09-27 12:41:00,490000,490100,非银金融,000750.SZ,国海证券,非银金融,both,agree
000751,2014-02-21 00:00:00,240303,2024-09-27 12:41:00,240000,240300,有色金属,000751.SZ,锌业股份,有色金属,both,agree
000752,2021-07-30 00:00:00,340601,2021-07-31 16:18:00,340000,340600,食品饮料,000752.SZ,*ST西发,食品饮料,both,agree
000753,2021-07-30 00:00:00,510101,2024-07-29 11:30:00,510000,510100,综合,000753.SZ,漳州发展,综合,both,agree
000755,2021-07-30 00:00:00,420901,2025-10-15 10:57:00,420000,420900,交通运输,000755.SZ,山西高速,交通运输,both,agree
000756,1997-08-06 00:00:00,370101,2015-10-27 15:29:00,370000,370100,医药生物,000756.SZ,新华制药,医药生物,both,agree
000757,2021-07-30 00:00:00,280303,2025-01-08 14:36:00,280000,280300,汽车,000757.SZ,浩物股份,汽车,both,agree
000758,2014-02-21 00:00:00,240303,2024-09-27 12:41:00,240000,240300,有色金属,000758.SZ,中色股份,有色金属,both,agree
000759,2014-02-21 00:00:00,450302,2024-09-27 12:41:00,450000,450300,商贸零售,000759.SZ,中百集团,商贸零售,both,agree
000760,2021-07-30 00:00:00,280203,2021-07-31 16:18:00,280000,280200,汽车,,,,left_only,only_sw
000761,2021-07-30 00:00:00,230402,2025-01-08 14:36:00,230000,230400,钢铁,000761.SZ,本钢板材,钢铁,both,agree
000762,2021-07-30 00:00:00,240603,2025-01-08 14:36:00,240000,240600,有色金属,000762.SZ,西藏矿业,有色金属,both,agree
000763,1997-09-15 00:00:00,220101,2015-10-27 15:29:00,220000,220100,基础化工,,,,left_only,only_sw
000765,2001-05-01 00:00:00,320201,2015-10-27 15:28:00,320000,320200,,,,,left_only,only_sw
000766,2019-07-24 00:00:00,370102,2020-12-04 14:32:00,370000,370100,医药生物,000766.SZ,通化金马,医药生物,both,agree
000767,1997-06-09 00:00:00,410101,2015-10-27 15:29:00,410000,410100,公用事业,000767.SZ,晋控电力,公用事业,both,agree
000768,2014-02-21 00:00:00,650201,2024-09-27 12:41:00,650000,650200,国防军工,000768.SZ,中航西飞,国防军工,both,agree
000769,2006-09-01 00:00:00,110601,2015-10-27 15:28:00,110000,110600,农林牧渔,,,,left_only,only_sw
000776,2014-02-21 00:00:00,490101,2024-09-27 12:41:00,490000,490100,非银金融,000776.SZ,广发证券,非银金融,both,agree
000777,2021-07-30 00:00:00,640108,2025-10-15 10:57:00,640000,640100,机械设备,000777.SZ,中核科技,机械设备,both,agree
000778,2021-07-30 00:00:00,230403,2025-01-08 14:36:00,230000,230400,钢铁,000778.SZ,新兴铸管,钢铁,both,agree
000779,2021-07-30 00:00:00,620601,2021-07-31 16:18:00,620000,620600,建筑装饰,000779.SZ,甘咨询,建筑装饰,both,agree
000780,2021-07-30 00:00:00,740101,2021-07-31 16:18:00,740000,740100,煤炭,,,,left_only,only_sw
000782,2021-07-30 00:00:00,220406,2021-07-31 16:18:00,220000,220400,基础化工,000782.SZ,恒申新材,基础化工,both,agree
000783,2014-02-21 00:00:00,490101,2024-09-27 12:41:00,490000,490100,非银金融,000783.SZ,长江证券,非银金融,both,agree
000785,2021-07-30 00:00:00,450304,2023-06-28 21:40:00,450000,450300,商贸零售,000785.SZ,居然智家,商贸零售,both,agree
000786,2014-02-21 00:00:00,610303,2024-09-27 12:41:00,610000,610300,建筑材料,000786.SZ,北新建材,建筑材料,both,agree
000787,2008-06-02 00:00:00,470303,2015-10-27 15:28:00,470000,470300,,,,,left_only,only_sw
000788,2019-07-24 00:00:00,370102,2020-12-04 14:32:00,370000,370100,医药生物,000788.SZ,北大医药,医药生物,both,agree
000789,2014-02-21 00:00:00,610101,2024-09-27 12:41:00,610000,610100,建筑材料,000789.SZ,万年青,建筑材料,both,agree
000790,1998-03-27 00:00:00,370201,2015-10-27 15:29:00,370000,370200,医药生物,000790.SZ,华神科技,医药生物,both,agree
000791,2013-01-01 00:00:00,410102,2015-10-27 15:28:00,410000,410100,公用事业,000791.SZ,甘肃能源,公用事业,both,agree
000792,2021-07-30 00:00:00,220804,2024-01-19 09:02:00,220000,220800,基础化工,000792.SZ,盐湖股份,基础化工,both,agree
000793,2021-07-30 00:00:00,720902,2025-10-15 10:57:00,720000,720900,传媒,000793.SZ,ST华闻,传媒,both,agree
000795,2008-06-02 00:00:00,240202,2015-10-27 15:29:00,240000,240200,有色金属,000795.SZ,英洛华,有色金属,both,agree
000796,2021-07-30 00:00:00,461004,2023-02-20 17:31:00,460000,461000,社会服务,000796.SZ,凯撒旅业,社会服务,both,agree
000797,2007-07-02 00:00:00,430101,2015-10-27 15:29:00,430000,430100,房地产,000797.SZ,中国武夷,房地产,both,agree
000798,1998-02-12 00:00:00,110201,2015-10-27 15:29:00,110000,110200,农林牧渔,000798.SZ,中水渔业,农林牧渔,both,agree
000799,2021-07-30 00:00:00,340501,2022-05-09 14:01:00,340000,340500,食品饮料,000799.SZ,酒鬼酒,食品饮料,both,agree
000800,2021-07-30 00:00:00,280601,2024-01-24 14:14:00,280000,280600,汽车,000800.SZ,一汽解放,汽车,both,agree
000801,1998-05-06 00:00:00,330202,2024-06-25 07:08:00,330000,330200,家用电器,000801.SZ,四川九洲,家用电器,both,agree
000802,2021-07-30 00:00:00,720601,2025-10-15 10:57:00,720000,720600,传媒,000802.SZ,北京文化,传媒,both,agree
000803,2025-08-11 17:30:00,760103,2025-10-15 10:57:00,760000,760100,环保,000803.SZ,山高环能,环保,both,agree
000805,2011-10-10 00:00:00,470401,2015-10-27 15:28:00,470000,470400,,,,,left_only,only_sw
000806,2021-07-30 00:00:00,630801,2022-10-11 14:51:00,630000,630800,电力设备,,,,left_only,only_sw
000807,2014-02-21 00:00:00,240301,2024-09-27 12:41:00,240000,240300,有色金属,000807.SZ,云铝股份,有色金属,both,agree
000809,2026-07-01 10:24:00,630602,2026-07-01 10:24:00,630000,630600,电力设备,000809.SZ,和展能源,电力设备,both,agree
000810,2018-04-20 01:43:00,330202,2019-08-09 15:39:00,330000,330200,家用电器,000810.SZ,创维数字,家用电器,both,agree
000811,2014-02-21 00:00:00,640105,2024-09-27 12:41:00,640000,640100,机械设备,000811.SZ,冰轮环境,机械设备,both,agree
000812,2021-07-30 00:00:00,360205,2021-07-31 16:18:00,360000,360200,轻工制造,000812.SZ,陕西金叶,轻工制造,both,agree
000813,2019-07-24 00:00:00,370102,2020-12-04 14:32:00,370000,370100,医药生物,000813.SZ,德展健康,医药生物,both,agree
000815,2024-07-30 12:45:00,710301,2025-01-08 14:36:00,710000,710300,计算机,000815.SZ,美利云,计算机,both,agree
000816,2021-07-30 00:00:00,280203,2025-01-08 14:36:00,280000,280200,汽车,000816.SZ,智慧农业,汽车,both,agree
000817,1998-05-28 00:00:00,210101,2015-10-27 15:29:00,210000,210100,,,,,left_only,only_sw
000818,2017-06-29 00:00:00,220202,2019-08-09 15:39:00,220000,220200,基础化工,000818.SZ,航锦科技,基础化工,both,agree
000819,2021-07-30 00:00:00,750303,2024-04-01 15:29:00,750000,750300,石油石化,000819.SZ,岳阳兴长,石油石化,both,agree
000820,2024-07-30 12:45:00,760201,2025-10-15 10:57:00,760000,760200,环保,000820.SZ,神雾节能,环保,both,agree
000821,2022-07-29 00:00:00,630505,2025-10-15 10:57:00,630000,630500,电力设备,000821.SZ,ST京机,电力设备,both,agree
000822,1998-07-03 00:00:00,220201,2015-10-27 15:29:00,220000,220200,基础化工,000822.SZ,山东海化,基础化工,both,agree
000823,2011-10-10 00:00:00,270202,2015-10-27 15:28:00,270000,270200,电子,000823.SZ,超声电子,电子,both,agree
000825,2021-07-30 00:00:00,230501,2025-01-24 16:29:00,230000,230500,钢铁,000825.SZ,太钢不锈,钢铁,both,agree
000826,2021-07-30 00:00:00,760104,2025-10-15 10:57:00,760000,760100,环保,000826.SZ,*ST启环,环保,both,agree
000827,2005-07-01 00:00:00,250102,2015-10-27 15:28:00,250000,250100,,,,,left_only,only_sw
000828,2021-07-30 00:00:00,420901,2025-10-15 10:57:00,420000,420900,交通运输,000828.SZ,东莞控股,交通运输,both,agree
000829,2014-02-21 00:00:00,450401,2024-09-27 12:41:00,450000,450400,商贸零售,000829.SZ,天音控股,商贸零售,both,agree
000830,2021-07-30 00:00:00,220205,2024-01-19 09:02:00,220000,220200,基础化工,000830.SZ,鲁西化工,基础化工,both,agree
000831,2014-02-21 00:00:00,240501,2024-09-27 12:41:00,240000,240500,有色金属,000831.SZ,中国稀土,有色金属,both,agree
000832,1998-08-25 00:00:00,220401,2015-10-27 15:28:00,220000,220400,基础化工,,,,left_only,only_sw
000833,2021-07-30 00:00:00,510101,2024-07-29 11:30:00,510000,510100,综合,000833.SZ,粤桂股份,综合,both,agree
000835,2021-07-30 00:00:00,720401,2021-07-31 16:18:00,720000,720400,传媒,,,,left_only,only_sw
000836,2021-07-30 00:00:00,730205,2021-07-31 16:18:00,730000,730200,通信,,,,left_only,only_sw
000837,2014-02-21 00:00:00,640101,2024-09-27 12:41:00,640000,640100,机械设备,000837.SZ,秦川机床,机械设备,both,agree
000838,2009-01-01 00:00:00,430101,2015-10-27 15:28:00,430000,430100,房地产,000838.SZ,*ST发展,房地产,both,agree
000839,2022-07-29 00:00:00,730104,2026-06-01 14:47:00,730000,730100,通信,000839.SZ,国安股份,通信,both,agree
000848,2021-07-30 00:00:00,340701,2025-09-11 10:52:00,340000,340700,食品饮料,000848.SZ,承德露露,食品饮料,both,agree
000850,1998-10-07 00:00:00,350102,2015-10-27 15:29:00,350000,350100,纺织服饰,000850.SZ,华茂股份,纺织服饰,both,agree
000851,2021-07-30 00:00:00,730204,2025-10-15 10:57:00,730000,730200,通信,000851.SZ,*ST高鸿(退市),通信,both,agree
000852,2014-02-21 00:00:00,640203,2024-09-27 12:41:00,640000,640200,机械设备,000852.SZ,石化机械,机械设备,both,agree
000856,2014-02-21 00:00:00,640209,2024-09-27 12:41:00,640000,640200,机械设备,000856.SZ,冀东装备,机械设备,both,agree
000858,2021-07-30 00:00:00,340501,2021-07-31 16:18:00,340000,340500,食品饮料,000858.SZ,五粮液,食品饮料,both,agree
000859,2021-07-30 00:00:00,220505,2021-07-31 16:18:00,220000,220500,基础化工,000859.SZ,国风新材,基础化工,both,agree
000860,2021-07-30 00:00:00,340501,2026-02-26 16:27:00,340000,340500,食品饮料,000860.SZ,顺鑫农业,食品饮料,both,agree
000861,2021-07-30 00:00:00,450304,2021-07-31 16:18:00,450000,450300,商贸零售,,,,left_only,only_sw
000862,2021-07-30 00:00:00,410107,2025-10-15 10:57:00,410000,410100,公用事业,000862.SZ,银星能源,公用事业,both,agree
000863,2019-07-24 00:00:00,430101,2021-07-01 13:09:00,430000,430100,房地产,000863.SZ,三湘印象,房地产,both,agree
000866,1998-05-12 00:00:00,220101,2015-10-27 15:29:00,220000,220100,基础化工,,,,left_only,only_sw
000868,2021-07-30 00:00:00,280602,2025-01-08 14:36:00,280000,280600,汽车,000868.SZ,安凯客车,汽车,both,agree
000869,2021-07-30 00:00:00,340602,2021-07-31 16:18:00,340000,340600,食品饮料,000869.SZ,张裕A,食品饮料,both,agree
000875,2021-07-30 00:00:00,410110,2025-10-15 10:57:00,410000,410100,公用事业,000875.SZ,电投绿能,公用事业,both,agree
000876,2026-07-01 10:24:00,110402,2026-07-01 10:24:00,110000,110400,农林牧渔,000876.SZ,新希望,农林牧渔,both,agree
000877,2014-02-21 00:00:00,610101,2024-09-27 12:41:00,610000,610100,建筑材料,000877.SZ,天山股份,建筑材料,both,agree
000878,2014-02-21 00:00:00,240302,2024-09-27 12:41:00,240000,240300,有色金属,000878.SZ,云南铜业,有色金属,both,agree
000880,2026-07-01 10:24:00,640106,2026-07-01 10:24:00,640000,640100,机械设备,000880.SZ,潍柴重机,机械设备,both,agree
000881,2019-07-24 00:00:00,220309,2019-08-09 15:39:00,220000,220300,基础化工,000881.SZ,中广核技,基础化工,both,agree
000882,2026-07-01 10:24:00,450304,2026-07-01 10:24:00,450000,450300,商贸零售,000882.SZ,华联股份,商贸零售,both,agree
000883,2021-07-30 00:00:00,410110,2025-10-15 10:57:00,410000,410100,公用事业,000883.SZ,湖北能源,公用事业,both,agree
000885,2024-05-17 00:00:00,760103,2026-09-22 11:03:00,760000,760100,环保,000885.SZ,城发环境,环保,both,agree
000886,2025-08-11 17:30:00,420901,2025-08-11 17:30:00,420000,420900,交通运输,000886.SZ,海南高速,交通运输,both,agree
000887,2021-07-30 00:00:00,280205,2025-02-18 14:09:00,280000,280200,汽车,000887.SZ,中鼎股份,汽车,both,agree
000888,2021-07-30 00:00:00,461003,2023-07-04 13:39:00,460000,461000,社会服务,000888.SZ,峨眉山A,社会服务,both,agree
000889,2021-07-30 00:00:00,730103,2026-06-01 14:47:00,730000,730100,通信,000889.SZ,中嘉博创,通信,both,agree
000890,2022-07-29 00:00:00,760201,2025-10-15 10:57:00,760000,760200,环保,000890.SZ,法尔胜,环保,both,agree
000892,2021-07-30 00:00:00,720601,2025-10-15 10:57:00,720000,720600,传媒,000892.SZ,欢瑞世纪,传媒,both,agree
000893,2021-07-30 00:00:00,220804,2024-01-23 13:48:00,220000,220800,基础化工,000893.SZ,亚钾国际,基础化工,both,agree
000895,2011-10-10 00:00:00,340401,2021-03-03 15:31:00,340000,340400,食品饮料,000895.SZ,双汇发展,食品饮料,both,agree
000897,1999-01-01 00:00:00,430101,2015-10-27 15:29:00,430000,430100,房地产,000897.SZ,津滨发展,房地产,both,agree
000898,2021-07-30 00:00:00,230402,2025-01-08 14:36:00,230000,230400,钢铁,000898.SZ,鞍钢股份,钢铁,both,agree
000899,1997-11-26 00:00:00,410101,2015-10-27 15:28:00,410000,410100,公用事业,000899.SZ,赣能股份,公用事业,both,agree
000900,2021-07-30 00:00:00,420901,2025-10-15 10:57:00,420000,420900,交通运输,000900.SZ,现代投资,交通运输,both,agree
000901,2022-07-29 00:00:00,280206,2025-01-08 14:36:00,280000,280200,汽车,000901.SZ,航天科技,汽车,both,agree
000902,2021-07-30 00:00:00,220805,2021-07-31 16:18:00,220000,220800,基础化工,000902.SZ,新洋丰,基础化工,both,agree
000903,2021-07-30 00:00:00,280203,2025-01-08 14:36:00,280000,280200,汽车,000903.SZ,ST云动,汽车,both,agree
000905,2021-07-30 00:00:00,421102,2025-10-15 10:57:00,420000,421100,交通运输,000905.SZ,厦门港务,交通运输,both,agree
000906,2021-07-30 00:00:00,420802,2025-10-15 10:57:00,420000,420800,交通运输,000906.SZ,浙商中拓,交通运输,both,agree
000908,2015-07-01 00:00:00,370102,2020-12-04 14:32:00,370000,370100,医药生物,000908.SZ,石药景峰,医药生物,both,agree
000909,2009-01-01 00:00:00,430101,2015-10-27 15:29:00,430000,430100,房地产,000909.SZ,*ST数源,房地产,both,agree
000910,2021-07-30 00:00:00,360306,2024-09-04 08:54:00,360000,360300,轻工制造,000910.SZ,大亚圣象,轻工制造,both,agree
000911,2011-10-10 00:00:00,110504,2019-08-09 15:39:00,110000,110500,农林牧渔,000911.SZ,*ST广糖,农林牧渔,both,agree
000912,2021-07-30 00:00:00,220801,2021-07-31 16:18:00,220000,220800,基础化工,000912.SZ,泸天化,基础化工,both,agree
000913,2021-07-30 00:00:00,280402,2026-04-10 09:38:00,280000,280400,汽车,000913.SZ,钱江摩托,汽车,both,agree
000915,2011-01-10 00:00:00,370102,2015-10-27 15:29:00,370000,370100,医药生物,000915.SZ,华特达因,医药生物,both,agree
000916,1999-09-27 00:00:00,420201,2015-10-27 15:29:00,420000,420200,交通运输,,,,left_only,only_sw
000917,2021-07-30 00:00:00,721001,2025-10-15 10:57:00,720000,721000,传媒,000917.SZ,电广传媒,传媒,both,agree
000918,2010-01-17 00:00:00,430101,2015-10-27 15:29:00,430000,430100,房地产,,,,left_only,only_sw
000919,2022-07-29 00:00:00,370102,2022-07-29 11:54:00,370000,370100,医药生物,000919.SZ,金陵药业,医药生物,both,agree
000920,2022-07-29 00:00:00,220505,2026-04-27 15:47:00,220000,220500,基础化工,000920.SZ,沃顿科技,基础化工,both,agree
000921,2021-07-30 00:00:00,330102,2023-01-09 16:19:00,330000,330100,家用电器,000921.SZ,海信家电,家用电器,both,agree
000922,2014-02-21 00:00:00,630101,2024-09-27 12:41:00,630000,630100,电力设备,000922.SZ,佳电股份,电力设备,both,agree
000923,2021-07-30 00:00:00,230301,2026-02-26 16:27:00,230000,230300,钢铁,000923.SZ,河钢资源,钢铁,both,agree
000925,2015-07-01 00:00:00,640501,2015-11-05 15:43:00,640000,640500,机械设备,000925.SZ,众合科技,机械设备,both,agree
000926,2010-01-01 00:00:00,430101,2015-10-27 15:28:00,430000,430100,房地产,000926.SZ,福星股份,房地产,both,agree
000927,2022-03-25 00:00:00,640501,2025-10-15 10:57:00,640000,640500,机械设备,000927.SZ,中国铁物,机械设备,both,agree
000928,2015-07-01 00:00:00,620403,2015-10-27 15:29:00,620000,620400,建筑装饰,000928.SZ,中钢国际,建筑装饰,both,agree
000929,2021-07-30 00:00:00,340601,2021-07-31 16:18:00,340000,340600,食品饮料,000929.SZ,兰州黄河,食品饮料,both,agree
000930,2011-10-10 00:00:00,110504,2015-10-27 15:29:00,110000,110500,农林牧渔,000930.SZ,中粮科技,农林牧渔,both,agree
000931,2019-07-24 00:00:00,370102,2020-12-04 14:32:00,370000,370100,医药生物,000931.SZ,中关村,医药生物,both,agree
000932,2021-07-30 00:00:00,230402,2023-05-04 09:24:00,230000,230400,钢铁,000932.SZ,华菱钢铁,钢铁,both,agree
000933,2018-06-19 16:13:00,240301,2021-01-25 13:35:00,240000,240300,有色金属,000933.SZ,神火股份,有色金属,both,agree
000935,2023-07-04 00:00:00,490307,2023-07-04 15:14:00,490000,490300,非银金融,000935.SZ,四川双马,非银金融,both,agree
000936,1999-08-10 00:00:00,220401,2015-10-27 15:29:00,220000,220400,基础化工,000936.SZ,华西股份,基础化工,both,agree
000937,2021-07-30 00:00:00,740102,2025-10-15 10:57:00,740000,740100,煤炭,000937.SZ,冀中能源,煤炭,both,agree
000938,2021-07-30 00:00:00,710301,2026-06-18 11:50:00,710000,710300,计算机,000938.SZ,紫光股份,计算机,both,agree
000939,2017-05-20 01:33:00,410105,2019-08-09 15:38:00,410000,410100,公用事业,,,,left_only,only_sw
000948,2021-07-30 00:00:00,710401,2021-07-31 16:18:00,710000,710400,计算机,000948.SZ,南天信息,计算机,both,agree
000949,2024-07-30 12:45:00,220403,2024-07-30 12:45:00,220000,220400,基础化工,000949.SZ,新乡化纤,基础化工,both,agree
000950,2021-07-30 00:00:00,370402,2021-07-31 16:18:00,370000,370400,医药生物,000950.SZ,重药控股,医药生物,both,agree
000951,2021-07-30 00:00:00,280601,2024-03-18 15:29:00,280000,280600,汽车,000951.SZ,中国重汽,汽车,both,agree
000952,1999-11-12 00:00:00,370101,2015-10-27 15:28:00,370000,370100,医药生物,000952.SZ,广济药业,医药生物,both,agree
000953,2022-07-29 00:00:00,370101,2022-07-29 11:54:00,370000,370100,医药生物,000953.SZ,中哲精化,医药生物,both,agree
000955,2011-10-10 00:00:00,350106,2019-08-09 15:38:00,350000,350100,纺织服饰,000955.SZ,欣龙控股,纺织服饰,both,agree
000956,1999-11-10 00:00:00,210101,2015-10-27 15:29:00,210000,210100,,,,,left_only,only_sw
000957,2021-07-30 00:00:00,280602,2025-01-08 14:36:00,280000,280600,汽车,000957.SZ,中通客车,汽车,both,agree
000958,2026-07-01 10:24:00,410108,2026-07-01 10:24:00,410000,410100,公用事业,000958.SZ,电投产融,公用事业,both,agree
000959,2021-07-30 00:00:00,230402,2025-01-08 14:36:00,230000,230400,钢铁,000959.SZ,首钢股份,钢铁,both,agree
000960,2014-02-21 00:00:00,240504,2024-09-27 12:41:00,240000,240500,有色金属,000960.SZ,锡业股份,有色金属,both,agree
000961,2008-01-02 00:00:00,430101,2015-10-27 15:29:00,430000,430100,房地产,,,,left_only,only_sw
000962,2021-07-30 00:00:00,240504,2025-01-08 14:36:00,240000,240500,有色金属,000962.SZ,东方钽业,有色金属,both,agree
000963,2019-07-24 00:00:00,370102,2021-03-03 15:32:00,370000,370100,医药生物,000963.SZ,华东医药,医药生物,both,agree
000965,2007-07-02 00:00:00,430101,2015-10-27 15:29:00,430000,430100,房地产,000965.SZ,天保基建,房地产,both,agree
000966,2000-02-24 13:51:00,410101,2015-10-27 15:28:00,410000,410100,公用事业,000966.SZ,长源电力,公用事业,both,agree
000967,2021-07-30 00:00:00,760201,2026-09-22 11:03:00,760000,760200,环保,000967.SZ,盈峰环境,环保,both,agree
000968,2021-07-30 00:00:00,750101,2021-07-31 16:18:00,750000,750100,石油石化,000968.SZ,蓝焰控股,石油石化,both,agree
000969,2011-01-10 00:00:00,240201,2015-10-27 15:28:00,240000,240200,有色金属,000969.SZ,安泰科技,有色金属,both,agree
000970,2010-01-01 00:00:00,240202,2015-10-27 15:29:00,240000,240200,有色金属,000970.SZ,中科三环,有色金属,both,agree
000971,2021-07-30 00:00:00,730104,2021-07-31 16:18:00,730000,730100,通信,,,,left_only,only_sw
000972,2007-07-02 00:00:00,110501,2015-10-27 15:29:00,110000,110500,农林牧渔,000972.SZ,中基健康,农林牧渔,both,agree
000973,2021-07-30 00:00:00,220505,2021-07-31 16:18:00,220000,220500,基础化工,000973.SZ,佛塑科技,基础化工,both,agree
000975,2019-07-24 00:00:00,240401,2021-03-03 15:31:00,240000,240400,有色金属,000975.SZ,山金国际,有色金属,both,agree
000976,2017-06-29 00:00:00,640501,2019-08-09 15:39:00,640000,640500,机械设备,,,,left_only,only_sw
000977,2021-07-30 00:00:00,710103,2021-07-31 16:18:00,710000,710100,计算机,000977.SZ,浪潮信息,计算机,both,agree
000978,2021-07-30 00:00:00,461003,2022-05-05 19:27:00,460000,461000,社会服务,000978.SZ,桂林旅游,社会服务,both,agree
000979,2010-01-17 00:00:00,430101,2015-10-27 15:29:00,430000,430100,房地产,,,,left_only,only_sw
000980,2021-07-30 00:00:00,280206,2025-01-08 14:36:00,280000,280200,汽车,000980.SZ,众泰汽车,汽车,both,agree
000981,2022-07-29 00:00:00,280203,2025-01-08 14:36:00,280000,280200,汽车,000981.SZ,山子高科,汽车,both,agree
000982,2023-07-04 00:00:00,630702,2023-07-04 15:14:00,630000,630700,电力设备,,,,left_only,only_sw
000983,2021-07-30 00:00:00,740102,2025-10-15 10:57:00,740000,740100,煤炭,000983.SZ,山西焦煤,煤炭,both,agree
000985,2021-07-30 00:00:00,750303,2021-07-31 16:18:00,750000,750300,石油石化,000985.SZ,大庆华科,石油石化,both,agree
000987,2021-07-30 00:00:00,490302,2024-02-01 09:50:00,490000,490300,非银金融,000987.SZ,越秀资本,非银金融,both,agree
000988,2021-07-30 00:00:00,640703,2025-10-15 10:57:00,640000,640700,机械设备,000988.SZ,华工科技,机械设备,both,agree
000989,2000-06-28 00:00:00,370201,2015-10-27 15:29:00,370000,370200,医药生物,000989.SZ,九芝堂,医药生物,both,agree
000990,2021-07-30 00:00:00,220205,2021-07-31 16:18:00,220000,220200,基础化工,000990.SZ,诚志股份,基础化工,both,agree
000991,2016-08-23 00:00:00,270301,2018-06-26 11:13:00,270000,270300,电子,,,,left_only,only_sw
000993,2000-07-31 00:00:00,410102,2015-10-27 15:29:00,410000,410100,公用事业,000993.SZ,闽东电力,公用事业,both,agree
000995,2021-07-30 00:00:00,340501,2021-07-31 16:18:00,340000,340500,食品饮料,000995.SZ,皇台酒业,食品饮料,both,agree
000996,2021-07-30 00:00:00,280302,2021-07-31 16:18:00,280000,280300,汽车,,,,left_only,only_sw
000997,2021-07-30 00:00:00,710103,2026-09-23 13:41:00,710000,710100,计算机,000997.SZ,新大陆,计算机,both,agree
000998,2000-06-29 14:08:00,110101,2015-10-27 15:29:00,110000,110100,农林牧渔,000998.SZ,隆平高科,农林牧渔,both,agree
000999,2000-03-09 00:00:00,370201,2015-10-27 15:29:00,370000,370200,医药生物,000999.SZ,华润三九,医药生物,both,agree
001201,2021-07-30 00:00:00,110702,2024-05-27 10:52:00,110000,110700,农林牧渔,001201.SZ,东瑞股份,农林牧渔,both,agree
001202,2021-07-30 00:00:00,420802,2025-10-15 10:57:00,420000,420800,交通运输,001202.SZ,炬申股份,交通运输,both,agree
001203,2021-07-30 00:00:00,230301,2025-01-08 14:36:00,230000,230300,钢铁,001203.SZ,大中矿业,钢铁,both,agree
001205,2021-07-30 00:00:00,421101,2025-10-15 10:57:00,420000,421100,交通运输,001205.SZ,盛航股份,交通运输,both,agree
001206,2021-07-30 00:00:00,770101,2023-06-28 18:50:00,770000,770100,美容护理,001206.SZ,依依股份,美容护理,both,agree
001207,2021-06-06 21:30:00,220603,2021-07-06 09:08:00,220000,220600,基础化工,001207.SZ,联科科技,基础化工,both,agree
001208,2021-07-30 00:00:00,630805,2025-10-15 10:57:00,630000,630800,电力设备,001208.SZ,华菱线缆,电力设备,both,agree
001209,2021-07-30 00:00:00,350209,2023-12-01 10:03:00,350000,350200,纺织服饰,001209.SZ,洪兴股份,纺织服饰,both,agree
001210,2021-06-22 18:16:00,410104,2021-07-06 09:16:00,410000,410100,公用事业,001210.SZ,金房能源,公用事业,both,agree
001211,2021-08-06 00:00:00,360311,2021-09-17 14:13:00,360000,360300,轻工制造,001211.SZ,双枪科技,轻工制造,both,agree
001212,2021-07-23 11:13:00,610303,2021-07-23 11:13:00,610000,610300,建筑材料,001212.SZ,中旗新材,建筑材料,both,agree
001213,2021-08-20 00:00:00,420903,2025-10-15 10:57:00,420000,420900,交通运输,001213.SZ,中铁特货,交通运输,both,agree
001215,2021-08-20 00:00:00,340406,2025-06-01 08:45:00,340000,340400,食品饮料,001215.SZ,千味央厨,食品饮料,both,agree
001216,2021-09-03 00:00:00,360311,2021-09-17 14:13:00,360000,360300,轻工制造,001216.SZ,华瓷股份,轻工制造,both,agree
001217,2021-09-10 00:00:00,220204,2021-09-17 14:10:00,220000,220200,基础化工,001217.SZ,华尔泰,基础化工,both,agree
001218,2021-09-17 00:00:00,220309,2021-11-18 09:12:00,220000,220300,基础化工,001218.SZ,丽臣实业,基础化工,both,agree
001219,2021-09-24 00:00:00,340802,2021-11-18 09:19:00,340000,340800,食品饮料,001219.SZ,青岛食品,食品饮料,both,agree
001220,2026-01-16 17:12:00,420803,2026-04-27 14:53:00,420000,420800,交通运输,001220.SZ,世盟股份,交通运输,both,agree
001221,2025-07-11 10:48:00,360311,2026-02-26 16:27:00,360000,360300,轻工制造,001221.SZ,悍高集团,轻工制造,both,agree
001222,2022-08-01 00:00:00,360502,2023-06-28 18:49:00,360000,360500,轻工制造,001222.SZ,源飞宠物,轻工制造,both,agree
001223,2022-11-25 00:00:00,640704,2025-10-15 10:57:00,640000,640700,机械设备,001223.SZ,欧克科技,机械设备,both,agree
001225,2023-02-13 00:00:00,640203,2025-10-15 10:57:00,640000,640200,机械设备,001225.SZ,和泰机电,机械设备,both,agree
001226,2022-05-20 00:00:00,640602,2025-10-15 10:57:00,640000,640600,机械设备,001226.SZ,拓山重工,机械设备,both,agree
001227,2021-12-10 00:00:00,480401,2021-12-29 14:11:00,480000,480400,银行,001227.SZ,兰州银行,银行,both,agree
001228,2022-04-15 00:00:00,420805,2025-10-15 10:57:00,420000,420800,交通运输,001228.SZ,永泰运,交通运输,both,agree
001229,2022-07-25 00:00:00,710103,2023-09-08 10:19:00,710000,710100,计算机,001229.SZ,魅视科技,计算机,both,agree
001230,2022-07-01 00:00:00,760103,2025-10-15 10:57:00,760000,760100,环保,001230.SZ,劲旅环境,环保,both,agree
001231,2022-07-15 00:00:00,220803,2023-09-08 10:19:00,220000,220800,基础化工,001231.SZ,农心科技,基础化工,both,agree
001232,2026-07-17 10:20:00,270202,2026-08-30 13:25:00,270000,270200,电子,001232.SZ,嘉立创,电子,both,agree
001233,2025-11-07 13:55:00,280204,2026-04-27 14:53:00,280000,280200,汽车,001233.SZ,海安集团,汽车,both,agree
001234,2024-07-30 12:45:00,350208,2024-07-30 12:45:00,350000,350200,纺织服饰,001234.SZ,泰慕士,纺织服饰,both,agree
001235,2022-04-29 00:00:00,630802,2023-09-08 10:19:00,630000,630800,电力设备,,,,left_only,only_sw
001236,2022-07-01 00:00:00,490303,2023-09-08 10:19:00,490000,490300,非银金融,001236.SZ,弘业期货,非银金融,both,agree
001237,2026-04-30 18:25:00,640105,2026-04-30 18:25:00,640000,640100,机械设备,001237.SZ,惠康科技,机械设备,both,agree
001238,2022-09-02 00:00:00,360502,2023-09-08 10:19:00,360000,360500,轻工制造,001238.SZ,浙江正特,轻工制造,both,agree
001239,2023-12-01 00:00:00,640602,2023-12-04 09:54:00,640000,640600,机械设备,001239.SZ,永达股份,机械设备,both,agree
001246,2026-09-11 16:40:00,240602,2026-09-11 16:40:00,240000,240600,有色金属,,,,left_only,only_sw
001248,2026-06-19 11:15:00,410107,2026-06-19 11:16:00,410000,410100,公用事业,001248.SZ,华润新能源,公用事业,both,agree
001255,2022-08-26 00:00:00,220504,2023-09-08 10:19:00,220000,220500,基础化工,001255.SZ,博菲电气,基础化工,both,agree
001256,2022-11-21 00:00:00,640208,2025-10-15 10:57:00,640000,640200,机械设备,001256.SZ,炜冈科技,机械设备,both,agree
001257,2026-03-23 16:17:00,240505,2026-04-27 14:53:00,240000,240500,有色金属,001257.SZ,盛龙股份,有色金属,both,agree
001258,2022-07-08 00:00:00,410107,2025-10-15 10:57:00,410000,410100,公用事业,001258.SZ,立新能源,公用事业,both,agree
001259,2022-08-19 00:00:00,330301,2023-09-08 10:19:00,330000,330300,家用电器,001259.SZ,利仁科技,家用电器,both,agree
001260,2023-02-13 00:00:00,280202,2025-01-08 14:36:00,280000,280200,汽车,001260.SZ,坤泰股份,汽车,both,agree
001266,2022-02-11 00:00:00,640702,2025-10-15 10:57:00,640000,640700,机械设备,001266.SZ,宏英智能,机械设备,both,agree
001267,2026-07-01 10:24:00,730204,2026-07-01 10:24:00,730000,730200,通信,001267.SZ,汇绿生态,通信,both,agree
001268,2022-06-17 00:00:00,330601,2023-09-08 10:19:00,330000,330600,家用电器,001268.SZ,联合精密,家用电器,both,agree
001269,2022-08-26 00:00:00,630504,2025-10-15 10:57:00,630000,630500,电力设备,001269.SZ,欧晶科技,电力设备,both,agree
001270,2022-05-20 00:00:00,650501,2026-09-06 14:48:00,650000,650500,国防军工,001270.SZ,铖昌科技,国防军工,both,agree
001277,2024-08-30 10:28:00,640203,2025-10-15 10:57:00,640000,640200,机械设备,001277.SZ,速达股份,机械设备,both,agree
001278,2023-02-13 00:00:00,280202,2025-01-08 14:36:00,280000,280200,汽车,001278.SZ,一彬科技,汽车,both,agree
001279,2024-09-13 16:22:00,360202,2025-01-08 14:36:00,360000,360200,轻工制造,001279.SZ,强邦新材,轻工制造,both,agree
001280,2025-11-14 17:16:00,240501,2025-12-09 09:49:00,240000,240500,有色金属,001280.SZ,中国铀业,有色金属,both,agree
001282,2023-05-04 00:00:00,280203,2025-01-08 14:36:00,280000,280200,汽车,001282.SZ,三联锻造,汽车,both,agree
001283,2022-08-26 00:00:00,630701,2025-10-15 10:57:00,630000,630700,电力设备,001283.SZ,豪鹏科技,电力设备,both,agree
001285,2025-09-12 11:39:00,280203,2025-10-15 10:57:00,280000,280200,汽车,001285.SZ,瑞立科密,汽车,both,agree
001286,2023-05-04 00:00:00,410101,2025-10-15 10:57:00,410000,410100,公用事业,001286.SZ,陕西能源,公用事业,both,agree
001287,2023-03-27 00:00:00,270401,2023-09-08 10:19:00,270000,270400,电子,001287.SZ,中电港,电子,both,agree
001288,2021-10-15 00:00:00,640203,2025-10-15 10:57:00,640000,640200,机械设备,001288.SZ,运机集团,机械设备,both,agree
001289,2022-02-18 00:00:00,410107,2025-10-15 10:57:00,410000,410100,公用事业,001289.SZ,龙源电力,公用事业,both,agree
001296,2021-11-19 00:00:00,220901,2021-12-29 13:59:00,220000,220900,基础化工,001296.SZ,长江材料,基础化工,both,agree
001298,2022-09-16 00:00:00,270401,2023-09-08 10:19:00,270000,270400,电子,001298.SZ,好上好,电子,both,agree
001299,2022-09-23 00:00:00,410301,2025-10-15 10:57:00,410000,410300,公用事业,001299.SZ,美能能源,公用事业,both,agree
001300,2022-09-23 00:00:00,360502,2023-09-08 10:19:00,360000,360500,轻工制造,001300.SZ,三柏硕,轻工制造,both,agree
001301,2022-11-21 00:00:00,630702,2025-10-15 10:57:00,630000,630700,电力设备,001301.SZ,尚太科技,电力设备,both,agree
001306,2023-10-27 00:00:00,640108,2025-10-15 10:57:00,640000,640100,机械设备,001306.SZ,夏厦精密,机械设备,both,agree
001308,2022-03-04 00:00:00,270301,2023-03-01 10:52:00,270000,270300,电子,001308.SZ,康冠科技,电子,both,agree
001309,2024-07-30 12:45:00,270104,2024-07-30 12:45:00,270000,270100,电子,001309.SZ,德明利,电子,both,agree
001311,2023-02-13 00:00:00,280205,2025-01-08 14:36:00,280000,280200,汽车,001311.SZ,多利科技,汽车,both,agree
001312,2026-04-03 12:27:00,350106,2026-04-27 14:53:00,350000,350100,纺织服饰,001312.SZ,福恩股份,纺织服饰,both,agree
001313,2022-01-21 00:00:00,110403,2023-09-08 10:19:00,110000,110400,农林牧渔,001313.SZ,粤海饲料,农林牧渔,both,agree
001314,2023-01-20 00:00:00,270504,2023-09-08 10:19:00,270000,270500,电子,001314.SZ,亿道信息,电子,both,agree
001316,2022-06-17 00:00:00,750302,2025-10-15 10:57:00,750000,750300,石油石化,001316.SZ,润贝航科,石油石化,both,agree
001317,2021-10-22 00:00:00,420903,2025-10-15 10:57:00,420000,420900,交通运输,001317.SZ,三羊马,交通运输,both,agree
001318,2022-04-29 00:00:00,340702,2023-09-08 10:19:00,340000,340700,食品饮料,001318.SZ,阳光乳业,食品饮料,both,agree
001319,2022-12-02 00:00:00,280202,2025-01-08 14:36:00,280000,280200,汽车,001319.SZ,铭科精技,汽车,both,agree
001322,2022-09-09 00:00:00,360309,2023-09-01 11:10:00,360000,360300,轻工制造,001322.SZ,箭牌家居,轻工制造,both,agree
001323,2022-08-05 00:00:00,360307,2024-03-14 10:16:00,360000,360300,轻工制造,001323.SZ,慕思股份,轻工制造,both,agree
001324,2023-05-04 00:00:00,640501,2025-10-15 10:57:00,640000,640500,机械设备,001324.SZ,长青科技,机械设备,both,agree
001325,2025-12-12 13:27:00,220602,2026-04-27 14:53:00,220000,220600,基础化工,001325.SZ,元创股份,基础化工,both,agree
001326,2023-10-27 00:00:00,330501,2023-10-27 14:02:00,330000,330500,家用电器,001326.SZ,联域股份,家用电器,both,agree
001328,2023-03-27 00:00:00,770102,2024-06-25 14:41:00,770000,770100,美容护理,001328.SZ,登康口腔,美容护理,both,agree
001330,2022-08-05 00:00:00,720601,2025-10-15 10:57:00,720000,720600,传媒,001330.SZ,博纳影业,传媒,both,agree
001331,2022-08-05 00:00:00,410301,2025-10-15 10:57:00,410000,410300,公用事业,001331.SZ,胜通能源,公用事业,both,agree
001332,2022-09-09 00:00:00,640203,2025-10-15 10:57:00,640000,640200,机械设备,001332.SZ,锡装股份,机械设备,both,agree
001333,2022-10-28 00:00:00,220504,2023-09-08 10:19:00,220000,220500,基础化工,001333.SZ,光华股份,基础化工,both,agree
001335,2025-03-21 20:48:00,220305,2025-10-15 10:57:00,220000,220300,基础化工,001335.SZ,信凯科技,基础化工,both,agree
001336,2022-07-08 00:00:00,760201,2025-10-15 10:57:00,760000,760200,环保,001336.SZ,楚环科技,环保,both,agree
001337,2023-02-24 00:00:00,240401,2025-01-08 14:36:00,240000,240400,有色金属,001337.SZ,四川黄金,有色金属,both,agree
001338,2022-10-28 00:00:00,110504,2023-09-08 10:19:00,110000,110500,农林牧渔,001338.SZ,永顺泰,农林牧渔,both,agree
001339,2022-08-05 00:00:00,710103,2026-08-06 16:36:00,710000,710100,计算机,001339.SZ,智微智能,计算机,both,agree
001356,2025-01-03 13:09:00,360311,2025-01-08 14:36:00,360000,360300,轻工制造,001356.SZ,富岭股份,轻工制造,both,agree
001358,2023-12-01 00:00:00,220309,2024-07-29 11:30:00,220000,220300,基础化工,001358.SZ,兴欣新材,基础化工,both,agree
001359,2024-03-18 00:00:00,220505,2024-07-29 11:30:00,220000,220500,基础化工,001359.SZ,平安电工,基础化工,both,agree
001360,2023-03-27 00:00:00,640203,2025-10-15 10:57:00,640000,640200,机械设备,001360.SZ,南矿集团,机械设备,both,agree
001365,2026-04-30 18:25:00,280206,2026-04-30 18:25:00,280000,280200,汽车,001365.SZ,天海电子,汽车,both,agree
001366,2023-02-24 00:00:00,110402,2023-09-08 10:19:00,110000,110400,农林牧渔,001366.SZ,播恩集团,农林牧渔,both,agree
001367,2023-03-27 00:00:00,370101,2023-09-08 10:19:00,370000,370100,医药生物,001367.SZ,海森药业,医药生物,both,agree
001368,2023-02-24 00:00:00,360502,2023-09-08 10:19:00,360000,360500,轻工制造,001368.SZ,通达创智,轻工制造,both,agree
001369,2025-12-12 13:27:00,220404,2026-04-27 14:53:00,220000,220400,基础化工,001369.SZ,双欣材料,基础化工,both,agree
001373,2023-05-26 00:00:00,270303,2023-09-08 10:19:00,270000,270300,电子,001373.SZ,翔腾新材,电子,both,agree
001376,2023-10-27 00:00:00,410104,2025-10-15 10:57:00,410000,410100,公用事业,001376.SZ,百通能源,公用事业,both,agree
001378,2023-10-13 00:00:00,220505,2023-10-16 10:26:00,220000,220500,基础化工,001378.SZ,德冠新材,基础化工,both,agree
001379,2023-12-29 00:00:00,640108,2025-10-15 10:57:00,640000,640100,机械设备,001379.SZ,腾达科技,机械设备,both,agree
001380,2023-05-04 00:00:00,280203,2025-01-08 14:36:00,280000,280200,汽车,001380.SZ,华纬科技,汽车,both,agree
001382,2025-02-28 19:56:00,630805,2025-10-15 10:57:00,630000,630800,电力设备,001382.SZ,新亚电缆,电力设备,both,agree
001386,2025-09-26 12:13:00,360306,2025-10-17 14:23:00,360000,360300,轻工制造,001386.SZ,马可波罗,轻工制造,both,agree
001387,2023-12-22 00:00:00,330106,2024-07-29 11:30:00,330000,330100,家用电器,001387.SZ,雪祺电气,家用电器,both,agree
001388,2025-06-20 13:52:00,630803,2025-10-15 10:57:00,630000,630800,电力设备,001388.SZ,信通电子,电力设备,both,agree
001389,2024-03-18 00:00:00,270202,2024-07-29 11:30:00,270000,270200,电子,001389.SZ,广合科技,电子,both,agree
001390,2025-05-09 11:32:00,350106,2025-10-15 10:57:00,350000,350100,纺织服饰,001390.SZ,古麒绒材,纺织服饰,both,agree
001391,2025-01-03 13:09:00,420805,2026-02-26 16:27:00,420000,420800,交通运输,001391.SZ,国货航,交通运输,both,agree
001393,2026-04-30 18:25:00,630801,2026-04-30 18:25:00,630000,630800,电力设备,001393.SZ,维通利,电力设备,both,agree
001395,2025-01-10 11:00:00,640209,2025-09-03 08:53:00,640000,640200,机械设备,001395.SZ,亚联机械,机械设备,both,agree
001396,2025-12-12 13:27:00,620306,2026-04-27 14:53:00,620000,620300,建筑装饰,001396.SZ,誉帆科技,建筑装饰,both,agree
001399,2026-06-05 13:08:00,270301,2026-06-05 13:08:00,270000,270300,电子,001399.SZ,惠科股份,电子,both,agree
001400,2025-04-18 14:26:00,640209,2025-10-15 10:57:00,640000,640200,机械设备,001400.SZ,江顺科技,机械设备,both,agree
001696,2021-07-30 00:00:00,640106,2025-10-15 10:57:00,640000,640100,机械设备,001696.SZ,宗申动力,机械设备,both,agree
001872,2021-07-30 00:00:00,421102,2025-10-15 10:57:00,420000,421100,交通运输,001872.SZ,招商港口,交通运输,both,agree
001896,1998-01-22 00:00:00,410101,2015-10-27 15:29:00,410000,410100,公用事业,001896.SZ,豫能控股,公用事业,both,agree
001914,2021-07-30 00:00:00,430301,2025-01-24 16:29:00,430000,430300,房地产,001914.SZ,招商积余,房地产,both,agree
001965,2021-07-30 00:00:00,420901,2025-10-15 10:57:00,420000,420900,交通运输,001965.SZ,招商公路,交通运输,both,agree
001979,2021-07-30 00:00:00,430102,2025-02-19 17:18:00,430000,430100,房地产,001979.SZ,招商蛇口,房地产,both,agree
002001,2024-08-07 17:12:00,220315,2025-11-28 08:40:00,220000,220300,基础化工,002001.SZ,新和成,基础化工,both,agree
002002,2017-06-29 00:00:00,220202,2019-08-09 15:39:00,220000,220200,基础化工,,,,left_only,only_sw
002003,2011-10-10 00:00:00,350105,2019-08-09 15:38:00,350000,350100,纺织服饰,002003.SZ,伟星股份,纺织服饰,both,agree
002004,2021-07-30 00:00:00,370102,2024-01-15 10:32:00,370000,370100,医药生物,002004.SZ,华邦健康,医药生物,both,agree
002005,2021-07-30 00:00:00,330301,2023-04-25 09:31:00,330000,330300,家用电器,002005.SZ,德豪润达,家用电器,both,agree
002006,2017-06-29 00:00:00,640209,2019-08-09 15:39:00,640000,640200,机械设备,002006.SZ,精工科技,机械设备,both,agree
002007,2022-07-29 00:00:00,370303,2022-07-29 11:54:00,370000,370300,医药生物,002007.SZ,华兰生物,医药生物,both,agree
002008,2021-07-30 00:00:00,640703,2025-10-15 10:57:00,640000,640700,机械设备,002008.SZ,大族激光,机械设备,both,agree
002009,2014-02-21 00:00:00,640209,2024-09-27 12:41:00,640000,640200,机械设备,002009.SZ,天奇股份,机械设备,both,agree
002010,2021-07-30 00:00:00,420807,2025-10-15 10:57:00,420000,420800,交通运输,002010.SZ,传化智联,交通运输,both,agree
002011,2021-07-30 00:00:00,330601,2023-01-09 16:20:00,330000,330600,家用电器,002011.SZ,盾安环境,家用电器,both,agree
002012,2021-07-30 00:00:00,360103,2021-07-31 16:18:00,360000,360100,轻工制造,002012.SZ,凯恩股份,轻工制造,both,agree
002013,2014-02-21 00:00:00,650201,2024-09-27 12:41:00,650000,650200,国防军工,,,,left_only,only_sw
002014,2021-07-30 00:00:00,360204,2023-06-27 08:50:00,360000,360200,轻工制造,002014.SZ,永新股份,轻工制造,both,agree
002015,2020-07-22 00:00:00,410104,2020-07-22 16:18:00,410000,410100,公用事业,002015.SZ,协鑫能科,公用事业,both,agree
002016,2010-01-01 00:00:00,430101,2015-10-27 15:29:00,430000,430100,房地产,002016.SZ,世荣兆业,房地产,both,agree
002017,2021-07-30 00:00:00,730206,2026-06-01 14:47:00,730000,730200,通信,002017.SZ,东信和平,通信,both,agree
002018,2017-06-29 00:00:00,510101,2019-08-09 15:40:00,510000,510100,综合,,,,left_only,only_sw
002019,2021-07-30 00:00:00,370102,2021-07-31 16:18:00,370000,370100,医药生物,002019.SZ,亿帆医药,医药生物,both,agree
002020,2019-07-24 00:00:00,370102,2020-12-04 14:32:00,370000,370100,医药生物,002020.SZ,京新药业,医药生物,both,agree
002021,2014-02-21 00:00:00,640206,2024-09-27 12:41:00,640000,640200,机械设备,002021.SZ,中捷资源,机械设备,both,agree
002022,2021-07-30 00:00:00,370504,2021-07-31 16:18:00,370000,370500,医药生物,002022.SZ,科华生物,医药生物,both,agree
002023,2014-02-21 00:00:00,650201,2024-09-27 12:41:00,650000,650200,国防军工,002023.SZ,海特高新,国防军工,both,agree
002024,2021-07-30 00:00:00,450601,2022-12-01 15:08:00,450000,450600,商贸零售,002024.SZ,ST易购,商贸零售,both,agree
002025,2021-07-30 00:00:00,650501,2025-10-15 10:57:00,650000,650500,国防军工,002025.SZ,航天电器,国防军工,both,agree
002026,2021-07-30 00:00:00,640108,2025-10-15 10:57:00,640000,640100,机械设备,002026.SZ,山东威达,机械设备,both,agree
002027,2021-07-30 00:00:00,720502,2025-10-15 10:57:00,720000,720500,传媒,002027.SZ,分众传媒,传媒,both,agree
002028,2021-07-30 00:00:00,630801,2025-11-10 13:33:00,630000,630800,电力设备,002028.SZ,思源电气,电力设备,both,agree
002029,2021-07-30 00:00:00,350209,2026-01-26 16:15:00,350000,350200,纺织服饰,002029.SZ,七匹狼,纺织服饰,both,agree
002030,2021-07-30 00:00:00,370504,2024-04-01 15:28:00,370000,370500,医药生物,002030.SZ,达安基因,医药生物,both,agree
002031,2017-06-29 00:00:00,640209,2019-08-09 15:39:00,640000,640200,机械设备,002031.SZ,巨轮智能,机械设备,both,agree
002032,2021-07-30 00:00:00,330301,2023-01-09 16:21:00,330000,330300,家用电器,002032.SZ,苏泊尔,家用电器,both,agree
002033,2021-07-30 00:00:00,461003,2023-04-03 15:24:00,460000,461000,社会服务,002033.SZ,丽江股份,社会服务,both,agree
002034,2021-07-30 00:00:00,760103,2025-10-15 10:57:00,760000,760100,环保,002034.SZ,旺能环境,环保,both,agree
002035,2021-07-30 00:00:00,330401,2023-01-09 15:15:00,330000,330400,家用电器,002035.SZ,华帝股份,家用电器,both,agree
002036,2021-07-30 00:00:00,270303,2025-03-01 09:22:00,270000,270300,电子,002036.SZ,联创电子,电子,both,agree
002037,2008-06-02 00:00:00,220307,2015-10-27 15:29:00,220000,220300,基础化工,002037.SZ,保利联合,基础化工,both,agree
002038,2024-07-30 12:45:00,370102,2024-07-30 12:45:00,370000,370100,医药生物,002038.SZ,双鹭药业,医药生物,both,agree
002039,2005-03-02 00:00:00,410102,2015-10-27 15:29:00,410000,410100,公用事业,002039.SZ,黔源电力,公用事业,both,agree
002040,2021-07-30 00:00:00,421102,2025-10-15 10:57:00,420000,421100,交通运输,002040.SZ,南京港,交通运输,both,agree
002041,2005-03-24 00:00:00,110101,2015-10-27 15:28:00,110000,110100,农林牧渔,002041.SZ,登海种业,农林牧渔,both,agree
002042,2005-03-30 00:00:00,350102,2015-10-27 15:29:00,350000,350100,纺织服饰,002042.SZ,华孚时尚,纺织服饰,both,agree
002043,2014-02-21 00:00:00,610303,2024-09-27 12:41:00,610000,610300,建筑材料,002043.SZ,兔宝宝,建筑材料,both,agree
002044,2021-07-30 00:00:00,370604,2025-03-03 08:49:00,370000,370600,医药生物,002044.SZ,美年健康,医药生物,both,agree
002045,2021-07-30 00:00:00,270503,2025-03-17 07:47:00,270000,270500,电子,002045.SZ,国光电器,电子,both,agree
002046,2022-07-29 00:00:00,640103,2026-06-30 08:40:00,640000,640100,机械设备,002046.SZ,国机精工,机械设备,both,agree
002047,2014-02-21 00:00:00,620201,2024-09-27 12:41:00,620000,620200,建筑装饰,002047.SZ,宝鹰股份,建筑装饰,both,agree
002048,2021-07-30 00:00:00,280202,2025-01-08 14:36:00,280000,280200,汽车,002048.SZ,宁波华翔,汽车,both,agree
002049,2021-07-30 00:00:00,270104,2023-04-25 09:31:00,270000,270100,电子,002049.SZ,紫光国微,电子,both,agree
002050,2021-07-30 00:00:00,330601,2021-07-31 16:18:00,330000,330600,家用电器,002050.SZ,三花智控,家用电器,both,agree
002051,2014-02-21 00:00:00,620403,2024-09-27 12:41:00,620000,620400,建筑装饰,002051.SZ,中工国际,建筑装饰,both,agree
002052,2026-07-01 10:24:00,630306,2026-07-01 10:24:00,630000,630300,电力设备,002052.SZ,同洲电子,电力设备,both,agree
002053,2024-12-06 10:29:00,410107,2025-10-15 10:57:00,410000,410100,公用事业,002053.SZ,云南能投,公用事业,both,agree
002054,2008-06-02 00:00:00,220308,2019-08-09 15:39:00,220000,220300,基础化工,002054.SZ,德美化工,基础化工,both,agree
002055,2021-07-30 00:00:00,270504,2023-04-25 09:31:00,270000,270500,电子,002055.SZ,ST得润,电子,both,agree
002056,2023-07-04 00:00:00,630502,2025-12-03 14:34:00,630000,630500,电力设备,002056.SZ,横店东磁,电力设备,both,agree
002057,2023-07-04 00:00:00,460802,2023-07-04 15:14:00,460000,460800,社会服务,002057.SZ,中钢天源,社会服务,both,agree
002058,2026-07-01 10:24:00,630702,2026-07-01 10:24:00,630000,630700,电力设备,002058.SZ,紫竹高科,电力设备,both,agree
002059,2021-07-30 00:00:00,461002,2023-02-20 17:31:00,460000,461000,社会服务,002059.SZ,云南旅游,社会服务,both,agree
002060,2026-07-01 10:24:00,620306,2026-07-01 10:24:00,620000,620300,建筑装饰,002060.SZ,广东建工,建筑装饰,both,agree
002061,2021-07-30 00:00:00,620306,2021-07-31 16:18:00,620000,620300,建筑装饰,002061.SZ,浙江交科,建筑装饰,both,agree
002062,2021-07-30 00:00:00,620306,2023-05-29 14:32:00,620000,620300,建筑装饰,002062.SZ,宏润建设,建筑装饰,both,agree
002063,2021-07-30 00:00:00,710401,2024-01-19 11:05:00,710000,710400,计算机,002063.SZ,远光软件,计算机,both,agree
002064,2008-06-02 00:00:00,220405,2015-10-27 15:29:00,220000,220400,基础化工,002064.SZ,华峰化学,基础化工,both,agree
002065,2021-07-30 00:00:00,710301,2021-07-31 16:18:00,710000,710300,计算机,002065.SZ,东华软件,计算机,both,agree
002066,2014-02-21 00:00:00,610301,2024-09-27 12:41:00,610000,610300,建筑材料,002066.SZ,瑞泰科技,建筑材料,both,agree
002067,2021-07-30 00:00:00,360102,2021-07-31 16:18:00,360000,360100,轻工制造,002067.SZ,景兴纸业,轻工制造,both,agree
002068,2011-10-10 00:00:00,220603,2015-10-27 15:29:00,220000,220600,基础化工,002068.SZ,黑猫股份,基础化工,both,agree
002069,2006-09-19 00:00:00,110202,2015-10-27 15:29:00,110000,110200,农林牧渔,002069.SZ,獐子岛,农林牧渔,both,agree
002070,2017-06-29 00:00:00,240503,2018-06-20 15:06:00,240000,240500,有色金属,,,,left_only,only_sw
002071,2021-07-30 00:00:00,720601,2021-07-31 16:18:00,720000,720600,传媒,,,,left_only,only_sw
002072,2023-07-04 00:00:00,450201,2023-07-04 15:14:00,450000,450200,商贸零售,002072.SZ,凯瑞德,商贸零售,both,agree
002073,2014-02-21 00:00:00,640209,2024-09-27 12:41:00,640000,640200,机械设备,002073.SZ,软控股份,机械设备,both,agree
002074,2021-07-30 00:00:00,630701,2025-10-15 10:57:00,630000,630700,电力设备,002074.SZ,国轩高科,电力设备,both,agree
002075,2021-07-30 00:00:00,230501,2025-01-08 14:36:00,230000,230500,钢铁,002075.SZ,沙钢股份,钢铁,both,agree
002076,2021-07-30 00:00:00,330501,2023-04-25 09:31:00,330000,330500,家用电器,002076.SZ,星光股份,家用电器,both,agree
002077,2021-07-30 00:00:00,270107,2023-04-25 09:31:00,270000,270100,电子,002077.SZ,大港股份,电子,both,agree
002078,2021-07-30 00:00:00,360102,2026-02-26 16:27:00,360000,360100,轻工制造,002078.SZ,太阳纸业,轻工制造,both,agree
002079,2026-07-01 10:24:00,630504,2026-07-01 10:24:00,630000,630500,电力设备,002079.SZ,苏州固锝,电力设备,both,agree
002080,2021-07-30 00:00:00,610202,2023-12-07 10:02:00,610000,610200,建筑材料,002080.SZ,中材科技,建筑材料,both,agree
002081,2014-02-21 00:00:00,620201,2024-09-27 12:41:00,620000,620200,建筑装饰,002081.SZ,金螳螂,建筑装饰,both,agree
002082,2022-07-29 00:00:00,370201,2023-12-07 10:03:00,370000,370200,医药生物,002082.SZ,ST万邦,医药生物,both,agree
002083,2006-11-21 00:00:00,350102,2015-10-27 15:28:00,350000,350100,纺织服饰,002083.SZ,孚日股份,纺织服饰,both,agree
002084,2021-07-30 00:00:00,360309,2025-01-24 16:29:00,360000,360300,轻工制造,002084.SZ,海鸥住工,轻工制造,both,agree
002085,2021-07-30 00:00:00,280204,2025-01-24 16:29:00,280000,280200,汽车,002085.SZ,万丰奥威,汽车,both,agree
002086,2026-07-01 10:24:00,110504,2026-07-01 10:24:00,110000,110500,农林牧渔,002086.SZ,东方海洋,农林牧渔,both,agree
002087,2006-11-29 00:00:00,350102,2015-10-27 15:29:00,350000,350100,纺织服饰,,,,left_only,only_sw
002088,2014-02-21 00:00:00,610301,2024-09-27 12:41:00,610000,610300,建筑材料,002088.SZ,鲁阳节能,建筑材料,both,agree
002089,2021-07-30 00:00:00,730204,2021-07-31 16:18:00,730000,730200,通信,,,,left_only,only_sw
002090,2021-07-30 00:00:00,630803,2025-10-15 10:57:00,630000,630800,电力设备,002090.SZ,金智科技,电力设备,both,agree
002091,2007-07-02 00:00:00,450201,2015-10-27 15:29:00,450000,450200,商贸零售,002091.SZ,江苏国泰,商贸零售,both,agree
002092,2006-12-07 00:00:00,220202,2015-10-27 15:29:00,220000,220200,基础化工,002092.SZ,中泰化学,基础化工,both,agree
002093,2024-07-30 12:45:00,461101,2025-01-08 14:36:00,460000,461100,社会服务,002093.SZ,国脉科技,社会服务,both,agree
002094,2021-07-30 00:00:00,770201,2021-07-31 16:18:00,770000,770200,美容护理,002094.SZ,青岛金王,美容护理,both,agree
002095,2021-07-30 00:00:00,720704,2025-10-15 10:57:00,720000,720700,传媒,002095.SZ,生意宝,传媒,both,agree
002096,2008-06-02 00:00:00,220307,2015-10-27 15:29:00,220000,220300,基础化工,002096.SZ,易普力,基础化工,both,agree
002097,2021-07-30 00:00:00,640601,2025-10-15 10:57:00,640000,640600,机械设备,002097.SZ,山河智能,机械设备,both,agree
002098,2011-10-10 00:00:00,350105,2015-10-27 15:29:00,350000,350100,纺织服饰,002098.SZ,浔兴股份,纺织服饰,both,agree
002099,2006-12-26 00:00:00,370101,2015-10-27 15:28:00,370000,370100,医药生物,002099.SZ,海翔药业,医药生物,both,agree
002100,2021-07-30 00:00:00,110402,2025-12-12 09:00:00,110000,110400,农林牧渔,002100.SZ,天康生物,农林牧渔,both,agree
002101,2021-07-30 00:00:00,280205,2025-01-08 14:36:00,280000,280200,汽车,002101.SZ,广东鸿图,汽车,both,agree
002102,2017-12-26 00:00:00,370101,2020-12-04 14:32:00,370000,370100,医药生物,002102.SZ,ST能特,医药生物,both,agree
002103,2022-07-29 00:00:00,360501,2025-06-17 11:15:00,360000,360500,轻工制造,002103.SZ,广博股份,轻工制造,both,agree
002104,2021-07-30 00:00:00,730206,2026-06-01 14:47:00,730000,730200,通信,002104.SZ,恒宝股份,通信,both,agree
002105,2014-02-21 00:00:00,280401,2024-09-27 12:41:00,280000,280400,汽车,002105.SZ,信隆健康,汽车,both,agree
002106,2007-01-12 00:00:00,270301,2015-10-27 15:29:00,270000,270300,电子,002106.SZ,莱宝高科,电子,both,agree
002107,2007-01-24 00:00:00,370201,2015-10-27 15:29:00,370000,370200,医药生物,002107.SZ,沃华医药,医药生物,both,agree
002108,2007-01-24 00:00:00,220501,2015-10-27 15:28:00,220000,220500,基础化工,002108.SZ,沧州明珠,基础化工,both,agree
002109,2021-07-30 00:00:00,220204,2021-07-31 16:18:00,220000,220200,基础化工,002109.SZ,ST兴化,基础化工,both,agree
002110,2021-07-30 00:00:00,230401,2025-01-08 14:36:00,230000,230400,钢铁,002110.SZ,三钢闽光,钢铁,both,agree
002111,2023-07-04 00:00:00,650201,2025-10-15 10:57:00,650000,650200,国防军工,002111.SZ,威海广泰,国防军工,both,agree
002112,2021-07-30 00:00:00,630801,2025-10-15 10:57:00,630000,630800,电力设备,002112.SZ,三变科技,电力设备,both,agree
002113,2021-07-30 00:00:00,720401,2021-07-31 16:18:00,720000,720400,传媒,,,,left_only,only_sw
002114,2014-02-21 00:00:00,240303,2024-09-27 12:41:00,240000,240300,有色金属,002114.SZ,罗平锌电,有色金属,both,agree
002115,2021-07-30 00:00:00,730103,2026-06-01 14:47:00,730000,730100,通信,002115.SZ,三维通信,通信,both,agree
002116,2021-07-30 00:00:00,620404,2021-07-31 16:18:00,620000,620400,建筑装饰,002116.SZ,中国海诚,建筑装饰,both,agree
002117,2021-07-30 00:00:00,360202,2025-09-18 13:44:00,360000,360200,轻工制造,002117.SZ,东港股份,轻工制造,both,agree
002118,2007-03-01 00:00:00,370201,2015-10-27 15:29:00,370000,370200,医药生物,,,,left_only,only_sw
002119,2008-06-02 00:00:00,270103,2015-10-27 15:29:00,270000,270100,电子,002119.SZ,康强电子,电子,both,agree
002120,2021-07-30 00:00:00,420804,2025-10-15 10:57:00,420000,420800,交通运输,002120.SZ,韵达股份,交通运输,both,agree
002121,2021-07-30 00:00:00,630804,2025-10-15 10:57:00,630000,630800,电力设备,002121.SZ,科陆电子,电力设备,both,agree
002122,2022-07-29 00:00:00,640101,2025-10-15 10:57:00,640000,640100,机械设备,002122.SZ,ST汇洲,机械设备,both,agree
002123,2021-07-30 00:00:00,730104,2026-06-01 14:47:00,730000,730100,通信,002123.SZ,梦网科技,通信,both,agree
002124,2021-07-30 00:00:00,110702,2025-01-24 16:29:00,110000,110700,农林牧渔,002124.SZ,天邦食品,农林牧渔,both,agree
002125,2022-07-29 00:00:00,630702,2025-10-15 10:57:00,630000,630700,电力设备,002125.SZ,湘潭电化,电力设备,both,agree
002126,2021-07-30 00:00:00,280203,2023-06-28 18:50:00,280000,280200,汽车,002126.SZ,银轮股份,汽车,both,agree
002127,2021-07-30 00:00:00,450603,2024-01-24 15:43:00,450000,450600,商贸零售,002127.SZ,南极电商,商贸零售,both,agree
002128,2021-07-30 00:00:00,740101,2025-10-15 10:57:00,740000,740100,煤炭,002128.SZ,电投能源,煤炭,both,agree
002129,2021-07-30 00:00:00,630501,2025-12-10 10:16:00,630000,630500,电力设备,002129.SZ,TCL中环,电力设备,both,agree
002130,2021-07-30 00:00:00,270401,2021-07-31 16:18:00,270000,270400,电子,002130.SZ,沃尔核材,电子,both,agree
002131,2023-07-04 00:00:00,640108,2025-10-15 10:57:00,640000,640100,机械设备,002131.SZ,利欧股份,机械设备,both,agree
002132,2021-07-30 00:00:00,640108,2025-10-15 10:57:00,640000,640100,机械设备,002132.SZ,恒星科技,机械设备,both,agree
002133,2007-04-27 00:00:00,430101,2015-10-27 15:28:00,430000,430100,房地产,002133.SZ,广宇集团,房地产,both,agree
002134,2011-10-10 00:00:00,270202,2015-10-27 15:29:00,270000,270200,电子,002134.SZ,天津普林,电子,both,agree
002135,2014-02-21 00:00:00,620401,2024-09-27 12:41:00,620000,620400,建筑装饰,002135.SZ,东南网架,建筑装饰,both,agree
002136,2021-07-30 00:00:00,220206,2021-07-31 16:18:00,220000,220200,基础化工,002136.SZ,安纳达,基础化工,both,agree
002137,2022-07-29 00:00:00,270302,2022-07-29 11:54:00,270000,270300,电子,002137.SZ,实益达,电子,both,agree
002138,2011-10-10 00:00:00,270203,2015-10-27 15:29:00,270000,270200,电子,002138.SZ,顺络电子,电子,both,agree
002139,2021-07-30 00:00:00,270504,2023-04-25 09:31:00,270000,270500,电子,002139.SZ,拓邦股份,电子,both,agree
002140,2014-02-21 00:00:00,620402,2024-09-27 12:41:00,620000,620400,建筑装饰,002140.SZ,东华科技,建筑装饰,both,agree
002141,2026-07-01 10:24:00,270202,2026-07-01 10:24:00,270000,270200,电子,002141.SZ,贤丰控股,电子,both,agree
002142,2021-07-30 00:00:00,480401,2021-07-31 16:18:00,480000,480400,银行,002142.SZ,宁波银行,银行,both,agree
002143,2021-07-30 00:00:00,720501,2021-07-31 16:18:00,720000,720500,传媒,,,,left_only,only_sw
002144,2011-10-10 00:00:00,350106,2019-08-09 15:38:00,350000,350100,纺织服饰,002144.SZ,宏达高科,纺织服饰,both,agree
002145,2021-07-30 00:00:00,220206,2021-07-31 16:18:00,220000,220200,基础化工,002145.SZ,钛能化学,基础化工,both,agree
002146,2007-08-07 00:00:00,430101,2015-10-27 15:29:00,430000,430100,房地产,002146.SZ,荣盛发展,房地产,both,agree
002147,2021-07-30 00:00:00,640106,2021-07-31 16:18:00,640000,640100,机械设备,,,,left_only,only_sw
002148,2022-08-05 00:00:00,730104,2026-06-01 14:47:00,730000,730100,通信,002148.SZ,北纬科技,通信,both,agree
002149,2019-07-24 00:00:00,240504,2024-06-25 07:08:00,240000,240500,有色金属,002149.SZ,西部材料,有色金属,both,agree
002150,2026-07-01 10:24:00,630503,2026-07-01 10:24:00,630000,630500,电力设备,002150.SZ,正泰电源,电力设备,both,agree
002151,2021-07-30 00:00:00,650501,2025-10-15 10:57:00,650000,650500,国防军工,002151.SZ,北斗星通,国防军工,both,agree
002152,2021-07-30 00:00:00,710103,2023-04-03 14:29:00,710000,710100,计算机,002152.SZ,广电运通,计算机,both,agree
002153,2021-07-30 00:00:00,710401,2021-07-31 16:18:00,710000,710400,计算机,002153.SZ,石基信息,计算机,both,agree
002154,2021-07-30 00:00:00,350209,2025-01-24 16:29:00,350000,350200,纺织服饰,002154.SZ,报喜鸟,纺织服饰,both,agree
002155,2014-02-21 00:00:00,240401,2024-09-27 12:41:00,240000,240400,有色金属,002155.SZ,湖南黄金,有色金属,both,agree
002156,2021-07-30 00:00:00,270107,2022-03-31 17:40:00,270000,270100,电子,002156.SZ,通富微电,电子,both,agree
002157,2021-07-30 00:00:00,110702,2026-03-24 13:15:00,110000,110700,农林牧渔,002157.SZ,正邦科技,农林牧渔,both,agree
002158,2014-02-21 00:00:00,640105,2024-09-27 12:41:00,640000,640100,机械设备,002158.SZ,汉钟精机,机械设备,both,agree
002159,2021-07-30 00:00:00,461003,2022-02-08 15:57:00,460000,461000,社会服务,002159.SZ,三特索道,社会服务,both,agree
002160,2014-02-21 00:00:00,240301,2024-09-27 12:41:00,240000,240300,有色金属,002160.SZ,常铝股份,有色金属,both,agree
002161,2009-01-01 00:00:00,270401,2015-10-27 15:29:00,270000,270400,电子,002161.SZ,远望谷,电子,both,agree
002162,2021-07-30 00:00:00,360306,2023-12-07 10:03:00,360000,360300,轻工制造,002162.SZ,悦心健康,轻工制造,both,agree
002163,2022-07-29 00:00:00,620201,2024-01-14 08:47:00,620000,620200,建筑装饰,002163.SZ,海南发展,建筑装饰,both,agree
002164,2021-07-30 00:00:00,640108,2025-10-15 10:57:00,640000,640100,机械设备,002164.SZ,宁波东力,机械设备,both,agree
002165,2014-02-21 00:00:00,220313,2024-09-27 12:41:00,220000,220300,基础化工,002165.SZ,红宝丽,基础化工,both,agree
002166,2022-07-29 00:00:00,220315,2022-07-29 11:54:00,220000,220300,基础化工,002166.SZ,莱茵生物,基础化工,both,agree
002167,2014-02-21 00:00:00,240504,2024-09-27 12:41:00,240000,240500,有色金属,002167.SZ,东方锆业,有色金属,both,agree
002168,2023-07-04 00:00:00,630802,2025-10-15 10:57:00,630000,630800,电力设备,002168.SZ,ST惠程,电力设备,both,agree
002169,2021-07-30 00:00:00,630803,2025-10-15 10:57:00,630000,630800,电力设备,002169.SZ,智光电气,电力设备,both,agree
002170,2021-07-30 00:00:00,220805,2021-07-31 16:18:00,220000,220800,基础化工,002170.SZ,芭田股份,基础化工,both,agree
002171,2014-02-21 00:00:00,240302,2024-09-27 12:41:00,240000,240300,有色金属,002171.SZ,楚江新材,有色金属,both,agree
002172,2022-07-29 00:00:00,370604,2022-07-29 11:54:00,370000,370600,医药生物,002172.SZ,澳洋健康,医药生物,both,agree
002173,2021-07-30 00:00:00,370604,2021-07-31 16:18:00,370000,370600,医药生物,002173.SZ,创新医疗,医药生物,both,agree
002174,2021-07-30 00:00:00,720401,2025-10-15 10:57:00,720000,720400,传媒,002174.SZ,游族网络,传媒,both,agree
002175,2022-07-29 00:00:00,640107,2025-10-15 10:57:00,640000,640100,机械设备,002175.SZ,*ST东智,机械设备,both,agree
002176,2024-07-30 12:45:00,630101,2025-10-15 10:57:00,630000,630100,电力设备,002176.SZ,江特电机,电力设备,both,agree
002177,2026-07-01 10:24:00,450304,2026-07-01 10:24:00,450000,450300,商贸零售,002177.SZ,御银股份,商贸零售,both,agree
002178,2021-07-30 00:00:00,710401,2021-07-31 16:18:00,710000,710400,计算机,002178.SZ,延华智能,计算机,both,agree
002179,2021-07-30 00:00:00,650501,2025-10-15 10:57:00,650000,650500,国防军工,002179.SZ,中航光电,国防军工,both,agree
002180,2023-03-17 00:00:00,710103,2023-03-20 11:17:00,710000,710100,计算机,002180.SZ,奔图科技,计算机,both,agree
002181,2021-07-30 00:00:00,720902,2025-10-15 10:57:00,720000,720900,传媒,002181.SZ,粤传媒,传媒,both,agree
002182,2021-07-30 00:00:00,240504,2025-01-24 16:29:00,240000,240500,有色金属,002182.SZ,宝武镁业,有色金属,both,agree
002183,2024-07-30 12:45:00,450201,2025-01-08 14:36:00,450000,450200,商贸零售,002183.SZ,怡亚通,商贸零售,both,agree
002184,2021-07-30 00:00:00,640702,2025-10-15 10:57:00,640000,640700,机械设备,002184.SZ,海得控制,机械设备,both,agree
002185,2021-07-30 00:00:00,270107,2025-08-04 15:51:00,270000,270100,电子,002185.SZ,华天科技,电子,both,agree
002186,2021-07-30 00:00:00,460902,2022-10-19 11:28:00,460000,460900,社会服务,002186.SZ,全聚德,社会服务,both,agree
002187,2014-02-21 00:00:00,450301,2024-09-27 12:41:00,450000,450300,商贸零售,002187.SZ,广百股份,商贸零售,both,agree
002188,2022-07-29 00:00:00,430301,2022-07-29 11:54:00,430000,430300,房地产,002188.SZ,中天服务,房地产,both,agree
002189,2021-07-30 00:00:00,650501,2025-10-15 10:57:00,650000,650500,国防军工,002189.SZ,中光学,国防军工,both,agree
002190,2022-07-29 00:00:00,280205,2025-01-08 14:36:00,280000,280200,汽车,002190.SZ,成飞集成,汽车,both,agree
002191,2021-07-30 00:00:00,360205,2024-09-04 08:53:00,360000,360200,轻工制造,002191.SZ,劲嘉股份,轻工制造,both,agree
002192,2022-04-01 00:00:00,240603,2025-01-08 14:36:00,240000,240600,有色金属,002192.SZ,融捷股份,有色金属,both,agree
002193,2024-07-30 12:45:00,350209,2024-07-30 12:45:00,350000,350200,纺织服饰,002193.SZ,ST如意,纺织服饰,both,agree
002194,2021-07-30 00:00:00,730204,2026-06-01 14:47:00,730000,730200,通信,002194.SZ,武汉凡谷,通信,both,agree
002195,2021-07-30 00:00:00,710301,2021-07-31 16:18:00,710000,710300,计算机,002195.SZ,岩山科技,计算机,both,agree
002196,2014-02-21 00:00:00,630101,2024-09-27 12:41:00,630000,630100,电力设备,002196.SZ,方正电机,电力设备,both,agree
002197,2021-07-30 00:00:00,710103,2021-07-31 16:18:00,710000,710100,计算机,002197.SZ,证通电子,计算机,both,agree
002198,2007-12-17 00:00:00,370201,2015-10-27 15:29:00,370000,370200,医药生物,002198.SZ,ST嘉应,医药生物,both,agree
002199,2011-10-10 00:00:00,270203,2015-10-27 15:28:00,270000,270200,电子,002199.SZ,东晶电子,电子,both,agree
002200,2021-07-30 00:00:00,620307,2021-08-02 13:20:00,620000,620300,建筑装饰,002200.SZ,交投生态,建筑装饰,both,agree
002201,2021-07-30 00:00:00,610202,2021-08-04 10:42:00,610000,610200,建筑材料,002201.SZ,九鼎新材,建筑材料,both,agree
002202,2021-07-30 00:00:00,630601,2025-10-15 10:57:00,630000,630600,电力设备,002202.SZ,金风科技,电力设备,both,agree
002203,2014-02-21 00:00:00,240302,2024-09-27 12:41:00,240000,240300,有色金属,002203.SZ,海亮股份,有色金属,both,agree
002204,2021-07-30 00:00:00,640203,2025-10-15 10:57:00,640000,640200,机械设备,002204.SZ,大连重工,机械设备,both,agree
002205,2023-07-04 00:00:00,610102,2023-07-04 15:14:00,610000,610100,建筑材料,002205.SZ,国统股份,建筑材料,both,agree
002206,2008-01-02 00:00:00,220401,2015-10-27 15:28:00,220000,220400,基础化工,002206.SZ,海利得,基础化工,both,agree
002207,2021-07-30 00:00:00,750201,2023-10-23 16:18:00,750000,750200,石油石化,002207.SZ,*ST准油,石油石化,both,agree
002208,2008-01-02 00:00:00,430101,2015-10-27 15:29:00,430000,430100,房地产,002208.SZ,合肥城建,房地产,both,agree
002209,2014-02-21 00:00:00,640208,2024-09-27 12:41:00,640000,640200,机械设备,002209.SZ,达意隆,机械设备,both,agree
002210,2022-07-29 00:00:00,760103,2025-10-15 10:57:00,760000,760100,环保,002210.SZ,飞马国际,环保,both,agree
002211,2021-07-30 00:00:00,220316,2021-07-31 16:18:00,220000,220300,基础化工,002211.SZ,ST宏达,基础化工,both,agree
002212,2021-07-30 00:00:00,710402,2023-06-01 14:03:00,710000,710400,计算机,002212.SZ,天融信,计算机,both,agree
002213,2023-07-04 00:00:00,270104,2023-07-04 15:14:00,270000,270100,电子,002213.SZ,大为股份,电子,both,agree
002214,2021-07-30 00:00:00,650501,2025-10-15 10:57:00,650000,650500,国防军工,002214.SZ,大立科技,国防军工,both,agree
002215,2025-05-09 11:32:00,110103,2025-05-09 11:32:00,110000,110100,农林牧渔,002215.SZ,诺普信,农林牧渔,both,agree
002216,2021-07-30 00:00:00,340406,2025-06-01 08:45:00,340000,340400,食品饮料,002216.SZ,三全食品,食品饮料,both,agree
002217,2015-10-31 00:00:00,270301,2015-11-05 16:32:00,270000,270300,电子,002217.SZ,ST合力泰,电子,both,agree
002218,2024-07-30 12:45:00,410106,2025-10-15 10:57:00,410000,410100,公用事业,002218.SZ,拓日新能,公用事业,both,agree
002219,2021-07-30 00:00:00,370604,2021-07-31 16:18:00,370000,370600,医药生物,002219.SZ,新里程,医药生物,both,agree
002220,2011-10-10 00:00:00,110504,2019-08-09 15:39:00,110000,110500,农林牧渔,,,,left_only,only_sw
002221,2021-07-30 00:00:00,750303,2025-09-11 15:39:00,750000,750300,石油石化,002221.SZ,东华能源,石油石化,both,agree
002222,2021-07-30 00:00:00,270303,2026-03-02 17:17:00,270000,270300,电子,002222.SZ,福晶科技,电子,both,agree
002223,2021-07-30 00:00:00,370502,2024-06-06 08:39:00,370000,370500,医药生物,002223.SZ,鱼跃医疗,医药生物,both,agree
002224,2008-06-02 00:00:00,220602,2015-10-27 15:29:00,220000,220600,基础化工,002224.SZ,三力士,基础化工,both,agree
002225,2014-02-21 00:00:00,610301,2024-09-27 12:41:00,610000,610300,建筑材料,002225.SZ,濮耐股份,建筑材料,both,agree
002226,2008-06-02 00:00:00,220307,2015-10-27 15:29:00,220000,220300,基础化工,002226.SZ,江南化工,基础化工,both,agree
002227,2022-07-29 00:00:00,630306,2025-10-15 10:57:00,630000,630300,电力设备,002227.SZ,*ST特迅,电力设备,both,agree
002228,2021-07-30 00:00:00,360205,2024-02-08 18:50:00,360000,360200,轻工制造,002228.SZ,合兴包装,轻工制造,both,agree
002229,2026-07-01 10:24:00,710301,2026-07-01 10:24:00,710000,710300,计算机,002229.SZ,鸿博股份,计算机,both,agree
002230,2021-07-30 00:00:00,710402,2025-02-19 17:18:00,710000,710400,计算机,002230.SZ,科大讯飞,计算机,both,agree
002231,2021-10-29 00:00:00,650501,2025-10-15 10:57:00,650000,650500,国防军工,002231.SZ,*ST奥维(退市),国防军工,both,agree
002232,2021-07-30 00:00:00,710301,2021-07-31 16:18:00,710000,710300,计算机,002232.SZ,启明信息,计算机,both,agree
002233,2014-02-21 00:00:00,610101,2024-09-27 12:41:00,610000,610100,建筑材料,002233.SZ,塔牌集团,建筑材料,both,agree
002234,2021-07-30 00:00:00,110703,2024-05-27 10:52:00,110000,110700,农林牧渔,002234.SZ,民和股份,农林牧渔,both,agree
002235,2021-07-30 00:00:00,360103,2021-07-31 16:18:00,360000,360100,轻工制造,002235.SZ,安妮股份,轻工制造,both,agree
002236,2021-07-30 00:00:00,710102,2025-02-19 17:18:00,710000,710100,计算机,002236.SZ,大华股份,计算机,both,agree
002237,2014-02-21 00:00:00,240401,2024-09-27 12:41:00,240000,240400,有色金属,002237.SZ,恒邦股份,有色金属,both,agree
002238,2021-07-30 00:00:00,721001,2025-10-15 10:57:00,720000,721000,传媒,002238.SZ,天威视讯,传媒,both,agree
002239,2021-07-30 00:00:00,280206,2025-01-08 14:36:00,280000,280200,汽车,002239.SZ,奥特佳,汽车,both,agree
002240,2021-07-30 00:00:00,240603,2025-01-08 14:36:00,240000,240600,有色金属,002240.SZ,盛新锂能,有色金属,both,agree
002241,2021-07-30 00:00:00,270504,2025-09-09 10:17:00,270000,270500,电子,002241.SZ,歌尔股份,电子,both,agree
002242,2021-07-30 00:00:00,330301,2023-01-09 16:23:00,330000,330300,家用电器,002242.SZ,九阳股份,家用电器,both,agree
002243,2025-08-11 17:30:00,460804,2025-08-11 17:30:00,460000,460800,社会服务,002243.SZ,力合科创,社会服务,both,agree
002244,2008-01-08 00:00:00,430101,2015-10-27 15:28:00,430000,430100,房地产,002244.SZ,滨江集团,房地产,both,agree
002245,2021-07-30 00:00:00,630701,2025-10-15 10:57:00,630000,630700,电力设备,002245.SZ,蔚蓝锂芯,电力设备,both,agree
002246,2017-06-29 00:00:00,220307,2019-08-09 15:39:00,220000,220300,基础化工,002246.SZ,北化股份,基础化工,both,agree
002247,2022-07-29 00:00:00,610303,2022-07-29 11:54:00,610000,610300,建筑材料,002247.SZ,聚力文化,建筑材料,both,agree
002248,2014-02-21 00:00:00,640101,2024-09-27 12:41:00,640000,640100,机械设备,002248.SZ,华东数控,机械设备,both,agree
002249,2014-02-21 00:00:00,630101,2024-09-27 12:41:00,630000,630100,电力设备,002249.SZ,大洋电机,电力设备,both,agree
002250,2021-07-30 00:00:00,220803,2026-09-22 11:03:00,220000,220800,基础化工,002250.SZ,联化科技,基础化工,both,agree
002251,2014-02-21 00:00:00,450302,2024-09-27 12:41:00,450000,450300,商贸零售,002251.SZ,步步高,商贸零售,both,agree
002252,2021-07-30 00:00:00,370302,2024-09-18 16:59:00,370000,370300,医药生物,002252.SZ,上海莱士,医药生物,both,agree
002253,2021-07-30 00:00:00,710401,2021-07-31 16:18:00,710000,710400,计算机,002253.SZ,川大智胜,计算机,both,agree
002254,2023-07-04 00:00:00,220404,2023-07-04 15:14:00,220000,220400,基础化工,002254.SZ,泰和新材,基础化工,both,agree
002255,2021-07-30 00:00:00,630304,2025-10-15 10:57:00,630000,630300,电力设备,002255.SZ,海陆重工,电力设备,both,agree
002256,2021-07-30 00:00:00,410106,2025-10-15 10:57:00,410000,410100,公用事业,002256.SZ,兆新股份,公用事业,both,agree
002258,2021-07-30 00:00:00,220803,2026-09-22 11:03:00,220000,220800,基础化工,002258.SZ,利尔化学,基础化工,both,agree
002259,2018-07-13 00:00:00,410301,2019-08-09 15:39:00,410000,410300,公用事业,002259.SZ,升达林业,公用事业,both,agree
002260,2021-07-30 00:00:00,330301,2021-07-31 16:18:00,330000,330300,家用电器,,,,left_only,only_sw
002261,2022-01-21 00:00:00,710401,2022-01-21 17:02:00,710000,710400,计算机,002261.SZ,拓维信息,计算机,both,agree
002262,2008-10-07 00:00:00,370102,2015-10-27 15:28:00,370000,370100,医药生物,002262.SZ,恩华药业,医药生物,both,agree
002263,2021-07-30 00:00:00,220505,2021-07-31 16:18:00,220000,220500,基础化工,002263.SZ,大东南,基础化工,both,agree
002264,2023-12-08 00:00:00,720501,2025-10-15 10:57:00,720000,720500,传媒,002264.SZ,新华都,传媒,both,agree
002265,2021-07-30 00:00:00,280203,2025-10-15 10:57:00,280000,280200,汽车,002265.SZ,建设工业,汽车,both,agree
002266,2021-07-30 00:00:00,760103,2026-04-27 15:47:00,760000,760100,环保,002266.SZ,浙富控股,环保,both,agree
002267,2008-01-22 00:00:00,410301,2015-10-27 15:29:00,410000,410300,公用事业,002267.SZ,陕天然气,公用事业,both,agree
002268,2021-07-30 00:00:00,710103,2021-07-31 16:18:00,710000,710100,计算机,002268.SZ,电科网安,计算机,both,agree
002269,2021-07-30 00:00:00,350209,2021-07-31 16:18:00,350000,350200,纺织服饰,002269.SZ,美邦服饰,纺织服饰,both,agree
002270,2021-07-30 00:00:00,630801,2025-10-15 10:57:00,630000,630800,电力设备,002270.SZ,华明装备,电力设备,both,agree
002271,2021-07-30 00:00:00,610304,2023-12-07 10:02:00,610000,610300,建筑材料,002271.SZ,东方雨虹,建筑材料,both,agree
002272,2023-07-04 00:00:00,640106,2025-10-15 10:57:00,640000,640100,机械设备,002272.SZ,川润股份,机械设备,both,agree
002273,2011-10-10 00:00:00,270303,2015-10-27 15:29:00,270000,270300,电子,002273.SZ,水晶光电,电子,both,agree
002274,2022-07-29 00:00:00,220205,2022-07-29 11:54:00,220000,220200,基础化工,002274.SZ,华昌化工,基础化工,both,agree
002275,2009-01-29 00:00:00,370201,2015-10-27 15:28:00,370000,370200,医药生物,002275.SZ,桂林三金,医药生物,both,agree
002276,2021-07-30 00:00:00,630805,2025-10-15 10:57:00,630000,630800,电力设备,002276.SZ,万马股份,电力设备,both,agree
002277,2014-02-21 00:00:00,450301,2024-09-27 12:41:00,450000,450300,商贸零售,002277.SZ,友阿股份,商贸零售,both,agree
002278,2014-02-21 00:00:00,640203,2024-09-27 12:41:00,640000,640200,机械设备,002278.SZ,神开股份,机械设备,both,agree
002279,2021-07-30 00:00:00,710402,2021-07-31 16:18:00,710000,710400,计算机,002279.SZ,久其软件,计算机,both,agree
002280,2021-07-30 00:00:00,450602,2021-07-31 16:18:00,450000,450600,商贸零售,,,,left_only,only_sw
002281,2021-07-30 00:00:00,730204,2026-06-01 14:47:00,730000,730200,通信,002281.SZ,光迅科技,通信,both,agree
002282,2014-02-21 00:00:00,640103,2024-09-27 12:41:00,640000,640100,机械设备,002282.SZ,博深股份,机械设备,both,agree
002283,2021-07-30 00:00:00,280203,2025-01-08 14:36:00,280000,280200,汽车,002283.SZ,天润工业,汽车,both,agree
002284,2021-07-30 00:00:00,280203,2025-01-08 14:36:00,280000,280200,汽车,002284.SZ,亚太股份,汽车,both,agree
002285,2021-07-30 00:00:00,430302,2021-07-31 16:18:00,430000,430300,房地产,002285.SZ,世联行,房地产,both,agree
002286,2011-10-10 00:00:00,110504,2015-10-27 15:28:00,110000,110500,农林牧渔,002286.SZ,保龄宝,农林牧渔,both,agree
002287,2009-01-12 00:00:00,370201,2015-10-27 15:29:00,370000,370200,医药生物,002287.SZ,奇正藏药,医药生物,both,agree
002288,2011-10-10 00:00:00,270202,2015-10-27 15:28:00,270000,270200,电子,,,,left_only,only_sw
002289,2009-01-17 00:00:00,270301,2015-10-27 15:29:00,270000,270300,电子,002289.SZ,宇顺电子,电子,both,agree
002290,2021-07-30 00:00:00,330601,2021-07-31 16:18:00,330000,330600,家用电器,002290.SZ,禾盛新材,家用电器,both,agree
002291,2021-07-30 00:00:00,720501,2025-10-15 10:57:00,720000,720500,传媒,002291.SZ,遥望科技,传媒,both,agree
002292,2021-07-30 00:00:00,720601,2025-10-15 10:57:00,720000,720600,传媒,002292.SZ,奥飞娱乐,传媒,both,agree
002293,2011-10-10 00:00:00,350206,2021-04-07 10:39:00,350000,350200,纺织服饰,002293.SZ,罗莱生活,纺织服饰,both,agree
002294,2011-01-10 00:00:00,370102,2015-10-27 15:29:00,370000,370100,医药生物,002294.SZ,信立泰,医药生物,both,agree
002295,2014-02-21 00:00:00,240302,2024-09-27 12:41:00,240000,240300,有色金属,002295.SZ,精艺股份,有色金属,both,agree
002296,2021-07-30 00:00:00,730204,2026-06-01 14:47:00,730000,730200,通信,002296.SZ,辉煌科技,通信,both,agree
002297,2014-02-21 00:00:00,650201,2024-09-27 12:41:00,650000,650200,国防军工,002297.SZ,博云新材,国防军工,both,agree
002298,2021-07-30 00:00:00,710401,2021-07-31 16:18:00,710000,710400,计算机,002298.SZ,中电鑫龙,计算机,both,agree
002299,2021-07-30 00:00:00,110703,2021-07-31 16:18:00,110000,110700,农林牧渔,002299.SZ,圣农发展,农林牧渔,both,agree
002300,2021-07-30 00:00:00,630805,2025-10-15 10:57:00,630000,630800,电力设备,002300.SZ,太阳电缆,电力设备,both,agree
002301,2021-07-30 00:00:00,360501,2024-09-03 19:49:00,360000,360500,轻工制造,002301.SZ,齐心集团,轻工制造,both,agree
002302,2021-07-30 00:00:00,610102,2023-12-07 10:03:00,610000,610100,建筑材料,002302.SZ,西部建设,建筑材料,both,agree
002303,2021-07-30 00:00:00,360205,2026-04-10 09:38:00,360000,360200,轻工制造,002303.SZ,美盈森,轻工制造,both,agree
002304,2021-07-30 00:00:00,340501,2021-07-31 16:18:00,340000,340500,食品饮料,002304.SZ,洋河股份,食品饮料,both,agree
002305,2021-07-30 00:00:00,430102,2021-07-31 16:18:00,430000,430100,房地产,002305.SZ,*ST南置,房地产,both,agree
002306,2023-07-04 00:00:00,460902,2023-07-04 15:14:00,460000,460900,社会服务,002306.SZ,ST云网,社会服务,both,agree
002307,2021-07-30 00:00:00,620306,2021-07-31 16:18:00,620000,620300,建筑装饰,002307.SZ,北新路桥,建筑装饰,both,agree
002308,2021-07-30 00:00:00,710103,2022-10-11 14:51:00,710000,710100,计算机,,,,left_only,only_sw
002309,2022-07-29 00:00:00,630805,2025-10-15 10:57:00,630000,630800,电力设备,002309.SZ,中利集团,电力设备,both,agree
002310,2026-07-01 10:24:00,410106,2026-07-01 10:24:00,410000,410100,公用事业,002310.SZ,东方新能,公用事业,both,agree
002311,2021-07-30 00:00:00,110403,2021-07-31 16:18:00,110000,110400,农林牧渔,002311.SZ,海大集团,农林牧渔,both,agree
002312,2021-07-30 00:00:00,220802,2024-04-01 15:28:00,220000,220800,基础化工,002312.SZ,川发龙蟒,基础化工,both,agree
002313,2021-07-30 00:00:00,730206,2026-06-01 14:47:00,730000,730200,通信,002313.SZ,日海智能,通信,both,agree
002314,2018-07-13 00:00:00,430101,2021-03-03 15:31:00,430000,430100,房地产,002314.SZ,南山控股,房地产,both,agree
002315,2021-07-30 00:00:00,450602,2025-10-15 10:57:00,450000,450600,商贸零售,002315.SZ,焦点科技,商贸零售,both,agree
002316,2026-07-01 10:24:00,510101,2026-07-01 10:24:00,510000,510100,综合,002316.SZ,亚联发展,综合,both,agree
002317,2009-01-23 00:00:00,370201,2015-10-27 15:29:00,370000,370200,医药生物,002317.SZ,众生药业,医药生物,both,agree
002318,2021-07-30 00:00:00,230501,2025-01-24 16:29:00,230000,230500,钢铁,002318.SZ,久立特材,钢铁,both,agree
002319,2009-01-23 00:00:00,220305,2015-10-27 15:29:00,220000,220300,基础化工,002319.SZ,乐通股份,基础化工,both,agree
002320,2021-07-30 00:00:00,421101,2025-10-15 10:57:00,420000,421100,交通运输,002320.SZ,海峡股份,交通运输,both,agree
002321,2021-07-30 00:00:00,110704,2024-05-27 10:52:00,110000,110700,农林牧渔,002321.SZ,华英农业,农林牧渔,both,agree
002322,2021-07-30 00:00:00,710401,2023-04-03 11:22:00,710000,710400,计算机,002322.SZ,理工能科,计算机,both,agree
002323,2022-07-01 00:00:00,620404,2022-07-01 17:22:00,620000,620400,建筑装饰,002323.SZ,*ST雅博,建筑装饰,both,agree
002324,2011-10-10 00:00:00,220503,2019-08-09 15:39:00,220000,220500,基础化工,002324.SZ,普利特,基础化工,both,agree
002325,2014-02-21 00:00:00,620201,2024-09-27 12:41:00,620000,620200,建筑装饰,,,,left_only,only_sw
002326,2011-10-10 00:00:00,220311,2019-08-09 15:39:00,220000,220300,基础化工,002326.SZ,永太科技,基础化工,both,agree
002327,2011-10-10 00:00:00,350206,2021-04-07 10:39:00,350000,350200,纺织服饰,002327.SZ,富安娜,纺织服饰,both,agree
002328,2021-07-30 00:00:00,280205,2025-01-08 14:36:00,280000,280200,汽车,002328.SZ,新朋股份,汽车,both,agree
002329,2021-07-30 00:00:00,340702,2021-07-31 16:18:00,340000,340700,食品饮料,002329.SZ,皇氏集团,食品饮料,both,agree
002330,2011-10-10 00:00:00,340401,2019-08-09 15:40:00,340000,340400,食品饮料,002330.SZ,得利斯,食品饮料,both,agree
002331,2021-07-30 00:00:00,710301,2021-07-31 16:18:00,710000,710300,计算机,002331.SZ,皖通科技,计算机,both,agree
002332,2022-07-29 00:00:00,370101,2022-07-29 11:54:00,370000,370100,医药生物,002332.SZ,仙琚制药,医药生物,both,agree
002333,2014-02-21 00:00:00,610303,2024-09-27 12:41:00,610000,610300,建筑材料,002333.SZ,罗普斯金,建筑材料,both,agree
002334,2021-07-30 00:00:00,640702,2025-10-15 10:57:00,640000,640700,机械设备,002334.SZ,英威腾,机械设备,both,agree
002335,2021-07-30 00:00:00,630306,2025-10-15 10:57:00,630000,630300,电力设备,002335.SZ,科华数据,电力设备,both,agree
002336,2014-02-21 00:00:00,450302,2024-09-27 12:41:00,450000,450300,商贸零售,,,,left_only,only_sw
002337,2014-02-21 00:00:00,640209,2024-09-27 12:41:00,640000,640200,机械设备,002337.SZ,赛象科技,机械设备,both,agree
002338,2021-07-30 00:00:00,650501,2025-10-15 10:57:00,650000,650500,国防军工,002338.SZ,奥普光电,国防军工,both,agree
002339,2021-07-30 00:00:00,630803,2025-10-15 10:57:00,630000,630800,电力设备,002339.SZ,积成电子,电力设备,both,agree
002340,2021-07-30 00:00:00,630702,2025-01-24 16:29:00,630000,630700,电力设备,002340.SZ,格林美,电力设备,both,agree
002341,2021-07-30 00:00:00,220505,2021-07-31 16:18:00,220000,220500,基础化工,,,,left_only,only_sw
002342,2021-07-30 00:00:00,640108,2025-10-15 10:57:00,640000,640100,机械设备,002342.SZ,巨力索具,机械设备,both,agree
002343,2021-07-30 00:00:00,720601,2025-10-15 10:57:00,720000,720600,传媒,002343.SZ,慈文传媒,传媒,both,agree
002344,2021-07-30 00:00:00,450304,2021-07-31 16:18:00,450000,450300,商贸零售,002344.SZ,海宁皮城,商贸零售,both,agree
002345,2021-07-30 00:00:00,350301,2023-06-28 18:51:00,350000,350300,纺织服饰,002345.SZ,潮宏基,纺织服饰,both,agree
002346,2022-07-29 00:00:00,630802,2025-10-15 10:57:00,630000,630800,电力设备,002346.SZ,柘中股份,电力设备,both,agree
002347,2021-07-30 00:00:00,640108,2025-10-15 10:57:00,640000,640100,机械设备,002347.SZ,泰尔股份,机械设备,both,agree
002348,2021-07-30 00:00:00,360502,2021-07-31 16:18:00,360000,360500,轻工制造,002348.SZ,高乐股份,轻工制造,both,agree
002349,2010-01-14 00:00:00,370201,2015-10-27 15:29:00,370000,370200,医药生物,002349.SZ,精华制药,医药生物,both,agree
002350,2021-07-30 00:00:00,630802,2025-10-15 10:57:00,630000,630800,电力设备,002350.SZ,北京科锐,电力设备,both,agree
002351,2021-07-30 00:00:00,270503,2023-04-25 09:31:00,270000,270500,电子,002351.SZ,漫步者,电子,both,agree
002352,2021-07-30 00:00:00,420804,2025-10-15 10:57:00,420000,420800,交通运输,002352.SZ,顺丰控股,交通运输,both,agree
002353,2014-02-21 00:00:00,640203,2024-09-27 12:41:00,640000,640200,机械设备,002353.SZ,杰瑞股份,机械设备,both,agree
002354,2023-07-04 00:00:00,720501,2025-10-15 10:57:00,720000,720500,传媒,002354.SZ,天娱数科,传媒,both,agree
002355,2021-07-30 00:00:00,280204,2025-01-08 14:36:00,280000,280200,汽车,002355.SZ,兴民智通,汽车,both,agree
002356,2021-07-30 00:00:00,450303,2021-07-31 16:18:00,450000,450300,商贸零售,002356.SZ,鹏飞绿能,商贸零售,both,agree
002357,2021-07-30 00:00:00,420902,2025-09-23 13:43:00,420000,420900,交通运输,002357.SZ,富临运业,交通运输,both,agree
002358,2021-07-30 00:00:00,630801,2025-10-15 10:57:00,630000,630800,电力设备,002358.SZ,森源电气,电力设备,both,agree
002359,2021-07-30 00:00:00,730102,2021-07-31 16:18:00,730000,730100,通信,,,,left_only,only_sw
002360,2010-01-03 00:00:00,220307,2015-10-27 15:29:00,220000,220300,基础化工,002360.SZ,ST同德,基础化工,both,agree
002361,2021-07-30 00:00:00,220504,2023-12-07 10:03:00,220000,220500,基础化工,002361.SZ,神剑股份,基础化工,both,agree
002362,2021-07-30 00:00:00,710401,2021-07-31 16:18:00,710000,710400,计算机,002362.SZ,汉王科技,计算机,both,agree
002363,2021-07-30 00:00:00,280203,2025-01-08 14:36:00,280000,280200,汽车,002363.SZ,隆基机械,汽车,both,agree
002364,2021-07-30 00:00:00,630306,2025-10-15 10:57:00,630000,630300,电力设备,002364.SZ,中恒电气,电力设备,both,agree
002365,2010-01-09 00:00:00,370101,2015-10-27 15:29:00,370000,370100,医药生物,002365.SZ,永安药业,医药生物,both,agree
002366,2021-07-30 00:00:00,630306,2025-10-15 10:57:00,630000,630300,电力设备,002366.SZ,融发核电,电力设备,both,agree
002367,2014-02-21 00:00:00,640204,2024-09-27 12:41:00,640000,640200,机械设备,002367.SZ,康力电梯,机械设备,both,agree
002368,2021-07-30 00:00:00,710301,2024-01-24 12:31:00,710000,710300,计算机,002368.SZ,太极股份,计算机,both,agree
002369,2021-07-30 00:00:00,270504,2023-04-25 09:31:00,270000,270500,电子,002369.SZ,卓翼科技,电子,both,agree
002370,2010-01-23 00:00:00,370102,2015-10-27 15:29:00,370000,370100,医药生物,002370.SZ,亚太药业,医药生物,both,agree
002371,2021-07-30 00:00:00,270108,2025-10-28 10:25:00,270000,270100,电子,002371.SZ,北方华创,电子,both,agree
002372,2014-02-21 00:00:00,610302,2024-09-27 12:41:00,610000,610300,建筑材料,002372.SZ,伟星新材,建筑材料,both,agree
002373,2021-07-30 00:00:00,710301,2023-04-03 14:29:00,710000,710300,计算机,002373.SZ,千方科技,计算机,both,agree
002374,2021-07-30 00:00:00,360203,2021-07-31 16:18:00,360000,360200,轻工制造,002374.SZ,中锐股份,轻工制造,both,agree
002375,2014-02-21 00:00:00,620201,2024-09-27 12:41:00,620000,620200,建筑装饰,002375.SZ,亚厦股份,建筑装饰,both,agree
002376,2021-07-30 00:00:00,710103,2021-07-31 16:18:00,710000,710100,计算机,002376.SZ,新北洋,计算机,both,agree
002377,2024-07-30 12:45:00,750303,2025-01-08 14:36:00,750000,750300,石油石化,002377.SZ,国创高新,石油石化,both,agree
002378,2014-02-21 00:00:00,240502,2024-09-27 12:41:00,240000,240500,有色金属,002378.SZ,章源钨业,有色金属,both,agree
002379,2014-02-21 00:00:00,240301,2024-09-27 12:41:00,240000,240300,有色金属,002379.SZ,宏桥控股,有色金属,both,agree
002380,2021-07-30 00:00:00,710301,2024-01-15 10:32:00,710000,710300,计算机,002380.SZ,科远智慧,计算机,both,agree
002381,2010-01-17 00:00:00,220602,2015-10-27 15:29:00,220000,220600,基础化工,002381.SZ,双箭股份,基础化工,both,agree
002382,2021-07-30 00:00:00,370503,2021-07-31 16:18:00,370000,370500,医药生物,002382.SZ,蓝帆医疗,医药生物,both,agree
002383,2021-07-30 00:00:00,650501,2025-10-15 10:57:00,650000,650500,国防军工,002383.SZ,合众思壮,国防军工,both,agree
002384,2019-07-24 00:00:00,270202,2021-03-03 15:32:00,270000,270200,电子,002384.SZ,东山精密,电子,both,agree
002385,2021-07-30 00:00:00,110402,2022-10-26 17:13:00,110000,110400,农林牧渔,002385.SZ,大北农,农林牧渔,both,agree
002386,2010-01-22 00:00:00,220202,2015-10-27 15:29:00,220000,220200,基础化工,002386.SZ,天原股份,基础化工,both,agree
002387,2019-07-24 00:00:00,270301,2019-08-09 15:38:00,270000,270300,电子,002387.SZ,维信诺,电子,both,agree
002388,2010-01-23 00:00:00,270401,2015-10-27 15:29:00,270000,270400,电子,002388.SZ,新亚制程,电子,both,agree
002389,2019-07-24 00:00:00,650201,2021-06-24 09:36:00,650000,650200,国防军工,002389.SZ,航天彩虹,国防军工,both,agree
002390,2015-07-01 00:00:00,370201,2015-10-27 15:29:00,370000,370200,医药生物,002390.SZ,信邦制药,医药生物,both,agree
002391,2021-07-30 00:00:00,220803,2022-07-01 14:04:00,220000,220800,基础化工,002391.SZ,长青股份,基础化工,both,agree
002392,2014-02-21 00:00:00,610301,2024-09-27 12:41:00,610000,610300,建筑材料,002392.SZ,北京利尔,建筑材料,both,agree
002393,2010-01-06 00:00:00,370102,2015-10-27 15:29:00,370000,370100,医药生物,002393.SZ,力生制药,医药生物,both,agree
002394,2010-01-06 00:00:00,350102,2015-10-27 15:29:00,350000,350100,纺织服饰,002394.SZ,联发股份,纺织服饰,both,agree
002395,2021-07-30 00:00:00,220504,2021-07-31 16:18:00,220000,220500,基础化工,002395.SZ,双象股份,基础化工,both,agree
002396,2021-07-30 00:00:00,730204,2026-06-01 14:47:00,730000,730200,通信,002396.SZ,星网锐捷,通信,both,agree
002397,2011-10-10 00:00:00,350206,2015-10-27 15:29:00,350000,350200,纺织服饰,002397.SZ,梦洁股份,纺织服饰,both,agree
002398,2014-02-21 00:00:00,610303,2024-09-27 12:41:00,610000,610300,建筑材料,002398.SZ,垒知集团,建筑材料,both,agree
002399,2024-07-30 12:45:00,370102,2024-07-30 12:45:00,370000,370100,医药生物,002399.SZ,海普瑞,医药生物,both,agree
002400,2021-07-30 00:00:00,720501,2025-10-15 10:57:00,720000,720500,传媒,002400.SZ,省广集团,传媒,both,agree
002401,2021-07-30 00:00:00,710301,2021-07-31 16:18:00,710000,710300,计算机,002401.SZ,中远海科,计算机,both,agree
002402,2025-08-11 17:30:00,270504,2025-10-15 10:57:00,270000,270500,电子,002402.SZ,和而泰,电子,both,agree
002403,2021-07-30 00:00:00,330301,2021-07-31 16:18:00,330000,330300,家用电器,002403.SZ,爱仕达,家用电器,both,agree
002404,2024-07-30 12:45:00,350209,2024-07-30 12:45:00,350000,350200,纺织服饰,002404.SZ,嘉欣丝绸,纺织服饰,both,agree
002405,2021-07-30 00:00:00,710401,2025-01-24 16:29:00,710000,710400,计算机,002405.SZ,四维图新,计算机,both,agree
002406,2021-07-30 00:00:00,280203,2025-01-08 14:36:00,280000,280200,汽车,002406.SZ,远东传动,汽车,both,agree
002407,2011-10-10 00:00:00,220311,2019-08-09 15:39:00,220000,220300,基础化工,002407.SZ,多氟多,基础化工,both,agree
002408,2021-07-30 00:00:00,750303,2021-07-31 16:18:00,750000,750300,石油石化,002408.SZ,齐翔腾达,石油石化,both,agree
002409,2020-06-08 00:00:00,270103,2021-03-03 15:31:00,270000,270100,电子,002409.SZ,雅克科技,电子,both,agree
002410,2021-07-30 00:00:00,710401,2021-07-31 16:18:00,710000,710400,计算机,002410.SZ,广联达,计算机,both,agree
002411,2023-07-04 00:00:00,630702,2023-07-04 15:14:00,630000,630700,电力设备,,,,left_only,only_sw
002412,2010-01-12 00:00:00,370201,2015-10-27 15:29:00,370000,370200,医药生物,002412.SZ,汉森制药,医药生物,both,agree
002413,2021-07-30 00:00:00,650501,2025-10-15 10:57:00,650000,650500,国防军工,002413.SZ,雷科防务,国防军工,both,agree
002414,2021-07-30 00:00:00,650501,2025-10-15 10:57:00,650000,650500,国防军工,002414.SZ,高德红外,国防军工,both,agree
002415,2021-07-30 00:00:00,710102,2025-02-19 17:18:00,710000,710100,计算机,002415.SZ,海康威视,计算机,both,agree
002416,2014-02-21 00:00:00,450401,2024-09-27 12:41:00,450000,450400,商贸零售,002416.SZ,爱施德,商贸零售,both,agree
002417,2021-07-30 00:00:00,710301,2021-07-31 16:18:00,710000,710300,计算机,,,,left_only,only_sw
002418,2021-07-30 00:00:00,330601,2021-07-31 16:18:00,330000,330600,家用电器,002418.SZ,康盛股份,家用电器,both,agree
002419,2017-06-29 00:00:00,450301,2021-03-03 15:31:00,450000,450300,商贸零售,002419.SZ,天虹股份,商贸零售,both,agree
002420,2026-07-01 10:24:00,510101,2026-07-01 10:24:00,510000,510100,综合,002420.SZ,毅昌科技,综合,both,agree
002421,2021-07-30 00:00:00,710301,2021-07-31 16:18:00,710000,710300,计算机,002421.SZ,达实智能,计算机,both,agree
002422,2010-01-20 00:00:00,370102,2015-10-27 15:29:00,370000,370100,医药生物,002422.SZ,科伦药业,医药生物,both,agree
002423,2021-07-30 00:00:00,490302,2021-07-31 16:18:00,490000,490300,非银金融,002423.SZ,中粮资本,非银金融,both,agree
002424,2010-01-20 00:00:00,370201,2015-10-27 15:28:00,370000,370200,医药生物,002424.SZ,ST百灵,医药生物,both,agree
002425,2021-07-30 00:00:00,720401,2025-10-15 10:57:00,720000,720400,传媒,002425.SZ,凯撒文化,传媒,both,agree
002426,2022-07-29 00:00:00,270504,2022-07-29 11:54:00,270000,270500,电子,002426.SZ,胜利精密,电子,both,agree
002427,2010-01-07 00:00:00,220401,2015-10-27 15:29:00,220000,220400,基础化工,002427.SZ,尤夫股份,基础化工,both,agree
002428,2014-02-21 00:00:00,240504,2024-09-27 12:41:00,240000,240500,有色金属,002428.SZ,云南锗业,有色金属,both,agree
002429,2011-01-10 00:00:00,330201,2017-05-26 10:00:00,330000,330200,家用电器,002429.SZ,兆驰股份,家用电器,both,agree
002430,2024-07-30 12:45:00,220309,2025-10-15 10:57:00,220000,220300,基础化工,002430.SZ,杭氧股份,基础化工,both,agree
002431,2021-07-30 00:00:00,620307,2021-08-02 13:20:00,620000,620300,建筑装饰,002431.SZ,ST棕榈,建筑装饰,both,agree
002432,2022-07-29 00:00:00,370504,2022-07-29 11:54:00,370000,370500,医药生物,002432.SZ,九安医疗,医药生物,both,agree
002433,2010-01-28 00:00:00,370201,2015-10-27 15:29:00,370000,370200,医药生物,,,,left_only,only_sw
002434,2021-07-30 00:00:00,280203,2025-01-08 14:36:00,280000,280200,汽车,002434.SZ,万里扬,汽车,both,agree
002435,2018-07-13 00:00:00,370102,2020-12-04 14:32:00,370000,370100,医药生物,,,,left_only,only_sw
002436,2011-10-10 00:00:00,270202,2015-10-27 15:29:00,270000,270200,电子,002436.SZ,兴森科技,电子,both,agree
002437,2010-01-01 00:00:00,370102,2015-10-27 15:29:00,370000,370100,医药生物,002437.SZ,誉衡药业,医药生物,both,agree
002438,2021-07-30 00:00:00,640108,2025-10-15 10:57:00,640000,640100,机械设备,002438.SZ,江苏神通,机械设备,both,agree
002439,2021-07-30 00:00:00,710402,2023-06-01 14:03:00,710000,710400,计算机,002439.SZ,启明星辰,计算机,both,agree
002440,2010-01-10 00:00:00,220308,2015-10-27 15:29:00,220000,220300,基础化工,002440.SZ,闰土股份,基础化工,both,agree
002441,2021-07-30 00:00:00,630802,2025-10-15 10:57:00,630000,630800,电力设备,002441.SZ,众业达,电力设备,both,agree
002442,2011-10-10 00:00:00,220603,2019-08-09 15:39:00,220000,220600,基础化工,002442.SZ,龙星科技,基础化工,both,agree
002443,2021-07-30 00:00:00,230501,2025-01-08 14:36:00,230000,230500,钢铁,002443.SZ,金洲管道,钢铁,both,agree
002444,2014-02-21 00:00:00,640106,2024-09-27 12:41:00,640000,640100,机械设备,002444.SZ,巨星科技,机械设备,both,agree
002445,2022-07-29 00:00:00,640108,2025-10-15 10:57:00,640000,640100,机械设备,002445.SZ,中南文化,机械设备,both,agree
002446,2021-07-30 00:00:00,650501,2025-10-15 10:57:00,650000,650500,国防军工,002446.SZ,盛路通信,国防军工,both,agree
002447,2021-07-30 00:00:00,720401,2021-07-31 16:18:00,720000,720400,传媒,,,,left_only,only_sw
002448,2021-07-30 00:00:00,280203,2025-01-08 14:36:00,280000,280200,汽车,002448.SZ,中原内配,汽车,both,agree
002449,2011-10-10 00:00:00,270302,2015-10-27 15:28:00,270000,270300,电子,002449.SZ,国星光电,电子,both,agree
002450,2021-07-30 00:00:00,220505,2021-07-31 16:18:00,220000,220500,基础化工,,,,left_only,only_sw
002451,2021-07-30 00:00:00,630805,2025-10-15 10:57:00,630000,630800,电力设备,002451.SZ,摩恩电气,电力设备,both,agree
002452,2021-07-30 00:00:00,630801,2025-10-15 10:57:00,630000,630800,电力设备,002452.SZ,长高电气,电力设备,both,agree
002453,2010-01-16 00:00:00,220309,2015-10-27 15:29:00,220000,220300,基础化工,002453.SZ,华软科技,基础化工,both,agree
002454,2021-07-30 00:00:00,280206,2025-01-08 14:36:00,280000,280200,汽车,002454.SZ,松芝股份,汽车,both,agree
002455,2010-01-02 00:00:00,220309,2015-10-27 15:28:00,220000,220300,基础化工,002455.SZ,百川股份,基础化工,both,agree
002456,2011-10-10 00:00:00,270303,2015-10-27 15:29:00,270000,270300,电子,002456.SZ,欧菲光,电子,both,agree
002457,2014-02-21 00:00:00,610302,2024-09-27 12:41:00,610000,610300,建筑材料,002457.SZ,青龙管业,建筑材料,both,agree
002458,2021-07-30 00:00:00,110703,2022-11-17 08:30:00,110000,110700,农林牧渔,002458.SZ,益生股份,农林牧渔,both,agree
002459,2021-07-30 00:00:00,630502,2025-10-15 10:57:00,630000,630500,电力设备,002459.SZ,晶澳科技,电力设备,both,agree
002460,2021-07-30 00:00:00,240603,2022-01-11 15:15:00,240000,240600,有色金属,002460.SZ,赣锋锂业,有色金属,both,agree
002461,2021-07-30 00:00:00,340601,2025-09-11 10:52:00,340000,340600,食品饮料,002461.SZ,珠江啤酒,食品饮料,both,agree
002462,2021-07-30 00:00:00,370402,2021-07-31 16:18:00,370000,370400,医药生物,002462.SZ,嘉事堂,医药生物,both,agree
002463,2011-10-10 00:00:00,270202,2015-10-27 15:29:00,270000,270200,电子,002463.SZ,沪电股份,电子,both,agree
002464,2021-07-30 00:00:00,720401,2021-07-31 16:18:00,720000,720400,传媒,,,,left_only,only_sw
002465,2021-07-30 00:00:00,650501,2025-10-15 10:57:00,650000,650500,国防军工,002465.SZ,海格通信,国防军工,both,agree
002466,2021-07-30 00:00:00,240603,2026-02-26 16:27:00,240000,240600,有色金属,002466.SZ,天齐锂业,有色金属,both,agree
002467,2021-07-30 00:00:00,730104,2026-06-01 14:47:00,730000,730100,通信,002467.SZ,二六三,通信,both,agree
002468,2021-07-30 00:00:00,420804,2025-10-15 10:57:00,420000,420800,交通运输,002468.SZ,申通快递,交通运输,both,agree
002469,2014-02-21 00:00:00,620402,2024-09-27 12:41:00,620000,620400,建筑装饰,002469.SZ,三维化学,建筑装饰,both,agree
002470,2021-07-30 00:00:00,220805,2021-07-31 16:18:00,220000,220800,基础化工,002470.SZ,金正大,基础化工,both,agree
002471,2021-07-30 00:00:00,630805,2025-10-15 10:57:00,630000,630800,电力设备,002471.SZ,中超控股,电力设备,both,agree
002472,2021-07-30 00:00:00,280203,2023-07-24 13:01:00,280000,280200,汽车,002472.SZ,双环传动,汽车,both,agree
002473,2021-07-30 00:00:00,330301,2021-07-31 16:18:00,330000,330300,家用电器,,,,left_only,only_sw
002474,2021-07-30 00:00:00,710301,2021-07-31 16:18:00,710000,710300,计算机,002474.SZ,榕基软件,计算机,both,agree
002475,2021-07-30 00:00:00,270504,2023-04-25 09:31:00,270000,270500,电子,002475.SZ,立讯精密,电子,both,agree
002476,2021-07-30 00:00:00,750303,2021-07-31 16:18:00,750000,750300,石油石化,002476.SZ,新叶股份,石油石化,both,agree
002477,2011-10-10 00:00:00,110701,2015-10-27 15:28:00,110000,110700,农林牧渔,,,,left_only,only_sw
002478,2021-07-30 00:00:00,230501,2025-01-08 14:36:00,230000,230500,钢铁,002478.SZ,常宝股份,钢铁,both,agree
002479,2021-07-30 00:00:00,410104,2025-10-15 10:57:00,410000,410100,公用事业,002479.SZ,富春环保,公用事业,both,agree
002480,2023-07-04 00:00:00,410106,2025-10-15 10:57:00,410000,410100,公用事业,002480.SZ,新筑股份,公用事业,both,agree
002481,2021-07-30 00:00:00,110504,2023-07-04 13:39:00,110000,110500,农林牧渔,002481.SZ,双塔食品,农林牧渔,both,agree
002482,2014-02-21 00:00:00,620201,2024-09-27 12:41:00,620000,620200,建筑装饰,002482.SZ,广田集团,建筑装饰,both,agree
002483,2021-07-30 00:00:00,640203,2025-10-15 10:57:00,640000,640200,机械设备,002483.SZ,润邦股份,机械设备,both,agree
002484,2011-10-10 00:00:00,270203,2015-10-27 15:29:00,270000,270200,电子,002484.SZ,江海股份,电子,both,agree
002485,2025-08-11 17:30:00,420802,2025-08-11 17:30:00,420000,420800,交通运输,002485.SZ,ST雪发,交通运输,both,agree
002486,2024-07-30 12:45:00,350208,2024-07-30 12:45:00,350000,350200,纺织服饰,002486.SZ,嘉麟杰,纺织服饰,both,agree
002487,2021-07-30 00:00:00,630602,2025-10-15 10:57:00,630000,630600,电力设备,002487.SZ,大金重工,电力设备,both,agree
002488,2021-07-30 00:00:00,280204,2025-01-08 14:36:00,280000,280200,汽车,002488.SZ,金固股份,汽车,both,agree
002489,2021-07-30 00:00:00,360307,2021-07-31 16:18:00,360000,360300,轻工制造,002489.SZ,浙江永强,轻工制造,both,agree
002490,2014-02-21 00:00:00,640203,2024-09-27 12:41:00,640000,640200,机械设备,002490.SZ,山东墨龙,机械设备,both,agree
002491,2021-07-30 00:00:00,730205,2026-06-01 14:47:00,730000,730200,通信,002491.SZ,通鼎互联,通信,both,agree
002492,2021-07-30 00:00:00,420806,2025-10-15 10:57:00,420000,420800,交通运输,002492.SZ,恒基达鑫,交通运输,both,agree
002493,2021-07-30 00:00:00,750301,2026-02-26 16:27:00,750000,750300,石油石化,002493.SZ,荣盛石化,石油石化,both,agree
002494,2021-07-30 00:00:00,350209,2021-07-31 16:18:00,350000,350200,纺织服饰,002494.SZ,华斯股份,纺织服饰,both,agree
002495,2021-07-30 00:00:00,340901,2021-07-31 16:18:00,340000,340900,食品饮料,002495.SZ,佳隆股份,食品饮料,both,agree
002496,2021-07-30 00:00:00,220803,2021-07-31 16:18:00,220000,220800,基础化工,002496.SZ,辉丰股份,基础化工,both,agree
002497,2024-07-30 12:45:00,220307,2025-09-09 10:17:00,220000,220300,基础化工,002497.SZ,雅化集团,基础化工,both,agree
002498,2021-07-30 00:00:00,630805,2025-10-15 10:57:00,630000,630800,电力设备,002498.SZ,汉缆股份,电力设备,both,agree
002499,2022-07-29 00:00:00,450603,2022-10-11 14:52:00,450000,450600,商贸零售,,,,left_only,only_sw
002500,2014-02-21 00:00:00,490101,2024-09-27 12:41:00,490000,490100,非银金融,002500.SZ,山西证券,非银金融,both,agree
002501,2014-02-21 00:00:00,240301,2024-09-27 12:41:00,240000,240300,有色金属,002501.SZ,*ST利源,有色金属,both,agree
002502,2023-07-04 00:00:00,240504,2023-07-04 15:14:00,240000,240500,有色金属,,,,left_only,only_sw
002503,2021-07-30 00:00:00,350209,2021-07-31 16:18:00,350000,350200,纺织服饰,,,,left_only,only_sw
002504,2015-07-01 00:00:00,620201,2015-10-27 15:29:00,620000,620200,建筑装饰,,,,left_only,only_sw
002505,2021-07-30 00:00:00,110704,2021-07-31 16:18:00,110000,110700,农林牧渔,,,,left_only,only_sw
002506,2021-07-30 00:00:00,630502,2025-10-15 10:57:00,630000,630500,电力设备,002506.SZ,协鑫集成,电力设备,both,agree
002507,2021-07-30 00:00:00,340901,2026-07-03 16:36:00,340000,340900,食品饮料,002507.SZ,涪陵榨菜,食品饮料,both,agree
002508,2021-07-30 00:00:00,330401,2023-01-09 15:15:00,330000,330400,家用电器,002508.SZ,老板电器,家用电器,both,agree
002509,2014-02-21 00:00:00,640204,2024-09-27 12:41:00,640000,640200,机械设备,,,,left_only,only_sw
002510,2021-07-30 00:00:00,280205,2025-01-08 14:36:00,280000,280200,汽车,002510.SZ,天汽模,汽车,both,agree
002511,2021-07-30 00:00:00,770101,2024-02-08 18:50:00,770000,770100,美容护理,002511.SZ,中顺洁柔,美容护理,both,agree
002512,2021-07-30 00:00:00,710103,2021-07-31 16:18:00,710000,710100,计算机,002512.SZ,ST达华,计算机,both,agree
002513,2021-07-30 00:00:00,220803,2021-07-31 16:18:00,220000,220800,基础化工,002513.SZ,蓝丰生化,基础化工,both,agree
002514,2021-07-30 00:00:00,640108,2025-10-15 10:57:00,640000,640100,机械设备,002514.SZ,*ST宝馨,机械设备,both,agree
002515,2011-10-10 00:00:00,340401,2019-08-09 15:40:00,340000,340400,食品饮料,002515.SZ,金字火腿,食品饮料,both,agree
002516,2021-07-30 00:00:00,280202,2025-01-08 14:36:00,280000,280200,汽车,002516.SZ,旷达科技,汽车,both,agree
002517,2021-07-30 00:00:00,720401,2025-10-15 10:57:00,720000,720400,传媒,002517.SZ,恺英网络,传媒,both,agree
002518,2021-07-30 00:00:00,630306,2026-06-17 14:33:00,630000,630300,电力设备,002518.SZ,科士达,电力设备,both,agree
002519,2023-08-21 00:00:00,650301,2025-10-15 10:57:00,650000,650300,国防军工,002519.SZ,银河电子,国防军工,both,agree
002520,2014-02-21 00:00:00,640101,2024-09-27 12:41:00,640000,640100,机械设备,002520.SZ,日发精机,机械设备,both,agree
002521,2021-07-30 00:00:00,360103,2021-10-08 10:30:00,360000,360100,轻工制造,002521.SZ,齐峰新材,轻工制造,both,agree
002522,2021-07-30 00:00:00,220505,2021-07-31 16:18:00,220000,220500,基础化工,002522.SZ,浙江众成,基础化工,both,agree
002523,2021-07-30 00:00:00,640203,2025-10-15 10:57:00,640000,640200,机械设备,002523.SZ,天桥起重,机械设备,both,agree
002524,2021-07-30 00:00:00,370604,2021-07-31 16:18:00,370000,370600,医药生物,002524.SZ,光正眼科,医药生物,both,agree
002525,2010-01-08 00:00:00,340303,2015-10-27 15:29:00,340000,340300,食品饮料,,,,left_only,only_sw
002526,2014-02-21 00:00:00,640203,2024-09-27 12:41:00,640000,640200,机械设备,002526.SZ,山东矿机,机械设备,both,agree
002527,2024-07-30 12:45:00,640204,2025-10-15 10:57:00,640000,640200,机械设备,002527.SZ,新时达,机械设备,both,agree
002528,2021-07-30 00:00:00,710102,2021-07-31 16:18:00,710000,710100,计算机,002528.SZ,*ST英飞,计算机,both,agree
002529,2014-02-21 00:00:00,640209,2024-09-27 12:41:00,640000,640200,机械设备,002529.SZ,海源复材,机械设备,both,agree
002530,2024-07-30 12:45:00,640209,2025-10-15 10:57:00,640000,640200,机械设备,002530.SZ,金财互联,机械设备,both,agree
002531,2021-07-30 00:00:00,630602,2025-10-15 10:57:00,630000,630600,电力设备,002531.SZ,天顺风能,电力设备,both,agree
002532,2021-07-30 00:00:00,240301,2024-09-12 09:21:00,240000,240300,有色金属,002532.SZ,天山铝业,有色金属,both,agree
002533,2021-07-30 00:00:00,630805,2025-10-15 10:57:00,630000,630800,电力设备,002533.SZ,金杯电工,电力设备,both,agree
002534,2021-07-30 00:00:00,630304,2025-12-12 14:50:00,630000,630300,电力设备,002534.SZ,西子洁能,电力设备,both,agree
002535,2014-02-21 00:00:00,640203,2024-09-27 12:41:00,640000,640200,机械设备,002535.SZ,林州重机,机械设备,both,agree
002536,2021-07-30 00:00:00,280203,2025-01-08 14:36:00,280000,280200,汽车,002536.SZ,飞龙股份,汽车,both,agree
002537,2021-07-30 00:00:00,280202,2025-01-08 14:36:00,280000,280200,汽车,002537.SZ,海联金汇,汽车,both,agree
002538,2021-07-30 00:00:00,220805,2021-07-31 16:18:00,220000,220800,基础化工,002538.SZ,ST司特,基础化工,both,agree
002539,2021-07-30 00:00:00,220805,2022-05-19 11:18:00,220000,220800,基础化工,002539.SZ,云图控股,基础化工,both,agree
002540,2014-02-21 00:00:00,240301,2024-09-27 12:41:00,240000,240300,有色金属,002540.SZ,亚太科技,有色金属,both,agree
002541,2014-02-21 00:00:00,620401,2024-09-27 12:41:00,620000,620400,建筑装饰,002541.SZ,鸿路钢构,建筑装饰,both,agree
002542,2014-02-21 00:00:00,620404,2024-09-27 12:41:00,620000,620400,建筑装饰,002542.SZ,*ST中岩,建筑装饰,both,agree
002543,2021-07-30 00:00:00,330402,2025-01-24 16:29:00,330000,330400,家用电器,002543.SZ,万和电气,家用电器,both,agree
002544,2021-07-30 00:00:00,730103,2025-10-15 10:57:00,730000,730100,通信,002544.SZ,普天科技,通信,both,agree
002545,2022-07-29 00:00:00,220804,2022-07-29 11:54:00,220000,220800,基础化工,002545.SZ,东方铁塔,基础化工,both,agree
002546,2021-07-30 00:00:00,630804,2025-10-15 10:57:00,630000,630800,电力设备,002546.SZ,新联电子,电力设备,both,agree
002547,2022-07-29 00:00:00,280205,2025-01-08 14:36:00,280000,280200,汽车,002547.SZ,*ST春兴,汽车,both,agree
002548,2021-07-30 00:00:00,110402,2024-05-27 10:52:00,110000,110400,农林牧渔,002548.SZ,金新农,农林牧渔,both,agree
002549,2011-10-10 00:00:00,220309,2019-08-09 15:39:00,220000,220300,基础化工,002549.SZ,凯美特气,基础化工,both,agree
002550,2019-07-24 00:00:00,370102,2020-12-04 14:32:00,370000,370100,医药生物,002550.SZ,千红制药,医药生物,both,agree
002551,2021-07-30 00:00:00,370503,2021-07-31 16:18:00,370000,370500,医药生物,002551.SZ,尚荣医疗,医药生物,both,agree
002552,2026-07-01 10:24:00,270202,2026-07-01 10:24:00,270000,270200,电子,002552.SZ,宝鼎科技,电子,both,agree
002553,2021-07-30 00:00:00,280203,2025-01-08 14:36:00,280000,280200,汽车,002553.SZ,南方精工,汽车,both,agree
002554,2021-07-30 00:00:00,750202,2022-08-01 16:29:00,750000,750200,石油石化,002554.SZ,惠博普,石油石化,both,agree
002555,2021-07-30 00:00:00,720401,2025-10-15 10:57:00,720000,720400,传媒,002555.SZ,三七互娱,传媒,both,agree
002556,2021-07-30 00:00:00,110901,2021-07-31 16:18:00,110000,110900,农林牧渔,002556.SZ,辉隆股份,农林牧渔,both,agree
002557,2021-07-30 00:00:00,340801,2025-09-11 10:52:00,340000,340800,食品饮料,002557.SZ,洽洽食品,食品饮料,both,agree
002558,2021-07-30 00:00:00,720401,2025-10-15 10:57:00,720000,720400,传媒,002558.SZ,巨人网络,传媒,both,agree
002559,2014-02-21 00:00:00,640101,2024-09-27 12:41:00,640000,640100,机械设备,002559.SZ,亚威股份,机械设备,both,agree
002560,2021-07-30 00:00:00,630805,2025-10-15 10:57:00,630000,630800,电力设备,002560.SZ,通达股份,电力设备,both,agree
002561,2014-02-21 00:00:00,450301,2024-09-27 12:41:00,450000,450300,商贸零售,002561.SZ,徐家汇,商贸零售,both,agree
002562,2021-07-30 00:00:00,220315,2021-07-31 16:18:00,220000,220300,基础化工,002562.SZ,兄弟科技,基础化工,both,agree
002563,2021-07-30 00:00:00,350209,2025-01-24 16:29:00,350000,350200,纺织服饰,002563.SZ,森马服饰,纺织服饰,both,agree
002564,2026-07-01 10:24:00,640203,2026-07-01 10:24:00,640000,640200,机械设备,002564.SZ,天沃科技,机械设备,both,agree
002565,2021-07-30 00:00:00,360205,2021-07-31 16:18:00,360000,360200,轻工制造,002565.SZ,顺灏股份,轻工制造,both,agree
002566,2011-01-09 00:00:00,370201,2015-10-27 15:29:00,370000,370200,医药生物,002566.SZ,益盛药业,医药生物,both,agree
002567,2021-07-30 00:00:00,110402,2024-05-27 10:52:00,110000,110400,农林牧渔,002567.SZ,唐人神,农林牧渔,both,agree
002568,2021-07-30 00:00:00,340602,2022-05-09 13:59:00,340000,340600,食品饮料,002568.SZ,百润股份,食品饮料,both,agree
002569,2021-07-30 00:00:00,350209,2022-06-02 10:30:00,350000,350200,纺织服饰,002569.SZ,*ST步森,纺织服饰,both,agree
002570,2021-07-30 00:00:00,340702,2021-07-31 16:18:00,340000,340700,食品饮料,002570.SZ,贝因美,食品饮料,both,agree
002571,2021-07-30 00:00:00,360311,2021-07-31 16:18:00,360000,360300,轻工制造,002571.SZ,德力股份,轻工制造,both,agree
002572,2021-07-30 00:00:00,360308,2024-03-14 10:16:00,360000,360300,轻工制造,002572.SZ,索菲亚,轻工制造,both,agree
002573,2023-07-04 00:00:00,760102,2025-10-15 10:57:00,760000,760100,环保,002573.SZ,清新环境,环保,both,agree
002574,2021-07-30 00:00:00,350301,2021-07-31 16:18:00,350000,350300,纺织服饰,002574.SZ,明牌珠宝,纺织服饰,both,agree
002575,2026-07-01 10:24:00,510101,2026-07-01 10:24:00,510000,510100,综合,002575.SZ,群兴玩具,综合,both,agree
002576,2014-02-21 00:00:00,630101,2024-09-27 12:41:00,630000,630100,电力设备,002576.SZ,通达动力,电力设备,both,agree
002577,2021-07-30 00:00:00,710103,2021-07-31 16:18:00,710000,710100,计算机,002577.SZ,雷柏科技,计算机,both,agree
002578,2014-02-21 00:00:00,240301,2024-09-27 12:41:00,240000,240300,有色金属,002578.SZ,闽发铝业,有色金属,both,agree
002579,2011-10-10 00:00:00,270202,2015-10-27 15:29:00,270000,270200,电子,002579.SZ,中京电子,电子,both,agree
002580,2021-07-30 00:00:00,630705,2025-10-15 10:57:00,630000,630700,电力设备,002580.SZ,圣阳股份,电力设备,both,agree
002581,2021-07-30 00:00:00,370304,2021-07-31 16:18:00,370000,370300,医药生物,002581.SZ,*ST未名,医药生物,both,agree
002582,2021-07-30 00:00:00,340801,2021-07-31 16:18:00,340000,340800,食品饮料,002582.SZ,好想你,食品饮料,both,agree
002583,2021-07-30 00:00:00,730204,2025-10-15 10:57:00,730000,730200,通信,002583.SZ,海能达,通信,both,agree
002584,2021-07-30 00:00:00,270601,2021-07-31 16:18:00,270000,270600,电子,002584.SZ,西陇科学,电子,both,agree
002585,2021-07-30 00:00:00,220505,2021-07-31 16:18:00,220000,220500,基础化工,002585.SZ,双星新材,基础化工,both,agree
002586,2021-07-30 00:00:00,620306,2021-07-31 16:18:00,620000,620300,建筑装饰,002586.SZ,围海股份,建筑装饰,both,agree
002587,2011-10-10 00:00:00,270302,2015-10-27 15:28:00,270000,270300,电子,002587.SZ,奥拓电子,电子,both,agree
002588,2021-07-30 00:00:00,220805,2024-04-01 15:29:00,220000,220800,基础化工,002588.SZ,史丹利,基础化工,both,agree
002589,2021-07-30 00:00:00,370402,2021-07-31 16:18:00,370000,370400,医药生物,002589.SZ,瑞康医药,医药生物,both,agree
002590,2021-07-30 00:00:00,280203,2025-01-08 14:36:00,280000,280200,汽车,002590.SZ,万安科技,汽车,both,agree
002591,2022-07-29 00:00:00,220309,2022-07-29 11:54:00,220000,220300,基础化工,002591.SZ,恒大高新,基础化工,both,agree
002592,2021-07-30 00:00:00,280203,2025-01-08 14:36:00,280000,280200,汽车,002592.SZ,ST八菱,汽车,both,agree
002593,2019-07-24 00:00:00,620401,2019-08-09 15:39:00,620000,620400,建筑装饰,002593.SZ,日上集团,建筑装饰,both,agree
002594,2021-07-30 00:00:00,280501,2021-07-31 16:18:00,280000,280500,汽车,002594.SZ,比亚迪,汽车,both,agree
002595,2017-06-29 00:00:00,640209,2021-05-07 09:10:00,640000,640200,机械设备,002595.SZ,豪迈科技,机械设备,both,agree
002596,2021-07-30 00:00:00,610102,2024-01-14 08:47:00,610000,610100,建筑材料,002596.SZ,海南瑞泽,建筑材料,both,agree
002597,2021-07-30 00:00:00,220315,2024-01-19 10:58:00,220000,220300,基础化工,002597.SZ,金禾实业,基础化工,both,agree
002598,2014-02-21 00:00:00,640106,2024-09-27 12:41:00,640000,640100,机械设备,002598.SZ,ST章鼓,机械设备,both,agree
002599,2021-07-30 00:00:00,360202,2021-07-31 16:18:00,360000,360200,轻工制造,002599.SZ,盛通股份,轻工制造,both,agree
002600,2021-07-30 00:00:00,270504,2025-03-17 07:48:00,270000,270500,电子,002600.SZ,领益智造,电子,both,agree
002601,2021-07-30 00:00:00,220206,2022-03-21 19:17:00,220000,220200,基础化工,002601.SZ,龙佰集团,基础化工,both,agree
002602,2021-07-30 00:00:00,720401,2026-02-26 16:27:00,720000,720400,传媒,002602.SZ,世纪华通,传媒,both,agree
002603,2011-01-19 00:00:00,370201,2015-10-27 15:29:00,370000,370200,医药生物,002603.SZ,以岭药业,医药生物,both,agree
002604,2011-10-10 00:00:00,110504,2019-08-09 15:39:00,110000,110500,农林牧渔,,,,left_only,only_sw
002605,2021-09-17 00:00:00,720401,2025-10-15 10:57:00,720000,720400,传媒,002605.SZ,姚记科技,传媒,both,agree
002606,2021-07-30 00:00:00,630805,2025-10-15 10:57:00,630000,630800,电力设备,002606.SZ,大连电瓷,电力设备,both,agree
002607,2021-07-30 00:00:00,461102,2025-10-15 10:57:00,460000,461100,社会服务,002607.SZ,中公教育,社会服务,both,agree
002608,2018-07-13 00:00:00,410101,2021-03-03 15:51:00,410000,410100,公用事业,002608.SZ,江苏国信,公用事业,both,agree
002609,2021-07-30 00:00:00,710301,2021-07-31 16:18:00,710000,710300,计算机,002609.SZ,捷顺科技,计算机,both,agree
002610,2021-07-30 00:00:00,630504,2024-06-26 13:11:00,630000,630500,电力设备,,,,left_only,only_sw
002611,2020-06-17 00:00:00,640208,2020-06-17 18:34:00,640000,640200,机械设备,002611.SZ,东方精工,机械设备,both,agree
002612,2021-07-30 00:00:00,350209,2026-01-26 16:15:00,350000,350200,纺织服饰,002612.SZ,朗姿股份,纺织服饰,both,agree
002613,2021-07-30 00:00:00,610201,2021-08-04 10:42:00,610000,610200,建筑材料,002613.SZ,北玻股份,建筑材料,both,agree
002614,2021-07-30 00:00:00,330701,2023-01-09 16:27:00,330000,330700,家用电器,002614.SZ,奥佳华,家用电器,both,agree
002615,2021-07-30 00:00:00,360311,2021-07-31 16:18:00,360000,360300,轻工制造,002615.SZ,哈尔斯,轻工制造,both,agree
002616,2021-07-30 00:00:00,410109,2025-10-15 10:57:00,410000,410100,公用事业,002616.SZ,长青集团,公用事业,both,agree
002617,2021-07-30 00:00:00,410106,2025-10-15 10:57:00,410000,410100,公用事业,002617.SZ,露笑科技,公用事业,both,agree
002618,2011-10-10 00:00:00,270202,2020-12-04 14:41:00,270000,270200,电子,,,,left_only,only_sw
002619,2021-07-30 00:00:00,720401,2021-07-31 16:18:00,720000,720400,传媒,,,,left_only,only_sw
002620,2014-02-21 00:00:00,620201,2024-09-27 12:41:00,620000,620200,建筑装饰,002620.SZ,*ST瑞和,建筑装饰,both,agree
002621,2021-07-30 00:00:00,461102,2022-05-10 15:09:00,460000,461100,社会服务,,,,left_only,only_sw
002622,2023-07-04 00:00:00,370604,2023-07-04 15:14:00,370000,370600,医药生物,002622.SZ,皓宸医疗,医药生物,both,agree
002623,2021-07-30 00:00:00,630504,2025-10-15 10:57:00,630000,630500,电力设备,002623.SZ,亚玛顿,电力设备,both,agree
002624,2021-07-30 00:00:00,720401,2026-04-02 13:26:00,720000,720400,传媒,002624.SZ,完美世界,传媒,both,agree
002625,2021-07-30 00:00:00,650201,2025-10-15 10:57:00,650000,650200,国防军工,002625.SZ,光启技术,国防军工,both,agree
002626,2021-07-30 00:00:00,340407,2021-07-31 16:18:00,340000,340400,食品饮料,002626.SZ,金达威,食品饮料,both,agree
002627,2025-09-26 12:13:00,461004,2025-10-17 14:23:00,460000,461000,社会服务,002627.SZ,三峡旅游,社会服务,both,agree
002628,2021-07-30 00:00:00,620306,2021-07-31 16:18:00,620000,620300,建筑装饰,002628.SZ,成都路桥,建筑装饰,both,agree
002629,2021-07-30 00:00:00,750201,2023-10-23 16:18:00,750000,750200,石油石化,002629.SZ,仁智股份,石油石化,both,agree
002630,2014-02-21 00:00:00,630304,2024-09-27 12:41:00,630000,630300,电力设备,002630.SZ,*ST华西,电力设备,both,agree
002631,2025-08-11 17:30:00,360306,2025-08-11 17:30:00,360000,360300,轻工制造,002631.SZ,德尔未来,轻工制造,both,agree
002632,2021-07-30 00:00:00,220505,2022-01-01 15:33:00,220000,220500,基础化工,002632.SZ,道明光学,基础化工,both,agree
002633,2021-07-30 00:00:00,640108,2025-10-15 10:57:00,640000,640100,机械设备,002633.SZ,申科股份,机械设备,both,agree
002634,2024-07-30 12:45:00,350209,2024-07-30 12:45:00,350000,350200,纺织服饰,002634.SZ,*ST棒杰,纺织服饰,both,agree
002635,2021-07-30 00:00:00,270504,2023-04-25 09:31:00,270000,270500,电子,002635.SZ,安洁科技,电子,both,agree
002636,2011-11-16 00:00:00,270202,2015-10-27 15:29:00,270000,270200,电子,002636.SZ,金安国纪,电子,both,agree
002637,2021-07-30 00:00:00,220309,2025-09-26 17:00:00,220000,220300,基础化工,002637.SZ,赞宇科技,基础化工,both,agree
002638,2024-07-30 12:45:00,330501,2025-01-08 14:36:00,330000,330500,家用电器,002638.SZ,勤上股份,家用电器,both,agree
002639,2014-02-21 00:00:00,640105,2024-09-27 12:41:00,640000,640100,机械设备,002639.SZ,雪人集团,机械设备,both,agree
002640,2021-07-30 00:00:00,450602,2021-07-31 16:18:00,450000,450600,商贸零售,002640.SZ,跨境通,商贸零售,both,agree
002641,2014-02-21 00:00:00,610302,2024-09-27 12:41:00,610000,610300,建筑材料,002641.SZ,公元股份,建筑材料,both,agree
002642,2021-07-30 00:00:00,710301,2021-07-31 16:18:00,710000,710300,计算机,002642.SZ,荣联科技,计算机,both,agree
002643,2021-07-30 00:00:00,270601,2025-12-31 11:32:00,270000,270600,电子,002643.SZ,万润股份,电子,both,agree
002644,2011-01-13 00:00:00,370201,2015-10-27 15:28:00,370000,370200,医药生物,002644.SZ,佛慈制药,医药生物,both,agree
002645,2021-07-30 00:00:00,760201,2025-10-15 10:57:00,760000,760200,环保,002645.SZ,华宏科技,环保,both,agree
002646,2021-07-30 00:00:00,340501,2021-07-31 16:18:00,340000,340500,食品饮料,002646.SZ,天佑德酒,食品饮料,both,agree
002647,2021-07-30 00:00:00,490306,2021-07-31 16:18:00,490000,490300,非银金融,002647.SZ,仁东控股,非银金融,both,agree
002648,2022-07-29 00:00:00,220204,2025-09-11 15:39:00,220000,220200,基础化工,002648.SZ,卫星化学,基础化工,both,agree
002649,2021-07-30 00:00:00,710301,2021-07-31 16:18:00,710000,710300,计算机,002649.SZ,博彦科技,计算机,both,agree
002650,2021-07-30 00:00:00,340901,2021-07-31 16:18:00,340000,340900,食品饮料,002650.SZ,ST加加,食品饮料,both,agree
002651,2022-07-29 00:00:00,650201,2025-10-15 10:57:00,650000,650200,国防军工,002651.SZ,利君股份,国防军工,both,agree
002652,2014-02-21 00:00:00,610303,2024-09-27 12:41:00,610000,610300,建筑材料,002652.SZ,扬子新材,建筑材料,both,agree
002653,2012-01-09 00:00:00,370102,2015-10-27 15:28:00,370000,370100,医药生物,002653.SZ,海思科,医药生物,both,agree
002654,2021-07-30 00:00:00,270302,2021-07-31 16:18:00,270000,270300,电子,002654.SZ,万润科技,电子,both,agree
002655,2021-07-30 00:00:00,270504,2023-04-25 09:31:00,270000,270500,电子,002655.SZ,共达电声,电子,both,agree
002656,2021-07-30 00:00:00,350209,2021-07-31 16:18:00,350000,350200,纺织服饰,002656.SZ,摩登大道,纺织服饰,both,agree
002657,2021-07-30 00:00:00,710301,2021-07-31 16:18:00,710000,710300,计算机,002657.SZ,中科金财,计算机,both,agree
002658,2021-07-30 00:00:00,760201,2026-09-22 11:03:00,760000,760200,环保,002658.SZ,雪迪龙,环保,both,agree
002659,2021-07-30 00:00:00,461101,2022-10-11 14:52:00,460000,461100,社会服务,002659.SZ,凯文教育,社会服务,both,agree
002660,2021-07-30 00:00:00,270504,2023-04-25 09:31:00,270000,270500,电子,002660.SZ,茂硕电源,电子,both,agree
002661,2023-03-31 00:00:00,340406,2023-04-03 11:04:00,340000,340400,食品饮料,002661.SZ,克明食品,食品饮料,both,agree
002662,2021-07-30 00:00:00,280202,2025-01-08 14:36:00,280000,280200,汽车,002662.SZ,峰璟股份,汽车,both,agree
002663,2021-07-30 00:00:00,620307,2021-08-02 13:20:00,620000,620300,建筑装饰,002663.SZ,普邦股份,建筑装饰,both,agree
002664,2021-07-30 00:00:00,280206,2025-01-08 14:36:00,280000,280200,汽车,002664.SZ,信质集团,汽车,both,agree
002665,2021-07-30 00:00:00,630306,2022-10-11 14:52:00,630000,630300,电力设备,,,,left_only,only_sw
002666,2012-01-14 00:00:00,220309,2015-10-27 15:28:00,220000,220300,基础化工,002666.SZ,德联集团,基础化工,both,agree
002667,2014-02-21 00:00:00,640203,2024-09-27 12:41:00,640000,640200,机械设备,002667.SZ,*ST威领,机械设备,both,agree
002668,2021-07-30 00:00:00,330106,2021-07-31 16:18:00,330000,330100,家用电器,002668.SZ,TCL智家,家用电器,both,agree
002669,2021-07-30 00:00:00,220317,2021-07-31 16:18:00,220000,220300,基础化工,002669.SZ,康达新材,基础化工,both,agree
002670,2017-06-29 00:00:00,490101,2021-03-03 15:36:00,490000,490100,非银金融,002670.SZ,国盛证券,非银金融,both,agree
002671,2021-07-30 00:00:00,610102,2023-12-07 10:03:00,610000,610100,建筑材料,002671.SZ,龙泉股份,建筑材料,both,agree
002672,2021-07-30 00:00:00,760103,2025-10-15 10:57:00,760000,760100,环保,002672.SZ,东江环保,环保,both,agree
002673,2014-02-21 00:00:00,490101,2024-09-27 12:41:00,490000,490100,非银金融,002673.SZ,西部证券,非银金融,both,agree
002674,2012-07-02 00:00:00,350105,2019-08-09 15:38:00,350000,350100,纺织服饰,002674.SZ,兴业科技,纺织服饰,both,agree
002675,2017-06-29 00:00:00,370102,2020-12-04 14:32:00,370000,370100,医药生物,002675.SZ,东诚药业,医药生物,both,agree
002676,2021-07-30 00:00:00,330601,2021-07-31 16:18:00,330000,330600,家用电器,002676.SZ,顺威股份,家用电器,both,agree
002677,2021-07-30 00:00:00,330401,2023-01-09 15:15:00,330000,330400,家用电器,002677.SZ,浙江美大,家用电器,both,agree
002678,2021-07-30 00:00:00,360502,2025-01-24 16:29:00,360000,360500,轻工制造,002678.SZ,珠江钢琴,轻工制造,both,agree
002679,2012-01-23 00:00:00,110301,2015-10-27 15:28:00,110000,110300,农林牧渔,002679.SZ,福建金森,农林牧渔,both,agree
002680,2017-05-20 01:32:00,370301,2019-08-09 15:40:00,370000,370300,医药生物,,,,left_only,only_sw
002681,2021-07-30 00:00:00,270504,2023-04-25 09:31:00,270000,270500,电子,002681.SZ,奋达科技,电子,both,agree
002682,2021-07-30 00:00:00,420807,2025-10-15 10:57:00,420000,420800,交通运输,002682.SZ,龙洲股份,交通运输,both,agree
002683,2012-01-30 00:00:00,220307,2015-10-27 15:29:00,220000,220300,基础化工,002683.SZ,广东宏大,基础化工,both,agree
002684,2021-07-30 00:00:00,280303,2021-07-31 16:18:00,280000,280300,汽车,,,,left_only,only_sw
002685,2024-07-30 12:45:00,640601,2025-10-15 10:57:00,640000,640600,机械设备,002685.SZ,华东重机,机械设备,both,agree
002686,2021-07-30 00:00:00,640105,2025-10-15 10:57:00,640000,640100,机械设备,002686.SZ,亿利达,机械设备,both,agree
002687,2021-07-30 00:00:00,350209,2021-07-31 16:18:00,350000,350200,纺织服饰,002687.SZ,乔治白,纺织服饰,both,agree
002688,2012-01-05 00:00:00,110801,2015-10-27 15:29:00,110000,110800,农林牧渔,002688.SZ,金河生物,农林牧渔,both,agree
002689,2014-02-21 00:00:00,640204,2024-09-27 12:41:00,640000,640200,机械设备,002689.SZ,ST远智,机械设备,both,agree
002690,2014-02-21 00:00:00,640209,2024-09-27 12:41:00,640000,640200,机械设备,002690.SZ,美亚光电,机械设备,both,agree
002691,2014-02-21 00:00:00,640203,2024-09-27 12:41:00,640000,640200,机械设备,002691.SZ,*ST冀凯,机械设备,both,agree
002692,2021-07-30 00:00:00,630805,2025-10-15 10:57:00,630000,630800,电力设备,002692.SZ,远程股份,电力设备,both,agree
002693,2022-07-29 00:00:00,370102,2022-07-29 11:54:00,370000,370100,医药生物,002693.SZ,双成药业,医药生物,both,agree
002694,2014-02-21 00:00:00,610302,2024-09-27 12:41:00,610000,610300,建筑材料,002694.SZ,*ST顾地,建筑材料,both,agree
002695,2021-07-30 00:00:00,340803,2021-12-01 08:56:00,340000,340800,食品饮料,002695.SZ,煌上煌,食品饮料,both,agree
002696,2022-07-29 00:00:00,110403,2024-05-27 10:52:00,110000,110400,农林牧渔,002696.SZ,百洋股份,农林牧渔,both,agree
002697,2014-02-21 00:00:00,450302,2024-09-27 12:41:00,450000,450300,商贸零售,002697.SZ,红旗连锁,商贸零售,both,agree
002698,2021-07-30 00:00:00,640701,2025-10-15 10:57:00,640000,640700,机械设备,002698.SZ,博实股份,机械设备,both,agree
002699,2021-07-30 00:00:00,720601,2021-07-31 16:18:00,720000,720600,传媒,,,,left_only,only_sw
002700,2012-01-11 00:00:00,410301,2015-10-27 15:29:00,410000,410300,公用事业,002700.SZ,万憬能源,公用事业,both,agree
002701,2021-07-30 00:00:00,360203,2024-03-14 10:17:00,360000,360200,轻工制造,002701.SZ,奥瑞金,轻工制造,both,agree
002702,2021-07-30 00:00:00,340406,2021-07-31 16:18:00,340000,340400,食品饮料,002702.SZ,海欣食品,食品饮料,both,agree
002703,2021-07-30 00:00:00,280203,2025-01-08 14:36:00,280000,280200,汽车,002703.SZ,浙江世宝,汽车,both,agree
002705,2021-07-30 00:00:00,330301,2023-01-09 16:21:00,330000,330300,家用电器,002705.SZ,新宝股份,家用电器,both,agree
002706,2021-07-30 00:00:00,630802,2025-10-15 10:57:00,630000,630800,电力设备,002706.SZ,良信股份,电力设备,both,agree
002707,2021-07-30 00:00:00,461004,2024-04-01 15:29:00,460000,461000,社会服务,002707.SZ,众信旅游,社会服务,both,agree
002708,2021-07-30 00:00:00,280203,2025-01-08 14:36:00,280000,280200,汽车,002708.SZ,光洋股份,汽车,both,agree
002709,2021-07-30 00:00:00,630702,2025-12-03 14:34:00,630000,630700,电力设备,002709.SZ,天赐材料,电力设备,both,agree
002710,2014-01-08 00:00:00,370601,2015-10-27 15:28:00,370000,370600,医药生物,,,,left_only,only_sw
002711,2021-07-30 00:00:00,420802,2021-07-31 16:18:00,420000,420800,交通运输,,,,left_only,only_sw
002712,2021-07-30 00:00:00,720501,2025-10-15 10:57:00,720000,720500,传媒,002712.SZ,思美传媒,传媒,both,agree
002713,2014-02-21 00:00:00,620201,2024-10-08 14:20:00,620000,620200,建筑装饰,002713.SZ,东易日盛,建筑装饰,both,agree
002714,2021-07-30 00:00:00,110702,2021-07-31 16:18:00,110000,110700,农林牧渔,002714.SZ,牧原股份,农林牧渔,both,agree
002715,2021-07-30 00:00:00,280203,2025-01-08 14:36:00,280000,280200,汽车,002715.SZ,登云股份,汽车,both,agree
002716,2021-07-30 00:00:00,240402,2025-01-08 14:36:00,240000,240400,有色金属,002716.SZ,湖南白银,有色金属,both,agree
002717,2021-07-30 00:00:00,620307,2021-08-02 13:20:00,620000,620300,建筑装饰,002717.SZ,*ST岭南,建筑装饰,both,agree
002718,2014-02-21 00:00:00,610303,2024-10-08 14:21:00,610000,610300,建筑材料,002718.SZ,友邦吊顶,建筑材料,both,agree
002719,2024-07-30 12:45:00,340802,2024-07-30 12:45:00,340000,340800,食品饮料,002719.SZ,ST麦趣,食品饮料,both,agree
002720,2014-01-22 00:00:00,350105,2015-10-27 15:29:00,350000,350100,纺织服饰,,,,left_only,only_sw
002721,2021-07-30 00:00:00,350301,2026-01-26 16:15:00,350000,350300,纺织服饰,002721.SZ,金一文化,纺织服饰,both,agree
002722,2024-07-30 12:45:00,640206,2025-10-15 10:57:00,640000,640200,机械设备,002722.SZ,物产金轮,机械设备,both,agree
002723,2021-07-30 00:00:00,330501,2021-07-31 16:18:00,330000,330500,家用电器,002723.SZ,小崧股份,家用电器,both,agree
002724,2024-07-30 12:45:00,330501,2025-01-08 14:36:00,330000,330500,家用电器,002724.SZ,海洋王,家用电器,both,agree
002725,2021-07-30 00:00:00,280204,2025-01-08 14:36:00,280000,280200,汽车,002725.SZ,跃岭股份,汽车,both,agree
002726,2014-01-20 00:00:00,340401,2015-10-27 15:29:00,340000,340400,食品饮料,002726.SZ,ST龙大,食品饮料,both,agree
002727,2021-07-30 00:00:00,370403,2021-07-31 16:18:00,370000,370400,医药生物,002727.SZ,一心堂,医药生物,both,agree
002728,2019-07-24 00:00:00,370201,2020-12-04 14:32:00,370000,370200,医药生物,002728.SZ,特一药业,医药生物,both,agree
002729,2014-01-16 00:00:00,270401,2015-10-27 15:29:00,270000,270400,电子,002729.SZ,好利科技,电子,both,agree
002730,2014-02-21 00:00:00,640203,2024-10-08 14:22:00,640000,640200,机械设备,002730.SZ,电光科技,机械设备,both,agree
002731,2021-07-30 00:00:00,350301,2021-07-31 16:18:00,350000,350300,纺织服饰,002731.SZ,*ST萃华,纺织服饰,both,agree
002732,2021-07-30 00:00:00,340702,2021-07-31 16:18:00,340000,340700,食品饮料,002732.SZ,燕塘乳业,食品饮料,both,agree
002733,2021-07-30 00:00:00,630705,2025-10-15 10:57:00,630000,630700,电力设备,002733.SZ,雄韬股份,电力设备,both,agree
002734,2021-07-30 00:00:00,220803,2026-09-22 11:03:00,220000,220800,基础化工,002734.SZ,利民股份,基础化工,both,agree
002735,2021-07-30 00:00:00,360204,2021-07-31 16:18:00,360000,360200,轻工制造,002735.SZ,王子新材,轻工制造,both,agree
002736,2014-02-21 00:00:00,490101,2024-10-08 14:23:00,490000,490100,非银金融,002736.SZ,国信证券,非银金融,both,agree
002737,2014-01-19 00:00:00,370201,2015-10-27 15:29:00,370000,370200,医药生物,002737.SZ,葵花药业,医药生物,both,agree
002738,2021-07-30 00:00:00,240504,2025-12-03 14:34:00,240000,240500,有色金属,002738.SZ,中矿资源,有色金属,both,agree
002739,2021-07-30 00:00:00,720602,2025-10-15 10:57:00,720000,720600,传媒,002739.SZ,儒意电影,传媒,both,agree
002740,2021-07-30 00:00:00,350301,2021-07-31 16:18:00,350000,350300,纺织服饰,,,,left_only,only_sw
002741,2021-07-30 00:00:00,270601,2024-01-19 11:02:00,270000,270600,电子,002741.SZ,光华科技,电子,both,agree
002742,2022-07-29 00:00:00,370102,2023-12-07 10:03:00,370000,370100,医药生物,002742.SZ,冀衡医药,医药生物,both,agree
002743,2015-01-15 00:02:00,620401,2015-11-05 14:02:00,620000,620400,建筑装饰,002743.SZ,ST富煌,建筑装饰,both,agree
002745,2015-01-15 00:02:00,270302,2015-11-05 14:02:00,270000,270300,电子,002745.SZ,木林森,电子,both,agree
002746,2021-07-30 00:00:00,110703,2023-02-07 11:50:00,110000,110700,农林牧渔,002746.SZ,仙坛股份,农林牧渔,both,agree
002747,2021-07-30 00:00:00,640701,2025-10-15 10:57:00,640000,640700,机械设备,002747.SZ,埃斯顿,机械设备,both,agree
002748,2021-07-30 00:00:00,220202,2021-07-31 16:18:00,220000,220200,基础化工,002748.SZ,世龙实业,基础化工,both,agree
002749,2021-07-30 00:00:00,220803,2021-07-31 16:18:00,220000,220800,基础化工,002749.SZ,国光股份,基础化工,both,agree
002750,2015-01-16 00:03:00,370201,2015-11-05 14:02:00,370000,370200,医药生物,,,,left_only,only_sw
002751,2021-07-30 00:00:00,460803,2021-07-31 16:18:00,460000,460800,社会服务,,,,left_only,only_sw
002752,2021-07-30 00:00:00,360203,2021-07-31 16:18:00,360000,360200,轻工制造,002752.SZ,昇兴股份,轻工制造,both,agree
002753,2015-01-06 00:05:00,220603,2015-11-05 14:02:00,220000,220600,基础化工,002753.SZ,永东股份,基础化工,both,agree
002755,2019-07-24 00:00:00,370102,2024-07-19 08:52:00,370000,370100,医药生物,002755.SZ,奥赛康,医药生物,both,agree
002756,2022-07-29 00:00:00,240603,2022-07-29 11:54:00,240000,240600,有色金属,002756.SZ,永兴材料,有色金属,both,agree
002757,2015-01-25 00:05:00,640209,2015-11-05 14:02:00,640000,640200,机械设备,002757.SZ,南兴股份,机械设备,both,agree
002758,2025-12-01 14:00:00,220805,2025-12-01 14:00:00,220000,220800,基础化工,002758.SZ,浙农股份,基础化工,both,agree
002759,2021-07-30 00:00:00,630702,2025-10-15 10:57:00,630000,630700,电力设备,002759.SZ,ST天际,电力设备,both,agree
002760,2017-06-29 00:00:00,640103,2019-08-09 15:39:00,640000,640100,机械设备,002760.SZ,凤形股份,机械设备,both,agree
002761,2020-09-03 00:00:00,620101,2020-09-03 08:55:00,620000,620100,建筑装饰,002761.SZ,浙江建投,建筑装饰,both,agree
002762,2021-07-30 00:00:00,350209,2021-07-31 16:18:00,350000,350200,纺织服饰,002762.SZ,金发拉比,纺织服饰,both,agree
002763,2024-07-30 12:45:00,350209,2024-07-30 12:45:00,350000,350200,纺织服饰,002763.SZ,汇洁股份,纺织服饰,both,agree
002765,2025-08-11 17:30:00,280205,2025-08-11 17:30:00,280000,280200,汽车,002765.SZ,蓝黛科技,汽车,both,agree
002766,2021-07-30 00:00:00,280206,2025-01-08 14:36:00,280000,280200,汽车,002766.SZ,索菱股份,汽车,both,agree
002767,2021-07-30 00:00:00,640107,2025-10-15 10:57:00,640000,640100,机械设备,002767.SZ,先锋电子,机械设备,both,agree
002768,2015-01-18 00:06:00,220503,2020-04-20 20:16:00,220000,220500,基础化工,002768.SZ,国恩股份,基础化工,both,agree
002769,2021-07-30 00:00:00,420803,2025-10-15 10:57:00,420000,420800,交通运输,002769.SZ,普路通,交通运输,both,agree
002770,2021-07-30 00:00:00,340702,2021-07-31 16:18:00,340000,340700,食品饮料,,,,left_only,only_sw
002771,2021-07-30 00:00:00,710301,2021-07-31 16:18:00,710000,710300,计算机,002771.SZ,真视通,计算机,both,agree
002772,2021-07-30 00:00:00,110104,2024-05-27 10:52:00,110000,110100,农林牧渔,002772.SZ,众兴菌业,农林牧渔,both,agree
002773,2024-07-30 12:45:00,370304,2024-07-30 12:45:00,370000,370300,医药生物,002773.SZ,康弘药业,医药生物,both,agree
002774,2017-03-10 17:03:00,640204,2019-08-09 15:39:00,640000,640200,机械设备,002774.SZ,快意电梯,机械设备,both,agree
002775,2021-07-30 00:00:00,620307,2021-08-02 13:20:00,620000,620300,建筑装饰,002775.SZ,文科股份,建筑装饰,both,agree
002776,2021-07-30 00:00:00,350209,2021-07-31 16:18:00,350000,350200,纺织服饰,,,,left_only,only_sw
002777,2021-07-30 00:00:00,710301,2023-01-03 10:31:00,710000,710300,计算机,002777.SZ,久远银海,计算机,both,agree
002778,2024-07-30 12:45:00,760102,2025-10-15 10:57:00,760000,760100,环保,002778.SZ,中晟高科,环保,both,agree
002779,2017-06-29 00:00:00,640209,2019-08-09 15:39:00,640000,640200,机械设备,002779.SZ,中坚科技,机械设备,both,agree
002780,2021-07-30 00:00:00,350208,2021-11-01 14:27:00,350000,350200,纺织服饰,002780.SZ,三夫户外,纺织服饰,both,agree
002781,2015-11-05 00:00:00,620201,2019-08-09 15:39:00,620000,620200,建筑装饰,,,,left_only,only_sw
002782,2022-07-29 00:00:00,270401,2023-04-25 09:31:00,270000,270400,电子,002782.SZ,可立克,电子,both,agree
002783,2015-12-15 00:00:00,220307,2015-12-22 17:10:00,220000,220300,基础化工,002783.SZ,凯龙股份,基础化工,both,agree
002785,2015-12-24 00:00:00,610303,2019-08-09 15:39:00,610000,610300,建筑材料,002785.SZ,万里石,建筑材料,both,agree
002786,2017-06-29 00:00:00,640209,2019-08-09 15:39:00,640000,640200,机械设备,002786.SZ,银宝山新,机械设备,both,agree
002787,2021-07-30 00:00:00,360203,2021-07-31 16:18:00,360000,360200,轻工制造,002787.SZ,华源控股,轻工制造,both,agree
002788,2021-07-30 00:00:00,370402,2021-07-31 16:18:00,370000,370400,医药生物,002788.SZ,鹭燕医药,医药生物,both,agree
002789,2016-03-23 00:00:00,620201,2020-12-04 14:41:00,620000,620200,建筑装饰,002789.SZ,*ST建艺,建筑装饰,both,agree
002790,2021-07-30 00:00:00,360309,2026-02-26 16:27:00,360000,360300,轻工制造,002790.SZ,瑞尔特,轻工制造,both,agree
002791,2016-04-18 00:00:00,610303,2021-03-03 15:31:00,610000,610300,建筑材料,002791.SZ,坚朗五金,建筑材料,both,agree
002792,2021-07-30 00:00:00,730204,2026-06-01 14:47:00,730000,730200,通信,002792.SZ,通宇通讯,通信,both,agree
002793,2020-06-01 00:00:00,370102,2020-06-01 15:39:00,370000,370100,医药生物,002793.SZ,罗欣药业,医药生物,both,agree
002795,2021-07-30 00:00:00,640108,2025-10-15 10:57:00,640000,640100,机械设备,002795.SZ,永和智控,机械设备,both,agree
002796,2022-07-29 00:00:00,730204,2026-06-01 14:47:00,730000,730200,通信,002796.SZ,世嘉科技,通信,both,agree
002797,2016-04-26 00:00:00,490101,2021-03-03 15:36:00,490000,490100,非银金融,002797.SZ,第一创业,非银金融,both,agree
002798,2021-07-30 00:00:00,360306,2024-04-01 15:29:00,360000,360300,轻工制造,002798.SZ,帝欧水华,轻工制造,both,agree
002799,2021-07-30 00:00:00,360205,2021-07-31 16:18:00,360000,360200,轻工制造,002799.SZ,环球印务,轻工制造,both,agree
002800,2026-07-01 10:24:00,420805,2026-07-01 10:24:00,420000,420800,交通运输,002800.SZ,天顺股份,交通运输,both,agree
002801,2016-06-24 00:00:00,630101,2020-12-04 14:32:00,630000,630100,电力设备,002801.SZ,微光股份,电力设备,both,agree
002802,2016-06-24 00:00:00,220309,2019-08-09 15:39:00,220000,220300,基础化工,002802.SZ,洪汇新材,基础化工,both,agree
002803,2021-07-30 00:00:00,450602,2024-04-01 15:29:00,450000,450600,商贸零售,002803.SZ,吉宏股份,商贸零售,both,agree
002805,2022-07-29 00:00:00,630702,2025-10-15 10:57:00,630000,630700,电力设备,002805.SZ,丰元股份,电力设备,both,agree
002806,2023-07-04 00:00:00,280203,2025-01-08 14:36:00,280000,280200,汽车,002806.SZ,华锋股份,汽车,both,agree
002807,2021-07-30 00:00:00,480501,2022-03-08 13:05:00,480000,480500,银行,002807.SZ,江阴银行,银行,both,agree
002808,2017-06-29 00:00:00,270303,2021-04-12 13:47:00,270000,270300,电子,002808.SZ,恒久退(退市),电子,both,agree
002809,2016-08-23 00:00:00,220309,2019-08-09 15:39:00,220000,220300,基础化工,002809.SZ,红墙股份,基础化工,both,agree
002810,2016-08-23 00:00:00,220309,2021-07-01 09:35:00,220000,220300,基础化工,002810.SZ,山东赫达,基础化工,both,agree
002811,2016-08-23 00:00:00,620201,2020-12-04 14:41:00,620000,620200,建筑装饰,002811.SZ,郑中设计,建筑装饰,both,agree
002812,2021-07-30 00:00:00,630702,2025-10-15 10:57:00,630000,630700,电力设备,002812.SZ,恩捷股份,电力设备,both,agree
002813,2021-07-30 00:00:00,280206,2025-01-08 14:36:00,280000,280200,汽车,002813.SZ,路畅科技,汽车,both,agree
002815,2016-10-12 00:00:00,270202,2018-06-20 15:07:00,270000,270200,电子,002815.SZ,崇达技术,电子,both,agree
002816,2016-10-17 00:00:00,640209,2019-08-09 15:39:00,640000,640200,机械设备,002816.SZ,*ST和科,机械设备,both,agree
002817,2022-07-29 00:00:00,370101,2022-07-29 11:54:00,370000,370100,医药生物,002817.SZ,黄山胶囊,医药生物,both,agree
002818,2021-07-30 00:00:00,450304,2022-05-10 15:09:00,450000,450300,商贸零售,002818.SZ,富森美,商贸零售,both,agree
002819,2021-07-30 00:00:00,640107,2025-10-15 10:57:00,640000,640100,机械设备,002819.SZ,东方中科,机械设备,both,agree
002820,2021-07-30 00:00:00,340802,2021-07-31 16:18:00,340000,340800,食品饮料,002820.SZ,桂发祥,食品饮料,both,agree
002821,2021-07-30 00:00:00,370603,2025-09-09 10:17:00,370000,370600,医药生物,002821.SZ,凯莱英,医药生物,both,agree
002822,2016-12-01 17:59:00,620201,2020-12-04 14:41:00,620000,620200,建筑装饰,002822.SZ,ST中装,建筑装饰,both,agree
002823,2016-12-01 18:00:00,630101,2020-12-04 14:32:00,630000,630100,电力设备,002823.SZ,凯中精密,电力设备,both,agree
002824,2016-12-25 12:06:00,240301,2020-08-10 09:17:00,240000,240300,有色金属,002824.SZ,和胜股份,有色金属,both,agree
002825,2016-12-19 00:00:00,220501,2019-08-09 15:39:00,220000,220500,基础化工,002825.SZ,纳尔股份,基础化工,both,agree
002826,2021-07-30 00:00:00,370102,2021-07-31 16:18:00,370000,370100,医药生物,002826.SZ,易明医药,医药生物,both,agree
002827,2016-12-01 18:00:00,220307,2019-08-09 15:39:00,220000,220300,基础化工,002827.SZ,高争民爆,基础化工,both,agree
002828,2021-07-30 00:00:00,750201,2023-10-23 16:18:00,750000,750200,石油石化,002828.SZ,贝肯能源,石油石化,both,agree
002829,2016-12-11 16:14:00,650101,2024-07-22 08:20:00,650000,650100,国防军工,002829.SZ,星网宇达,国防军工,both,agree
002830,2016-12-11 16:15:00,620201,2019-08-09 15:39:00,620000,620200,建筑装饰,002830.SZ,名雕股份,建筑装饰,both,agree
002831,2021-07-30 00:00:00,360205,2024-03-14 10:16:00,360000,360200,轻工制造,002831.SZ,裕同科技,轻工制造,both,agree
002832,2021-07-30 00:00:00,350209,2025-01-24 16:29:00,350000,350200,纺织服饰,002832.SZ,比音勒芬,纺织服饰,both,agree
002833,2016-12-11 16:15:00,640209,2021-03-20 11:14:00,640000,640200,机械设备,002833.SZ,弘亚数控,机械设备,both,agree
002835,2021-07-30 00:00:00,710102,2021-07-31 16:18:00,710000,710100,计算机,002835.SZ,同为股份,计算机,both,agree
002836,2021-07-30 00:00:00,360205,2021-07-31 16:18:00,360000,360200,轻工制造,002836.SZ,新宏泽,轻工制造,both,agree
002837,2016-12-19 12:05:00,640209,2019-08-09 15:39:00,640000,640200,机械设备,002837.SZ,英维克,机械设备,both,agree
002838,2016-12-19 12:05:00,220503,2019-08-09 15:39:00,220000,220500,基础化工,002838.SZ,道恩股份,基础化工,both,agree
002839,2021-07-30 00:00:00,480501,2021-09-17 09:09:00,480000,480500,银行,002839.SZ,张家港行,银行,both,agree
002840,2016-12-19 12:06:00,340401,2019-08-09 15:40:00,340000,340400,食品饮料,002840.SZ,华统股份,食品饮料,both,agree
002841,2022-07-29 00:00:00,270503,2025-10-15 10:57:00,270000,270500,电子,002841.SZ,视源股份,电子,both,agree
002842,2016-12-28 15:57:00,240502,2021-01-25 13:35:00,240000,240500,有色金属,002842.SZ,翔鹭钨业,有色金属,both,agree
002843,2021-07-30 00:00:00,640108,2023-09-09 16:24:00,640000,640100,机械设备,002843.SZ,泰嘉股份,机械设备,both,agree
002845,2017-01-14 18:14:00,270301,2019-08-09 15:38:00,270000,270300,电子,002845.SZ,同兴达,电子,both,agree
002846,2021-07-30 00:00:00,360203,2021-07-31 16:18:00,360000,360200,轻工制造,002846.SZ,英联股份,轻工制造,both,agree
002847,2021-07-30 00:00:00,340801,2026-08-18 08:03:00,340000,340800,食品饮料,002847.SZ,盐津铺子,食品饮料,both,agree
002848,2024-07-30 12:45:00,330201,2024-07-30 12:45:00,330000,330200,家用电器,002848.SZ,高斯贝尔,家用电器,both,agree
002849,2021-07-30 00:00:00,640107,2025-10-15 10:57:00,640000,640100,机械设备,002849.SZ,威星智能,机械设备,both,agree
002850,2021-07-30 00:00:00,630701,2025-10-15 10:57:00,630000,630700,电力设备,002850.SZ,科达利,电力设备,both,agree
002851,2017-02-24 13:38:00,630306,2020-03-10 10:45:00,630000,630300,电力设备,002851.SZ,麦格米特,电力设备,both,agree
002852,2017-02-24 13:08:00,110502,2019-08-09 15:39:00,110000,110500,农林牧渔,002852.SZ,道道全,农林牧渔,both,agree
002853,2021-07-30 00:00:00,360308,2021-07-31 16:18:00,360000,360300,轻工制造,002853.SZ,皮阿诺,轻工制造,both,agree
002855,2021-07-30 00:00:00,270504,2023-04-25 09:31:00,270000,270500,电子,002855.SZ,捷荣技术,电子,both,agree
002856,2017-03-01 14:30:00,620201,2020-12-04 14:41:00,620000,620200,建筑装饰,002856.SZ,*ST美芝,建筑装饰,both,agree
002857,2021-07-30 00:00:00,630804,2025-10-15 10:57:00,630000,630800,电力设备,002857.SZ,三晖电气,电力设备,both,agree
002858,2021-07-30 00:00:00,460601,2021-07-31 16:18:00,460000,460600,社会服务,002858.SZ,力盛体育,社会服务,both,agree
002859,2021-07-30 00:00:00,270401,2022-08-09 09:00:00,270000,270400,电子,002859.SZ,洁美科技,电子,both,agree
002860,2021-07-30 00:00:00,330601,2021-07-31 16:18:00,330000,330600,家用电器,002860.SZ,星帅尔,家用电器,both,agree
002861,2021-07-30 00:00:00,270504,2023-04-25 09:31:00,270000,270500,电子,002861.SZ,瀛通通讯,电子,both,agree
002862,2021-07-30 00:00:00,360502,2021-07-31 16:18:00,360000,360500,轻工制造,002862.SZ,实丰文化,轻工制造,both,agree
002863,2021-07-30 00:00:00,280204,2025-01-08 14:36:00,280000,280200,汽车,002863.SZ,今飞凯达,汽车,both,agree
002864,2017-11-08 14:10:00,370201,2020-12-04 14:32:00,370000,370200,医药生物,002864.SZ,盘龙药业,医药生物,both,agree
002865,2022-07-29 00:00:00,630502,2025-12-10 10:17:00,630000,630500,电力设备,002865.SZ,钧达股份,电力设备,both,agree
002866,2021-07-30 00:00:00,270504,2023-04-25 09:31:00,270000,270500,电子,002866.SZ,传艺科技,电子,both,agree
002867,2021-07-30 00:00:00,350301,2024-12-04 10:24:00,350000,350300,纺织服饰,002867.SZ,周大生,纺织服饰,both,agree
002868,2017-04-19 16:42:00,110801,2019-08-09 15:39:00,110000,110800,农林牧渔,002868.SZ,绿康生化,农林牧渔,both,agree
002869,2024-07-30 12:45:00,710103,2025-01-08 14:36:00,710000,710100,计算机,002869.SZ,金溢科技,计算机,both,agree
002870,2022-07-29 00:00:00,280206,2025-01-08 14:36:00,280000,280200,汽车,002870.SZ,香山股份,汽车,both,agree
002871,2021-07-30 00:00:00,640108,2025-10-15 10:57:00,640000,640100,机械设备,002871.SZ,伟隆股份,机械设备,both,agree
002872,2022-07-29 00:00:00,370102,2022-07-29 11:54:00,370000,370100,医药生物,002872.SZ,ST天圣,医药生物,both,agree
002873,2017-05-11 13:40:00,370201,2020-12-04 14:32:00,370000,370200,医药生物,002873.SZ,新天药业,医药生物,both,agree
002875,2021-07-30 00:00:00,350209,2022-07-01 14:06:00,350000,350200,纺织服饰,002875.SZ,安奈儿,纺织服饰,both,agree
002876,2017-05-22 13:45:00,270301,2018-06-20 15:07:00,270000,270300,电子,002876.SZ,三利谱,电子,both,agree
002877,2021-07-30 00:00:00,640108,2025-10-15 10:57:00,640000,640100,机械设备,002877.SZ,智能自控,机械设备,both,agree
002878,2022-07-29 00:00:00,720501,2025-10-15 10:57:00,720000,720500,传媒,002878.SZ,元隆雅图,传媒,both,agree
002879,2021-07-30 00:00:00,630805,2025-10-15 10:57:00,630000,630800,电力设备,002879.SZ,长缆科技,电力设备,both,agree
002880,2021-07-30 00:00:00,370302,2021-07-31 16:18:00,370000,370300,医药生物,002880.SZ,卫光生物,医药生物,both,agree
002881,2024-07-30 12:45:00,730206,2026-06-01 14:47:00,730000,730200,通信,002881.SZ,美格智能,通信,both,agree
002882,2021-07-30 00:00:00,630805,2025-10-15 10:57:00,630000,630800,电力设备,002882.SZ,金龙羽,电力设备,both,agree
002883,2021-07-30 00:00:00,620601,2021-07-31 16:18:00,620000,620600,建筑装饰,002883.SZ,*ST中设,建筑装饰,both,agree
002884,2017-07-12 01:47:00,640106,2024-06-27 21:29:00,640000,640100,机械设备,002884.SZ,凌霄泵业,机械设备,both,agree
002885,2022-07-29 00:00:00,270401,2023-04-25 09:31:00,270000,270400,电子,002885.SZ,京泉华,电子,both,agree
002886,2017-06-20 10:05:00,220503,2019-08-09 15:39:00,220000,220500,基础化工,002886.SZ,沃特股份,基础化工,both,agree
002887,2021-07-30 00:00:00,760104,2025-10-15 10:57:00,760000,760100,环保,002887.SZ,绿茵生态,环保,both,agree
002888,2021-07-30 00:00:00,270503,2023-04-25 09:31:00,270000,270500,电子,002888.SZ,惠威科技,电子,both,agree
002889,2021-07-30 00:00:00,420803,2025-10-15 10:57:00,420000,420800,交通运输,002889.SZ,东方嘉盛,交通运输,both,agree
002890,2017-07-26 21:06:00,640207,2019-08-09 15:39:00,640000,640200,机械设备,002890.SZ,弘宇股份,机械设备,both,agree
002891,2021-07-30 00:00:00,110404,2023-01-17 13:05:00,110000,110400,农林牧渔,002891.SZ,中宠股份,农林牧渔,both,agree
002892,2017-08-07 22:19:00,630101,2020-12-04 14:32:00,630000,630100,电力设备,002892.SZ,科力尔,电力设备,both,agree
002893,2017-08-15 17:50:00,410104,2019-08-09 15:38:00,410000,410100,公用事业,002893.SZ,京能热力,公用事业,both,agree
002895,2021-07-30 00:00:00,220802,2024-01-19 10:59:00,220000,220800,基础化工,002895.SZ,川恒股份,基础化工,both,agree
002896,2021-07-30 00:00:00,640108,2025-10-15 10:57:00,640000,640100,机械设备,002896.SZ,中大力德,机械设备,both,agree
002897,2021-07-30 00:00:00,730204,2026-06-01 14:47:00,730000,730200,通信,002897.SZ,意华股份,通信,both,agree
002898,2026-07-01 10:24:00,710103,2026-07-01 10:24:00,710000,710100,计算机,002898.SZ,赛隆退(退市),计算机,both,agree
002899,2021-07-30 00:00:00,360502,2021-11-01 14:28:00,360000,360500,轻工制造,002899.SZ,英派斯,轻工制造,both,agree
002900,2017-09-07 14:54:00,370102,2020-12-04 14:32:00,370000,370100,医药生物,002900.SZ,哈三联,医药生物,both,agree
002901,2021-07-30 00:00:00,370503,2021-07-31 16:18:00,370000,370500,医药生物,002901.SZ,大博医疗,医药生物,both,agree
002902,2021-07-30 00:00:00,730204,2026-06-01 14:47:00,730000,730200,通信,002902.SZ,铭普光磁,通信,both,agree
002903,2017-09-25 10:46:00,640101,2019-08-09 15:39:00,640000,640100,机械设备,002903.SZ,宇环数控,机械设备,both,agree
002905,2021-07-30 00:00:00,720602,2025-10-15 10:57:00,720000,720600,传媒,002905.SZ,金逸影视,传媒,both,agree
002906,2021-07-30 00:00:00,280206,2026-04-14 11:02:00,280000,280200,汽车,002906.SZ,华阳集团,汽车,both,agree
002907,2017-10-10 13:31:00,370201,2020-12-04 14:32:00,370000,370200,医药生物,002907.SZ,华森制药,医药生物,both,agree
002908,2023-05-22 00:00:00,710301,2023-06-20 18:08:00,710000,710300,计算机,002908.SZ,德生科技,计算机,both,agree
002909,2021-07-30 00:00:00,220316,2021-07-31 16:18:00,220000,220300,基础化工,002909.SZ,集泰股份,基础化工,both,agree
002910,2021-07-30 00:00:00,340702,2021-07-31 16:18:00,340000,340700,食品饮料,002910.SZ,庄园牧场,食品饮料,both,agree
002911,2017-11-08 14:10:00,410301,2019-08-09 15:39:00,410000,410300,公用事业,002911.SZ,佛燃能源,公用事业,both,agree
002912,2021-07-30 00:00:00,710103,2026-06-01 14:47:00,710000,710100,计算机,002912.SZ,中新赛克,计算机,both,agree
002913,2017-11-21 13:27:00,270202,2019-08-09 15:38:00,270000,270200,电子,002913.SZ,奥士康,电子,both,agree
002915,2017-11-21 13:41:00,220311,2019-08-09 15:39:00,220000,220300,基础化工,002915.SZ,中欣氟材,基础化工,both,agree
002916,2017-12-08 15:01:00,270202,2021-03-03 15:32:00,270000,270200,电子,002916.SZ,深南电路,电子,both,agree
002917,2017-12-08 15:01:00,220307,2019-08-09 15:39:00,220000,220300,基础化工,002917.SZ,金奥博,基础化工,both,agree
002918,2021-07-30 00:00:00,360306,2025-01-24 16:29:00,360000,360300,轻工制造,002918.SZ,蒙娜丽莎,轻工制造,both,agree
002919,2023-09-15 00:00:00,720401,2025-10-15 10:57:00,720000,720400,传媒,002919.SZ,名臣健康,传媒,both,agree
002920,2021-07-30 00:00:00,710401,2023-04-03 14:29:00,710000,710400,计算机,002920.SZ,德赛西威,计算机,both,agree
002921,2021-07-30 00:00:00,280205,2025-01-08 14:36:00,280000,280200,汽车,002921.SZ,联诚精密,汽车,both,agree
002922,2021-07-30 00:00:00,270401,2023-04-25 09:31:00,270000,270400,电子,002922.SZ,伊戈尔,电子,both,agree
002923,2017-12-20 21:55:00,370102,2020-12-04 14:32:00,370000,370100,医药生物,002923.SZ,润都股份,医药生物,both,agree
002925,2021-07-30 00:00:00,270504,2026-09-24 11:02:00,270000,270500,电子,002925.SZ,盈趣科技,电子,both,agree
002926,2018-01-29 19:37:00,490101,2021-03-03 15:36:00,490000,490100,非银金融,002926.SZ,华西证券,非银金融,both,agree
002927,2021-07-30 00:00:00,630802,2025-10-15 10:57:00,630000,630800,电力设备,002927.SZ,泰永长征,电力设备,both,agree
002928,2021-07-30 00:00:00,421001,2025-10-15 10:57:00,420000,421000,交通运输,002928.SZ,华夏航空,交通运输,both,agree
002929,2021-07-30 00:00:00,730103,2026-06-01 14:47:00,730000,730100,通信,002929.SZ,润建股份,通信,both,agree
002930,2021-07-30 00:00:00,420806,2025-10-15 10:57:00,420000,420800,交通运输,002930.SZ,宏川智慧,交通运输,both,agree
002931,2021-07-30 00:00:00,640108,2025-10-15 10:57:00,640000,640100,机械设备,002931.SZ,锋龙股份,机械设备,both,agree
002932,2021-07-30 00:00:00,370504,2021-07-31 16:18:00,370000,370500,医药生物,002932.SZ,*ST明德,医药生物,both,agree
002933,2018-08-09 16:43:00,650201,2019-08-09 15:39:00,650000,650200,国防军工,002933.SZ,新兴装备,国防军工,both,agree
002935,2021-07-30 00:00:00,650501,2025-10-15 10:57:00,650000,650500,国防军工,002935.SZ,天奥电子,国防军工,both,agree
002936,2021-07-30 00:00:00,480401,2021-07-31 16:18:00,480000,480400,银行,002936.SZ,郑州银行,银行,both,agree
002937,2024-07-30 12:45:00,280206,2025-01-08 14:36:00,280000,280200,汽车,002937.SZ,兴瑞科技,汽车,both,agree
002938,2018-09-18 14:51:00,270202,2021-03-03 15:32:00,270000,270200,电子,002938.SZ,鹏鼎控股,电子,both,agree
002939,2018-09-18 14:53:00,490101,2021-03-03 15:36:00,490000,490100,非银金融,002939.SZ,长城证券,非银金融,both,agree
002940,2018-10-12 15:48:00,370102,2020-12-04 14:32:00,370000,370100,医药生物,002940.SZ,昂利康,医药生物,both,agree
002941,2021-07-30 00:00:00,620306,2021-07-31 16:18:00,620000,620300,建筑装饰,002941.SZ,新疆交建,建筑装饰,both,agree
002942,2021-07-30 00:00:00,220803,2021-07-31 16:18:00,220000,220800,基础化工,002942.SZ,新农股份,基础化工,both,agree
002943,2018-11-28 11:33:00,640101,2019-08-09 15:39:00,640000,640100,机械设备,002943.SZ,宇晶股份,机械设备,both,agree
002945,2018-12-11 15:40:00,490101,2021-03-03 15:36:00,490000,490100,非银金融,002945.SZ,华林证券,非银金融,both,agree
002946,2021-07-30 00:00:00,340702,2026-07-03 16:36:00,340000,340700,食品饮料,002946.SZ,新乳业,食品饮料,both,agree
002947,2021-07-30 00:00:00,270504,2023-04-25 09:31:00,270000,270500,电子,002947.SZ,恒铭达,电子,both,agree
002948,2021-07-30 00:00:00,480401,2026-09-03 16:02:00,480000,480400,银行,002948.SZ,青岛银行,银行,both,agree
002949,2021-07-30 00:00:00,620601,2023-05-29 14:32:00,620000,620600,建筑装饰,002949.SZ,华阳国际,建筑装饰,both,agree
002950,2021-07-30 00:00:00,370503,2021-07-31 16:18:00,370000,370500,医药生物,002950.SZ,奥美医疗,医药生物,both,agree
002951,2025-08-11 17:30:00,630306,2025-08-11 17:30:00,630000,630300,电力设备,002951.SZ,金时科技,电力设备,both,agree
002952,2019-03-18 08:56:00,270301,2019-08-09 15:38:00,270000,270300,电子,002952.SZ,亚世光电,电子,both,agree
002953,2021-07-30 00:00:00,630805,2025-10-15 10:57:00,630000,630800,电力设备,002953.SZ,日丰股份,电力设备,both,agree
002955,2019-05-06 14:46:00,270301,2020-09-30 09:59:00,270000,270300,电子,002955.SZ,鸿合科技,电子,both,agree
002956,2021-07-30 00:00:00,340802,2021-07-31 16:18:00,340000,340800,食品饮料,002956.SZ,西麦食品,食品饮料,both,agree
002957,2021-07-30 00:00:00,640702,2025-10-15 10:57:00,640000,640700,机械设备,002957.SZ,科瑞技术,机械设备,both,agree
002958,2021-07-30 00:00:00,480501,2021-07-31 16:18:00,480000,480500,银行,002958.SZ,青农商行,银行,both,agree
002959,2021-07-30 00:00:00,330301,2023-01-09 16:22:00,330000,330300,家用电器,002959.SZ,小熊电器,家用电器,both,agree
002960,2019-07-24 14:07:00,640204,2019-08-02 14:22:00,640000,640200,机械设备,002960.SZ,青鸟智控,机械设备,both,agree
002961,2021-07-30 00:00:00,490303,2021-07-31 16:18:00,490000,490300,非银金融,002961.SZ,瑞达期货,非银金融,both,agree
002962,2019-09-02 09:38:00,270303,2019-09-06 14:57:00,270000,270300,电子,002962.SZ,五方光电,电子,both,agree
002963,2019-09-19 09:23:00,620201,2019-10-17 14:29:00,620000,620200,建筑装饰,002963.SZ,豪尔赛,建筑装饰,both,agree
002965,2022-07-29 00:00:00,280205,2025-01-08 14:36:00,280000,280200,汽车,002965.SZ,祥鑫科技,汽车,both,agree
002966,2021-07-30 00:00:00,480401,2024-01-23 13:19:00,480000,480400,银行,002966.SZ,苏州银行,银行,both,agree
002967,2021-07-30 00:00:00,460802,2025-10-15 10:57:00,460000,460800,社会服务,002967.SZ,广电计量,社会服务,both,agree
002968,2021-07-30 00:00:00,430301,2025-01-24 16:29:00,430000,430300,房地产,002968.SZ,新大正,房地产,both,agree
002969,2021-07-30 00:00:00,360203,2021-07-31 16:18:00,360000,360200,轻工制造,002969.SZ,嘉美包装,轻工制造,both,agree
002970,2021-07-30 00:00:00,710103,2026-02-24 11:45:00,710000,710100,计算机,002970.SZ,锐明技术,计算机,both,agree
002971,2019-12-05 11:38:00,220309,2020-01-09 09:25:00,220000,220300,基础化工,002971.SZ,和远气体,基础化工,both,agree
002972,2019-12-12 13:30:00,640501,2020-01-09 09:26:00,640000,640500,机械设备,002972.SZ,科安达,机械设备,both,agree
002973,2021-07-30 00:00:00,760103,2025-10-15 10:57:00,760000,760100,环保,002973.SZ,侨银股份,环保,both,agree
002975,2021-07-30 00:00:00,640702,2025-10-15 10:57:00,640000,640700,机械设备,002975.SZ,博杰股份,机械设备,both,agree
002976,2022-07-01 00:00:00,280205,2022-07-01 17:22:00,280000,280200,汽车,002976.SZ,瑞玛精密,汽车,both,agree
002977,2021-07-30 00:00:00,650501,2025-10-15 10:57:00,650000,650500,国防军工,002977.SZ,*ST天箭,国防军工,both,agree
002978,2021-07-30 00:00:00,240504,2025-01-08 14:36:00,240000,240500,有色金属,002978.SZ,安宁股份,有色金属,both,agree
002979,2021-07-30 00:00:00,640701,2025-10-15 10:57:00,640000,640700,机械设备,002979.SZ,雷赛智能,机械设备,both,agree
002980,2021-07-30 00:00:00,630804,2025-10-15 10:57:00,630000,630800,电力设备,002980.SZ,华盛昌,电力设备,both,agree
002981,2021-07-30 00:00:00,270504,2023-04-25 09:31:00,270000,270500,电子,002981.SZ,朝阳科技,电子,both,agree
002982,2021-07-30 00:00:00,110703,2025-01-24 16:29:00,110000,110700,农林牧渔,002982.SZ,湘佳股份,农林牧渔,both,agree
002983,2020-04-13 08:53:00,270302,2020-05-18 11:01:00,270000,270300,电子,002983.SZ,芯瑞达,电子,both,agree
002984,2021-07-30 00:00:00,280204,2025-09-26 17:00:00,280000,280200,汽车,002984.SZ,森麒麟,汽车,both,agree
002985,2020-04-13 08:53:00,650201,2020-05-18 10:58:00,650000,650200,国防军工,002985.SZ,北摩高科,国防军工,both,agree
002986,2021-07-30 00:00:00,750303,2023-09-01 11:13:00,750000,750300,石油石化,002986.SZ,宇新股份,石油石化,both,agree
002987,2021-07-30 00:00:00,710401,2021-07-31 16:18:00,710000,710400,计算机,002987.SZ,京北方,计算机,both,agree
002988,2020-05-05 19:51:00,240301,2020-05-18 11:00:00,240000,240300,有色金属,002988.SZ,豪美新材,有色金属,both,agree
002989,2020-05-05 19:51:00,620201,2020-05-18 11:02:00,620000,620200,建筑装饰,002989.SZ,中天精装,建筑装饰,both,agree
002990,2021-07-30 00:00:00,710103,2021-07-31 16:18:00,710000,710100,计算机,002990.SZ,盛视科技,计算机,both,agree
002991,2021-07-30 00:00:00,340801,2025-09-11 10:52:00,340000,340800,食品饮料,002991.SZ,甘源食品,食品饮料,both,agree
002992,2022-07-29 00:00:00,270302,2023-04-25 09:31:00,270000,270300,电子,002992.SZ,宝明科技,电子,both,agree
002993,2021-07-30 00:00:00,270504,2023-11-18 22:01:00,270000,270500,电子,002993.SZ,奥海科技,电子,both,agree
002995,2021-07-30 00:00:00,720501,2025-10-15 10:57:00,720000,720500,传媒,002995.SZ,天地在线,传媒,both,agree
002996,2020-08-14 14:55:00,240301,2020-08-17 10:59:00,240000,240300,有色金属,002996.SZ,顺博合金,有色金属,both,agree
002997,2021-07-30 00:00:00,280205,2025-01-08 14:36:00,280000,280200,汽车,002997.SZ,瑞鹄模具,汽车,both,agree
002998,2020-08-21 23:01:00,220401,2020-09-08 13:05:00,220000,220400,基础化工,002998.SZ,优彩资源,基础化工,both,agree
002999,2021-07-30 00:00:00,220805,2021-07-31 16:18:00,220000,220800,基础化工,002999.SZ,天禾股份,基础化工,both,agree
003000,2021-07-30 00:00:00,340801,2025-01-06 17:44:00,340000,340800,食品饮料,003000.SZ,劲仔食品,食品饮料,both,agree
003001,2020-08-31 09:43:00,620404,2020-09-08 13:11:00,620000,620400,建筑装饰,003001.SZ,中岩大地,建筑装饰,both,agree
003002,2020-09-04 10:01:00,220307,2020-09-08 13:05:00,220000,220300,基础化工,003002.SZ,壶化股份,基础化工,both,agree
003003,2021-07-30 00:00:00,360206,2021-07-31 16:18:00,360000,360200,轻工制造,003003.SZ,天元股份,轻工制造,both,agree
003004,2021-07-30 00:00:00,710102,2021-07-31 16:18:00,710000,710100,计算机,003004.SZ,声迅股份,计算机,both,agree
003005,2021-07-30 00:00:00,710301,2021-07-31 16:18:00,710000,710300,计算机,003005.SZ,竞业达,计算机,both,agree
003006,2021-07-30 00:00:00,770101,2023-06-28 18:51:00,770000,770100,美容护理,003006.SZ,百亚股份,美容护理,both,agree
003007,2021-07-30 00:00:00,710401,2021-07-31 16:18:00,710000,710400,计算机,003007.SZ,直真科技,计算机,both,agree
003008,2021-07-30 00:00:00,460802,2022-10-11 14:52:00,460000,460800,社会服务,003008.SZ,开普检测,社会服务,both,agree
003009,2020-09-09 13:55:00,650101,2020-09-25 15:09:00,650000,650100,国防军工,003009.SZ,中天火箭,国防军工,both,agree
003010,2021-07-30 00:00:00,450603,2026-01-26 16:15:00,450000,450600,商贸零售,003010.SZ,若羽臣,商贸零售,both,agree
003011,2021-07-30 00:00:00,360306,2021-07-31 16:18:00,360000,360300,轻工制造,003011.SZ,海象新材,轻工制造,both,agree
003012,2021-07-30 00:00:00,360306,2025-01-24 17:36:00,360000,360300,轻工制造,003012.SZ,东鹏控股,轻工制造,both,agree
003013,2021-07-30 00:00:00,620601,2021-07-31 16:18:00,620000,620600,建筑装饰,003013.SZ,地铁设计,建筑装饰,both,agree
003015,2020-09-30 13:26:00,270303,2020-11-02 15:25:00,270000,270300,电子,003015.SZ,日久光电,电子,both,agree
003016,2021-07-30 00:00:00,350209,2025-01-24 16:29:00,350000,350200,纺织服饰,003016.SZ,欣贺股份,纺织服饰,both,agree
003017,2020-10-16 16:00:00,220203,2020-11-02 15:24:00,220000,220200,基础化工,003017.SZ,大洋生物,基础化工,both,agree
003018,2021-07-30 00:00:00,360204,2026-06-18 15:45:00,360000,360200,轻工制造,003018.SZ,金富科技,轻工制造,both,agree
003019,2020-10-29 15:23:00,270301,2020-11-02 15:25:00,270000,270300,电子,003019.SZ,宸展光电,电子,both,agree
003020,2020-11-10 10:05:00,370102,2021-07-20 13:04:00,370000,370100,医药生物,003020.SZ,立方制药,医药生物,both,agree
003021,2020-11-25 14:39:00,630101,2021-06-02 09:58:00,630000,630100,电力设备,003021.SZ,兆威机电,电力设备,both,agree
003022,2021-07-30 00:00:00,630504,2025-10-15 10:57:00,630000,630500,电力设备,003022.SZ,联泓新科,电力设备,both,agree
003023,2024-07-30 12:45:00,330303,2024-07-30 12:45:00,330000,330300,家用电器,003023.SZ,彩虹集团,家用电器,both,agree
003025,2020-12-01 13:53:00,640101,2021-06-05 15:11:00,640000,640100,机械设备,003025.SZ,思进智能,机械设备,both,agree
003026,2020-12-05 11:13:00,270103,2020-12-31 09:49:00,270000,270100,电子,003026.SZ,中晶科技,电子,both,agree
003027,2021-07-30 00:00:00,760101,2025-10-15 10:57:00,760000,760100,环保,003027.SZ,同兴科技,环保,both,agree
003028,2024-07-30 12:45:00,330601,2025-01-08 14:36:00,330000,330600,家用电器,003028.SZ,振邦智能,家用电器,both,agree
003029,2021-07-30 00:00:00,710401,2021-07-31 16:18:00,710000,710400,计算机,003029.SZ,吉大正元,计算机,both,agree
003030,2021-07-30 00:00:00,110504,2021-07-31 16:18:00,110000,110500,农林牧渔,003030.SZ,祖名股份,农林牧渔,both,agree
003031,2021-07-30 00:00:00,730206,2026-06-01 14:47:00,730000,730200,通信,003031.SZ,中瓷电子,通信,both,agree
003032,2021-07-30 00:00:00,461102,2022-05-10 15:08:00,460000,461100,社会服务,003032.SZ,传智教育,社会服务,both,agree
003033,2021-07-30 00:00:00,280402,2025-01-08 14:36:00,280000,280400,汽车,003033.SZ,征和工业,汽车,both,agree
003035,2021-07-30 00:00:00,410110,2025-10-15 10:57:00,410000,410100,公用事业,003035.SZ,南网能源,公用事业,both,agree
003036,2021-02-04 11:20:00,640206,2021-03-04 13:03:00,640000,640200,机械设备,003036.SZ,泰坦股份,机械设备,both,agree
003037,2022-07-29 00:00:00,610102,2023-12-07 10:03:00,610000,610100,建筑材料,003037.SZ,三和管桩,建筑材料,both,agree
003038,2021-01-29 22:07:00,240301,2021-03-04 13:15:00,240000,240300,有色金属,003038.SZ,鑫铂股份,有色金属,both,agree
003039,2021-07-30 00:00:00,760102,2025-10-15 10:57:00,760000,760100,环保,003039.SZ,顺控发展,环保,both,agree
003040,2021-07-30 00:00:00,730206,2026-06-01 14:47:00,730000,730200,通信,003040.SZ,楚天龙,通信,both,agree
003041,2021-03-20 10:42:00,350206,2021-04-12 13:56:00,350000,350200,纺织服饰,003041.SZ,真爱美家,纺织服饰,both,agree
003042,2021-07-30 00:00:00,220803,2021-07-31 16:18:00,220000,220800,基础化工,003042.SZ,中农联合,基础化工,both,agree
003043,2021-07-30 00:00:00,270108,2023-04-25 09:31:00,270000,270100,电子,003043.SZ,华亚智能,电子,both,agree
003816,2021-07-30 00:00:00,410108,2025-10-15 10:57:00,410000,410100,公用事业,003816.SZ,中国广核,公用事业,both,agree
300001,2021-07-30 00:00:00,630801,2025-10-15 10:57:00,630000,630800,电力设备,300001.SZ,特锐德,电力设备,both,agree
300002,2021-07-30 00:00:00,720401,2026-04-02 13:26:00,720000,720400,传媒,300002.SZ,神州泰岳,传媒,both,agree
300003,2021-07-30 00:00:00,370503,2021-07-31 16:18:00,370000,370500,医药生物,300003.SZ,乐普医疗,医药生物,both,agree
300004,2014-02-21 00:00:00,640209,2024-09-27 12:41:00,640000,640200,机械设备,300004.SZ,南风股份,机械设备,both,agree
300005,2021-07-30 00:00:00,350208,2026-01-26 16:15:00,350000,350200,纺织服饰,300005.SZ,探路者,纺织服饰,both,agree
300006,2009-01-22 00:00:00,370102,2015-10-27 15:29:00,370000,370100,医药生物,300006.SZ,莱美药业,医药生物,both,agree
300007,2021-07-30 00:00:00,640107,2025-10-15 10:57:00,640000,640100,机械设备,300007.SZ,汉威科技,机械设备,both,agree
300008,2014-02-21 00:00:00,650401,2024-09-27 12:41:00,650000,650400,国防军工,300008.SZ,天海防务,国防军工,both,agree
300009,2021-07-30 00:00:00,370304,2021-07-31 16:18:00,370000,370300,医药生物,300009.SZ,安科生物,医药生物,both,agree
300010,2022-07-29 00:00:00,461103,2024-04-01 15:29:00,460000,461100,社会服务,300010.SZ,ST豆神,社会服务,both,agree
300011,2021-07-30 00:00:00,640501,2025-10-15 10:57:00,640000,640500,机械设备,300011.SZ,鼎汉技术,机械设备,both,agree
300012,2021-07-30 00:00:00,460802,2025-10-15 10:57:00,460000,460800,社会服务,300012.SZ,华测检测,社会服务,both,agree
300013,2021-07-30 00:00:00,420803,2025-10-15 10:57:00,420000,420800,交通运输,300013.SZ,新宁物流,交通运输,both,agree
300014,2021-07-30 00:00:00,630701,2025-10-15 10:57:00,630000,630700,电力设备,300014.SZ,亿纬锂能,电力设备,both,agree
300015,2021-07-30 00:00:00,370604,2021-07-31 16:18:00,370000,370600,医药生物,300015.SZ,爱尔眼科,医药生物,both,agree
300016,2009-01-12 00:00:00,370102,2015-10-27 15:28:00,370000,370100,医药生物,300016.SZ,北陆药业,医药生物,both,agree
300017,2021-07-30 00:00:00,710301,2026-06-01 14:47:00,710000,710300,计算机,300017.SZ,网宿科技,计算机,both,agree
300018,2021-07-30 00:00:00,630803,2025-10-15 10:57:00,630000,630800,电力设备,300018.SZ,中元股份,电力设备,both,agree
300019,2021-07-30 00:00:00,220316,2021-07-31 16:18:00,220000,220300,基础化工,300019.SZ,硅宝科技,基础化工,both,agree
300020,2021-07-30 00:00:00,710301,2021-07-31 16:18:00,710000,710300,计算机,300020.SZ,ST银江,计算机,both,agree
300021,2021-07-30 00:00:00,110901,2024-05-27 10:52:00,110000,110900,农林牧渔,300021.SZ,大禹节水,农林牧渔,both,agree
300022,2014-02-21 00:00:00,450401,2024-09-27 12:41:00,450000,450400,商贸零售,300022.SZ,吉峰科技,商贸零售,both,agree
300023,2021-07-30 00:00:00,490302,2021-07-31 16:18:00,490000,490300,非银金融,,,,left_only,only_sw
300024,2021-07-30 00:00:00,640701,2025-10-15 10:57:00,640000,640700,机械设备,300024.SZ,机器人,机械设备,both,agree
300025,2021-07-30 00:00:00,730103,2026-06-01 14:47:00,730000,730100,通信,300025.SZ,华星创业,通信,both,agree
300026,2017-06-29 00:00:00,370201,2020-12-04 14:32:00,370000,370200,医药生物,300026.SZ,红日药业,医药生物,both,agree
300027,2021-07-30 00:00:00,720601,2025-10-15 10:57:00,720000,720600,传媒,300027.SZ,ST华谊,传媒,both,agree
300028,2014-02-21 00:00:00,730201,2024-09-27 12:41:00,730000,730200,通信,,,,left_only,only_sw
300029,2022-07-29 00:00:00,620404,2022-07-29 11:54:00,620000,620400,建筑装饰,300029.SZ,天龙退(退市),建筑装饰,both,agree
300030,2021-07-30 00:00:00,370502,2021-07-31 16:18:00,370000,370500,医药生物,300030.SZ,阳普医疗,医药生物,both,agree
300031,2021-07-30 00:00:00,720401,2025-10-15 10:57:00,720000,720400,传媒,300031.SZ,宝通科技,传媒,both,agree
300032,2021-07-30 00:00:00,270504,2023-04-25 09:31:00,270000,270500,电子,300032.SZ,金龙机电,电子,both,agree
300033,2021-07-30 00:00:00,710401,2021-07-31 16:18:00,710000,710400,计算机,300033.SZ,同花顺,计算机,both,agree
300034,2021-07-30 00:00:00,650201,2025-10-21 15:46:00,650000,650200,国防军工,300034.SZ,钢研高纳,国防军工,both,agree
300035,2021-07-30 00:00:00,630702,2025-10-15 10:57:00,630000,630700,电力设备,300035.SZ,中科电气,电力设备,both,agree
300036,2021-07-30 00:00:00,710402,2026-02-26 16:27:00,710000,710400,计算机,300036.SZ,超图软件,计算机,both,agree
300037,2021-07-30 00:00:00,630702,2024-01-19 09:02:00,630000,630700,电力设备,300037.SZ,新宙邦,电力设备,both,agree
300038,2021-07-30 00:00:00,720501,2021-07-31 16:18:00,720000,720500,传媒,,,,left_only,only_sw
300039,2009-01-25 00:00:00,370201,2015-10-27 15:29:00,370000,370200,医药生物,300039.SZ,上海凯宝,医药生物,both,agree
300040,2024-07-30 12:45:00,410110,2025-10-15 10:57:00,410000,410100,公用事业,300040.SZ,九洲集团,公用事业,both,agree
300041,2021-07-30 00:00:00,220316,2021-07-31 16:18:00,220000,220300,基础化工,300041.SZ,回天新材,基础化工,both,agree
300042,2021-07-30 00:00:00,710103,2021-07-31 16:18:00,710000,710100,计算机,300042.SZ,朗科科技,计算机,both,agree
300043,2021-07-30 00:00:00,720401,2025-10-15 10:57:00,720000,720400,传媒,300043.SZ,星辉娱乐,传媒,both,agree
300044,2021-07-30 00:00:00,710301,2021-07-31 16:18:00,710000,710300,计算机,300044.SZ,*ST赛为,计算机,both,agree
300045,2021-07-30 00:00:00,650501,2025-10-15 10:57:00,650000,650500,国防军工,300045.SZ,华力创通,国防军工,both,agree
300046,2011-01-10 00:00:00,270102,2015-10-27 15:29:00,270000,270100,电子,300046.SZ,台基股份,电子,both,agree
300047,2021-07-30 00:00:00,710401,2021-07-31 16:18:00,710000,710400,计算机,300047.SZ,天源迪科,计算机,both,agree
300048,2021-07-30 00:00:00,640702,2025-10-15 10:57:00,640000,640700,机械设备,300048.SZ,合康新能,机械设备,both,agree
300049,2021-07-30 00:00:00,370502,2025-09-28 10:23:00,370000,370500,医药生物,300049.SZ,福瑞医科,医药生物,both,agree
300050,2026-07-01 10:24:00,461102,2026-07-01 10:24:00,460000,461100,社会服务,300050.SZ,世纪鼎利,社会服务,both,agree
300051,2024-04-08 00:00:00,630502,2025-10-15 10:57:00,630000,630500,电力设备,300051.SZ,琏升科技,电力设备,both,agree
300052,2021-07-30 00:00:00,720401,2025-10-15 10:57:00,720000,720400,传媒,300052.SZ,中青宝,传媒,both,agree
300053,2024-07-30 12:45:00,270104,2025-01-08 14:36:00,270000,270100,电子,300053.SZ,航宇微,电子,both,agree
300054,2021-07-30 00:00:00,270601,2026-09-22 11:03:00,270000,270600,电子,300054.SZ,鼎龙股份,电子,both,agree
300055,2024-07-30 12:45:00,750303,2025-01-08 14:36:00,750000,750300,石油石化,300055.SZ,万邦达,石油石化,both,agree
300056,2021-07-30 00:00:00,760101,2025-10-15 10:57:00,760000,760100,环保,300056.SZ,中创环保,环保,both,agree
300057,2021-07-30 00:00:00,240301,2025-01-08 14:36:00,240000,240300,有色金属,300057.SZ,万顺新材,有色金属,both,agree
300058,2021-07-30 00:00:00,720501,2025-10-15 10:57:00,720000,720500,传媒,300058.SZ,蓝色光标,传媒,both,agree
300059,2020-07-23 00:00:00,490101,2021-03-03 15:32:00,490000,490100,非银金融,300059.SZ,东方财富,非银金融,both,agree
300061,2021-07-30 00:00:00,720501,2025-10-15 10:57:00,720000,720500,传媒,300061.SZ,旗天科技,传媒,both,agree
300062,2021-07-30 00:00:00,630801,2025-10-15 10:57:00,630000,630800,电力设备,300062.SZ,中能电气,电力设备,both,agree
300063,2021-07-30 00:00:00,720501,2025-10-15 10:57:00,720000,720500,传媒,300063.SZ,天龙集团,传媒,both,agree
300064,2014-02-21 00:00:00,640103,2024-09-27 12:41:00,640000,640100,机械设备,,,,left_only,only_sw
300065,2019-07-24 00:00:00,650401,2021-03-04 13:26:00,650000,650400,国防军工,300065.SZ,海兰信,国防军工,both,agree
300066,2021-07-30 00:00:00,640107,2025-10-15 10:57:00,640000,640100,机械设备,300066.SZ,三川智慧,机械设备,both,agree
300067,2010-01-09 00:00:00,220308,2015-10-27 15:28:00,220000,220300,基础化工,300067.SZ,安诺其,基础化工,both,agree
300068,2021-07-30 00:00:00,630705,2025-10-15 10:57:00,630000,630700,电力设备,300068.SZ,ST南都,电力设备,both,agree
300069,2021-07-30 00:00:00,630805,2025-10-15 10:57:00,630000,630800,电力设备,300069.SZ,金利华电,电力设备,both,agree
300070,2021-07-30 00:00:00,760102,2025-10-15 10:57:00,760000,760100,环保,300070.SZ,碧水源,环保,both,agree
300071,2021-07-30 00:00:00,720501,2025-10-15 10:57:00,720000,720500,传媒,300071.SZ,福石控股,传媒,both,agree
300072,2023-08-21 00:00:00,220309,2023-08-21 11:01:00,220000,220300,基础化工,300072.SZ,海新能科,基础化工,both,agree
300073,2021-07-30 00:00:00,630702,2025-10-15 10:57:00,630000,630700,电力设备,300073.SZ,当升科技,电力设备,both,agree
300074,2021-07-30 00:00:00,710401,2021-07-31 16:18:00,710000,710400,计算机,300074.SZ,华平股份,计算机,both,agree
300075,2021-07-30 00:00:00,710401,2021-07-31 16:18:00,710000,710400,计算机,300075.SZ,数字政通,计算机,both,agree
300076,2010-01-22 00:00:00,270301,2015-10-27 15:28:00,270000,270300,电子,300076.SZ,*ST宁视,电子,both,agree
300077,2021-07-30 00:00:00,270104,2023-04-25 09:31:00,270000,270100,电子,300077.SZ,国民技术,电子,both,agree
300078,2021-07-30 00:00:00,710301,2021-07-31 16:18:00,710000,710300,计算机,300078.SZ,思创智联,计算机,both,agree
300079,2021-07-30 00:00:00,710301,2021-07-31 16:18:00,710000,710300,计算机,300079.SZ,数码视讯,计算机,both,agree
300080,2023-07-04 00:00:00,630502,2025-10-15 10:57:00,630000,630500,电力设备,300080.SZ,易成新能,电力设备,both,agree
300081,2021-07-30 00:00:00,730104,2026-06-01 14:47:00,730000,730100,通信,300081.SZ,ST恒信,通信,both,agree
300082,2021-07-30 00:00:00,220204,2021-07-31 16:18:00,220000,220200,基础化工,300082.SZ,奥克股份,基础化工,both,agree
300083,2021-07-30 00:00:00,640702,2025-10-15 10:57:00,640000,640700,机械设备,300083.SZ,创世纪,机械设备,both,agree
300084,2015-07-01 00:00:00,640203,2019-08-09 15:39:00,640000,640200,机械设备,300084.SZ,海默科技,机械设备,both,agree
300085,2021-07-30 00:00:00,710401,2021-07-31 16:18:00,710000,710400,计算机,300085.SZ,银之杰,计算机,both,agree
300086,2010-01-12 00:00:00,370102,2015-10-27 15:29:00,370000,370100,医药生物,300086.SZ,康芝药业,医药生物,both,agree
300087,2010-01-12 00:00:00,110101,2015-10-27 15:29:00,110000,110100,农林牧渔,300087.SZ,ST荃银,农林牧渔,both,agree
300088,2010-01-25 00:00:00,270301,2015-10-27 15:28:00,270000,270300,电子,300088.SZ,长信科技,电子,both,agree
300089,2021-07-30 00:00:00,461102,2021-07-31 16:18:00,460000,461100,社会服务,,,,left_only,only_sw
300090,2013-01-01 00:00:00,410401,2015-10-27 15:29:00,410000,410400,公用事业,,,,left_only,only_sw
300091,2014-02-21 00:00:00,640106,2024-09-27 12:41:00,640000,640100,机械设备,300091.SZ,*ST金灵,机械设备,both,agree
300092,2024-07-30 12:45:00,640203,2025-10-15 10:57:00,640000,640200,机械设备,300092.SZ,科新机电,机械设备,both,agree
300093,2024-07-30 12:45:00,630502,2025-10-15 10:57:00,630000,630500,电力设备,300093.SZ,金刚光伏,电力设备,both,agree
300094,2010-01-29 00:00:00,110202,2015-10-27 15:28:00,110000,110200,农林牧渔,300094.SZ,国联水产,农林牧渔,both,agree
300095,2022-07-29 00:00:00,640203,2025-10-15 10:57:00,640000,640200,机械设备,300095.SZ,华伍股份,机械设备,both,agree
300096,2021-07-30 00:00:00,710301,2021-07-31 16:18:00,710000,710300,计算机,300096.SZ,ST易联众,计算机,both,agree
300097,2021-07-30 00:00:00,640704,2025-10-15 10:57:00,640000,640700,机械设备,300097.SZ,智云股份,机械设备,both,agree
300098,2024-07-30 12:45:00,730204,2026-06-01 14:47:00,730000,730200,通信,300098.SZ,高新兴,通信,both,agree
300099,2014-02-21 00:00:00,640203,2024-09-27 12:41:00,640000,640200,机械设备,300099.SZ,尤洛卡,机械设备,both,agree
300100,2021-07-30 00:00:00,280202,2025-01-08 14:36:00,280000,280200,汽车,300100.SZ,双林股份,汽车,both,agree
300101,2021-07-30 00:00:00,650501,2025-10-15 10:57:00,650000,650500,国防军工,300101.SZ,振芯科技,国防军工,both,agree
300102,2011-10-10 00:00:00,270302,2024-08-12 08:36:00,270000,270300,电子,300102.SZ,乾照光电,电子,both,agree
300103,2014-02-21 00:00:00,640209,2024-09-27 12:41:00,640000,640200,机械设备,300103.SZ,达刚控股,机械设备,both,agree
300104,2014-02-21 00:00:00,720301,2024-09-27 12:41:00,720000,720300,传媒,,,,left_only,only_sw
300105,2025-05-09 11:32:00,760201,2025-10-15 10:57:00,760000,760200,环保,300105.SZ,龙源技术,环保,both,agree
300106,2021-07-30 00:00:00,340702,2024-05-27 10:52:00,340000,340700,食品饮料,300106.SZ,西部牧业,食品饮料,both,agree
300107,2021-07-30 00:00:00,220308,2021-07-31 16:18:00,220000,220300,基础化工,300107.SZ,建新股份,基础化工,both,agree
300108,2017-06-29 00:00:00,370201,2020-12-04 14:32:00,370000,370200,医药生物,,,,left_only,only_sw
300109,2010-01-09 00:00:00,220309,2015-10-27 15:29:00,220000,220300,基础化工,300109.SZ,新开源,基础化工,both,agree
300110,2010-01-10 00:00:00,370102,2015-10-27 15:29:00,370000,370100,医药生物,300110.SZ,华仁药业,医药生物,both,agree
300111,2022-07-29 00:00:00,370102,2022-07-29 11:54:00,370000,370100,医药生物,300111.SZ,向日葵,医药生物,both,agree
300112,2021-07-30 00:00:00,640107,2025-10-15 10:57:00,640000,640100,机械设备,300112.SZ,万讯自控,机械设备,both,agree
300113,2021-07-30 00:00:00,720401,2025-10-15 10:57:00,720000,720400,传媒,300113.SZ,顺网科技,传媒,both,agree
300114,2021-07-30 00:00:00,650501,2025-01-24 17:33:00,650000,650500,国防军工,,,,left_only,only_sw
300115,2021-07-30 00:00:00,270504,2023-04-25 09:31:00,270000,270500,电子,300115.SZ,长盈精密,电子,both,agree
300116,2021-07-30 00:00:00,630701,2022-07-11 13:29:00,630000,630700,电力设备,,,,left_only,only_sw
300117,2021-07-30 00:00:00,620404,2023-12-07 10:03:00,620000,620400,建筑装饰,,,,left_only,only_sw
300118,2021-07-30 00:00:00,630502,2025-12-11 07:09:00,630000,630500,电力设备,300118.SZ,东方日升,电力设备,both,agree
300119,2011-10-10 00:00:00,110801,2020-03-06 13:55:00,110000,110800,农林牧渔,300119.SZ,瑞普生物,农林牧渔,both,agree
300120,2019-07-24 00:00:00,270301,2019-08-09 15:38:00,270000,270300,电子,300120.SZ,经纬辉开,电子,both,agree
300121,2021-07-30 00:00:00,220604,2025-01-24 16:29:00,220000,220600,基础化工,300121.SZ,阳谷华泰,基础化工,both,agree
300122,2021-07-30 00:00:00,370303,2021-07-31 16:18:00,370000,370300,医药生物,300122.SZ,智飞生物,医药生物,both,agree
300123,2021-07-30 00:00:00,650501,2025-10-15 10:57:00,650000,650500,国防军工,300123.SZ,ST亚光,国防军工,both,agree
300124,2021-07-30 00:00:00,640702,2025-10-15 10:57:00,640000,640700,机械设备,300124.SZ,汇川技术,机械设备,both,agree
300125,2021-07-30 00:00:00,410106,2025-10-15 10:57:00,410000,410100,公用事业,300125.SZ,聆达股份,公用事业,both,agree
300126,2014-02-21 00:00:00,640106,2024-09-27 12:41:00,640000,640100,机械设备,300126.SZ,锐奇股份,机械设备,both,agree
300127,2010-01-30 00:00:00,240202,2015-10-27 15:29:00,240000,240200,有色金属,300127.SZ,银河磁体,有色金属,both,agree
300128,2026-07-01 10:24:00,270504,2026-07-01 10:24:00,270000,270500,电子,300128.SZ,锦富技术,电子,both,agree
300129,2021-07-30 00:00:00,630602,2025-10-15 10:57:00,630000,630600,电力设备,300129.SZ,泰胜风能,电力设备,both,agree
300130,2021-07-30 00:00:00,710103,2026-09-23 13:41:00,710000,710100,计算机,300130.SZ,新国都,计算机,both,agree
300131,2022-07-29 00:00:00,270401,2023-04-25 09:31:00,270000,270400,电子,300131.SZ,英唐智控,电子,both,agree
300132,2021-07-30 00:00:00,770201,2024-01-26 14:59:00,770000,770200,美容护理,300132.SZ,诺斯贝尔,美容护理,both,agree
300133,2021-07-30 00:00:00,720601,2025-10-15 10:57:00,720000,720600,传媒,300133.SZ,华策影视,传媒,both,agree
300134,2021-07-30 00:00:00,730204,2026-06-01 14:47:00,730000,730200,通信,300134.SZ,大富科技,通信,both,agree
300135,2021-07-30 00:00:00,750303,2021-07-31 16:18:00,750000,750300,石油石化,300135.SZ,宝利国际,石油石化,both,agree
300136,2021-07-30 00:00:00,270504,2023-04-25 09:31:00,270000,270500,电子,300136.SZ,信维通信,电子,both,agree
300137,2021-07-30 00:00:00,760201,2025-10-15 10:57:00,760000,760200,环保,300137.SZ,先河环保,环保,both,agree
300138,2011-10-10 00:00:00,110504,2015-10-27 15:28:00,110000,110500,农林牧渔,300138.SZ,晨光生物,农林牧渔,both,agree
300139,2022-07-29 00:00:00,240401,2025-01-08 14:36:00,240000,240400,有色金属,300139.SZ,晓程科技,有色金属,both,agree
300140,2024-07-30 12:45:00,760103,2025-10-15 10:57:00,760000,760100,环保,300140.SZ,节能环境,环保,both,agree
300141,2021-07-30 00:00:00,630802,2025-10-15 10:57:00,630000,630800,电力设备,300141.SZ,和顺电气,电力设备,both,agree
300142,2021-07-30 00:00:00,370303,2025-09-17 18:40:00,370000,370300,医药生物,300142.SZ,沃森生物,医药生物,both,agree
300143,2021-07-30 00:00:00,370604,2021-07-31 16:18:00,370000,370600,医药生物,300143.SZ,盈康生命,医药生物,both,agree
300144,2021-07-30 00:00:00,461002,2024-01-23 17:12:00,460000,461000,社会服务,300144.SZ,宋城演艺,社会服务,both,agree
300145,2014-02-21 00:00:00,640106,2024-09-27 12:41:00,640000,640100,机械设备,300145.SZ,南方泵业,机械设备,both,agree
300146,2021-07-30 00:00:00,340407,2026-02-26 16:27:00,340000,340400,食品饮料,300146.SZ,汤臣倍健,食品饮料,both,agree
300147,2010-01-06 00:00:00,370201,2015-10-27 15:29:00,370000,370200,医药生物,300147.SZ,*ST香雪,医药生物,both,agree
300148,2023-07-04 00:00:00,720901,2025-10-15 10:57:00,720000,720900,传媒,300148.SZ,天舟文化,传媒,both,agree
300149,2021-07-30 00:00:00,370603,2021-07-31 16:18:00,370000,370600,医药生物,300149.SZ,睿智医药,医药生物,both,agree
300150,2021-07-30 00:00:00,710301,2021-07-31 16:18:00,710000,710300,计算机,300150.SZ,世纪瑞尔,计算机,both,agree
300151,2017-06-29 00:00:00,640209,2019-08-09 15:39:00,640000,640200,机械设备,300151.SZ,昌红科技,机械设备,both,agree
300152,2021-07-30 00:00:00,760104,2025-10-15 10:57:00,760000,760100,环保,300152.SZ,*ST动力,环保,both,agree
300153,2019-07-24 00:00:00,630306,2020-12-04 14:32:00,630000,630300,电力设备,300153.SZ,科泰电源,电力设备,both,agree
300154,2014-02-21 00:00:00,640106,2024-09-27 12:41:00,640000,640100,机械设备,300154.SZ,瑞凌股份,机械设备,both,agree
300155,2021-07-30 00:00:00,710102,2021-07-31 16:18:00,710000,710100,计算机,300155.SZ,安居宝,计算机,both,agree
300156,2010-01-27 00:00:00,410401,2015-10-27 15:29:00,410000,410400,公用事业,,,,left_only,only_sw
300157,2023-07-04 00:00:00,640106,2025-10-15 10:57:00,640000,640100,机械设备,300157.SZ,新锦动力,机械设备,both,agree
300158,2023-07-04 00:00:00,370201,2023-07-04 15:14:00,370000,370200,医药生物,300158.SZ,振东制药,医药生物,both,agree
300159,2022-07-29 00:00:00,640207,2025-10-15 10:57:00,640000,640200,机械设备,300159.SZ,新研股份,机械设备,both,agree
300160,2021-07-30 00:00:00,330601,2021-07-31 16:18:00,330000,330600,家用电器,300160.SZ,秀强股份,家用电器,both,agree
300161,2014-02-21 00:00:00,640101,2024-09-27 12:41:00,640000,640100,机械设备,300161.SZ,华中数控,机械设备,both,agree
300162,2011-10-10 00:00:00,270302,2015-10-27 15:29:00,270000,270300,电子,300162.SZ,雷曼光电,电子,both,agree
300163,2014-01-01 00:00:00,220309,2019-08-09 15:39:00,220000,220300,基础化工,300163.SZ,先锋新材,基础化工,both,agree
300164,2021-07-30 00:00:00,750202,2022-08-01 16:32:00,750000,750200,石油石化,300164.SZ,通源石油,石油石化,both,agree
300165,2021-07-30 00:00:00,640107,2025-10-15 10:57:00,640000,640100,机械设备,300165.SZ,天瑞仪器,机械设备,both,agree
300166,2021-07-30 00:00:00,710301,2023-06-01 14:03:00,710000,710300,计算机,300166.SZ,东方国信,计算机,both,agree
300167,2021-07-30 00:00:00,710301,2021-07-31 16:18:00,710000,710300,计算机,300167.SZ,ST迪威迅,计算机,both,agree
300168,2021-07-30 00:00:00,710301,2024-04-01 15:28:00,710000,710300,计算机,300168.SZ,万达信息,计算机,both,agree
300169,2014-01-01 00:00:00,220309,2015-10-27 15:29:00,220000,220300,基础化工,300169.SZ,天晟新材,基础化工,both,agree
300170,2021-07-30 00:00:00,710301,2023-06-01 14:03:00,710000,710300,计算机,300170.SZ,汉得信息,计算机,both,agree
300171,2021-07-30 00:00:00,370502,2021-07-31 16:18:00,370000,370500,医药生物,300171.SZ,东富龙,医药生物,both,agree
300172,2021-07-30 00:00:00,760102,2025-10-15 10:57:00,760000,760100,环保,300172.SZ,中电环保,环保,both,agree
300173,2022-07-29 00:00:00,630703,2025-10-15 10:57:00,630000,630700,电力设备,300173.SZ,ST福能,电力设备,both,agree
300174,2011-01-24 00:00:00,220309,2015-10-27 15:29:00,220000,220300,基础化工,300174.SZ,元力股份,基础化工,both,agree
300175,2011-01-27 00:00:00,110501,2015-10-27 15:29:00,110000,110500,农林牧渔,300175.SZ,朗源股份,农林牧渔,both,agree
300176,2021-07-30 00:00:00,280203,2025-01-08 14:36:00,280000,280200,汽车,300176.SZ,鸿特科技,汽车,both,agree
300177,2021-07-30 00:00:00,650501,2025-10-15 10:57:00,650000,650500,国防军工,300177.SZ,中海达,国防军工,both,agree
300178,2021-07-30 00:00:00,461004,2022-02-08 15:57:00,460000,461000,社会服务,,,,left_only,only_sw
300179,2014-02-21 00:00:00,640103,2024-09-27 12:41:00,640000,640100,机械设备,300179.SZ,四方达,机械设备,both,agree
300180,2021-07-30 00:00:00,220501,2021-07-31 16:18:00,220000,220500,基础化工,300180.SZ,华峰超纤,基础化工,both,agree
300181,2011-01-10 00:00:00,370201,2024-08-12 08:35:00,370000,370200,医药生物,300181.SZ,佐力药业,医药生物,both,agree
300182,2021-07-30 00:00:00,720601,2025-10-15 10:57:00,720000,720600,传媒,300182.SZ,捷成股份,传媒,both,agree
300183,2021-07-30 00:00:00,730207,2026-06-01 14:47:00,730000,730200,通信,300183.SZ,东软载波,通信,both,agree
300184,2011-01-10 00:00:00,270401,2015-10-27 15:29:00,270000,270400,电子,300184.SZ,力源信息,电子,both,agree
300185,2021-07-30 00:00:00,630602,2025-10-15 10:57:00,630000,630600,电力设备,300185.SZ,通裕重工,电力设备,both,agree
300186,2011-10-10 00:00:00,110801,2015-10-27 15:28:00,110000,110800,农林牧渔,,,,left_only,only_sw
300187,2022-07-29 00:00:00,760104,2025-10-15 10:57:00,760000,760100,环保,300187.SZ,永清环保,环保,both,agree
300188,2021-07-30 00:00:00,710401,2021-07-31 16:18:00,710000,710400,计算机,300188.SZ,国投智能,计算机,both,agree
300189,2011-01-07 00:00:00,110101,2015-10-27 15:29:00,110000,110100,农林牧渔,300189.SZ,神农种业,农林牧渔,both,agree
300190,2021-07-30 00:00:00,760104,2025-10-15 10:57:00,760000,760100,环保,300190.SZ,维尔利,环保,both,agree
300191,2021-07-30 00:00:00,750202,2023-10-23 16:18:00,750000,750200,石油石化,300191.SZ,潜能恒信,石油石化,both,agree
300192,2021-07-30 00:00:00,461102,2021-07-31 16:18:00,460000,461100,社会服务,300192.SZ,科德教育,社会服务,both,agree
300193,2014-02-21 00:00:00,640106,2024-09-27 12:41:00,640000,640100,机械设备,300193.SZ,佳士科技,机械设备,both,agree
300194,2011-01-14 00:00:00,370102,2015-10-27 15:28:00,370000,370100,医药生物,300194.SZ,福安药业,医药生物,both,agree
300195,2014-02-21 00:00:00,640208,2024-09-27 12:41:00,640000,640200,机械设备,300195.SZ,长荣股份,机械设备,both,agree
300196,2021-07-30 00:00:00,610202,2021-08-04 10:42:00,610000,610200,建筑材料,300196.SZ,长海股份,建筑材料,both,agree
300197,2021-07-30 00:00:00,620307,2021-08-25 10:04:00,620000,620300,建筑装饰,300197.SZ,节能铁汉,建筑装饰,both,agree
300198,2014-02-21 00:00:00,610302,2024-09-27 12:41:00,610000,610300,建筑材料,300198.SZ,*ST纳川,建筑材料,both,agree
300199,2011-01-28 00:00:00,370102,2015-10-27 15:29:00,370000,370100,医药生物,300199.SZ,翰宇药业,医药生物,both,agree
300200,2014-02-21 00:00:00,220313,2024-09-27 12:41:00,220000,220300,基础化工,300200.SZ,高盟新材,基础化工,both,agree
300201,2021-07-30 00:00:00,640601,2025-10-15 10:57:00,640000,640600,机械设备,300201.SZ,海伦哲,机械设备,both,agree
300202,2021-07-30 00:00:00,710103,2021-07-31 16:18:00,710000,710100,计算机,,,,left_only,only_sw
300203,2022-07-29 00:00:00,760201,2025-10-15 10:57:00,760000,760200,环保,300203.SZ,聚光科技,环保,both,agree
300204,2022-07-29 00:00:00,370102,2022-07-29 11:54:00,370000,370100,医药生物,300204.SZ,舒泰神,医药生物,both,agree
300205,2021-07-30 00:00:00,730206,2026-06-01 14:47:00,730000,730200,通信,300205.SZ,*ST天喻,通信,both,agree
300206,2021-07-30 00:00:00,370502,2021-07-31 16:18:00,370000,370500,医药生物,300206.SZ,理邦仪器,医药生物,both,agree
300207,2021-07-30 00:00:00,630701,2025-10-15 10:57:00,630000,630700,电力设备,300207.SZ,欣旺达,电力设备,both,agree
300208,2021-07-30 00:00:00,510101,2024-07-29 11:30:00,510000,510100,综合,,,,left_only,only_sw
300209,2021-07-30 00:00:00,710401,2022-06-02 10:30:00,710000,710400,计算机,300209.SZ,行云科技,计算机,both,agree
300210,2021-07-30 00:00:00,760201,2025-10-15 10:57:00,760000,760200,环保,300210.SZ,森远股份,环保,both,agree
300211,2021-07-30 00:00:00,730103,2026-06-01 14:47:00,730000,730100,通信,300211.SZ,*ST亿通,通信,both,agree
300212,2021-07-30 00:00:00,710301,2024-04-01 15:27:00,710000,710300,计算机,300212.SZ,*ST易录,计算机,both,agree
300213,2021-07-30 00:00:00,730207,2026-06-01 14:47:00,730000,730200,通信,300213.SZ,佳讯飞鸿,通信,both,agree
300214,2022-07-29 00:00:00,220309,2024-03-01 09:48:00,220000,220300,基础化工,300214.SZ,日科化学,基础化工,both,agree
300215,2021-07-30 00:00:00,460802,2022-01-28 13:23:00,460000,460800,社会服务,300215.SZ,电科院,社会服务,both,agree
300216,2019-07-24 00:00:00,640209,2019-08-09 15:39:00,640000,640200,机械设备,,,,left_only,only_sw
300217,2021-07-30 00:00:00,330601,2021-07-31 16:18:00,330000,330600,家用电器,300217.SZ,东方电热,家用电器,both,agree
300218,2021-07-30 00:00:00,220501,2021-07-31 16:18:00,220000,220500,基础化工,300218.SZ,安利股份,基础化工,both,agree
300219,2011-10-10 00:00:00,270302,2015-10-27 15:29:00,270000,270300,电子,300219.SZ,鸿利智汇,电子,both,agree
300220,2026-07-01 10:24:00,640703,2026-07-01 10:24:00,640000,640700,机械设备,300220.SZ,金运激光,机械设备,both,agree
300221,2011-10-10 00:00:00,220503,2019-08-09 15:39:00,220000,220500,基础化工,300221.SZ,银禧科技,基础化工,both,agree
300222,2021-07-30 00:00:00,630803,2025-10-15 10:57:00,630000,630800,电力设备,300222.SZ,科大智能,电力设备,both,agree
300223,2021-07-30 00:00:00,270104,2022-06-01 12:49:00,270000,270100,电子,300223.SZ,君正股份,电子,both,agree
300224,2011-01-23 00:00:00,240202,2015-10-27 15:29:00,240000,240200,有色金属,300224.SZ,正海磁材,有色金属,both,agree
300225,2011-01-23 00:00:00,220305,2015-10-27 15:29:00,220000,220300,基础化工,300225.SZ,金力泰,基础化工,both,agree
300226,2021-07-30 00:00:00,710401,2026-02-26 16:27:00,710000,710400,计算机,300226.SZ,上海钢联,计算机,both,agree
300227,2021-07-30 00:00:00,640703,2025-10-15 10:57:00,640000,640700,机械设备,300227.SZ,光韵达,机械设备,both,agree
300228,2021-07-30 00:00:00,640108,2025-10-15 10:57:00,640000,640100,机械设备,300228.SZ,富瑞特装,机械设备,both,agree
300229,2021-07-30 00:00:00,710401,2021-07-31 16:18:00,710000,710400,计算机,300229.SZ,拓尔思,计算机,both,agree
300230,2011-01-07 00:00:00,220501,2015-10-27 15:29:00,220000,220500,基础化工,300230.SZ,永利股份,基础化工,both,agree
300231,2021-07-30 00:00:00,710301,2021-07-31 16:18:00,710000,710300,计算机,300231.SZ,银信科技,计算机,both,agree
300232,2011-10-10 00:00:00,270302,2015-10-27 15:29:00,270000,270300,电子,300232.SZ,洲明科技,电子,both,agree
300233,2019-07-24 00:00:00,370102,2020-12-04 14:32:00,370000,370100,医药生物,300233.SZ,金城医药,医药生物,both,agree
300234,2014-02-21 00:00:00,610303,2024-09-27 12:41:00,610000,610300,建筑材料,300234.SZ,开尔新材,建筑材料,both,agree
300235,2021-07-30 00:00:00,710401,2021-07-31 16:18:00,710000,710400,计算机,300235.SZ,方直科技,计算机,both,agree
300236,2021-07-30 00:00:00,270601,2021-07-31 16:18:00,270000,270600,电子,300236.SZ,上海新阳,电子,both,agree
300237,2022-07-29 00:00:00,280205,2025-01-08 14:36:00,280000,280200,汽车,300237.SZ,ST美晨,汽车,both,agree
300238,2021-07-30 00:00:00,370503,2021-07-31 16:18:00,370000,370500,医药生物,300238.SZ,冠昊生物,医药生物,both,agree
300239,2021-07-30 00:00:00,370304,2021-07-31 16:18:00,370000,370300,医药生物,300239.SZ,东宝生物,医药生物,both,agree
300240,2021-07-30 00:00:00,420803,2025-10-15 10:57:00,420000,420800,交通运输,300240.SZ,飞力达,交通运输,both,agree
300241,2011-10-10 00:00:00,270302,2015-10-27 15:29:00,270000,270300,电子,300241.SZ,瑞丰光电,电子,both,agree
300242,2021-07-30 00:00:00,720501,2025-10-15 10:57:00,720000,720500,传媒,300242.SZ,佳云科技,传媒,both,agree
300243,2021-07-30 00:00:00,220501,2021-07-31 16:18:00,220000,220500,基础化工,300243.SZ,瑞丰高材,基础化工,both,agree
300244,2021-07-30 00:00:00,370602,2021-07-31 16:18:00,370000,370600,医药生物,300244.SZ,迪安诊断,医药生物,both,agree
300245,2021-07-30 00:00:00,710301,2021-07-31 16:18:00,710000,710300,计算机,300245.SZ,ST天玑,计算机,both,agree
300246,2021-07-30 00:00:00,370502,2021-07-31 16:18:00,370000,370500,医药生物,300246.SZ,宝莱特,医药生物,both,agree
300247,2021-07-30 00:00:00,330701,2021-07-31 16:18:00,330000,330700,家用电器,300247.SZ,融捷健康,家用电器,both,agree
300248,2021-07-30 00:00:00,710103,2021-07-31 16:18:00,710000,710100,计算机,300248.SZ,新开普,计算机,both,agree
300249,2021-07-30 00:00:00,710103,2021-07-31 16:18:00,710000,710100,计算机,300249.SZ,依米康,计算机,both,agree
300250,2021-07-30 00:00:00,710301,2021-07-31 16:18:00,710000,710300,计算机,300250.SZ,初灵信息,计算机,both,agree
300251,2021-07-30 00:00:00,720601,2025-10-15 10:57:00,720000,720600,传媒,300251.SZ,光线传媒,传媒,both,agree
300252,2021-07-30 00:00:00,650501,2025-10-15 10:57:00,650000,650500,国防军工,300252.SZ,金信诺,国防军工,both,agree
300253,2021-07-30 00:00:00,710401,2021-07-31 16:18:00,710000,710400,计算机,300253.SZ,卫宁健康,计算机,both,agree
300254,2011-01-08 00:00:00,370102,2015-10-27 15:29:00,370000,370100,医药生物,300254.SZ,仟源医药,医药生物,both,agree
300255,2021-07-30 00:00:00,370102,2021-07-31 16:18:00,370000,370100,医药生物,300255.SZ,常山药业,医药生物,both,agree
300256,2021-07-30 00:00:00,270504,2023-04-25 09:32:00,270000,270500,电子,300256.SZ,星星科技,电子,both,agree
300257,2014-02-21 00:00:00,640106,2024-09-27 12:41:00,640000,640100,机械设备,300257.SZ,开山股份,机械设备,both,agree
300258,2021-07-30 00:00:00,280203,2025-01-24 16:29:00,280000,280200,汽车,300258.SZ,精锻科技,汽车,both,agree
300259,2021-07-30 00:00:00,640107,2025-10-15 10:57:00,640000,640100,机械设备,300259.SZ,新天科技,机械设备,both,agree
300260,2021-07-30 00:00:00,640108,2025-10-15 10:57:00,640000,640100,机械设备,300260.SZ,新莱应材,机械设备,both,agree
300261,2021-07-30 00:00:00,220803,2021-07-31 16:18:00,220000,220800,基础化工,300261.SZ,雅本化学,基础化工,both,agree
300262,2021-07-30 00:00:00,760102,2022-10-11 14:52:00,760000,760100,环保,,,,left_only,only_sw
300263,2021-07-30 00:00:00,640106,2025-10-15 10:57:00,640000,640100,机械设备,300263.SZ,隆华科技,机械设备,both,agree
300264,2021-07-30 00:00:00,710301,2021-07-31 16:18:00,710000,710300,计算机,300264.SZ,佳创视讯,计算机,both,agree
300265,2021-07-30 00:00:00,630805,2025-10-15 10:57:00,630000,630800,电力设备,300265.SZ,通光线缆,电力设备,both,agree
300266,2021-07-30 00:00:00,760102,2025-10-15 10:57:00,760000,760100,环保,300266.SZ,兴源环境,环保,both,agree
300267,2011-01-15 00:00:00,370101,2015-10-27 15:28:00,370000,370100,医药生物,300267.SZ,尔康制药,医药生物,both,agree
300268,2011-10-10 00:00:00,110504,2019-08-09 15:39:00,110000,110500,农林牧渔,300268.SZ,佳沃食品,农林牧渔,both,agree
300269,2022-07-29 00:00:00,270302,2022-07-29 11:54:00,270000,270300,电子,300269.SZ,联建光电,电子,both,agree
300270,2021-07-30 00:00:00,710102,2021-07-31 16:18:00,710000,710100,计算机,300270.SZ,中威电子,计算机,both,agree
300271,2021-07-30 00:00:00,710301,2023-02-20 17:14:00,710000,710300,计算机,300271.SZ,华宇软件,计算机,both,agree
300272,2024-05-17 00:00:00,330302,2024-05-17 13:15:00,330000,330300,家用电器,300272.SZ,开能健康,家用电器,both,agree
300273,2021-07-30 00:00:00,370502,2021-07-31 16:18:00,370000,370500,医药生物,,,,left_only,only_sw
300274,2021-07-30 00:00:00,630503,2026-06-17 14:33:00,630000,630500,电力设备,300274.SZ,阳光电源,电力设备,both,agree
300275,2022-07-29 00:00:00,710102,2023-07-04 13:40:00,710000,710100,计算机,300275.SZ,梅安森,计算机,both,agree
300276,2021-07-30 00:00:00,640701,2025-10-15 10:57:00,640000,640700,机械设备,300276.SZ,三丰智能,机械设备,both,agree
300277,2021-07-30 00:00:00,710301,2026-06-01 14:22:00,710000,710300,计算机,300277.SZ,汽轮科技,计算机,both,agree
300278,2021-07-30 00:00:00,640702,2025-10-15 10:57:00,640000,640700,机械设备,300278.SZ,华昌达,机械设备,both,agree
300279,2024-07-30 12:45:00,330601,2025-01-08 14:36:00,330000,330600,家用电器,300279.SZ,和晶科技,家用电器,both,agree
300280,2021-07-30 00:00:00,720502,2021-07-31 16:18:00,720000,720500,传媒,,,,left_only,only_sw
300281,2014-02-21 00:00:00,640209,2024-09-27 12:41:00,640000,640200,机械设备,300281.SZ,金明精机,机械设备,both,agree
300282,2021-07-30 00:00:00,461103,2021-07-31 16:18:00,460000,461100,社会服务,,,,left_only,only_sw
300283,2021-07-30 00:00:00,630802,2025-10-15 10:57:00,630000,630800,电力设备,300283.SZ,温州宏丰,电力设备,both,agree
300284,2021-07-30 00:00:00,620601,2022-07-01 14:10:00,620000,620600,建筑装饰,300284.SZ,苏交科,建筑装饰,both,agree
300285,2022-07-29 00:00:00,270601,2025-12-31 11:31:00,270000,270600,电子,300285.SZ,国瓷材料,电子,both,agree
300286,2021-07-30 00:00:00,630804,2025-10-15 10:57:00,630000,630800,电力设备,300286.SZ,安科瑞,电力设备,both,agree
300287,2021-07-30 00:00:00,710301,2021-07-31 16:18:00,710000,710300,计算机,300287.SZ,飞利信,计算机,both,agree
300288,2021-07-30 00:00:00,710301,2021-07-31 16:18:00,710000,710300,计算机,300288.SZ,朗玛信息,计算机,both,agree
300289,2021-07-30 00:00:00,370504,2021-07-31 16:18:00,370000,370500,医药生物,300289.SZ,利德曼,医药生物,both,agree
300290,2021-07-30 00:00:00,710301,2021-07-31 16:18:00,710000,710300,计算机,300290.SZ,ST荣科,计算机,both,agree
300291,2021-07-30 00:00:00,720601,2025-10-15 10:57:00,720000,720600,传媒,300291.SZ,百纳千成,传媒,both,agree
300292,2021-07-30 00:00:00,730104,2026-06-01 14:47:00,730000,730100,通信,300292.SZ,吴通控股,通信,both,agree
300293,2014-02-21 00:00:00,640209,2024-09-27 12:41:00,640000,640200,机械设备,300293.SZ,蓝英装备,机械设备,both,agree
300294,2021-07-30 00:00:00,370302,2021-07-31 16:18:00,370000,370300,医药生物,300294.SZ,博雅生物,医药生物,both,agree
300295,2021-07-30 00:00:00,720704,2025-10-15 10:57:00,720000,720700,传媒,300295.SZ,*ST三六五,传媒,both,agree
300296,2012-01-05 00:00:00,270302,2015-10-27 15:29:00,270000,270300,电子,300296.SZ,利亚德,电子,both,agree
300297,2021-07-30 00:00:00,710301,2021-07-31 16:18:00,710000,710300,计算机,,,,left_only,only_sw
300298,2021-07-30 00:00:00,370502,2023-06-13 14:45:00,370000,370500,医药生物,300298.SZ,三诺生物,医药生物,both,agree
300299,2021-07-30 00:00:00,720401,2025-10-15 10:57:00,720000,720400,传媒,300299.SZ,富春股份,传媒,both,agree
300300,2021-07-30 00:00:00,710301,2021-07-31 16:18:00,710000,710300,计算机,300300.SZ,海峡创新,计算机,both,agree
300301,2012-01-12 00:00:00,270302,2015-10-27 15:28:00,270000,270300,电子,300301.SZ,ST长方,电子,both,agree
300302,2021-07-30 00:00:00,710103,2021-07-31 16:18:00,710000,710100,计算机,300302.SZ,同有科技,计算机,both,agree
300303,2012-01-09 00:00:00,270302,2015-10-27 15:29:00,270000,270300,电子,300303.SZ,聚飞光电,电子,both,agree
300304,2021-07-30 00:00:00,280206,2025-01-08 14:36:00,280000,280200,汽车,300304.SZ,云意电气,汽车,both,agree
300305,2021-07-30 00:00:00,220505,2021-07-31 16:18:00,220000,220500,基础化工,300305.SZ,裕兴股份,基础化工,both,agree
300306,2021-07-30 00:00:00,640107,2025-10-15 10:57:00,640000,640100,机械设备,300306.SZ,远方信息,机械设备,both,agree
300307,2014-02-21 00:00:00,640206,2024-09-27 12:41:00,640000,640200,机械设备,300307.SZ,慈星股份,机械设备,both,agree
300308,2021-07-30 00:00:00,730204,2026-06-01 14:47:00,730000,730200,通信,300308.SZ,中际旭创,通信,both,agree
300309,2021-07-30 00:00:00,490307,2021-07-31 16:18:00,490000,490300,非银金融,,,,left_only,only_sw
300310,2021-07-30 00:00:00,730103,2026-06-01 14:47:00,730000,730100,通信,300310.SZ,宜通世纪,通信,both,agree
300311,2021-07-30 00:00:00,710402,2021-07-31 16:18:00,710000,710400,计算机,300311.SZ,任子行,计算机,both,agree
300312,2021-07-30 00:00:00,730204,2021-07-31 16:18:00,730000,730200,通信,,,,left_only,only_sw
300313,2021-07-30 00:00:00,110704,2024-05-27 10:52:00,110000,110700,农林牧渔,300313.SZ,天山生物,农林牧渔,both,agree
300314,2021-07-30 00:00:00,370502,2021-07-31 16:18:00,370000,370500,医药生物,300314.SZ,戴维医疗,医药生物,both,agree
300315,2021-07-30 00:00:00,720401,2026-04-02 13:26:00,720000,720400,传媒,300315.SZ,掌趣科技,传媒,both,agree
300316,2021-07-30 00:00:00,630505,2025-10-15 10:57:00,630000,630500,电力设备,300316.SZ,晶盛机电,电力设备,both,agree
300317,2021-07-30 00:00:00,410106,2025-10-15 10:57:00,410000,410100,公用事业,300317.SZ,珈伟新能,公用事业,both,agree
300318,2024-07-30 12:45:00,370302,2024-07-30 12:45:00,370000,370300,医药生物,300318.SZ,博晖创新,医药生物,both,agree
300319,2021-07-30 00:00:00,270203,2023-04-25 09:32:00,270000,270200,电子,300319.SZ,麦捷科技,电子,both,agree
300320,2012-01-24 00:00:00,220602,2015-10-27 15:28:00,220000,220600,基础化工,300320.SZ,海达股份,基础化工,both,agree
300321,2021-07-30 00:00:00,220313,2021-07-31 16:18:00,220000,220300,基础化工,300321.SZ,同大股份,基础化工,both,agree
300322,2021-07-30 00:00:00,270504,2023-04-25 09:32:00,270000,270500,电子,300322.SZ,硕贝德,电子,both,agree
300323,2012-01-22 00:00:00,270302,2015-10-27 15:29:00,270000,270300,电子,300323.SZ,华灿光电,电子,both,agree
300324,2021-07-30 00:00:00,710103,2021-07-31 16:18:00,710000,710100,计算机,300324.SZ,旋极信息,计算机,both,agree
300325,2012-01-22 00:00:00,220501,2015-10-27 15:28:00,220000,220500,基础化工,,,,left_only,only_sw
300326,2021-07-30 00:00:00,370503,2021-07-31 16:18:00,370000,370500,医药生物,300326.SZ,ST凯利,医药生物,both,agree
300327,2021-07-30 00:00:00,270104,2025-01-24 16:29:00,270000,270100,电子,300327.SZ,中颖电子,电子,both,agree
300328,2022-07-29 00:00:00,240301,2025-01-08 14:36:00,240000,240300,有色金属,300328.SZ,宜安科技,有色金属,both,agree
300329,2021-07-30 00:00:00,360502,2021-07-31 16:18:00,360000,360500,轻工制造,300329.SZ,海伦钢琴,轻工制造,both,agree
300330,2021-07-30 00:00:00,710103,2021-07-31 16:18:00,710000,710100,计算机,,,,left_only,only_sw
300331,2022-07-29 00:00:00,270303,2022-07-29 11:54:00,270000,270300,电子,300331.SZ,苏大维格,电子,both,agree
300332,2021-07-30 00:00:00,410301,2025-10-15 10:57:00,410000,410300,公用事业,300332.SZ,天壕能源,公用事业,both,agree
300333,2021-07-30 00:00:00,710103,2021-07-31 16:18:00,710000,710100,计算机,300333.SZ,兆日科技,计算机,both,agree
300334,2021-07-30 00:00:00,760102,2025-10-15 10:57:00,760000,760100,环保,300334.SZ,津膜科技,环保,both,agree
300335,2021-07-30 00:00:00,410104,2025-10-15 10:57:00,410000,410100,公用事业,300335.SZ,迪森股份,公用事业,both,agree
300336,2021-07-30 00:00:00,720502,2021-07-31 16:18:00,720000,720500,传媒,,,,left_only,only_sw
300337,2014-02-21 00:00:00,240301,2024-09-27 12:41:00,240000,240300,有色金属,300337.SZ,银邦股份,有色金属,both,agree
300338,2021-07-30 00:00:00,461102,2021-07-31 16:18:00,460000,461100,社会服务,300338.SZ,*ST开元,社会服务,both,agree
300339,2021-07-30 00:00:00,710301,2021-07-31 16:18:00,710000,710300,计算机,300339.SZ,润和软件,计算机,both,agree
300340,2021-07-30 00:00:00,630702,2025-10-15 10:57:00,630000,630700,电力设备,300340.SZ,科恒股份,电力设备,both,agree
300341,2023-07-04 00:00:00,370502,2023-07-04 15:14:00,370000,370500,医药生物,300341.SZ,麦克奥迪,医药生物,both,agree
300342,2021-07-30 00:00:00,330601,2021-07-31 16:18:00,330000,330600,家用电器,300342.SZ,天银机电,家用电器,both,agree
300343,2023-07-04 00:00:00,220311,2023-07-04 15:14:00,220000,220300,基础化工,300343.SZ,联创股份,基础化工,both,agree
300344,2021-07-30 00:00:00,710401,2021-07-31 16:18:00,710000,710400,计算机,300344.SZ,立方退(退市),计算机,both,agree
300345,2024-07-30 12:45:00,630501,2025-10-15 10:57:00,630000,630500,电力设备,300345.SZ,华民股份,电力设备,both,agree
300346,2021-07-30 00:00:00,270601,2023-12-25 17:15:00,270000,270600,电子,300346.SZ,南大光电,电子,both,agree
300347,2021-07-30 00:00:00,370603,2025-09-17 18:36:00,370000,370600,医药生物,300347.SZ,泰格医药,医药生物,both,agree
300348,2021-07-30 00:00:00,710401,2023-04-03 14:29:00,710000,710400,计算机,300348.SZ,长亮科技,计算机,both,agree
300349,2021-07-30 00:00:00,640107,2025-10-15 10:57:00,640000,640100,机械设备,300349.SZ,金卡智能,机械设备,both,agree
300350,2021-07-30 00:00:00,420803,2025-10-15 10:57:00,420000,420800,交通运输,300350.SZ,华鹏飞,交通运输,both,agree
300351,2014-02-21 00:00:00,640501,2024-09-27 12:41:00,640000,640500,机械设备,300351.SZ,永贵电器,机械设备,both,agree
300352,2021-07-30 00:00:00,710401,2021-07-31 16:18:00,710000,710400,计算机,300352.SZ,ST信源,计算机,both,agree
300353,2021-07-30 00:00:00,730207,2026-06-01 14:47:00,730000,730200,通信,300353.SZ,东土科技,通信,both,agree
300354,2021-07-30 00:00:00,640107,2025-10-15 10:57:00,640000,640100,机械设备,300354.SZ,东华测试,机械设备,both,agree
300355,2021-07-30 00:00:00,620307,2021-08-02 13:20:00,620000,620300,建筑装饰,300355.SZ,蒙草生态,建筑装饰,both,agree
300356,2021-07-30 00:00:00,630804,2022-10-11 14:52:00,630000,630800,电力设备,,,,left_only,only_sw
300357,2021-07-30 00:00:00,370304,2025-10-17 15:50:00,370000,370300,医药生物,300357.SZ,我武生物,医药生物,both,agree
300358,2021-07-30 00:00:00,370502,2021-07-31 16:18:00,370000,370500,医药生物,300358.SZ,楚天科技,医药生物,both,agree
300359,2021-07-30 00:00:00,461102,2021-07-31 16:18:00,460000,461100,社会服务,300359.SZ,全通教育,社会服务,both,agree
300360,2021-07-30 00:00:00,630804,2025-10-15 10:57:00,630000,630800,电力设备,300360.SZ,炬华科技,电力设备,both,agree
300361,2014-01-08 00:00:00,370102,2024-07-19 08:52:00,370000,370100,医药生物,,,,left_only,only_sw
300362,2021-07-30 00:00:00,760102,2021-07-31 16:18:00,760000,760100,环保,,,,left_only,only_sw
300363,2021-07-30 00:00:00,370603,2025-09-17 18:36:00,370000,370600,医药生物,300363.SZ,博腾股份,医药生物,both,agree
300364,2021-07-30 00:00:00,720902,2025-10-15 10:57:00,720000,720900,传媒,300364.SZ,中文在线,传媒,both,agree
300365,2021-07-30 00:00:00,710401,2021-07-31 16:18:00,710000,710400,计算机,300365.SZ,恒华科技,计算机,both,agree
300366,2021-07-30 00:00:00,710401,2021-07-31 16:18:00,710000,710400,计算机,300366.SZ,ST创意,计算机,both,agree
300367,2021-07-30 00:00:00,710102,2021-07-31 16:18:00,710000,710100,计算机,,,,left_only,only_sw
300368,2021-07-30 00:00:00,710103,2021-07-31 16:18:00,710000,710100,计算机,300368.SZ,汇金股份,计算机,both,agree
300369,2021-07-30 00:00:00,710402,2025-01-24 16:29:00,710000,710400,计算机,300369.SZ,绿盟科技,计算机,both,agree
300370,2021-07-30 00:00:00,640107,2025-10-15 10:57:00,640000,640100,机械设备,300370.SZ,安控科技,机械设备,both,agree
300371,2021-07-30 00:00:00,640107,2025-10-15 10:57:00,640000,640100,机械设备,300371.SZ,汇中股份,机械设备,both,agree
300372,2014-02-21 00:00:00,630306,2024-10-08 16:38:00,630000,630300,电力设备,,,,left_only,only_sw
300373,2014-01-08 00:00:00,270102,2015-10-27 15:29:00,270000,270100,电子,300373.SZ,扬杰科技,电子,both,agree
300374,2015-01-09 00:03:00,610301,2015-11-05 14:02:00,610000,610300,建筑材料,300374.SZ,中铁装配,建筑材料,both,agree
300375,2021-07-30 00:00:00,280203,2025-01-08 14:36:00,280000,280200,汽车,300375.SZ,鹏翎股份,汽车,both,agree
300376,2021-07-30 00:00:00,630306,2025-10-15 10:57:00,630000,630300,电力设备,300376.SZ,易事特,电力设备,both,agree
300377,2021-07-30 00:00:00,710401,2021-07-31 16:18:00,710000,710400,计算机,300377.SZ,赢时胜,计算机,both,agree
300378,2021-07-30 00:00:00,710402,2024-05-29 20:27:00,710000,710400,计算机,300378.SZ,鼎捷数智,计算机,both,agree
300379,2021-07-30 00:00:00,710401,2021-07-31 16:18:00,710000,710400,计算机,300379.SZ,东通退(退市),计算机,both,agree
300380,2021-07-30 00:00:00,710401,2021-07-31 16:18:00,710000,710400,计算机,300380.SZ,安硕信息,计算机,both,agree
300381,2021-07-30 00:00:00,370101,2021-07-31 16:18:00,370000,370100,医药生物,300381.SZ,溢多利,医药生物,both,agree
300382,2014-02-21 00:00:00,640209,2024-10-08 16:41:00,640000,640200,机械设备,300382.SZ,斯莱克,机械设备,both,agree
300383,2023-07-04 00:00:00,730104,2026-06-01 14:47:00,730000,730100,通信,300383.SZ,光环新网,通信,both,agree
300384,2019-07-24 00:00:00,620402,2019-08-09 15:39:00,620000,620400,建筑装饰,300384.SZ,三联虹普,建筑装饰,both,agree
300385,2021-07-30 00:00:00,760101,2025-10-15 10:57:00,760000,760100,环保,300385.SZ,ST雪浪,环保,both,agree
300386,2021-07-30 00:00:00,710103,2021-07-31 16:18:00,710000,710100,计算机,300386.SZ,飞天诚信,计算机,both,agree
300387,2021-07-30 00:00:00,220805,2021-07-31 16:18:00,220000,220800,基础化工,300387.SZ,富邦科技,基础化工,both,agree
300388,2021-07-30 00:00:00,760102,2025-10-15 10:57:00,760000,760100,环保,300388.SZ,节能国祯,环保,both,agree
300389,2014-01-31 00:00:00,270302,2015-10-27 15:28:00,270000,270300,电子,300389.SZ,艾比森,电子,both,agree
300390,2023-09-15 00:00:00,630702,2025-10-15 10:57:00,630000,630700,电力设备,300390.SZ,天华新能,电力设备,both,agree
300391,2022-07-29 00:00:00,370201,2022-07-29 11:54:00,370000,370200,医药生物,300391.SZ,长药退(退市),医药生物,both,agree
300392,2021-07-30 00:00:00,720501,2021-07-31 16:18:00,720000,720500,传媒,,,,left_only,only_sw
300393,2021-07-30 00:00:00,630502,2025-10-15 10:57:00,630000,630500,电力设备,300393.SZ,中来股份,电力设备,both,agree
300394,2021-07-30 00:00:00,730204,2026-06-01 14:47:00,730000,730200,通信,300394.SZ,天孚通信,通信,both,agree
300395,2021-07-30 00:00:00,650201,2025-12-29 16:37:00,650000,650200,国防军工,300395.SZ,菲利华,国防军工,both,agree
300396,2021-07-30 00:00:00,370504,2021-07-31 16:18:00,370000,370500,医药生物,300396.SZ,ST迪瑞,医药生物,both,agree
300397,2022-07-29 00:00:00,650501,2025-10-15 10:57:00,650000,650500,国防军工,300397.SZ,天和防务,国防军工,both,agree
300398,2021-07-30 00:00:00,270601,2022-10-12 12:03:00,270000,270600,电子,300398.SZ,飞凯材料,电子,both,agree
300399,2021-07-30 00:00:00,710301,2021-07-31 16:18:00,710000,710300,计算机,300399.SZ,天利科技,计算机,both,agree
300400,2021-07-30 00:00:00,640704,2025-10-15 10:57:00,640000,640700,机械设备,300400.SZ,劲拓股份,机械设备,both,agree
300401,2014-01-26 00:00:00,370101,2015-10-27 15:29:00,370000,370100,医药生物,300401.SZ,花园生物,医药生物,both,agree
300402,2021-07-30 00:00:00,640108,2025-10-15 10:57:00,640000,640100,机械设备,300402.SZ,宝色股份,机械设备,both,agree
300403,2021-07-30 00:00:00,330601,2021-07-31 16:18:00,330000,330600,家用电器,300403.SZ,汉宇集团,家用电器,both,agree
300404,2021-07-30 00:00:00,370603,2021-07-31 16:18:00,370000,370600,医药生物,300404.SZ,博济医药,医药生物,both,agree
300405,2014-01-24 00:00:00,220309,2015-10-27 15:29:00,220000,220300,基础化工,300405.SZ,科隆股份,基础化工,both,agree
300406,2021-07-30 00:00:00,370504,2021-07-31 16:18:00,370000,370500,医药生物,300406.SZ,九强生物,医药生物,both,agree
300407,2021-07-30 00:00:00,630803,2025-10-15 10:57:00,630000,630800,电力设备,300407.SZ,凯发电气,电力设备,both,agree
300408,2014-01-25 00:00:00,270203,2015-10-27 15:29:00,270000,270200,电子,300408.SZ,三环集团,电子,both,agree
300409,2021-07-30 00:00:00,630702,2025-10-15 10:57:00,630000,630700,电力设备,300409.SZ,道氏技术,电力设备,both,agree
300410,2022-07-29 00:00:00,630703,2025-10-15 10:57:00,630000,630700,电力设备,300410.SZ,正业科技,电力设备,both,agree
300411,2014-02-21 00:00:00,640209,2024-10-08 16:46:00,640000,640200,机械设备,300411.SZ,金盾股份,机械设备,both,agree
300412,2019-07-24 00:00:00,640209,2019-08-09 15:39:00,640000,640200,机械设备,300412.SZ,迦南科技,机械设备,both,agree
300413,2021-07-30 00:00:00,720701,2025-10-15 10:57:00,720000,720700,传媒,300413.SZ,芒果超媒,传媒,both,agree
300414,2021-07-30 00:00:00,730207,2026-06-01 14:47:00,730000,730200,通信,300414.SZ,中光防雷,通信,both,agree
300415,2015-01-15 00:00:00,640209,2015-10-27 15:29:00,640000,640200,机械设备,300415.SZ,伊之密,机械设备,both,agree
300416,2022-07-29 00:00:00,460802,2025-10-15 10:57:00,460000,460800,社会服务,300416.SZ,苏试试验,社会服务,both,agree
300417,2021-07-30 00:00:00,640107,2025-10-15 10:57:00,640000,640100,机械设备,300417.SZ,南华仪器,机械设备,both,agree
300418,2021-07-30 00:00:00,720401,2026-04-02 13:26:00,720000,720400,传媒,300418.SZ,昆仑万维,传媒,both,agree
300419,2021-07-30 00:00:00,710301,2021-07-31 16:18:00,710000,710300,计算机,300419.SZ,ST浩丰,计算机,both,agree
300420,2015-01-15 00:02:00,640106,2015-10-28 09:05:00,640000,640100,机械设备,300420.SZ,五洋自控,机械设备,both,agree
300421,2021-07-30 00:00:00,640108,2025-10-15 10:57:00,640000,640100,机械设备,300421.SZ,力星股份,机械设备,both,agree
300422,2021-07-30 00:00:00,760102,2025-10-15 10:57:00,760000,760100,环保,300422.SZ,博世科,环保,both,agree
300423,2021-07-30 00:00:00,630801,2025-10-15 10:57:00,630000,630800,电力设备,300423.SZ,昇辉科技,电力设备,both,agree
300424,2015-04-13 00:00:00,650201,2015-10-27 15:29:00,650000,650200,国防军工,300424.SZ,航新科技,国防军工,both,agree
300425,2024-07-30 12:45:00,760102,2025-10-15 10:57:00,760000,760100,环保,300425.SZ,中建环能,环保,both,agree
300426,2021-07-30 00:00:00,720601,2025-10-15 10:57:00,720000,720600,传媒,300426.SZ,华智数媒,传媒,both,agree
300427,2021-07-30 00:00:00,630803,2025-10-15 10:57:00,630000,630800,电力设备,300427.SZ,红相股份,电力设备,both,agree
300428,2021-07-30 00:00:00,280204,2025-01-08 14:36:00,280000,280200,汽车,300428.SZ,立中集团,汽车,both,agree
300429,2021-07-30 00:00:00,270601,2023-12-25 16:34:00,270000,270600,电子,300429.SZ,强力新材,电子,both,agree
300430,2026-07-01 10:24:00,370502,2026-07-01 10:24:00,370000,370500,医药生物,300430.SZ,*ST益通,医药生物,both,agree
300431,2015-03-09 00:00:00,720301,2015-10-27 15:28:00,720000,720300,传媒,,,,left_only,only_sw
300432,2023-07-04 00:00:00,630702,2025-10-15 10:57:00,630000,630700,电力设备,300432.SZ,富临精工,电力设备,both,agree
300433,2021-07-30 00:00:00,270504,2023-04-25 09:32:00,270000,270500,电子,300433.SZ,蓝思科技,电子,both,agree
300434,2018-07-13 00:00:00,370102,2020-12-04 14:32:00,370000,370100,医药生物,300434.SZ,金石亚药,医药生物,both,agree
300435,2026-07-01 10:24:00,640203,2026-07-01 10:24:00,640000,640200,机械设备,300435.SZ,中泰股份,机械设备,both,agree
300436,2017-06-29 00:00:00,370102,2020-12-04 14:32:00,370000,370100,医药生物,300436.SZ,广生堂,医药生物,both,agree
300437,2021-07-30 00:00:00,760102,2025-10-15 10:57:00,760000,760100,环保,300437.SZ,清水源,环保,both,agree
300438,2021-07-30 00:00:00,630701,2025-10-15 10:57:00,630000,630700,电力设备,300438.SZ,鹏辉能源,电力设备,both,agree
300439,2021-07-30 00:00:00,370504,2021-07-31 16:18:00,370000,370500,医药生物,300439.SZ,美康生物,医药生物,both,agree
300440,2021-07-30 00:00:00,710301,2021-07-31 16:18:00,710000,710300,计算机,300440.SZ,运达科技,计算机,both,agree
300441,2015-04-13 00:00:00,640106,2015-10-27 15:28:00,640000,640100,机械设备,300441.SZ,鲍斯股份,机械设备,both,agree
300442,2023-07-04 00:00:00,730104,2025-10-15 10:57:00,730000,730100,通信,300442.SZ,润泽科技,通信,both,agree
300443,2021-07-30 00:00:00,630602,2025-12-10 10:16:00,630000,630600,电力设备,300443.SZ,金雷股份,电力设备,both,agree
300444,2021-07-30 00:00:00,630801,2025-10-15 10:57:00,630000,630800,电力设备,300444.SZ,双杰电气,电力设备,both,agree
300445,2021-07-30 00:00:00,640107,2025-10-15 10:57:00,640000,640100,机械设备,300445.SZ,康斯特,机械设备,both,agree
300446,2024-07-30 12:45:00,280202,2025-01-08 14:36:00,280000,280200,汽车,300446.SZ,航天智造,汽车,both,agree
300447,2021-07-30 00:00:00,650501,2025-10-15 10:57:00,650000,650500,国防军工,300447.SZ,全信股份,国防军工,both,agree
300448,2021-07-30 00:00:00,710301,2021-07-31 16:18:00,710000,710300,计算机,300448.SZ,浩云科技,计算机,both,agree
300449,2021-07-30 00:00:00,710102,2021-07-31 16:18:00,710000,710100,计算机,300449.SZ,汉邦高科,计算机,both,agree
300450,2021-07-30 00:00:00,630703,2025-10-15 10:57:00,630000,630700,电力设备,300450.SZ,先导智能,电力设备,both,agree
300451,2021-07-30 00:00:00,710401,2024-04-01 15:29:00,710000,710400,计算机,300451.SZ,创业慧康,计算机,both,agree
300452,2015-01-06 00:05:00,370101,2015-11-05 14:02:00,370000,370100,医药生物,300452.SZ,山河药辅,医药生物,both,agree
300453,2021-07-30 00:00:00,370503,2021-07-31 16:18:00,370000,370500,医药生物,300453.SZ,三鑫医疗,医药生物,both,agree
300454,2021-07-30 00:00:00,710402,2023-06-01 14:03:00,710000,710400,计算机,300454.SZ,深信服,计算机,both,agree
300455,2021-07-30 00:00:00,710103,2025-10-15 10:57:00,710000,710100,计算机,300455.SZ,航天智装,计算机,both,agree
300456,2021-07-30 00:00:00,270106,2023-03-01 10:53:00,270000,270100,电子,300456.SZ,赛微电子,电子,both,agree
300457,2021-07-30 00:00:00,630703,2025-10-15 10:57:00,630000,630700,电力设备,300457.SZ,赢合科技,电力设备,both,agree
300458,2021-07-30 00:00:00,270104,2023-04-25 09:32:00,270000,270100,电子,300458.SZ,全志科技,电子,both,agree
300459,2021-07-30 00:00:00,720401,2025-10-15 10:57:00,720000,720400,传媒,300459.SZ,汤姆猫,传媒,both,agree
300460,2015-01-06 00:05:00,270203,2015-11-05 14:02:00,270000,270200,电子,300460.SZ,ST惠伦,电子,both,agree
300461,2021-07-30 00:00:00,640704,2025-10-15 10:57:00,640000,640700,机械设备,300461.SZ,田中精机,机械设备,both,agree
300462,2021-07-30 00:00:00,710103,2021-07-31 16:18:00,710000,710100,计算机,300462.SZ,ST华铭,计算机,both,agree
300463,2021-07-30 00:00:00,370504,2024-04-01 15:28:00,370000,370500,医药生物,300463.SZ,迈克生物,医药生物,both,agree
300464,2021-07-30 00:00:00,450602,2022-06-02 10:30:00,450000,450600,商贸零售,300464.SZ,星徽股份,商贸零售,both,agree
300465,2021-07-30 00:00:00,710401,2021-07-31 16:18:00,710000,710400,计算机,300465.SZ,高伟达,计算机,both,agree
300466,2024-07-30 12:45:00,640107,2025-10-15 10:57:00,640000,640100,机械设备,300466.SZ,赛摩智能,机械设备,both,agree
300467,2021-07-30 00:00:00,720401,2025-10-15 10:57:00,720000,720400,传媒,300467.SZ,迅游科技,传媒,both,agree
300468,2021-07-30 00:00:00,710401,2021-07-31 16:18:00,710000,710400,计算机,300468.SZ,四方精创,计算机,both,agree
300469,2021-07-30 00:00:00,710401,2026-08-06 13:21:00,710000,710400,计算机,300469.SZ,信息发展,计算机,both,agree
300470,2015-01-15 00:06:00,640106,2015-11-05 14:02:00,640000,640100,机械设备,300470.SZ,中密控股,机械设备,both,agree
300471,2015-06-15 00:00:00,640209,2019-08-09 15:39:00,640000,640200,机械设备,300471.SZ,厚普股份,机械设备,both,agree
300472,2015-01-15 00:06:00,640209,2015-10-28 09:05:00,640000,640200,机械设备,300472.SZ,ST新元,机械设备,both,agree
300473,2021-07-30 00:00:00,280205,2025-01-08 14:36:00,280000,280200,汽车,300473.SZ,德尔股份,汽车,both,agree
300474,2021-07-30 00:00:00,650501,2025-10-15 10:57:00,650000,650500,国防军工,300474.SZ,景嘉微,国防军工,both,agree
300475,2022-05-20 00:00:00,270401,2022-05-20 17:34:00,270000,270400,电子,300475.SZ,香农芯创,电子,both,agree
300476,2015-01-15 00:06:00,270202,2015-11-05 14:02:00,270000,270200,电子,300476.SZ,胜宏科技,电子,both,agree
300477,2023-07-04 00:00:00,630702,2025-10-15 10:57:00,630000,630700,电力设备,300477.SZ,ST合纵,电力设备,both,agree
300478,2021-07-30 00:00:00,220503,2021-07-31 16:18:00,220000,220500,基础化工,300478.SZ,杭州高新,基础化工,both,agree
300479,2021-07-30 00:00:00,710103,2021-07-31 16:18:00,710000,710100,计算机,300479.SZ,神思电子,计算机,both,agree
300480,2015-01-18 00:06:00,640203,2015-11-05 14:02:00,640000,640200,机械设备,300480.SZ,光力科技,机械设备,both,agree
300481,2021-07-30 00:00:00,270601,2025-12-30 17:34:00,270000,270600,电子,300481.SZ,濮阳惠成,电子,both,agree
300482,2021-07-30 00:00:00,370504,2024-04-01 15:28:00,370000,370500,医药生物,300482.SZ,万孚生物,医药生物,both,agree
300483,2021-07-30 00:00:00,410301,2025-10-15 10:57:00,410000,410300,公用事业,300483.SZ,首华燃气,公用事业,both,agree
300484,2021-07-30 00:00:00,640702,2025-10-15 10:57:00,640000,640700,机械设备,300484.SZ,蓝海华腾,机械设备,both,agree
300485,2021-07-30 00:00:00,370304,2021-07-31 16:18:00,370000,370300,医药生物,300485.SZ,赛升药业,医药生物,both,agree
300486,2021-07-30 00:00:00,640704,2025-10-15 10:57:00,640000,640700,机械设备,300486.SZ,东杰智能,机械设备,both,agree
300487,2021-07-30 00:00:00,220504,2026-09-22 11:03:00,220000,220500,基础化工,300487.SZ,蓝晓科技,基础化工,both,agree
300488,2021-07-30 00:00:00,640108,2025-10-15 10:57:00,640000,640100,机械设备,300488.SZ,恒锋工具,机械设备,both,agree
300489,2024-06-03 00:00:00,270303,2025-01-08 14:36:00,270000,270300,电子,300489.SZ,光智科技,电子,both,agree
300490,2023-07-04 00:00:00,630703,2025-10-15 10:57:00,630000,630700,电力设备,300490.SZ,华自科技,电力设备,both,agree
300491,2021-07-30 00:00:00,630306,2025-10-15 10:57:00,630000,630300,电力设备,300491.SZ,通合科技,电力设备,both,agree
300492,2026-07-01 10:24:00,461102,2026-07-01 10:24:00,460000,461100,社会服务,300492.SZ,华图山鼎,社会服务,both,agree
300493,2021-07-30 00:00:00,270401,2023-04-25 09:32:00,270000,270400,电子,300493.SZ,润欣科技,电子,both,agree
300494,2021-07-30 00:00:00,720401,2025-10-15 10:57:00,720000,720400,传媒,300494.SZ,盛天网络,传媒,both,agree
300495,2021-07-30 00:00:00,620307,2021-08-02 13:20:00,620000,620300,建筑装饰,,,,left_only,only_sw
300496,2021-07-30 00:00:00,710301,2023-04-03 14:29:00,710000,710300,计算机,300496.SZ,中科创达,计算机,both,agree
300497,2015-12-24 00:00:00,370101,2020-12-04 14:32:00,370000,370100,医药生物,300497.SZ,富祥股份,医药生物,both,agree
300498,2021-07-30 00:00:00,110702,2021-07-31 16:18:00,110000,110700,农林牧渔,300498.SZ,温氏股份,农林牧渔,both,agree
300499,2016-02-03 00:00:00,640209,2019-08-09 15:39:00,640000,640200,机械设备,300499.SZ,高澜股份,机械设备,both,agree
300500,2021-07-30 00:00:00,620601,2021-07-31 16:18:00,620000,620600,建筑装饰,300500.SZ,启迪设计,建筑装饰,both,agree
300501,2021-07-30 00:00:00,360206,2021-07-31 16:18:00,360000,360200,轻工制造,300501.SZ,海顺新材,轻工制造,both,agree
300502,2021-07-30 00:00:00,730204,2026-06-01 14:47:00,730000,730200,通信,300502.SZ,新易盛,通信,both,agree
300503,2016-03-04 00:00:00,640106,2019-08-09 15:39:00,640000,640100,机械设备,300503.SZ,昊志机电,机械设备,both,agree
300504,2021-07-30 00:00:00,730206,2026-06-01 14:47:00,730000,730200,通信,300504.SZ,天邑股份,通信,both,agree
300505,2021-07-30 00:00:00,220802,2021-07-31 16:18:00,220000,220800,基础化工,300505.SZ,川金诺,基础化工,both,agree
300506,2016-04-18 00:00:00,620201,2019-08-09 15:39:00,620000,620200,建筑装饰,300506.SZ,名家汇,建筑装饰,both,agree
300507,2021-07-30 00:00:00,280203,2025-01-08 14:36:00,280000,280200,汽车,300507.SZ,苏奥传感,汽车,both,agree
300508,2021-07-30 00:00:00,710103,2021-07-31 16:18:00,710000,710100,计算机,300508.SZ,维宏股份,计算机,both,agree
300509,2016-04-18 00:00:00,640208,2019-08-09 15:39:00,640000,640200,机械设备,300509.SZ,新美星,机械设备,both,agree
300510,2021-07-30 00:00:00,630803,2025-10-15 10:57:00,630000,630800,电力设备,300510.SZ,金冠股份,电力设备,both,agree
300511,2021-07-30 00:00:00,110104,2025-01-08 14:43:00,110000,110100,农林牧渔,300511.SZ,雪榕生物,农林牧渔,both,agree
300512,2016-05-09 00:00:00,640208,2016-05-09 17:08:00,640000,640200,机械设备,300512.SZ,中亚股份,机械设备,both,agree
300513,2021-07-30 00:00:00,730103,2026-06-01 14:47:00,730000,730100,通信,300513.SZ,恒实科技,通信,both,agree
300514,2021-07-30 00:00:00,630804,2025-10-15 10:57:00,630000,630800,电力设备,300514.SZ,友讯达,电力设备,both,agree
300515,2021-07-30 00:00:00,640107,2025-10-15 10:57:00,640000,640100,机械设备,300515.SZ,三德科技,机械设备,both,agree
300516,2016-05-25 00:00:00,270401,2019-08-09 15:38:00,270000,270400,电子,300516.SZ,久之洋,电子,both,agree
300517,2016-06-24 00:00:00,620401,2020-12-04 14:41:00,620000,620400,建筑装饰,300517.SZ,海波重科,建筑装饰,both,agree
300518,2022-07-29 00:00:00,450603,2022-07-29 11:54:00,450000,450600,商贸零售,300518.SZ,新迅达,商贸零售,both,agree
300519,2016-06-24 00:00:00,370201,2020-12-04 14:32:00,370000,370200,医药生物,300519.SZ,新光药业,医药生物,both,agree
300520,2021-07-30 00:00:00,710401,2021-07-31 16:18:00,710000,710400,计算机,300520.SZ,科大国创,计算机,both,agree
300521,2016-06-24 00:00:00,640208,2019-08-09 15:39:00,640000,640200,机械设备,300521.SZ,爱司凯,机械设备,both,agree
300522,2018-07-13 00:00:00,220305,2019-08-09 15:39:00,220000,220300,基础化工,300522.SZ,世名科技,基础化工,both,agree
300523,2021-07-30 00:00:00,710301,2021-07-31 16:18:00,710000,710300,计算机,300523.SZ,辰安科技,计算机,both,agree
300525,2021-07-30 00:00:00,710401,2024-06-20 21:00:00,710000,710400,计算机,300525.SZ,博思软件,计算机,both,agree
300526,2021-07-30 00:00:00,350205,2021-07-31 16:18:00,350000,350200,纺织服饰,,,,left_only,only_sw
300527,2018-07-13 00:00:00,650301,2019-08-09 15:39:00,650000,650300,国防军工,300527.SZ,ST应急,国防军工,both,agree
300528,2021-07-30 00:00:00,720602,2025-10-15 10:57:00,720000,720600,传媒,300528.SZ,幸福蓝海,传媒,both,agree
300529,2021-07-30 00:00:00,370503,2021-07-31 16:18:00,370000,370500,医药生物,300529.SZ,健帆生物,医药生物,both,agree
300530,2026-07-01 10:24:00,630701,2026-07-01 10:24:00,630000,630700,电力设备,300530.SZ,领湃科技,电力设备,both,agree
300531,2021-07-30 00:00:00,710103,2021-07-31 16:18:00,710000,710100,计算机,300531.SZ,优博讯,计算机,both,agree
300532,2021-07-30 00:00:00,710301,2021-07-31 16:18:00,710000,710300,计算机,300532.SZ,今天国际,计算机,both,agree
300533,2021-07-30 00:00:00,720401,2025-10-15 10:57:00,720000,720400,传媒,300533.SZ,冰川网络,传媒,both,agree
300534,2016-09-07 00:00:00,370201,2020-12-04 14:32:00,370000,370200,医药生物,300534.SZ,陇神戎发,医药生物,both,agree
300535,2021-07-30 00:00:00,220309,2021-07-31 16:18:00,220000,220300,基础化工,300535.SZ,达威股份,基础化工,both,agree
300536,2026-07-01 10:24:00,710301,2026-07-01 10:24:00,710000,710300,计算机,300536.SZ,农尚环境,计算机,both,agree
300537,2021-07-30 00:00:00,270601,2026-06-17 14:33:00,270000,270600,电子,300537.SZ,广信材料,电子,both,agree
300538,2018-07-13 00:00:00,220503,2019-08-09 15:39:00,220000,220500,基础化工,300538.SZ,同益股份,基础化工,both,agree
300539,2017-06-29 00:00:00,220501,2019-08-09 15:39:00,220000,220500,基础化工,300539.SZ,横河精密,基础化工,both,agree
300540,2017-06-29 00:00:00,640209,2019-08-09 15:39:00,640000,640200,机械设备,300540.SZ,蜀道装备,机械设备,both,agree
300541,2021-07-30 00:00:00,710301,2021-07-31 16:18:00,710000,710300,计算机,300541.SZ,先进数通,计算机,both,agree
300542,2021-07-30 00:00:00,710401,2021-07-31 16:18:00,710000,710400,计算机,300542.SZ,新晨科技,计算机,both,agree
300543,2024-07-30 12:45:00,330601,2025-01-08 14:36:00,330000,330600,家用电器,300543.SZ,朗科智能,家用电器,both,agree
300545,2016-10-12 00:00:00,270301,2019-08-09 15:38:00,270000,270300,电子,300545.SZ,联得装备,电子,both,agree
300546,2021-07-30 00:00:00,710103,2021-07-31 16:18:00,710000,710100,计算机,300546.SZ,雄帝科技,计算机,both,agree
300547,2021-07-30 00:00:00,280203,2025-01-08 14:36:00,280000,280200,汽车,300547.SZ,川环科技,汽车,both,agree
300548,2021-07-30 00:00:00,730204,2026-06-01 14:47:00,730000,730200,通信,300548.SZ,长芯博创,通信,both,agree
300549,2017-06-29 00:00:00,640209,2019-08-09 15:39:00,640000,640200,机械设备,300549.SZ,优德精密,机械设备,both,agree
300550,2021-07-30 00:00:00,710401,2023-06-01 14:46:00,710000,710400,计算机,300550.SZ,和仁科技,计算机,both,agree
300551,2021-07-30 00:00:00,710103,2021-07-31 16:18:00,710000,710100,计算机,300551.SZ,古鳌科技,计算机,both,agree
300552,2021-07-30 00:00:00,710103,2021-07-31 16:18:00,710000,710100,计算机,300552.SZ,万集科技,计算机,both,agree
300553,2021-07-30 00:00:00,640107,2025-10-15 10:57:00,640000,640100,机械设备,300553.SZ,集智股份,机械设备,both,agree
300554,2017-04-19 16:47:00,640103,2020-03-06 13:55:00,640000,640100,机械设备,300554.SZ,三超新材,机械设备,both,agree
300555,2021-07-30 00:00:00,730206,2026-06-01 14:47:00,730000,730200,通信,300555.SZ,ST路通,通信,both,agree
300556,2021-07-30 00:00:00,710401,2021-07-31 16:18:00,710000,710400,计算机,300556.SZ,丝路视觉,计算机,both,agree
300557,2021-07-30 00:00:00,640107,2025-10-15 10:57:00,640000,640100,机械设备,300557.SZ,理工光科,机械设备,both,agree
300558,2016-10-28 21:33:00,370102,2021-03-03 15:32:00,370000,370100,医药生物,300558.SZ,贝达药业,医药生物,both,agree
300559,2021-07-30 00:00:00,710401,2025-10-15 10:57:00,710000,710400,计算机,300559.SZ,佳发教育,计算机,both,agree
300560,2021-07-30 00:00:00,730103,2026-06-01 14:47:00,730000,730100,通信,300560.SZ,中富通,通信,both,agree
300561,2021-07-30 00:00:00,710401,2021-07-31 16:18:00,710000,710400,计算机,300561.SZ,汇金科技,计算机,both,agree
300562,2021-07-30 00:00:00,370502,2023-02-02 10:26:00,370000,370500,医药生物,300562.SZ,乐心股份,医药生物,both,agree
300563,2021-07-30 00:00:00,730205,2026-06-01 14:47:00,730000,730200,通信,300563.SZ,神宇股份,通信,both,agree
300564,2021-07-30 00:00:00,620601,2021-07-31 16:18:00,620000,620600,建筑装饰,300564.SZ,筑博设计,建筑装饰,both,agree
300565,2021-07-30 00:00:00,730204,2026-06-01 14:47:00,730000,730200,通信,300565.SZ,科信技术,通信,both,agree
300566,2017-06-29 00:00:00,270303,2020-03-06 13:55:00,270000,270300,电子,300566.SZ,激智科技,电子,both,agree
300567,2021-07-30 00:00:00,640107,2025-10-15 10:57:00,640000,640100,机械设备,300567.SZ,精测电子,机械设备,both,agree
300568,2021-07-30 00:00:00,630702,2025-01-24 16:29:00,630000,630700,电力设备,300568.SZ,星源材质,电力设备,both,agree
300569,2021-07-30 00:00:00,630602,2025-10-15 10:57:00,630000,630600,电力设备,300569.SZ,天能重工,电力设备,both,agree
300570,2021-07-30 00:00:00,730204,2026-06-01 14:47:00,730000,730200,通信,300570.SZ,太辰光,通信,both,agree
300571,2021-07-30 00:00:00,730104,2026-06-01 14:47:00,730000,730100,通信,300571.SZ,平治信息,通信,both,agree
300572,2026-07-01 10:24:00,640107,2026-07-01 10:24:00,640000,640100,机械设备,300572.SZ,安车检测,机械设备,both,agree
300573,2018-07-13 00:00:00,370102,2020-12-04 14:32:00,370000,370100,医药生物,300573.SZ,兴齐眼药,医药生物,both,agree
300575,2021-07-30 00:00:00,220803,2026-09-22 11:03:00,220000,220800,基础化工,300575.SZ,中旗股份,基础化工,both,agree
300576,2021-07-30 00:00:00,270601,2023-12-25 16:35:00,270000,270600,电子,300576.SZ,容大感光,电子,both,agree
300577,2021-07-30 00:00:00,350205,2026-01-22 08:48:00,350000,350200,纺织服饰,300577.SZ,开润股份,纺织服饰,both,agree
300578,2021-07-30 00:00:00,730104,2026-06-01 14:47:00,730000,730100,通信,300578.SZ,会畅科技,通信,both,agree
300579,2021-07-30 00:00:00,710401,2021-07-31 16:18:00,710000,710400,计算机,300579.SZ,数字认证,计算机,both,agree
300580,2021-07-30 00:00:00,280203,2025-01-24 15:45:00,280000,280200,汽车,300580.SZ,贝斯特,汽车,both,agree
300581,2017-06-29 00:00:00,650201,2019-08-09 15:39:00,650000,650200,国防军工,300581.SZ,晨曦航空,国防军工,both,agree
300582,2016-12-11 16:17:00,270302,2019-08-09 15:38:00,270000,270300,电子,300582.SZ,英飞特,电子,both,agree
300583,2016-12-25 12:07:00,370101,2020-12-04 14:32:00,370000,370100,医药生物,300583.SZ,赛托生物,医药生物,both,agree
300584,2017-01-05 21:38:00,370102,2020-12-04 14:32:00,370000,370100,医药生物,300584.SZ,海辰药业,医药生物,both,agree
300585,2021-07-30 00:00:00,280203,2025-01-08 14:36:00,280000,280200,汽车,300585.SZ,奥联电子,汽车,both,agree
300586,2021-07-30 00:00:00,220503,2021-07-31 16:18:00,220000,220500,基础化工,300586.SZ,美联新材,基础化工,both,agree
300587,2016-12-19 12:07:00,220602,2019-08-09 15:39:00,220000,220600,基础化工,300587.SZ,天铁科技,基础化工,both,agree
300588,2021-07-30 00:00:00,710102,2021-07-31 16:18:00,710000,710100,计算机,300588.SZ,熙菱信息,计算机,both,agree
300589,2017-01-05 21:38:00,650401,2019-08-09 15:39:00,650000,650400,国防军工,300589.SZ,江龙船艇,国防军工,both,agree
300590,2021-07-30 00:00:00,730206,2026-06-01 14:47:00,730000,730200,通信,300590.SZ,移为通信,通信,both,agree
300591,2016-12-25 12:07:00,350205,2019-08-09 15:38:00,350000,350200,纺织服饰,300591.SZ,万里马,纺织服饰,both,agree
300592,2022-07-08 00:00:00,450602,2022-07-08 16:58:00,450000,450600,商贸零售,300592.SZ,华凯易佰,商贸零售,both,agree
300593,2021-07-30 00:00:00,630306,2025-12-26 14:23:00,630000,630300,电力设备,300593.SZ,新雷能,电力设备,both,agree
300594,2019-06-06 10:34:00,640501,2019-08-09 15:39:00,640000,640500,机械设备,300594.SZ,ST朗进,机械设备,both,agree
300595,2021-07-30 00:00:00,370503,2024-04-01 15:28:00,370000,370500,医药生物,300595.SZ,欧普康视,医药生物,both,agree
300596,2022-07-29 00:00:00,220309,2022-10-12 12:03:00,220000,220300,基础化工,300596.SZ,利安隆,基础化工,both,agree
300597,2021-07-30 00:00:00,730103,2026-06-01 14:47:00,730000,730100,通信,300597.SZ,吉大通信,通信,both,agree
300598,2021-07-30 00:00:00,710401,2021-07-31 16:18:00,710000,710400,计算机,300598.SZ,诚迈科技,计算机,both,agree
300599,2017-01-14 18:21:00,610302,2019-08-09 15:39:00,610000,610300,建筑材料,300599.SZ,雄塑科技,建筑材料,both,agree
300600,2017-06-27 00:00:00,650401,2019-08-09 15:39:00,650000,650400,国防军工,300600.SZ,国瑞科技,国防军工,both,agree
300601,2021-07-30 00:00:00,370303,2021-07-31 16:18:00,370000,370300,医药生物,300601.SZ,康泰生物,医药生物,both,agree
300602,2021-07-30 00:00:00,270504,2023-04-25 09:32:00,270000,270500,电子,300602.SZ,飞荣达,电子,both,agree
300603,2022-07-29 00:00:00,730103,2026-06-01 14:47:00,730000,730100,通信,300603.SZ,立昂技术,通信,both,agree
300604,2021-07-30 00:00:00,270108,2023-11-01 17:15:00,270000,270100,电子,300604.SZ,长川科技,电子,both,agree
300605,2021-07-30 00:00:00,710401,2021-07-31 16:18:00,710000,710400,计算机,300605.SZ,恒锋信息,计算机,both,agree
300606,2017-01-14 18:30:00,640103,2019-08-09 15:39:00,640000,640100,机械设备,300606.SZ,金太阳,机械设备,both,agree
300607,2021-07-30 00:00:00,640701,2025-10-15 10:57:00,640000,640700,机械设备,300607.SZ,拓斯达,机械设备,both,agree
300608,2021-07-30 00:00:00,710401,2021-07-31 16:18:00,710000,710400,计算机,300608.SZ,思特奇,计算机,both,agree
300609,2021-07-30 00:00:00,710301,2021-07-31 16:18:00,710000,710300,计算机,300609.SZ,汇纳科技,计算机,both,agree
300610,2022-07-29 00:00:00,220309,2022-07-29 11:54:00,220000,220300,基础化工,300610.SZ,晨化股份,基础化工,both,agree
300611,2021-07-30 00:00:00,280203,2025-01-08 14:36:00,280000,280200,汽车,300611.SZ,美力科技,汽车,both,agree
300612,2021-07-30 00:00:00,720501,2025-10-15 10:57:00,720000,720500,传媒,300612.SZ,宣亚国际,传媒,both,agree
300613,2021-07-30 00:00:00,270104,2023-04-25 09:32:00,270000,270100,电子,300613.SZ,富瀚微,电子,both,agree
300614,2021-07-30 00:00:00,760103,2025-10-15 10:57:00,760000,760100,环保,300614.SZ,百川畅银,环保,both,agree
300615,2021-07-30 00:00:00,730206,2026-06-01 14:47:00,730000,730200,通信,300615.SZ,欣天科技,通信,both,agree
300616,2021-07-30 00:00:00,360308,2026-02-26 16:27:00,360000,360300,轻工制造,300616.SZ,尚品宅配,轻工制造,both,agree
300617,2024-07-30 12:45:00,630801,2025-11-10 13:32:00,630000,630800,电力设备,300617.SZ,安靠智电,电力设备,both,agree
300618,2021-07-30 00:00:00,240601,2025-01-08 14:36:00,240000,240600,有色金属,300618.SZ,寒锐钴业,有色金属,both,agree
300619,2021-07-30 00:00:00,630703,2025-10-15 10:57:00,630000,630700,电力设备,300619.SZ,金银河,电力设备,both,agree
300620,2021-07-30 00:00:00,730204,2026-06-01 14:47:00,730000,730200,通信,300620.SZ,光库科技,通信,both,agree
300621,2017-02-24 13:10:00,620201,2020-12-04 14:41:00,620000,620200,建筑装饰,300621.SZ,维业股份,建筑装饰,both,agree
300622,2017-02-24 13:09:00,450401,2019-11-26 09:53:00,450000,450400,商贸零售,300622.SZ,博士眼镜,商贸零售,both,agree
300623,2017-02-24 13:10:00,270102,2019-08-09 15:38:00,270000,270100,电子,300623.SZ,捷捷微电,电子,both,agree
300624,2021-07-30 00:00:00,710402,2024-01-24 12:32:00,710000,710400,计算机,300624.SZ,万兴科技,计算机,both,agree
300625,2021-07-30 00:00:00,330501,2023-04-25 09:32:00,330000,330500,家用电器,300625.SZ,三雄极光,家用电器,both,agree
300626,2017-03-10 17:03:00,630101,2020-12-04 14:32:00,630000,630100,电力设备,300626.SZ,华瑞股份,电力设备,both,agree
300627,2021-12-03 00:00:00,730206,2025-10-15 10:57:00,730000,730200,通信,300627.SZ,华测导航,通信,both,agree
300628,2021-07-30 00:00:00,730206,2026-06-01 14:47:00,730000,730200,通信,300628.SZ,亿联网络,通信,both,agree
300629,2022-07-29 00:00:00,650501,2025-10-15 10:57:00,650000,650500,国防军工,300629.SZ,新劲刚,国防军工,both,agree
300630,2017-03-10 17:05:00,370102,2020-12-04 14:32:00,370000,370100,医药生物,,,,left_only,only_sw
300631,2021-07-30 00:00:00,760201,2025-10-15 10:57:00,760000,760200,环保,300631.SZ,久吾高科,环保,both,agree
300632,2017-03-18 14:36:00,270302,2019-08-09 15:38:00,270000,270300,电子,300632.SZ,光莆股份,电子,both,agree
300633,2021-07-30 00:00:00,370502,2025-01-14 13:12:00,370000,370500,医药生物,300633.SZ,开立医疗,医药生物,both,agree
300634,2021-07-30 00:00:00,710301,2021-07-31 16:18:00,710000,710300,计算机,300634.SZ,彩讯股份,计算机,both,agree
300635,2021-07-30 00:00:00,620601,2021-07-31 16:18:00,620000,620600,建筑装饰,300635.SZ,中达安,建筑装饰,both,agree
300636,2017-03-18 14:42:00,370101,2020-12-04 14:32:00,370000,370100,医药生物,300636.SZ,同和药业,医药生物,both,agree
300637,2022-07-29 00:00:00,220309,2022-07-29 11:54:00,220000,220300,基础化工,300637.SZ,扬帆新材,基础化工,both,agree
300638,2021-07-30 00:00:00,730206,2025-10-15 10:57:00,730000,730200,通信,300638.SZ,广和通,通信,both,agree
300639,2021-07-30 00:00:00,370504,2021-07-31 16:18:00,370000,370500,医药生物,300639.SZ,凯普生物,医药生物,both,agree
300640,2021-07-30 00:00:00,360311,2021-07-31 16:18:00,360000,360300,轻工制造,300640.SZ,德艺文创,轻工制造,both,agree
300641,2017-03-30 17:26:00,220309,2019-08-09 15:39:00,220000,220300,基础化工,300641.SZ,正丹股份,基础化工,both,agree
300642,2021-07-30 00:00:00,370504,2021-07-31 16:18:00,370000,370500,医药生物,300642.SZ,透景生命,医药生物,both,agree
300643,2021-07-30 00:00:00,280205,2025-01-08 14:36:00,280000,280200,汽车,300643.SZ,万通智控,汽车,both,agree
300644,2018-01-29 19:37:00,220503,2019-08-09 15:39:00,220000,220500,基础化工,300644.SZ,南京聚隆,基础化工,both,agree
300645,2021-07-30 00:00:00,710103,2021-07-31 16:18:00,710000,710100,计算机,300645.SZ,正元智慧,计算机,both,agree
300646,2017-04-19 16:48:00,220309,2019-08-09 15:39:00,220000,220300,基础化工,,,,left_only,only_sw
300647,2021-07-30 00:00:00,270504,2023-04-25 09:32:00,270000,270500,电子,300647.SZ,超频三,电子,both,agree
300648,2021-07-30 00:00:00,630703,2025-10-15 10:57:00,630000,630700,电力设备,300648.SZ,星云股份,电力设备,both,agree
300649,2021-07-30 00:00:00,620307,2021-08-02 13:20:00,620000,620300,建筑装饰,300649.SZ,杭州园林,建筑装饰,both,agree
300650,2022-07-29 00:00:00,270401,2023-04-25 09:32:00,270000,270400,电子,300650.SZ,太龙股份,电子,both,agree
300651,2023-07-04 00:00:00,360502,2023-07-04 15:14:00,360000,360500,轻工制造,300651.SZ,金陵体育,轻工制造,both,agree
300652,2021-07-30 00:00:00,280204,2026-01-26 08:53:00,280000,280200,汽车,300652.SZ,雷迪克,汽车,both,agree
300653,2021-07-30 00:00:00,370503,2021-07-31 16:18:00,370000,370500,医药生物,300653.SZ,正海生物,医药生物,both,agree
300654,2021-07-30 00:00:00,720901,2025-10-15 10:57:00,720000,720900,传媒,300654.SZ,世纪天鸿,传媒,both,agree
300655,2021-07-30 00:00:00,270601,2025-12-30 17:34:00,270000,270600,电子,300655.SZ,晶瑞电材,电子,both,agree
300656,2017-05-11 13:41:00,270401,2019-08-09 15:38:00,270000,270400,电子,300656.SZ,民德电子,电子,both,agree
300657,2018-07-13 00:00:00,270202,2020-03-06 13:55:00,270000,270200,电子,300657.SZ,弘信电子,电子,both,agree
300658,2021-07-30 00:00:00,770101,2025-09-22 08:09:00,770000,770100,美容护理,300658.SZ,延江股份,美容护理,both,agree
300659,2021-07-30 00:00:00,710103,2021-07-31 16:18:00,710000,710100,计算机,300659.SZ,中孚信息,计算机,both,agree
300660,2017-05-22 13:46:00,630101,2020-12-04 14:32:00,630000,630100,电力设备,300660.SZ,江苏雷利,电力设备,both,agree
300661,2021-07-30 00:00:00,270105,2024-01-26 13:55:00,270000,270100,电子,300661.SZ,圣邦股份,电子,both,agree
300662,2021-07-30 00:00:00,460801,2026-02-26 16:27:00,460000,460800,社会服务,300662.SZ,科锐国际,社会服务,both,agree
300663,2021-07-30 00:00:00,710401,2021-07-31 16:18:00,710000,710400,计算机,300663.SZ,科蓝软件,计算机,both,agree
300664,2021-07-30 00:00:00,760102,2025-10-15 10:57:00,760000,760100,环保,300664.SZ,鹏鹞环保,环保,both,agree
300665,2017-06-05 14:07:00,220305,2019-08-09 15:39:00,220000,220300,基础化工,300665.SZ,飞鹿股份,基础化工,both,agree
300666,2019-07-24 00:00:00,270103,2019-07-24 16:59:00,270000,270100,电子,300666.SZ,江丰电子,电子,both,agree
300667,2021-07-30 00:00:00,640107,2025-10-15 10:57:00,640000,640100,机械设备,300667.SZ,必创科技,机械设备,both,agree
300668,2021-07-30 00:00:00,620601,2021-07-31 16:18:00,620000,620600,建筑装饰,300668.SZ,杰恩股份,建筑装饰,both,agree
300669,2017-06-15 21:21:00,640204,2019-08-09 15:39:00,640000,640200,机械设备,300669.SZ,沪宁股份,机械设备,both,agree
300670,2021-07-30 00:00:00,630802,2025-10-15 10:57:00,630000,630800,电力设备,300670.SZ,大烨智能,电力设备,both,agree
300671,2021-07-30 00:00:00,270105,2023-04-25 09:32:00,270000,270100,电子,300671.SZ,富满微,电子,both,agree
300672,2021-07-30 00:00:00,270104,2023-04-25 09:32:00,270000,270100,电子,300672.SZ,国科微,电子,both,agree
300673,2021-07-30 00:00:00,110404,2026-02-26 16:27:00,110000,110400,农林牧渔,300673.SZ,佩蒂股份,农林牧渔,both,agree
300674,2021-07-30 00:00:00,710301,2024-06-03 09:54:00,710000,710300,计算机,300674.SZ,宇信科技,计算机,both,agree
300675,2021-07-30 00:00:00,620601,2021-07-31 16:18:00,620000,620600,建筑装饰,300675.SZ,建科院,建筑装饰,both,agree
300676,2022-07-29 00:00:00,370602,2024-04-01 15:27:00,370000,370600,医药生物,300676.SZ,华大基因,医药生物,both,agree
300677,2021-07-30 00:00:00,370503,2024-01-15 10:32:00,370000,370500,医药生物,300677.SZ,英科医疗,医药生物,both,agree
300678,2021-07-30 00:00:00,710301,2021-07-31 16:18:00,710000,710300,计算机,300678.SZ,中科信息,计算机,both,agree
300679,2021-07-30 00:00:00,270504,2025-10-15 10:57:00,270000,270500,电子,300679.SZ,电连技术,电子,both,agree
300680,2021-07-30 00:00:00,280203,2025-07-30 08:44:00,280000,280200,汽车,300680.SZ,隆盛科技,汽车,both,agree
300681,2021-07-30 00:00:00,280206,2025-01-24 16:29:00,280000,280200,汽车,300681.SZ,英搏尔,汽车,both,agree
300682,2021-07-30 00:00:00,710301,2023-06-01 14:03:00,710000,710300,计算机,300682.SZ,朗新科技,计算机,both,agree
300683,2024-07-30 12:45:00,370603,2024-07-30 12:45:00,370000,370600,医药生物,300683.SZ,海特生物,医药生物,both,agree
300684,2022-07-29 00:00:00,270601,2023-04-25 09:32:00,270000,270600,电子,300684.SZ,中石科技,电子,both,agree
300685,2021-07-30 00:00:00,370504,2021-07-31 16:18:00,370000,370500,医药生物,300685.SZ,艾德生物,医药生物,both,agree
300686,2021-07-30 00:00:00,270504,2023-04-25 09:32:00,270000,270500,电子,300686.SZ,智动力,电子,both,agree
300687,2021-07-30 00:00:00,710301,2023-03-19 19:20:00,710000,710300,计算机,300687.SZ,赛意信息,计算机,both,agree
300688,2021-07-30 00:00:00,461102,2021-07-31 16:18:00,460000,461100,社会服务,300688.SZ,创业黑马,社会服务,both,agree
300689,2021-07-30 00:00:00,730206,2026-06-01 14:47:00,730000,730200,通信,300689.SZ,澄天伟业,通信,both,agree
300690,2021-07-30 00:00:00,630602,2025-10-15 10:57:00,630000,630600,电力设备,300690.SZ,双一科技,电力设备,both,agree
300691,2021-07-30 00:00:00,710102,2023-10-10 10:40:00,710000,710100,计算机,300691.SZ,联合光电,计算机,both,agree
300692,2021-07-30 00:00:00,760102,2025-10-15 10:57:00,760000,760100,环保,300692.SZ,中赋科技,环保,both,agree
300693,2021-07-30 00:00:00,630306,2025-12-08 13:07:00,630000,630300,电力设备,300693.SZ,盛弘股份,电力设备,both,agree
300694,2021-07-30 00:00:00,280203,2025-01-08 14:36:00,280000,280200,汽车,300694.SZ,蠡湖股份,汽车,both,agree
300695,2021-07-30 00:00:00,280204,2025-01-08 14:36:00,280000,280200,汽车,300695.SZ,兆丰股份,汽车,both,agree
300696,2017-08-15 17:51:00,650201,2021-06-24 09:36:00,650000,650200,国防军工,300696.SZ,爱乐达,国防军工,both,agree
300697,2017-08-26 09:16:00,240302,2021-01-25 13:36:00,240000,240300,有色金属,300697.SZ,电工合金,有色金属,both,agree
300698,2021-07-30 00:00:00,730204,2026-06-01 14:47:00,730000,730200,通信,300698.SZ,万马科技,通信,both,agree
300699,2021-07-30 00:00:00,650201,2025-10-15 10:57:00,650000,650200,国防军工,300699.SZ,光威复材,国防军工,both,agree
300700,2017-08-26 09:17:00,640103,2019-08-09 15:39:00,640000,640100,机械设备,300700.SZ,岱勒新材,机械设备,both,agree
300701,2017-09-07 14:55:00,270303,2019-08-09 15:38:00,270000,270300,电子,300701.SZ,森霸传感,电子,both,agree
300702,2021-07-30 00:00:00,370101,2021-07-31 16:18:00,370000,370100,医药生物,300702.SZ,天宇股份,医药生物,both,agree
300703,2021-07-30 00:00:00,360501,2025-03-24 13:57:00,360000,360500,轻工制造,300703.SZ,创源股份,轻工制造,both,agree
300705,2017-09-21 17:21:00,370102,2020-12-04 14:32:00,370000,370100,医药生物,300705.SZ,九典制药,医药生物,both,agree
300706,2019-07-24 00:00:00,270103,2019-08-09 15:38:00,270000,270100,电子,300706.SZ,阿石创,电子,both,agree
300707,2021-07-30 00:00:00,280205,2025-01-08 14:36:00,280000,280200,汽车,300707.SZ,威唐工业,汽车,both,agree
300708,2017-09-25 11:02:00,270302,2019-08-09 15:38:00,270000,270300,电子,300708.SZ,聚灿光电,电子,both,agree
300709,2021-07-30 00:00:00,270504,2025-09-09 10:17:00,270000,270500,电子,300709.SZ,精研科技,电子,both,agree
300710,2021-07-30 00:00:00,730204,2026-06-01 14:47:00,730000,730200,通信,300710.SZ,万隆光电,通信,both,agree
300711,2021-07-30 00:00:00,730207,2026-06-01 14:47:00,730000,730200,通信,300711.SZ,广哈通信,通信,both,agree
300712,2021-07-30 00:00:00,620404,2021-07-31 16:18:00,620000,620400,建筑装饰,300712.SZ,永福股份,建筑装饰,both,agree
300713,2021-07-30 00:00:00,630306,2025-10-15 10:57:00,630000,630300,电力设备,300713.SZ,英可瑞,电力设备,both,agree
300715,2021-07-30 00:00:00,610304,2023-12-07 10:03:00,610000,610300,建筑材料,300715.SZ,凯伦股份,建筑材料,both,agree
300716,2025-08-11 17:30:00,630502,2025-08-11 17:30:00,630000,630500,电力设备,300716.SZ,*ST泉为,电力设备,both,agree
300717,2017-11-08 14:11:00,220501,2019-08-09 15:39:00,220000,220500,基础化工,300717.SZ,华信新材,基础化工,both,agree
300718,2024-07-30 12:45:00,640108,2025-10-15 10:57:00,640000,640100,机械设备,300718.SZ,长盛轴承,机械设备,both,agree
300719,2017-10-30 14:49:00,650201,2020-10-19 09:20:00,650000,650200,国防军工,300719.SZ,安达维尔,国防军工,both,agree
300720,2021-07-30 00:00:00,640107,2025-10-15 10:57:00,640000,640100,机械设备,300720.SZ,海川智能,机械设备,both,agree
300721,2017-11-08 14:11:00,220309,2019-08-09 15:39:00,220000,220300,基础化工,300721.SZ,怡达股份,基础化工,both,agree
300722,2017-11-08 14:12:00,650101,2019-08-09 15:39:00,650000,650100,国防军工,300722.SZ,新余国科,国防军工,both,agree
300723,2017-11-08 14:12:00,370102,2020-12-04 14:32:00,370000,370100,医药生物,300723.SZ,一品红,医药生物,both,agree
300724,2021-07-30 00:00:00,630505,2025-10-15 10:57:00,630000,630500,电力设备,300724.SZ,捷佳伟创,电力设备,both,agree
300725,2021-07-30 00:00:00,370603,2021-07-31 16:18:00,370000,370600,医药生物,300725.SZ,药石科技,医药生物,both,agree
300726,2021-07-30 00:00:00,650501,2025-10-15 10:57:00,650000,650500,国防军工,300726.SZ,宏达电子,国防军工,both,agree
300727,2021-07-30 00:00:00,220316,2021-07-31 16:18:00,220000,220300,基础化工,300727.SZ,润禾材料,基础化工,both,agree
300728,2017-11-21 13:45:00,220314,2019-08-09 15:39:00,220000,220300,基础化工,,,,left_only,only_sw
300729,2021-07-30 00:00:00,360311,2026-04-10 09:38:00,360000,360300,轻工制造,300729.SZ,乐歌股份,轻工制造,both,agree
300730,2021-07-30 00:00:00,710401,2021-07-31 16:18:00,710000,710400,计算机,300730.SZ,科创信息,计算机,both,agree
300731,2019-07-24 00:00:00,220602,2019-08-09 15:39:00,220000,220600,基础化工,300731.SZ,科创新源,基础化工,both,agree
300732,2021-07-30 00:00:00,620601,2021-07-31 16:18:00,620000,620600,建筑装饰,300732.SZ,设研院,建筑装饰,both,agree
300733,2021-07-30 00:00:00,280203,2025-01-08 14:36:00,280000,280200,汽车,300733.SZ,西菱动力,汽车,both,agree
300735,2021-07-30 00:00:00,270504,2023-04-25 09:32:00,270000,270500,电子,300735.SZ,光弘科技,电子,both,agree
300736,2018-01-07 22:49:00,270401,2019-08-09 15:38:00,270000,270400,电子,300736.SZ,百邦科技,电子,both,agree
300737,2021-07-30 00:00:00,610304,2026-02-09 09:46:00,610000,610300,建筑材料,300737.SZ,科顺股份,建筑材料,both,agree
300738,2023-07-04 00:00:00,730104,2025-10-15 10:57:00,730000,730100,通信,300738.SZ,奥飞数据,通信,both,agree
300739,2018-01-29 19:38:00,270202,2019-08-09 15:38:00,270000,270200,电子,300739.SZ,明阳电路,电子,both,agree
300740,2021-07-30 00:00:00,770202,2026-01-26 16:15:00,770000,770200,美容护理,300740.SZ,水羊股份,美容护理,both,agree
300741,2021-07-30 00:00:00,220315,2021-07-31 16:18:00,220000,220300,基础化工,300741.SZ,华宝股份,基础化工,both,agree
300742,2021-07-30 00:00:00,280203,2022-10-11 14:52:00,280000,280200,汽车,,,,left_only,only_sw
300743,2021-07-30 00:00:00,710103,2021-07-31 16:18:00,710000,710100,计算机,300743.SZ,天地数码,计算机,both,agree
300745,2022-07-29 00:00:00,280206,2025-01-08 14:36:00,280000,280200,汽车,300745.SZ,欣锐科技,汽车,both,agree
300746,2021-07-30 00:00:00,620601,2025-10-15 10:57:00,620000,620600,建筑装饰,300746.SZ,汉嘉数智,建筑装饰,both,agree
300747,2021-07-30 00:00:00,640703,2025-10-15 10:57:00,640000,640700,机械设备,300747.SZ,锐科激光,机械设备,both,agree
300748,2018-09-18 14:54:00,240202,2021-06-28 16:25:00,240000,240200,有色金属,300748.SZ,金力永磁,有色金属,both,agree
300749,2021-07-30 00:00:00,360308,2021-07-31 16:18:00,360000,360300,轻工制造,300749.SZ,顶固集创,轻工制造,both,agree
300750,2021-07-30 00:00:00,630701,2025-10-15 10:57:00,630000,630700,电力设备,300750.SZ,宁德时代,电力设备,both,agree
300751,2021-07-30 00:00:00,630505,2025-12-09 16:03:00,630000,630500,电力设备,300751.SZ,迈为股份,电力设备,both,agree
300752,2018-11-28 11:33:00,270302,2019-08-09 15:38:00,270000,270300,电子,300752.SZ,隆利科技,电子,both,agree
300753,2021-07-30 00:00:00,370502,2023-04-03 15:24:00,370000,370500,医药生物,300753.SZ,爱朋医疗,医药生物,both,agree
300755,2018-12-21 15:41:00,450401,2021-04-01 14:11:00,450000,450400,商贸零售,300755.SZ,华致酒行,商贸零售,both,agree
300756,2022-07-29 00:00:00,640209,2025-12-16 15:58:00,640000,640200,机械设备,300756.SZ,金马游乐,机械设备,both,agree
300757,2021-07-30 00:00:00,640704,2025-10-15 10:57:00,640000,640700,机械设备,300757.SZ,罗博特科,机械设备,both,agree
300758,2019-01-24 08:53:00,220305,2019-08-09 15:39:00,220000,220300,基础化工,300758.SZ,七彩化学,基础化工,both,agree
300759,2021-07-30 00:00:00,370603,2025-09-09 10:17:00,370000,370600,医药生物,300759.SZ,康龙化成,医药生物,both,agree
300760,2021-07-30 00:00:00,370502,2021-07-31 16:18:00,370000,370500,医药生物,300760.SZ,迈瑞医疗,医药生物,both,agree
300761,2021-07-30 00:00:00,110703,2021-12-02 10:06:00,110000,110700,农林牧渔,300761.SZ,立华股份,农林牧渔,both,agree
300762,2021-07-30 00:00:00,650501,2025-10-15 10:57:00,650000,650500,国防军工,300762.SZ,上海瀚讯,国防军工,both,agree
300763,2021-07-30 00:00:00,630503,2026-06-17 14:33:00,630000,630500,电力设备,300763.SZ,锦浪科技,电力设备,both,agree
300765,2019-03-06 14:50:00,370101,2020-12-04 14:32:00,370000,370100,医药生物,300765.SZ,石药创新,医药生物,both,agree
300766,2021-12-24 00:00:00,710402,2021-12-24 16:31:00,710000,710400,计算机,300766.SZ,每日互动,计算机,both,agree
300767,2019-03-18 08:57:00,220602,2019-08-09 15:39:00,220000,220600,基础化工,300767.SZ,震安科技,基础化工,both,agree
300768,2021-07-30 00:00:00,710402,2021-07-31 16:18:00,710000,710400,计算机,300768.SZ,迪普科技,计算机,both,agree
300769,2021-07-30 00:00:00,630702,2025-10-15 10:57:00,630000,630700,电力设备,300769.SZ,德方纳米,电力设备,both,agree
300770,2021-07-30 00:00:00,721001,2026-04-02 13:26:00,720000,721000,传媒,300770.SZ,新媒股份,传媒,both,agree
300771,2021-07-30 00:00:00,710103,2021-07-31 16:18:00,710000,710100,计算机,300771.SZ,智莱科技,计算机,both,agree
300772,2021-07-30 00:00:00,630601,2025-10-15 10:57:00,630000,630600,电力设备,300772.SZ,运达股份,电力设备,both,agree
300773,2021-07-30 00:00:00,490306,2023-04-03 14:29:00,490000,490300,非银金融,300773.SZ,拉卡拉,非银金融,both,agree
300774,2021-07-30 00:00:00,760102,2026-04-27 15:47:00,760000,760100,环保,300774.SZ,倍杰特,环保,both,agree
300775,2019-05-06 14:46:00,650201,2021-03-03 15:32:00,650000,650200,国防军工,300775.SZ,三角防务,国防军工,both,agree
300776,2021-07-30 00:00:00,630505,2025-10-15 10:57:00,630000,630500,电力设备,300776.SZ,帝尔激光,电力设备,both,agree
300777,2021-07-30 00:00:00,650201,2025-10-15 10:57:00,650000,650200,国防军工,300777.SZ,中简科技,国防军工,both,agree
300778,2021-07-30 00:00:00,620601,2021-07-31 16:18:00,620000,620600,建筑装饰,300778.SZ,新城市,建筑装饰,both,agree
300779,2021-07-30 00:00:00,760103,2025-10-15 10:57:00,760000,760100,环保,300779.SZ,惠城环保,环保,both,agree
300780,2021-07-30 00:00:00,640108,2025-10-15 10:57:00,640000,640100,机械设备,300780.SZ,德恩精工,机械设备,both,agree
300781,2021-07-30 00:00:00,720501,2025-10-15 10:57:00,720000,720500,传媒,300781.SZ,因赛集团,传媒,both,agree
300782,2021-07-30 00:00:00,270105,2023-04-25 09:32:00,270000,270100,电子,300782.SZ,卓胜微,电子,both,agree
300783,2021-07-30 00:00:00,340801,2025-12-29 12:21:00,340000,340800,食品饮料,300783.SZ,三只松鼠,食品饮料,both,agree
300784,2024-05-31 00:00:00,270504,2024-07-29 11:30:00,270000,270500,电子,300784.SZ,利安科技,电子,both,agree
300785,2021-07-30 00:00:00,720704,2025-10-15 10:57:00,720000,720700,传媒,300785.SZ,值得买,传媒,both,agree
300786,2021-07-30 00:00:00,760201,2025-10-15 10:57:00,760000,760200,环保,300786.SZ,国林科技,环保,both,agree
300787,2021-07-30 00:00:00,270504,2023-04-25 09:32:00,270000,270500,电子,300787.SZ,海能实业,电子,both,agree
300788,2021-07-30 00:00:00,720902,2025-10-15 10:57:00,720000,720900,传媒,300788.SZ,中信出版,传媒,both,agree
300789,2021-07-30 00:00:00,710103,2021-07-31 16:18:00,710000,710100,计算机,300789.SZ,唐源电气,计算机,both,agree
300790,2021-07-30 00:00:00,710102,2023-04-25 09:32:00,710000,710100,计算机,300790.SZ,宇瞳光学,计算机,both,agree
300791,2021-07-30 00:00:00,340407,2021-07-31 16:18:00,340000,340400,食品饮料,300791.SZ,仙乐健康,食品饮料,both,agree
300792,2021-07-30 00:00:00,450603,2026-01-26 16:15:00,450000,450600,商贸零售,300792.SZ,壹网壹创,商贸零售,both,agree
300793,2021-07-30 00:00:00,270504,2023-04-25 09:32:00,270000,270500,电子,300793.SZ,佳禾智能,电子,both,agree
300795,2021-07-30 00:00:00,460803,2026-02-26 16:27:00,460000,460800,社会服务,300795.SZ,米奥会展,社会服务,both,agree
300796,2021-07-30 00:00:00,220803,2025-12-30 17:34:00,220000,220800,基础化工,300796.SZ,贝斯美,基础化工,both,agree
300797,2022-07-29 00:00:00,460802,2022-10-11 14:52:00,460000,460800,社会服务,300797.SZ,钢研纳克,社会服务,both,agree
300798,2019-10-21 08:42:00,220308,2019-11-06 09:30:00,220000,220300,基础化工,300798.SZ,锦鸡股份,基础化工,both,agree
300799,2021-07-30 00:00:00,710402,2021-07-31 16:18:00,710000,710400,计算机,,,,left_only,only_sw
300800,2021-07-30 00:00:00,760201,2025-10-15 10:57:00,760000,760200,环保,300800.SZ,力合科技,环保,both,agree
300801,2019-10-28 13:11:00,220309,2020-11-10 09:00:00,220000,220300,基础化工,300801.SZ,泰和科技,基础化工,both,agree
300802,2021-07-30 00:00:00,640704,2025-10-15 10:57:00,640000,640700,机械设备,300802.SZ,矩子科技,机械设备,both,agree
300803,2021-07-30 00:00:00,710401,2024-01-24 12:32:00,710000,710400,计算机,300803.SZ,指南针,计算机,both,agree
300804,2023-06-09 00:00:00,220803,2023-09-08 10:19:00,220000,220800,基础化工,300804.SZ,广康生化,基础化工,both,agree
300805,2021-07-30 00:00:00,720501,2025-10-15 10:57:00,720000,720500,传媒,300805.SZ,电声股份,传媒,both,agree
300806,2021-07-30 00:00:00,220505,2026-09-22 11:03:00,220000,220500,基础化工,300806.SZ,斯迪克,基础化工,both,agree
300807,2021-07-30 00:00:00,710103,2021-07-31 16:18:00,710000,710100,计算机,300807.SZ,天迈科技,计算机,both,agree
300808,2019-11-14 08:58:00,270302,2019-11-20 10:42:00,270000,270300,电子,300808.SZ,久量股份,电子,both,agree
300809,2019-11-20 14:29:00,640101,2019-12-02 09:20:00,640000,640100,机械设备,300809.SZ,华辰装备,机械设备,both,agree
300810,2019-11-29 09:37:00,650401,2019-12-02 09:20:00,650000,650400,国防军工,300810.SZ,中科海讯,国防军工,both,agree
300811,2019-12-23 09:13:00,240202,2021-01-25 13:36:00,240000,240200,有色金属,300811.SZ,铂科新材,有色金属,both,agree
300812,2022-07-29 00:00:00,270504,2022-07-29 11:54:00,270000,270500,电子,300812.SZ,易天股份,电子,both,agree
300813,2020-01-13 14:08:00,640209,2020-04-09 13:53:00,640000,640200,机械设备,300813.SZ,泰林生物,机械设备,both,agree
300814,2021-07-27 13:28:00,270202,2021-07-27 13:28:00,270000,270200,电子,300814.SZ,中富电路,电子,both,agree
300815,2021-07-30 00:00:00,760103,2026-09-22 11:03:00,760000,760100,环保,300815.SZ,玉禾田,环保,both,agree
300816,2021-07-30 00:00:00,280205,2025-01-08 14:36:00,280000,280200,汽车,300816.SZ,艾可蓝,汽车,both,agree
300817,2021-07-30 00:00:00,640108,2025-10-15 10:57:00,640000,640100,机械设备,300817.SZ,双飞集团,机械设备,both,agree
300818,2020-02-04 22:03:00,640103,2020-04-09 13:53:00,640000,640100,机械设备,300818.SZ,耐普矿机,机械设备,both,agree
300819,2020-02-04 22:03:00,350106,2020-04-09 13:58:00,350000,350100,纺织服饰,300819.SZ,聚杰微纤,纺织服饰,both,agree
300820,2021-07-30 00:00:00,630306,2025-10-15 10:57:00,630000,630300,电力设备,300820.SZ,英杰电气,电力设备,both,agree
300821,2021-07-30 00:00:00,220316,2021-07-31 16:18:00,220000,220300,基础化工,300821.SZ,东岳硅材,基础化工,both,agree
300822,2021-07-30 00:00:00,270504,2023-04-25 09:32:00,270000,270500,电子,300822.SZ,贝仕达克,电子,both,agree
300823,2020-03-10 08:53:00,640209,2020-04-09 13:53:00,640000,640200,机械设备,300823.SZ,建科智能,机械设备,both,agree
300824,2021-07-30 00:00:00,330301,2021-07-31 16:18:00,330000,330300,家用电器,300824.SZ,北鼎股份,家用电器,both,agree
300825,2021-07-30 00:00:00,280303,2025-01-08 14:36:00,280000,280300,汽车,300825.SZ,阿尔特,汽车,both,agree
300826,2021-07-30 00:00:00,620601,2021-07-31 16:18:00,620000,620600,建筑装饰,300826.SZ,测绘股份,建筑装饰,both,agree
300827,2021-07-30 00:00:00,630503,2025-10-15 10:57:00,630000,630500,电力设备,300827.SZ,上能电气,电力设备,both,agree
300828,2021-07-30 00:00:00,640108,2025-10-15 10:57:00,640000,640100,机械设备,300828.SZ,锐新科技,机械设备,both,agree
300829,2021-07-30 00:00:00,220315,2024-05-27 10:52:00,220000,220300,基础化工,300829.SZ,金丹科技,基础化工,both,agree
300830,2021-07-30 00:00:00,710401,2021-07-31 16:18:00,710000,710400,计算机,300830.SZ,金现代,计算机,both,agree
300831,2020-04-16 00:00:00,270102,2020-04-16 16:22:00,270000,270100,电子,300831.SZ,ST派瑞,电子,both,agree
300832,2021-07-30 00:00:00,370504,2025-09-09 10:17:00,370000,370500,医药生物,300832.SZ,新产业,医药生物,both,agree
300833,2020-05-05 19:51:00,640209,2020-05-18 10:58:00,640000,640200,机械设备,300833.SZ,浩洋股份,机械设备,both,agree
300834,2022-07-29 00:00:00,220503,2022-07-29 11:54:00,220000,220500,基础化工,300834.SZ,星辉环材,基础化工,both,agree
300835,2020-05-18 18:06:00,240202,2020-06-17 13:17:00,240000,240200,有色金属,300835.SZ,龙磁科技,有色金属,both,agree
300836,2020-05-23 14:13:00,640209,2020-06-17 13:15:00,640000,640200,机械设备,300836.SZ,佰奥智能,机械设备,both,agree
300837,2020-05-23 14:13:00,640203,2020-06-17 13:15:00,640000,640200,机械设备,300837.SZ,浙矿股份,机械设备,both,agree
300838,2021-07-30 00:00:00,640108,2025-10-15 10:57:00,640000,640100,机械设备,300838.SZ,浙江力诺,机械设备,both,agree
300839,2021-07-30 00:00:00,750303,2024-04-01 15:29:00,750000,750300,石油石化,300839.SZ,博汇股份,石油石化,both,agree
300840,2021-07-30 00:00:00,350209,2021-07-31 16:18:00,350000,350200,纺织服饰,300840.SZ,酷特智能,纺织服饰,both,agree
300841,2021-07-30 00:00:00,370303,2021-07-31 16:18:00,370000,370300,医药生物,300841.SZ,康华生物,医药生物,both,agree
300842,2021-07-30 00:00:00,630504,2025-10-15 10:57:00,630000,630500,电力设备,300842.SZ,帝科股份,电力设备,both,agree
300843,2021-07-30 00:00:00,270504,2023-04-25 09:32:00,270000,270500,电子,300843.SZ,胜蓝股份,电子,both,agree
300844,2021-08-06 00:00:00,620601,2021-09-17 14:14:00,620000,620600,建筑装饰,300844.SZ,山水比德,建筑装饰,both,agree
300845,2021-07-30 00:00:00,710103,2021-07-31 16:18:00,710000,710100,计算机,300845.SZ,捷安高科,计算机,both,agree
300846,2021-07-30 00:00:00,710301,2021-07-31 16:18:00,710000,710300,计算机,300846.SZ,首都在线,计算机,both,agree
300847,2024-07-30 12:45:00,710103,2025-01-08 14:36:00,710000,710100,计算机,300847.SZ,中船汉光,计算机,both,agree
300848,2020-06-18 10:50:00,220313,2020-08-17 10:51:00,220000,220300,基础化工,300848.SZ,美瑞新材,基础化工,both,agree
300849,2021-07-30 00:00:00,770201,2021-07-31 16:18:00,770000,770200,美容护理,300849.SZ,锦盛新材,美容护理,both,agree
300850,2021-07-30 00:00:00,630602,2025-10-15 10:57:00,630000,630600,电力设备,300850.SZ,新强联,电力设备,both,agree
300851,2020-06-29 08:44:00,640501,2020-08-17 10:52:00,640000,640500,机械设备,300851.SZ,交大思诺,机械设备,both,agree
300852,2020-06-29 08:44:00,270202,2020-08-17 10:48:00,270000,270200,电子,300852.SZ,四会富仕,电子,both,agree
300853,2022-07-29 00:00:00,630803,2025-10-15 10:57:00,630000,630800,电力设备,300853.SZ,申昊科技,电力设备,both,agree
300854,2021-08-27 00:00:00,760103,2025-10-15 10:57:00,760000,760100,环保,300854.SZ,中兰环保,环保,both,agree
300855,2020-07-06 18:24:00,240201,2021-07-05 09:25:00,240000,240200,有色金属,300855.SZ,图南股份,有色金属,both,agree
300856,2021-07-30 00:00:00,770201,2024-05-09 08:25:00,770000,770200,美容护理,300856.SZ,科思股份,美容护理,both,agree
300857,2021-07-30 00:00:00,270504,2024-02-01 10:00:00,270000,270500,电子,300857.SZ,协创数据,电子,both,agree
300858,2021-07-30 00:00:00,220315,2021-07-31 16:18:00,220000,220300,基础化工,300858.SZ,科拓生物,基础化工,both,agree
300859,2021-07-30 00:00:00,461003,2021-07-31 16:18:00,460000,461000,社会服务,300859.SZ,西域旅游,社会服务,both,agree
300860,2021-07-30 00:00:00,460803,2023-05-04 10:29:00,460000,460800,社会服务,300860.SZ,锋尚文化,社会服务,both,agree
300861,2020-07-31 15:44:00,640103,2020-08-17 10:52:00,640000,640100,机械设备,300861.SZ,美畅股份,机械设备,both,agree
300862,2021-07-30 00:00:00,640107,2025-10-15 10:57:00,640000,640100,机械设备,300862.SZ,蓝盾光电,机械设备,both,agree
300863,2021-07-30 00:00:00,280206,2025-01-08 14:36:00,280000,280200,汽车,300863.SZ,卡倍亿,汽车,both,agree
300864,2021-07-30 00:00:00,760104,2025-10-15 10:57:00,760000,760100,环保,300864.SZ,南大环境,环保,both,agree
300865,2020-08-04 23:28:00,640203,2020-08-17 10:52:00,640000,640200,机械设备,300865.SZ,大宏立,机械设备,both,agree
300866,2021-07-30 00:00:00,270503,2021-09-02 15:04:00,270000,270500,电子,300866.SZ,安克创新,电子,both,agree
300867,2021-07-30 00:00:00,760103,2025-10-15 10:57:00,760000,760100,环保,300867.SZ,圣元环保,环保,both,agree
300868,2024-07-30 12:45:00,270504,2024-07-30 12:45:00,270000,270500,电子,300868.SZ,杰美特,电子,both,agree
300869,2021-07-30 00:00:00,370502,2021-07-31 16:18:00,370000,370500,医药生物,300869.SZ,康泰医学,医药生物,both,agree
300870,2020-08-07 08:32:00,630306,2020-08-17 10:53:00,630000,630300,电力设备,300870.SZ,欧陆通,电力设备,both,agree
300871,2020-08-07 08:32:00,110801,2020-08-17 11:00:00,110000,110800,农林牧渔,300871.SZ,回盛生物,农林牧渔,both,agree
300872,2021-07-30 00:00:00,710301,2021-07-31 16:18:00,710000,710300,计算机,300872.SZ,天阳科技,计算机,both,agree
300873,2021-07-30 00:00:00,420803,2025-10-15 10:57:00,420000,420800,交通运输,300873.SZ,海晨股份,交通运输,both,agree
300875,2020-08-07 08:33:00,650301,2020-08-17 10:54:00,650000,650300,国防军工,300875.SZ,捷强装备,国防军工,both,agree
300876,2020-08-07 08:33:00,220404,2020-08-17 10:51:00,220000,220400,基础化工,300876.SZ,蒙泰高新,基础化工,both,agree
300877,2020-08-08 15:07:00,350106,2020-08-17 10:57:00,350000,350100,纺织服饰,300877.SZ,金春股份,纺织服饰,both,agree
300878,2020-08-08 15:08:00,370201,2020-08-17 10:55:00,370000,370200,医药生物,300878.SZ,维康药业,医药生物,both,agree
300879,2022-07-29 00:00:00,640207,2025-10-15 10:57:00,640000,640200,机械设备,300879.SZ,大叶股份,机械设备,both,agree
300880,2021-07-30 00:00:00,630804,2025-10-15 10:57:00,630000,630800,电力设备,300880.SZ,迦南智能,电力设备,both,agree
300881,2021-07-30 00:00:00,230501,2025-01-08 14:36:00,230000,230500,钢铁,300881.SZ,盛德鑫泰,钢铁,both,agree
300882,2021-07-30 00:00:00,630804,2025-10-15 10:57:00,630000,630800,电力设备,300882.SZ,万胜智能,电力设备,both,agree
300883,2021-07-30 00:00:00,360205,2021-07-31 16:18:00,360000,360200,轻工制造,300883.SZ,龙利得,轻工制造,both,agree
300884,2021-07-30 00:00:00,710102,2021-07-31 16:18:00,710000,710100,计算机,300884.SZ,狄耐克,计算机,both,agree
300885,2021-07-30 00:00:00,640108,2025-10-15 10:57:00,640000,640100,机械设备,300885.SZ,海昌新材,机械设备,both,agree
300886,2026-07-01 10:24:00,220315,2026-07-01 10:24:00,220000,220300,基础化工,300886.SZ,华业香料,基础化工,both,agree
300887,2021-07-30 00:00:00,460802,2025-10-15 10:57:00,460000,460800,社会服务,300887.SZ,谱尼测试,社会服务,both,agree
300888,2021-07-30 00:00:00,770101,2023-01-12 14:35:00,770000,770100,美容护理,300888.SZ,稳健医疗,美容护理,both,agree
300889,2020-08-31 09:44:00,270302,2020-09-08 13:06:00,270000,270300,电子,300889.SZ,爱克股份,电子,both,agree
300890,2021-07-30 00:00:00,630702,2025-10-15 10:57:00,630000,630700,电力设备,300890.SZ,翔丰华,电力设备,both,agree
300891,2021-07-30 00:00:00,220206,2021-07-31 16:18:00,220000,220200,基础化工,300891.SZ,惠云钛业,基础化工,both,agree
300892,2022-07-29 00:00:00,340702,2022-08-31 13:37:00,340000,340700,食品饮料,300892.SZ,品渥食品,食品饮料,both,agree
300893,2022-07-29 00:00:00,280202,2026-02-26 16:27:00,280000,280200,汽车,300893.SZ,松原安全,汽车,both,agree
300894,2021-07-30 00:00:00,330401,2026-02-26 16:27:00,330000,330400,家用电器,300894.SZ,火星人,家用电器,both,agree
300895,2021-07-30 00:00:00,710301,2021-07-31 16:18:00,710000,710300,计算机,300895.SZ,铜牛信息,计算机,both,agree
300896,2021-07-30 00:00:00,770301,2026-01-21 14:02:00,770000,770300,美容护理,300896.SZ,爱美客,美容护理,both,agree
300897,2021-07-30 00:00:00,640107,2025-10-15 10:57:00,640000,640100,机械设备,300897.SZ,山科智能,机械设备,both,agree
300898,2021-07-30 00:00:00,340702,2021-07-31 16:18:00,340000,340700,食品饮料,300898.SZ,熊猫乳品,食品饮料,both,agree
300899,2021-07-30 00:00:00,760102,2025-10-15 10:57:00,760000,760100,环保,300899.SZ,上海凯鑫,环保,both,agree
300900,2020-10-16 16:01:00,650201,2020-11-02 15:27:00,650000,650200,国防军工,300900.SZ,广联航空,国防军工,both,agree
300901,2021-07-30 00:00:00,350209,2021-07-31 16:18:00,350000,350200,纺织服饰,300901.SZ,中胤时尚,纺织服饰,both,agree
300902,2020-10-16 16:01:00,640209,2020-11-02 15:26:00,640000,640200,机械设备,300902.SZ,国安达,机械设备,both,agree
300903,2020-10-26 19:16:00,270202,2020-11-02 15:25:00,270000,270200,电子,300903.SZ,科翔股份,电子,both,agree
300904,2023-07-31 00:00:00,630602,2025-10-15 10:57:00,630000,630600,电力设备,300904.SZ,威力传动,电力设备,both,agree
300905,2024-07-30 12:45:00,220404,2024-07-30 12:45:00,220000,220400,基础化工,300905.SZ,宝丽迪,基础化工,both,agree
300906,2021-07-30 00:00:00,640107,2025-10-15 10:57:00,640000,640100,机械设备,300906.SZ,日月明,机械设备,both,agree
300907,2020-11-10 10:04:00,630101,2020-12-31 09:53:00,630000,630100,电力设备,300907.SZ,康平科技,电力设备,both,agree
300908,2021-07-30 00:00:00,340901,2023-01-03 10:31:00,340000,340900,食品饮料,300908.SZ,仲景食品,食品饮料,both,agree
300909,2020-11-10 10:05:00,270301,2020-12-31 09:49:00,270000,270300,电子,300909.SZ,汇创达,电子,both,agree
300910,2020-11-21 09:37:00,220309,2021-07-01 09:33:00,220000,220300,基础化工,300910.SZ,瑞丰新材,基础化工,both,agree
300911,2021-07-30 00:00:00,330401,2023-01-09 16:24:00,330000,330400,家用电器,300911.SZ,亿田智能,家用电器,both,agree
300912,2021-07-30 00:00:00,280205,2025-01-08 14:36:00,280000,280200,汽车,300912.SZ,凯龙高科,汽车,both,agree
300913,2021-07-30 00:00:00,730205,2026-06-01 14:47:00,730000,730200,通信,300913.SZ,兆龙互连,通信,both,agree
300915,2021-07-30 00:00:00,340702,2025-06-01 08:45:00,340000,340700,食品饮料,300915.SZ,海融科技,食品饮料,both,agree
300916,2021-07-30 00:00:00,270504,2023-04-25 09:32:00,270000,270500,电子,300916.SZ,朗特智能,电子,both,agree
300917,2021-07-30 00:00:00,430301,2021-07-31 16:18:00,430000,430300,房地产,300917.SZ,特发服务,房地产,both,agree
300918,2021-07-30 00:00:00,350106,2026-01-26 16:15:00,350000,350100,纺织服饰,300918.SZ,南山智尚,纺织服饰,both,agree
300919,2021-07-30 00:00:00,630702,2025-10-15 10:57:00,630000,630700,电力设备,300919.SZ,中伟新材,电力设备,both,agree
300920,2020-12-14 14:42:00,220501,2020-12-31 09:50:00,220000,220500,基础化工,300920.SZ,润阳科技,基础化工,both,agree
300921,2021-07-30 00:00:00,730104,2026-06-01 14:47:00,730000,730100,通信,300921.SZ,南凌科技,通信,both,agree
300922,2020-12-14 14:43:00,650301,2020-12-31 09:51:00,650000,650300,国防军工,300922.SZ,天秦装备,国防军工,both,agree
300923,2020-12-14 14:43:00,640501,2020-12-31 09:51:00,640000,640500,机械设备,300923.SZ,研奥股份,机械设备,both,agree
300925,2021-07-30 00:00:00,710401,2021-07-31 16:18:00,710000,710400,计算机,300925.SZ,法本信息,计算机,both,agree
300926,2021-07-30 00:00:00,280205,2025-01-08 14:36:00,280000,280200,汽车,300926.SZ,博俊科技,汽车,both,agree
300927,2020-12-23 10:23:00,220204,2020-12-31 09:50:00,220000,220200,基础化工,300927.SZ,江天化学,基础化工,both,agree
300928,2021-07-30 00:00:00,280206,2025-01-08 14:36:00,280000,280200,汽车,300928.SZ,华安鑫创,汽车,both,agree
300929,2021-07-30 00:00:00,760102,2025-10-15 10:57:00,760000,760100,环保,300929.SZ,华骐环保,环保,both,agree
300930,2021-01-11 13:14:00,240201,2021-01-15 09:22:00,240000,240200,有色金属,300930.SZ,屹通新材,有色金属,both,agree
300931,2021-01-08 14:26:00,640204,2021-01-15 09:21:00,640000,640200,机械设备,300931.SZ,通用电梯,机械设备,both,agree
300932,2021-07-30 00:00:00,630802,2025-10-15 10:57:00,630000,630800,电力设备,300932.SZ,三友联众,电力设备,both,agree
300933,2021-07-30 00:00:00,630805,2025-10-15 10:57:00,630000,630800,电力设备,300933.SZ,中辰股份,电力设备,both,agree
300935,2021-07-30 00:00:00,710401,2021-07-31 16:18:00,710000,710400,计算机,300935.SZ,盈建科,计算机,both,agree
300936,2021-01-26 15:59:00,270202,2021-03-04 13:04:00,270000,270200,电子,300936.SZ,中英科技,电子,both,agree
300937,2021-07-30 00:00:00,370402,2021-07-31 16:18:00,370000,370400,医药生物,300937.SZ,药易购,医药生物,both,agree
300938,2021-07-30 00:00:00,460802,2022-10-11 14:52:00,460000,460800,社会服务,300938.SZ,信测标准,社会服务,both,agree
300939,2021-01-25 09:13:00,270301,2021-03-04 13:04:00,270000,270300,电子,300939.SZ,秋田微,电子,both,agree
300940,2021-01-25 09:13:00,270302,2021-03-04 13:04:00,270000,270300,电子,300940.SZ,南极光,电子,both,agree
300941,2021-07-30 00:00:00,710103,2021-07-31 16:18:00,710000,710100,计算机,300941.SZ,创识科技,计算机,both,agree
300942,2021-07-30 00:00:00,370504,2022-10-11 14:52:00,370000,370500,医药生物,300942.SZ,易瑞生物,医药生物,both,agree
300943,2021-07-30 00:00:00,640108,2025-10-15 10:57:00,640000,640100,机械设备,300943.SZ,春晖智控,机械设备,both,agree
300945,2021-07-30 00:00:00,350301,2021-07-31 16:18:00,350000,350300,纺织服饰,300945.SZ,曼卡龙,纺织服饰,both,agree
300946,2021-07-30 00:00:00,640108,2025-12-08 13:06:00,640000,640100,机械设备,300946.SZ,恒而达,机械设备,both,agree
300947,2021-07-30 00:00:00,450304,2021-07-31 16:18:00,450000,450300,商贸零售,300947.SZ,德必集团,商贸零售,both,agree
300948,2021-07-30 00:00:00,620307,2021-08-02 13:20:00,620000,620300,建筑装饰,300948.SZ,冠中生态,建筑装饰,both,agree
300949,2021-07-30 00:00:00,620307,2021-08-02 13:20:00,620000,620300,建筑装饰,300949.SZ,奥雅股份,建筑装饰,both,agree
300950,2021-07-30 00:00:00,640203,2025-10-15 10:57:00,640000,640200,机械设备,300950.SZ,德固特,机械设备,both,agree
300951,2021-07-30 00:00:00,270504,2023-04-25 09:32:00,270000,270500,电子,300951.SZ,博硕科技,电子,both,agree
300952,2021-07-30 00:00:00,350205,2026-01-26 16:15:00,350000,350200,纺织服饰,300952.SZ,恒辉安防,纺织服饰,both,agree
300953,2022-07-29 00:00:00,630701,2025-10-15 10:57:00,630000,630700,电力设备,300953.SZ,震裕科技,电力设备,both,agree
300955,2021-07-30 00:00:00,770201,2022-10-25 09:12:00,770000,770200,美容护理,300955.SZ,嘉亨家化,美容护理,both,agree
300956,2021-07-30 00:00:00,270504,2023-04-25 09:32:00,270000,270500,电子,300956.SZ,英力股份,电子,both,agree
300957,2021-07-30 00:00:00,770202,2024-07-14 10:42:00,770000,770200,美容护理,300957.SZ,贝泰妮,美容护理,both,agree
300958,2021-07-30 00:00:00,760104,2025-10-15 10:57:00,760000,760100,环保,300958.SZ,建工修复,环保,both,agree
300959,2021-07-30 00:00:00,730104,2026-06-01 14:47:00,730000,730100,通信,300959.SZ,线上线下,通信,both,agree
300960,2021-03-29 15:18:00,640501,2021-04-12 13:48:00,640000,640500,机械设备,300960.SZ,通业科技,机械设备,both,agree
300961,2021-07-30 00:00:00,760102,2025-10-15 10:57:00,760000,760100,环保,300961.SZ,深水海纳,环保,both,agree
300962,2021-07-30 00:00:00,460804,2021-11-01 14:26:00,460000,460800,社会服务,300962.SZ,中金辐照,社会服务,both,agree
300963,2021-03-25 09:11:00,240201,2021-04-12 13:54:00,240000,240200,有色金属,300963.SZ,中洲特材,有色金属,both,agree
300964,2021-07-27 13:28:00,270202,2021-07-27 13:28:00,270000,270200,电子,300964.SZ,本川智能,电子,both,agree
300965,2021-03-25 09:12:00,650201,2021-04-12 13:48:00,650000,650200,国防军工,300965.SZ,恒宇信通,国防军工,both,agree
300966,2021-03-25 09:12:00,370101,2021-04-12 13:52:00,370000,370100,医药生物,300966.SZ,共同药业,医药生物,both,agree
300967,2021-07-30 00:00:00,110703,2024-05-27 10:52:00,110000,110700,农林牧渔,300967.SZ,晓鸣股份,农林牧渔,both,agree
300968,2021-07-30 00:00:00,270504,2023-04-25 09:32:00,270000,270500,电子,300968.SZ,格林精密,电子,both,agree
300969,2022-07-29 00:00:00,280205,2025-01-08 14:36:00,280000,280200,汽车,300969.SZ,恒帅股份,汽车,both,agree
300970,2021-07-30 00:00:00,110104,2024-05-27 10:52:00,110000,110100,农林牧渔,300970.SZ,华绿生物,农林牧渔,both,agree
300971,2021-07-30 00:00:00,640209,2025-10-15 10:57:00,640000,640200,机械设备,300971.SZ,博亚精工,机械设备,both,agree
300972,2026-03-05 11:31:00,450302,2026-07-03 16:36:00,450000,450300,商贸零售,300972.SZ,万辰集团,商贸零售,both,agree
300973,2021-07-30 00:00:00,340802,2025-01-24 16:29:00,340000,340800,食品饮料,300973.SZ,立高食品,食品饮料,both,agree
300975,2022-07-29 00:00:00,270203,2023-04-25 09:32:00,270000,270200,电子,300975.SZ,商络电子,电子,both,agree
300976,2021-07-30 00:00:00,270504,2023-04-25 09:32:00,270000,270500,电子,300976.SZ,达瑞电子,电子,both,agree
300977,2021-07-30 00:00:00,620601,2021-10-08 14:19:00,620000,620600,建筑装饰,300977.SZ,深圳瑞捷,建筑装饰,both,agree
300978,2021-07-30 00:00:00,280202,2025-01-08 14:36:00,280000,280200,汽车,300978.SZ,东箭科技,汽车,both,agree
300979,2021-07-30 00:00:00,350107,2021-07-31 16:18:00,350000,350100,纺织服饰,300979.SZ,华利集团,纺织服饰,both,agree
300980,2021-04-05 18:40:00,220501,2021-04-12 13:49:00,220000,220500,基础化工,300980.SZ,祥源新材,基础化工,both,agree
300981,2021-07-30 00:00:00,370503,2021-07-31 16:18:00,370000,370500,医药生物,300981.SZ,中红医疗,医药生物,both,agree
300982,2021-07-30 00:00:00,620306,2023-11-01 17:17:00,620000,620300,建筑装饰,300982.SZ,苏文电能,建筑装饰,both,agree
300983,2021-07-30 00:00:00,620601,2021-07-31 16:18:00,620000,620600,建筑装饰,300983.SZ,尤安设计,建筑装饰,both,agree
300984,2021-07-30 00:00:00,640106,2025-10-15 10:57:00,640000,640100,机械设备,300984.SZ,金沃股份,机械设备,both,agree
300985,2021-07-30 00:00:00,640108,2025-10-15 10:57:00,640000,640100,机械设备,300985.SZ,致远新能,机械设备,both,agree
300986,2022-07-27 00:00:00,620404,2022-07-30 16:28:00,620000,620400,建筑装饰,300986.SZ,志特新材,建筑装饰,both,agree
300987,2021-07-30 00:00:00,720704,2025-10-15 10:57:00,720000,720700,传媒,300987.SZ,川网传媒,传媒,both,agree
300988,2021-07-30 00:00:00,640209,2025-10-15 10:57:00,640000,640200,机械设备,300988.SZ,津荣天宇,机械设备,both,agree
300989,2021-07-30 00:00:00,620601,2021-07-31 16:18:00,620000,620600,建筑装饰,300989.SZ,蕾奥规划,建筑装饰,both,agree
300990,2021-04-26 15:58:00,640105,2021-04-28 15:17:00,640000,640100,机械设备,300990.SZ,同飞股份,机械设备,both,agree
300991,2021-07-30 00:00:00,270401,2023-04-25 09:32:00,270000,270400,电子,300991.SZ,创益通,电子,both,agree
300992,2021-05-08 15:53:00,640106,2021-07-06 09:07:00,640000,640100,机械设备,300992.SZ,泰福泵业,机械设备,both,agree
300993,2021-07-30 00:00:00,360311,2022-05-05 19:37:00,360000,360300,轻工制造,300993.SZ,玉马科技,轻工制造,both,agree
300994,2021-07-23 11:13:00,280401,2021-07-23 11:13:00,280000,280400,汽车,300994.SZ,久祺股份,汽车,both,agree
300995,2021-05-12 08:58:00,220503,2021-07-06 09:08:00,220000,220500,基础化工,300995.SZ,奇德新材,基础化工,both,agree
300996,2021-07-30 00:00:00,710401,2021-07-31 16:18:00,710000,710400,计算机,300996.SZ,普联软件,计算机,both,agree
300997,2021-07-30 00:00:00,340701,2021-07-31 16:18:00,340000,340700,食品饮料,300997.SZ,欢乐家,食品饮料,both,agree
300998,2021-07-30 00:00:00,280205,2025-01-08 14:36:00,280000,280200,汽车,300998.SZ,宁波方正,汽车,both,agree
300999,2020-09-21 19:15:00,110502,2021-03-03 15:31:00,110000,110500,农林牧渔,300999.SZ,金龙鱼,农林牧渔,both,agree
301000,2021-07-30 00:00:00,280205,2025-01-08 14:36:00,280000,280200,汽车,301000.SZ,肇民科技,汽车,both,agree
301001,2021-07-30 00:00:00,450603,2021-07-31 16:18:00,450000,450600,商贸零售,301001.SZ,凯淳股份,商贸零售,both,agree
301002,2021-07-30 00:00:00,630801,2025-10-15 10:57:00,630000,630800,电力设备,301002.SZ,崧盛股份,电力设备,both,agree
301003,2021-05-21 09:51:00,220503,2021-07-06 09:08:00,220000,220500,基础化工,301003.SZ,江苏博云,基础化工,both,agree
301004,2021-07-30 00:00:00,360311,2025-01-24 16:29:00,360000,360300,轻工制造,301004.SZ,嘉益股份,轻工制造,both,agree
301005,2021-07-30 00:00:00,280205,2025-01-08 14:36:00,280000,280200,汽车,301005.SZ,超捷股份,汽车,both,agree
301006,2021-07-30 00:00:00,640107,2025-10-15 10:57:00,640000,640100,机械设备,301006.SZ,迈拓股份,机械设备,both,agree
301007,2021-07-30 00:00:00,280203,2025-01-08 14:36:00,280000,280200,汽车,301007.SZ,德迈仕,汽车,both,agree
301008,2021-07-30 00:00:00,330601,2021-07-31 16:18:00,330000,330600,家用电器,301008.SZ,宏昌科技,家用电器,both,agree
301009,2021-07-30 00:00:00,770101,2021-09-01 09:15:00,770000,770100,美容护理,301009.SZ,可靠股份,美容护理,both,agree
301010,2021-07-30 00:00:00,610303,2021-07-31 16:18:00,610000,610300,建筑材料,301010.SZ,晶雪节能,建筑材料,both,agree
301011,2022-07-29 00:00:00,360502,2022-07-29 11:54:00,360000,360500,轻工制造,301011.SZ,华立科技,轻工制造,both,agree
301012,2021-07-30 00:00:00,630801,2025-10-15 10:57:00,630000,630800,电力设备,301012.SZ,扬电科技,电力设备,both,agree
301013,2021-06-09 16:31:00,640209,2021-07-06 09:07:00,640000,640200,机械设备,301013.SZ,利和兴,机械设备,both,agree
301015,2021-07-30 00:00:00,370402,2021-07-31 16:18:00,370000,370400,医药生物,301015.SZ,百洋医药,医药生物,both,agree
301016,2021-06-14 10:01:00,640501,2021-07-06 09:07:00,640000,640500,机械设备,301016.SZ,雷尔伟,机械设备,both,agree
301017,2021-07-30 00:00:00,370403,2021-07-31 16:18:00,370000,370400,医药生物,301017.SZ,漱玉平民,医药生物,both,agree
301018,2021-07-30 00:00:00,640105,2025-10-15 10:57:00,640000,640100,机械设备,301018.SZ,申菱环境,机械设备,both,agree
301019,2021-06-22 18:13:00,220501,2021-07-06 09:08:00,220000,220500,基础化工,301019.SZ,宁波色母,基础化工,both,agree
301020,2021-07-30 00:00:00,280203,2025-01-08 14:36:00,280000,280200,汽车,301020.SZ,密封科技,汽车,both,agree
301021,2021-07-30 00:00:00,640703,2025-10-15 10:57:00,640000,640700,机械设备,301021.SZ,英诺激光,机械设备,both,agree
301022,2021-07-30 00:00:00,280205,2025-01-08 14:36:00,280000,280200,汽车,301022.SZ,海泰科,汽车,both,agree
301023,2021-07-05 08:48:00,630101,2021-07-06 09:11:00,630000,630100,电力设备,301023.SZ,奕帆传动,电力设备,both,agree
301024,2021-07-30 00:00:00,620601,2021-09-17 14:14:00,620000,620600,建筑装饰,301024.SZ,霍普股份,建筑装饰,both,agree
301025,2021-07-30 00:00:00,720902,2025-10-15 10:57:00,720000,720900,传媒,301025.SZ,读客文化,传媒,both,agree
301026,2021-07-05 08:46:00,240504,2021-07-06 09:19:00,240000,240500,有色金属,301026.SZ,浩通科技,有色金属,both,agree
301027,2021-07-30 00:00:00,620601,2021-07-31 16:18:00,620000,620600,建筑装饰,301027.SZ,华蓝集团,建筑装饰,both,agree
301028,2021-07-05 08:47:00,640106,2021-07-06 09:07:00,640000,640100,机械设备,301028.SZ,鼎熔岩,机械设备,both,agree
301029,2021-07-30 00:00:00,640704,2025-10-15 10:57:00,640000,640700,机械设备,301029.SZ,怡合达,机械设备,both,agree
301030,2026-07-01 10:24:00,630502,2026-07-01 10:24:00,630000,630500,电力设备,301030.SZ,*ST仕净,电力设备,both,agree
301031,2021-07-30 00:00:00,270401,2021-07-31 16:18:00,270000,270400,电子,301031.SZ,中熔电气,电子,both,agree
301032,2021-07-30 00:00:00,640106,2025-10-15 10:57:00,640000,640100,机械设备,301032.SZ,新柴股份,机械设备,both,agree
301033,2021-07-30 00:00:00,370503,2021-10-08 14:19:00,370000,370500,医药生物,301033.SZ,迈普医学,医药生物,both,agree
301035,2021-07-30 00:00:00,220803,2025-12-30 17:35:00,220000,220800,基础化工,301035.SZ,润丰股份,基础化工,both,agree
301036,2021-07-12 18:01:00,220305,2021-07-12 18:01:00,220000,220300,基础化工,301036.SZ,双乐股份,基础化工,both,agree
301037,2021-07-30 00:00:00,220305,2021-09-17 14:10:00,220000,220300,基础化工,301037.SZ,保立佳,基础化工,both,agree
301038,2021-07-30 00:00:00,620601,2023-09-27 15:21:00,620000,620600,建筑装饰,301038.SZ,深水规院,建筑装饰,both,agree
301039,2021-07-30 00:00:00,280601,2025-01-08 14:36:00,280000,280600,汽车,301039.SZ,中集车辆,汽车,both,agree
301040,2021-07-30 00:00:00,630602,2025-10-15 10:57:00,630000,630600,电力设备,301040.SZ,中环海陆,电力设备,both,agree
301041,2021-07-27 13:28:00,270202,2021-07-27 13:28:00,270000,270200,电子,301041.SZ,金百泽,电子,both,agree
301042,2021-07-30 00:00:00,710102,2023-09-27 15:22:00,710000,710100,计算机,301042.SZ,安联锐视,计算机,both,agree
301043,2024-07-30 12:45:00,640105,2025-10-15 10:57:00,640000,640100,机械设备,301043.SZ,绿岛风,机械设备,both,agree
301045,2022-07-29 00:00:00,270301,2023-12-25 17:08:00,270000,270300,电子,301045.SZ,天禄科技,电子,both,agree
301046,2021-08-06 00:00:00,620404,2021-09-17 14:14:00,620000,620400,建筑装饰,301046.SZ,能辉科技,建筑装饰,both,agree
301047,2022-07-29 00:00:00,370304,2022-07-29 11:54:00,370000,370300,医药生物,301047.SZ,义翘神州,医药生物,both,agree
301048,2021-08-13 00:00:00,640501,2025-10-15 10:57:00,640000,640500,机械设备,301048.SZ,金鹰重工,机械设备,both,agree
301049,2021-08-13 00:00:00,760103,2025-10-15 10:57:00,760000,760100,环保,301049.SZ,超越科技,环保,both,agree
301050,2021-08-13 00:00:00,650501,2025-10-15 10:57:00,650000,650500,国防军工,301050.SZ,雷电微力,国防军工,both,agree
301051,2021-08-13 00:00:00,270504,2023-04-25 09:32:00,270000,270500,电子,301051.SZ,信濠光电,电子,both,agree
301052,2021-08-20 00:00:00,720902,2025-10-15 10:57:00,720000,720900,传媒,301052.SZ,果麦文化,传媒,both,agree
301053,2021-08-20 00:00:00,640206,2025-10-15 10:57:00,640000,640200,机械设备,301053.SZ,远信工业,机械设备,both,agree
301055,2021-08-20 00:00:00,360311,2021-09-17 14:13:00,360000,360300,轻工制造,301055.SZ,张小泉,轻工制造,both,agree
301056,2021-08-20 00:00:00,640204,2025-10-15 10:57:00,640000,640200,机械设备,301056.SZ,森赫股份,机械设备,both,agree
301057,2021-08-20 00:00:00,220401,2021-09-17 14:10:00,220000,220400,基础化工,301057.SZ,汇隆新材,基础化工,both,agree
301058,2021-08-20 00:00:00,620601,2024-01-23 09:18:00,620000,620600,建筑装饰,301058.SZ,中粮科工,建筑装饰,both,agree
301059,2021-08-27 00:00:00,220309,2021-09-17 14:10:00,220000,220300,基础化工,301059.SZ,金三江,基础化工,both,agree
301060,2021-08-27 00:00:00,370602,2021-12-01 10:37:00,370000,370600,医药生物,301060.SZ,兰卫医学,医药生物,both,agree
301061,2021-09-03 00:00:00,360307,2023-12-29 17:16:00,360000,360300,轻工制造,301061.SZ,匠心家居,轻工制造,both,agree
301062,2021-08-27 00:00:00,360205,2021-12-01 10:38:00,360000,360200,轻工制造,301062.SZ,上海艾录,轻工制造,both,agree
301063,2024-07-30 12:45:00,640203,2025-10-15 10:57:00,640000,640200,机械设备,301063.SZ,海锅股份,机械设备,both,agree
301065,2022-07-29 00:00:00,370101,2022-07-29 11:54:00,370000,370100,医药生物,301065.SZ,本立科技,医药生物,both,agree
301066,2022-07-29 00:00:00,350106,2022-07-29 11:54:00,350000,350100,纺织服饰,301066.SZ,万事利,纺织服饰,both,agree
301067,2021-09-03 00:00:00,270504,2023-04-25 09:32:00,270000,270500,电子,301067.SZ,显盈科技,电子,both,agree
301068,2021-09-03 00:00:00,760103,2025-10-15 10:57:00,760000,760100,环保,301068.SZ,大地海洋,环保,both,agree
301069,2021-09-10 00:00:00,220204,2024-04-01 15:29:00,220000,220200,基础化工,301069.SZ,凯盛新材,基础化工,both,agree
301070,2024-07-30 12:45:00,640105,2025-10-15 10:57:00,640000,640100,机械设备,301070.SZ,开勒股份,机械设备,both,agree
301071,2021-12-13 00:00:00,220901,2026-09-21 14:50:00,220000,220900,基础化工,301071.SZ,力量钻石,基础化工,both,agree
301072,2021-09-10 00:00:00,280203,2025-01-08 14:36:00,280000,280200,汽车,301072.SZ,中捷精工,汽车,both,agree
301073,2021-09-10 00:00:00,460901,2024-04-01 15:29:00,460000,460900,社会服务,301073.SZ,君亭酒店,社会服务,both,agree
301075,2021-09-17 00:00:00,370102,2021-11-18 09:15:00,370000,370100,医药生物,301075.SZ,多瑞医药,医药生物,both,agree
301076,2021-09-17 00:00:00,220309,2021-11-18 09:12:00,220000,220300,基础化工,301076.SZ,新瀚新材,基础化工,both,agree
301077,2021-09-17 00:00:00,220309,2021-11-18 09:12:00,220000,220300,基础化工,301077.SZ,星华新材,基础化工,both,agree
301078,2021-09-17 00:00:00,450401,2026-01-26 16:15:00,450000,450400,商贸零售,301078.SZ,孩子王,商贸零售,both,agree
301079,2021-09-24 00:00:00,640602,2025-10-15 10:57:00,640000,640600,机械设备,301079.SZ,邵阳液压,机械设备,both,agree
301080,2022-07-29 00:00:00,370304,2022-07-29 11:54:00,370000,370300,医药生物,301080.SZ,百普赛斯,医药生物,both,agree
301081,2021-10-15 00:00:00,760201,2025-10-15 10:57:00,760000,760200,环保,301081.SZ,严牌股份,环保,both,agree
301082,2021-09-30 00:00:00,630805,2025-10-15 10:57:00,630000,630800,电力设备,301082.SZ,久盛电气,电力设备,both,agree
301083,2021-10-15 00:00:00,640209,2025-10-15 10:57:00,640000,640200,机械设备,301083.SZ,百胜智能,机械设备,both,agree
301085,2021-10-15 00:00:00,710301,2021-11-18 09:18:00,710000,710300,计算机,301085.SZ,亚康股份,计算机,both,agree
301086,2021-10-15 00:00:00,270504,2023-04-25 09:32:00,270000,270500,电子,301086.SZ,鸿富瀚,电子,both,agree
301087,2026-08-21 13:22:00,370502,2026-08-21 13:22:00,370000,370500,医药生物,301087.SZ,可孚医疗,医药生物,both,agree
301088,2021-09-30 00:00:00,350209,2023-03-31 08:22:00,350000,350200,纺织服饰,301088.SZ,戎美股份,纺织服饰,both,agree
301089,2021-09-30 00:00:00,370101,2021-11-18 09:15:00,370000,370100,医药生物,301089.SZ,拓新药业,医药生物,both,agree
301090,2022-07-29 00:00:00,220501,2024-04-01 15:28:00,220000,220500,基础化工,301090.SZ,华润材料,基础化工,both,agree
301091,2021-09-30 00:00:00,620601,2025-10-21 15:46:00,620000,620600,建筑装饰,301091.SZ,深城交,建筑装饰,both,agree
301092,2021-10-15 00:00:00,220504,2021-11-18 09:12:00,220000,220500,基础化工,301092.SZ,争光股份,基础化工,both,agree
301093,2021-10-15 00:00:00,370503,2021-11-18 09:15:00,370000,370500,医药生物,301093.SZ,华兰股份,医药生物,both,agree
301095,2022-07-25 00:00:00,710401,2024-01-24 12:32:00,710000,710400,计算机,301095.SZ,广立微,计算机,both,agree
301096,2021-12-03 00:00:00,370603,2021-12-29 14:01:00,370000,370600,医药生物,301096.SZ,百诚医药,医药生物,both,agree
301097,2022-03-18 00:00:00,370503,2023-09-08 10:19:00,370000,370500,医药生物,301097.SZ,天益医疗,医药生物,both,agree
301098,2021-10-29 00:00:00,620307,2021-11-18 09:21:00,620000,620300,建筑装饰,301098.SZ,金埔园林,建筑装饰,both,agree
301099,2022-07-29 00:00:00,270401,2023-04-25 09:32:00,270000,270400,电子,301099.SZ,雅创电子,电子,both,agree
301100,2021-12-03 00:00:00,220309,2021-12-29 13:59:00,220000,220300,基础化工,301100.SZ,风光股份,基础化工,both,agree
301101,2021-12-03 00:00:00,360501,2023-06-28 21:39:00,360000,360500,轻工制造,301101.SZ,明月镜片,轻工制造,both,agree
301102,2022-03-04 00:00:00,720502,2025-10-15 10:57:00,720000,720500,传媒,301102.SZ,兆讯传媒,传媒,both,agree
301103,2022-03-04 00:00:00,370604,2023-09-08 10:19:00,370000,370600,医药生物,301103.SZ,何氏眼科,医药生物,both,agree
301105,2022-12-23 00:00:00,640208,2025-10-15 10:57:00,640000,640200,机械设备,301105.SZ,鸿铭股份,机械设备,both,agree
301106,2022-01-14 00:00:00,270301,2023-04-25 09:32:00,270000,270300,电子,301106.SZ,骏成科技,电子,both,agree
301107,2022-05-13 00:00:00,640106,2025-10-15 10:57:00,640000,640100,机械设备,301107.SZ,瑜欣电子,机械设备,both,agree
301108,2021-11-19 00:00:00,770101,2025-09-25 15:57:00,770000,770100,美容护理,301108.SZ,洁雅股份,美容护理,both,agree
301109,2022-03-25 00:00:00,760103,2026-09-22 11:03:00,760000,760100,环保,301109.SZ,军信股份,环保,both,agree
301110,2021-07-30 00:00:00,450603,2025-09-21 11:38:00,450000,450600,商贸零售,301110.SZ,青木科技,商贸零售,both,agree
301111,2022-07-29 00:00:00,370201,2022-07-29 11:54:00,370000,370200,医药生物,301111.SZ,粤万年青,医药生物,both,agree
301112,2022-06-02 00:00:00,640701,2025-10-15 10:57:00,640000,640700,机械设备,301112.SZ,信邦智能,机械设备,both,agree
301113,2021-12-10 00:00:00,360311,2021-12-29 14:08:00,360000,360300,轻工制造,301113.SZ,雅艺科技,轻工制造,both,agree
301115,2022-08-12 00:00:00,460802,2023-09-08 10:19:00,460000,460800,社会服务,301115.SZ,联检科技,社会服务,both,agree
301116,2021-12-31 00:00:00,110703,2023-09-08 10:19:00,110000,110700,农林牧渔,301116.SZ,益客食品,农林牧渔,both,agree
301117,2021-12-24 00:00:00,710102,2025-10-15 10:57:00,710000,710100,计算机,301117.SZ,ST佳缘,计算机,both,agree
301118,2021-11-05 00:00:00,220204,2021-11-18 09:14:00,220000,220200,基础化工,301118.SZ,恒光股份,基础化工,both,agree
301119,2021-11-12 00:00:00,280203,2025-01-08 14:36:00,280000,280200,汽车,301119.SZ,正强股份,汽车,both,agree
301120,2022-03-25 00:00:00,630801,2025-10-15 10:57:00,630000,630800,电力设备,301120.SZ,新特电气,电力设备,both,agree
301121,2022-07-25 00:00:00,630701,2025-10-15 10:57:00,630000,630700,电力设备,301121.SZ,紫建电子,电力设备,both,agree
301122,2022-01-14 00:00:00,370503,2023-09-08 10:19:00,370000,370500,医药生物,301122.SZ,采纳股份,医药生物,both,agree
301123,2022-01-07 00:00:00,270504,2023-04-25 09:32:00,270000,270500,电子,301123.SZ,奕东电子,电子,both,agree
301125,2022-05-20 00:00:00,640106,2025-10-15 10:57:00,640000,640100,机械设备,301125.SZ,腾亚精工,机械设备,both,agree
301126,2021-11-19 00:00:00,370402,2021-12-29 14:01:00,370000,370400,医药生物,301126.SZ,达嘉维康,医药生物,both,agree
301127,2021-12-10 00:00:00,760102,2026-04-02 13:26:00,760000,760100,环保,301127.SZ,武汉天源,环保,both,agree
301128,2021-10-29 00:00:00,640209,2025-10-15 10:57:00,640000,640200,机械设备,301128.SZ,强瑞技术,机械设备,both,agree
301129,2021-10-22 00:00:00,640107,2025-10-15 10:57:00,640000,640100,机械设备,301129.SZ,瑞纳智能,机械设备,both,agree
301130,2022-01-28 00:00:00,370102,2023-09-08 10:19:00,370000,370100,医药生物,301130.SZ,西点药业,医药生物,both,agree
301131,2022-03-04 00:00:00,220503,2023-09-08 10:19:00,220000,220500,基础化工,301131.SZ,聚赛龙,基础化工,both,agree
301132,2022-07-25 00:00:00,270202,2023-09-08 10:19:00,270000,270200,电子,301132.SZ,满坤科技,电子,both,agree
301133,2021-11-05 00:00:00,280202,2025-01-08 14:36:00,280000,280200,汽车,301133.SZ,金钟股份,汽车,both,agree
301135,2024-07-30 12:45:00,330601,2025-01-08 14:36:00,330000,330600,家用电器,301135.SZ,瑞德智能,家用电器,both,agree
301136,2021-12-24 00:00:00,620601,2021-12-29 14:09:00,620000,620600,建筑装饰,301136.SZ,招标股份,建筑装饰,both,agree
301137,2022-03-04 00:00:00,640108,2025-10-15 10:57:00,640000,640100,机械设备,301137.SZ,哈焊华通,机械设备,both,agree
301138,2022-07-29 00:00:00,640208,2025-10-15 10:57:00,640000,640200,机械设备,301138.SZ,华研精机,机械设备,both,agree
301139,2022-06-24 00:00:00,730103,2026-06-01 14:47:00,730000,730100,通信,301139.SZ,*ST元道,通信,both,agree
301141,2023-03-17 00:00:00,240202,2025-01-08 14:36:00,240000,240200,有色金属,301141.SZ,中科磁业,有色金属,both,agree
301148,2022-04-01 00:00:00,760102,2025-10-15 10:57:00,760000,760100,环保,301148.SZ,嘉戎技术,环保,both,agree
301149,2021-10-29 00:00:00,220309,2021-11-18 09:14:00,220000,220300,基础化工,301149.SZ,隆华新材,基础化工,both,agree
301150,2022-07-29 00:00:00,630701,2025-10-15 10:57:00,630000,630700,电力设备,301150.SZ,中一科技,电力设备,both,agree
301151,2022-03-18 00:00:00,640108,2025-10-15 10:57:00,640000,640100,机械设备,301151.SZ,冠龙节能,机械设备,both,agree
301152,2022-08-12 00:00:00,630702,2025-10-15 10:57:00,630000,630700,电力设备,301152.SZ,天力锂能,电力设备,both,agree
301153,2022-04-29 00:00:00,710401,2023-09-08 10:19:00,710000,710400,计算机,301153.SZ,中科江南,计算机,both,agree
301155,2021-11-05 00:00:00,630602,2025-10-15 10:57:00,630000,630600,电力设备,301155.SZ,海力风电,电力设备,both,agree
301156,2022-06-10 00:00:00,220315,2023-09-08 10:19:00,220000,220300,基础化工,301156.SZ,美农生物,基础化工,both,agree
301157,2023-03-09 00:00:00,630306,2025-10-15 10:57:00,630000,630300,电力设备,301157.SZ,华塑科技,电力设备,both,agree
301158,2021-12-31 00:00:00,640203,2025-10-15 10:57:00,640000,640200,机械设备,301158.SZ,德石股份,机械设备,both,agree
301159,2021-12-24 00:00:00,710401,2021-12-29 14:08:00,710000,710400,计算机,301159.SZ,三维天地,计算机,both,agree
301160,2026-07-01 10:24:00,640108,2026-07-01 10:24:00,640000,640100,机械设备,301160.SZ,翔楼新材,机械设备,both,agree
301161,2022-08-26 00:00:00,640602,2025-10-15 10:57:00,640000,640600,机械设备,301161.SZ,唯万密封,机械设备,both,agree
301162,2022-04-01 00:00:00,710401,2025-10-15 10:57:00,710000,710400,计算机,301162.SZ,国能日新,计算机,both,agree
301163,2022-07-29 00:00:00,630602,2025-10-15 10:57:00,630000,630600,电力设备,301163.SZ,宏德股份,电力设备,both,agree
301165,2022-11-04 00:00:00,730204,2026-06-01 14:47:00,730000,730200,通信,301165.SZ,锐捷网络,通信,both,agree
301166,2021-12-10 00:00:00,370304,2021-12-29 14:01:00,370000,370300,医药生物,301166.SZ,优宁维,医药生物,both,agree
301167,2021-11-26 00:00:00,620601,2021-12-29 14:09:00,620000,620600,建筑装饰,301167.SZ,建研设计,建筑装饰,both,agree
301168,2024-07-30 12:45:00,630502,2025-10-15 10:57:00,630000,630500,电力设备,301168.SZ,通灵股份,电力设备,both,agree
301169,2021-10-22 00:00:00,460804,2022-02-08 15:57:00,460000,460800,社会服务,301169.SZ,零点有数,社会服务,both,agree
301170,2023-06-09 00:00:00,280203,2025-01-08 14:36:00,280000,280200,汽车,301170.SZ,锡南科技,汽车,both,agree
301171,2022-08-05 00:00:00,720501,2025-10-15 10:57:00,720000,720500,传媒,301171.SZ,易点天下,传媒,both,agree
301172,2023-07-14 00:00:00,710301,2023-09-08 10:19:00,710000,710300,计算机,301172.SZ,君逸数码,计算机,both,agree
301173,2025-02-14 14:07:00,280202,2025-02-19 17:18:00,280000,280200,汽车,301173.SZ,毓恬冠佳,汽车,both,agree
301175,2022-06-17 00:00:00,760103,2025-10-15 10:57:00,760000,760100,环保,301175.SZ,中科环保,环保,both,agree
301176,2022-09-09 00:00:00,270202,2023-09-08 10:19:00,270000,270200,电子,301176.SZ,逸豪新材,电子,both,agree
301177,2021-12-03 00:00:00,350301,2026-01-26 16:15:00,350000,350300,纺织服饰,301177.SZ,迪阿股份,纺织服饰,both,agree
301178,2021-11-05 00:00:00,710301,2021-11-18 09:18:00,710000,710300,计算机,301178.SZ,天亿马,计算机,both,agree
301179,2021-11-26 00:00:00,630803,2025-10-15 10:57:00,630000,630800,电力设备,301179.SZ,泽宇智能,电力设备,both,agree
301180,2021-11-05 00:00:00,270504,2023-04-25 09:32:00,270000,270500,电子,301180.SZ,万祥科技,电子,both,agree
301181,2022-01-28 00:00:00,280205,2025-01-08 14:36:00,280000,280200,汽车,301181.SZ,标榜股份,汽车,both,agree
301182,2024-07-30 12:45:00,710102,2025-01-08 14:36:00,710000,710100,计算机,301182.SZ,凯旺科技,计算机,both,agree
301183,2022-05-13 00:00:00,270303,2023-04-25 09:32:00,270000,270300,电子,301183.SZ,东田微,电子,both,agree
301185,2021-11-05 00:00:00,710301,2021-11-18 09:18:00,710000,710300,计算机,301185.SZ,鸥玛软件,计算机,both,agree
301186,2021-12-10 00:00:00,280205,2025-01-08 14:36:00,280000,280200,汽车,301186.SZ,超达装备,汽车,both,agree
301187,2022-04-01 00:00:00,330302,2025-01-24 17:35:00,330000,330300,家用电器,301187.SZ,欧圣电气,家用电器,both,agree
301188,2024-11-15 18:02:00,370503,2025-01-08 14:36:00,370000,370500,医药生物,301188.SZ,力诺药包,医药生物,both,agree
301189,2021-12-10 00:00:00,270503,2023-04-25 09:32:00,270000,270500,电子,301189.SZ,奥尼电子,电子,both,agree
301190,2024-07-30 12:45:00,220204,2024-07-30 12:45:00,220000,220200,基础化工,301190.SZ,善水科技,基础化工,both,agree
301191,2022-05-13 00:00:00,730206,2026-06-01 14:47:00,730000,730200,通信,301191.SZ,菲菱科思,通信,both,agree
301192,2022-08-05 00:00:00,280203,2025-01-08 14:36:00,280000,280200,汽车,301192.SZ,泰祥股份,汽车,both,agree
301193,2021-11-26 00:00:00,360311,2021-12-29 14:08:00,360000,360300,轻工制造,301193.SZ,家联科技,轻工制造,both,agree
301195,2022-07-25 00:00:00,710401,2023-09-08 10:19:00,710000,710400,计算机,301195.SZ,北路智控,计算机,both,agree
301196,2021-12-17 00:00:00,220501,2021-12-29 13:59:00,220000,220500,基础化工,301196.SZ,唯科科技,基础化工,both,agree
301197,2022-07-25 00:00:00,640107,2025-10-15 10:57:00,640000,640100,机械设备,301197.SZ,工大科雅,机械设备,both,agree
301198,2021-11-19 00:00:00,360204,2021-12-29 14:08:00,360000,360200,轻工制造,301198.SZ,喜悦智行,轻工制造,both,agree
301199,2021-11-26 00:00:00,640701,2025-10-15 10:57:00,640000,640700,机械设备,301199.SZ,迈赫股份,机械设备,both,agree
301200,2022-01-28 00:00:00,640209,2025-10-15 10:57:00,640000,640200,机械设备,301200.SZ,大族数控,机械设备,both,agree
301201,2021-12-31 00:00:00,370603,2023-09-08 10:19:00,370000,370600,医药生物,301201.SZ,诚达药业,医药生物,both,agree
301202,2023-06-30 00:00:00,730207,2026-06-01 14:47:00,730000,730200,通信,301202.SZ,朗威股份,通信,both,agree
301203,2023-03-17 00:00:00,760102,2025-10-15 10:57:00,760000,760100,环保,301203.SZ,国泰环保,环保,both,agree
301205,2022-09-02 00:00:00,730204,2026-06-01 14:47:00,730000,730200,通信,301205.SZ,联特科技,通信,both,agree
301206,2022-01-14 00:00:00,220315,2023-09-08 10:19:00,220000,220300,基础化工,301206.SZ,三元生物,基础化工,both,agree
301207,2022-01-28 00:00:00,370303,2023-09-08 10:19:00,370000,370300,医药生物,301207.SZ,华兰疫苗,医药生物,both,agree
301208,2022-07-01 00:00:00,710301,2023-09-08 10:19:00,710000,710300,计算机,301208.SZ,中亦科技,计算机,both,agree
301209,2022-08-12 00:00:00,220305,2023-09-08 10:19:00,220000,220300,基础化工,301209.SZ,联合化学,基础化工,both,agree
301210,2023-06-09 00:00:00,630701,2025-10-15 10:57:00,630000,630700,电力设备,301210.SZ,金杨精密,电力设备,both,agree
301211,2021-12-03 00:00:00,370101,2021-12-29 14:01:00,370000,370100,医药生物,301211.SZ,亨迪药业,医药生物,both,agree
301212,2022-03-25 00:00:00,220309,2023-09-08 10:19:00,220000,220300,基础化工,301212.SZ,联盛化学,基础化工,both,agree
301213,2021-11-26 00:00:00,650501,2025-10-15 10:57:00,650000,650500,国防军工,301213.SZ,观想科技,国防军工,both,agree
301215,2022-02-18 00:00:00,280303,2025-01-08 14:36:00,280000,280300,汽车,301215.SZ,中汽股份,汽车,both,agree
301216,2022-07-29 00:00:00,220501,2026-04-03 21:12:00,220000,220500,基础化工,301216.SZ,万凯新材,基础化工,both,agree
301217,2023-07-04 00:00:00,630701,2025-10-15 10:57:00,630000,630700,电力设备,301217.SZ,铜冠铜箔,电力设备,both,agree
301218,2022-02-25 00:00:00,710301,2023-09-08 10:19:00,710000,710300,计算机,301218.SZ,华是科技,计算机,both,agree
301219,2022-03-04 00:00:00,240601,2025-01-08 14:36:00,240000,240600,有色金属,301219.SZ,腾远钴业,有色金属,both,agree
301220,2022-06-02 00:00:00,220315,2023-09-08 10:19:00,220000,220300,基础化工,301220.SZ,亚香股份,基础化工,both,agree
301221,2021-12-03 00:00:00,280206,2025-01-08 14:36:00,280000,280200,汽车,301221.SZ,光庭信息,汽车,both,agree
301222,2022-02-25 00:00:00,630705,2025-10-15 10:57:00,630000,630700,电力设备,301222.SZ,浙江恒威,电力设备,both,agree
301223,2022-09-23 00:00:00,360205,2023-09-08 10:19:00,360000,360200,轻工制造,301223.SZ,中荣股份,轻工制造,both,agree
301225,2023-05-26 00:00:00,280203,2025-11-26 17:21:00,280000,280200,汽车,301225.SZ,恒勃股份,汽车,both,agree
301226,2022-03-11 00:00:00,630101,2025-10-15 10:57:00,630000,630100,电力设备,301226.SZ,祥明智能,电力设备,both,agree
301227,2022-09-02 00:00:00,360308,2022-09-02 14:39:00,360000,360300,轻工制造,301227.SZ,森鹰窗业,轻工制造,both,agree
301228,2022-01-14 00:00:00,460802,2022-01-17 11:16:00,460000,460800,社会服务,301228.SZ,实朴检测,社会服务,both,agree
301229,2024-11-15 18:02:00,280203,2025-01-08 14:36:00,280000,280200,汽车,301229.SZ,纽泰格,汽车,both,agree
301230,2022-09-30 00:00:00,370603,2025-09-17 18:39:00,370000,370600,医药生物,301230.SZ,泓博医药,医药生物,both,agree
301231,2022-08-19 00:00:00,720902,2025-10-15 10:57:00,720000,720900,传媒,301231.SZ,荣信文化,传媒,both,agree
301232,2023-05-26 00:00:00,630602,2025-10-15 10:57:00,630000,630600,电力设备,301232.SZ,飞沃科技,电力设备,both,agree
301233,2022-06-10 00:00:00,280205,2025-01-08 14:36:00,280000,280200,汽车,301233.SZ,盛帮股份,汽车,both,agree
301234,2022-06-24 00:00:00,370503,2022-06-24 16:54:00,370000,370500,医药生物,301234.SZ,五洲医疗,医药生物,both,agree
301235,2022-01-21 00:00:00,370502,2025-09-09 10:17:00,370000,370500,医药生物,301235.SZ,华康洁净,医药生物,both,agree
301236,2022-02-25 00:00:00,710301,2023-05-24 15:41:00,710000,710300,计算机,301236.SZ,软通动力,计算机,both,agree
301237,2022-03-04 00:00:00,220505,2022-03-04 17:42:00,220000,220500,基础化工,301237.SZ,和顺科技,基础化工,both,agree
301238,2022-06-02 00:00:00,630702,2025-10-15 10:57:00,630000,630700,电力设备,301238.SZ,瑞泰新材,电力设备,both,agree
301239,2022-06-10 00:00:00,370604,2026-02-26 16:27:00,370000,370600,医药生物,301239.SZ,普瑞眼科,医药生物,both,agree
301246,2023-02-24 00:00:00,370101,2026-05-24 14:02:00,370000,370100,医药生物,301246.SZ,宏源药业,医药生物,both,agree
301248,2022-04-01 00:00:00,710301,2022-04-01 18:41:00,710000,710300,计算机,301248.SZ,杰创智能,计算机,both,agree
301251,2023-08-21 00:00:00,270202,2023-08-21 11:01:00,270000,270200,电子,301251.SZ,威尔高,电子,both,agree
301252,2023-05-12 00:00:00,330601,2023-05-15 13:30:00,330000,330600,家用电器,301252.SZ,同星科技,家用电器,both,agree
301255,2022-12-09 00:00:00,640108,2025-10-15 10:57:00,640000,640100,机械设备,301255.SZ,通力科技,机械设备,both,agree
301256,2022-03-04 00:00:00,220203,2022-03-04 17:42:00,220000,220200,基础化工,301256.SZ,华融化学,基础化工,both,agree
301257,2022-04-29 00:00:00,370603,2025-09-09 10:17:00,370000,370600,医药生物,301257.SZ,普蕊斯,医药生物,both,agree
301258,2022-03-11 00:00:00,370101,2022-03-11 16:12:00,370000,370100,医药生物,301258.SZ,富士莱,医药生物,both,agree
301259,2022-04-08 00:00:00,760104,2025-10-15 10:57:00,760000,760100,环保,301259.SZ,艾布鲁,环保,both,agree
301260,2023-01-20 00:00:00,640207,2025-10-15 10:57:00,640000,640200,机械设备,301260.SZ,格力博,机械设备,both,agree
301261,2023-06-30 00:00:00,640108,2025-10-15 10:57:00,640000,640100,机械设备,301261.SZ,恒工精密,机械设备,both,agree
301262,2023-06-09 00:00:00,721001,2025-10-15 10:57:00,720000,721000,传媒,301262.SZ,海看股份,传媒,both,agree
301263,2022-03-11 00:00:00,370102,2022-03-11 16:12:00,370000,370100,医药生物,301263.SZ,泰恩康,医药生物,both,agree
301265,2022-11-25 00:00:00,760103,2025-10-15 10:57:00,760000,760100,环保,301265.SZ,华新科技,环保,both,agree
301266,2022-05-20 00:00:00,630504,2025-10-15 10:57:00,630000,630500,电力设备,301266.SZ,宇邦新材,电力设备,both,agree
301267,2022-11-04 00:00:00,370604,2023-01-13 13:04:00,370000,370600,医药生物,301267.SZ,华厦眼科,医药生物,both,agree
301268,2022-03-18 00:00:00,640108,2025-10-15 10:57:00,640000,640100,机械设备,301268.SZ,铭利达,机械设备,both,agree
301269,2022-07-15 00:00:00,710401,2023-06-01 14:03:00,710000,710400,计算机,301269.SZ,华大九天,计算机,both,agree
301270,2022-08-12 00:00:00,710402,2022-08-12 16:35:00,710000,710400,计算机,301270.SZ,汉仪股份,计算机,both,agree
301272,2023-06-30 00:00:00,640105,2025-09-04 08:48:00,640000,640100,机械设备,301272.SZ,英华特,机械设备,both,agree
301273,2022-09-23 00:00:00,640106,2025-10-15 10:57:00,640000,640100,机械设备,301273.SZ,瑞晨环保,机械设备,both,agree
301275,2025-02-21 14:46:00,270401,2025-10-15 10:57:00,270000,270400,电子,301275.SZ,汉朔科技,电子,both,agree
301276,2022-08-26 00:00:00,350209,2026-01-26 16:15:00,350000,350200,纺织服饰,301276.SZ,嘉曼服饰,纺织服饰,both,agree
301277,2022-10-28 00:00:00,370101,2022-10-28 16:09:00,370000,370100,医药生物,301277.SZ,新天地,医药生物,both,agree
301278,2024-07-30 12:45:00,630502,2025-10-15 10:57:00,630000,630500,电力设备,301278.SZ,快可电子,电力设备,both,agree
301279,2022-03-25 00:00:00,640602,2025-10-15 10:57:00,640000,640600,机械设备,301279.SZ,金道科技,机械设备,both,agree
301280,2024-07-30 12:45:00,330601,2025-01-08 14:36:00,330000,330600,家用电器,301280.SZ,珠城科技,家用电器,both,agree
301281,2023-03-17 00:00:00,370101,2023-03-20 11:17:00,370000,370100,医药生物,301281.SZ,科源制药,医药生物,both,agree
301282,2022-08-05 00:00:00,270202,2022-08-08 11:04:00,270000,270200,电子,301282.SZ,金禄电子,电子,both,agree
301283,2022-08-19 00:00:00,220317,2022-08-19 12:04:00,220000,220300,基础化工,301283.SZ,聚胶股份,基础化工,both,agree
301285,2022-09-09 00:00:00,270504,2022-09-14 17:12:00,270000,270500,电子,301285.SZ,鸿日达,电子,both,agree
301286,2022-05-27 00:00:00,220309,2023-12-25 16:35:00,220000,220300,基础化工,301286.SZ,侨源股份,基础化工,both,agree
301287,2023-06-09 00:00:00,360502,2023-06-14 10:58:00,360000,360500,轻工制造,301287.SZ,康力源,轻工制造,both,agree
301288,2022-04-01 00:00:00,760201,2025-10-15 10:57:00,760000,760200,环保,301288.SZ,清研环境,环保,both,agree
301289,2022-06-10 00:00:00,460802,2022-06-10 17:27:00,460000,460800,社会服务,301289.SZ,国缆检测,社会服务,both,agree
301290,2022-11-11 00:00:00,370502,2022-11-14 09:48:00,370000,370500,医药生物,301290.SZ,东星医疗,医药生物,both,agree
301291,2023-06-09 00:00:00,630802,2025-10-15 10:57:00,630000,630800,电力设备,301291.SZ,明阳电气,电力设备,both,agree
301292,2023-06-09 00:00:00,630702,2025-10-15 10:57:00,630000,630700,电力设备,301292.SZ,海科新源,电力设备,both,agree
301293,2023-04-14 00:00:00,370604,2023-04-17 16:58:00,370000,370600,医药生物,301293.SZ,三博脑科,医药生物,both,agree
301295,2023-06-09 00:00:00,630801,2025-10-15 10:57:00,630000,630800,电力设备,301295.SZ,美硕科技,电力设备,both,agree
301296,2022-08-19 00:00:00,360205,2026-09-14 11:21:00,360000,360200,轻工制造,301296.SZ,新巨丰,轻工制造,both,agree
301297,2026-09-24 10:53:00,270103,2026-09-24 10:53:00,270000,270100,电子,301297.SZ,富乐德,电子,both,agree
301298,2022-05-20 00:00:00,280205,2025-01-08 14:36:00,280000,280200,汽车,301298.SZ,东利机械,汽车,both,agree
301299,2022-09-30 00:00:00,720704,2025-10-15 10:57:00,720000,720700,传媒,301299.SZ,卓创资讯,传媒,both,agree
301300,2022-08-05 00:00:00,220603,2022-08-08 11:04:00,220000,220600,基础化工,301300.SZ,远翔新材,基础化工,both,agree
301301,2024-07-30 12:45:00,370101,2024-07-30 12:45:00,370000,370100,医药生物,301301.SZ,川宁生物,医药生物,both,agree
301302,2022-06-02 00:00:00,650501,2025-10-15 10:57:00,650000,650500,国防军工,301302.SZ,华如科技,国防军工,both,agree
301303,2023-02-13 00:00:00,640107,2025-10-15 10:57:00,640000,640100,机械设备,301303.SZ,真兰仪表,机械设备,both,agree
301305,2023-05-04 00:00:00,760103,2025-10-15 10:57:00,760000,760100,环保,301305.SZ,朗坤科技,环保,both,agree
301306,2022-07-08 00:00:00,650501,2025-10-15 10:57:00,650000,650500,国防军工,301306.SZ,西测测试,国防军工,both,agree
301307,2026-07-01 10:24:00,640108,2026-07-01 10:24:00,640000,640100,机械设备,301307.SZ,美利信,机械设备,both,agree
301308,2022-07-25 00:00:00,270104,2024-05-13 16:24:00,270000,270100,电子,301308.SZ,江波龙,电子,both,agree
301309,2022-09-02 00:00:00,640108,2025-10-15 10:57:00,640000,640100,机械设备,301309.SZ,万得凯,机械设备,both,agree
301310,2023-05-26 00:00:00,280206,2025-01-08 14:36:00,280000,280200,汽车,301310.SZ,鑫宏业,汽车,both,agree
301311,2022-11-21 00:00:00,640106,2025-10-15 10:57:00,640000,640100,机械设备,301311.SZ,昆船智能,机械设备,both,agree
301312,2022-07-01 00:00:00,640704,2025-10-15 10:57:00,640000,640700,机械设备,301312.SZ,智立方,机械设备,both,agree
301313,2022-09-16 00:00:00,720706,2025-10-15 10:57:00,720000,720700,传媒,301313.SZ,凡拓数创,传媒,both,agree
301314,2023-03-17 00:00:00,730204,2026-06-01 14:47:00,730000,730200,通信,301314.SZ,科瑞思,通信,both,agree
301315,2023-06-09 00:00:00,710402,2023-06-14 10:58:00,710000,710400,计算机,301315.SZ,威士顿,计算机,both,agree
301316,2022-09-16 00:00:00,710301,2022-09-16 16:36:00,710000,710300,计算机,301316.SZ,慧博云通,计算机,both,agree
301317,2023-01-06 00:00:00,640106,2025-10-15 10:57:00,640000,640100,机械设备,301317.SZ,鑫磊股份,机械设备,both,agree
301318,2022-07-25 00:00:00,710102,2022-07-25 11:55:00,710000,710100,计算机,301318.SZ,维海德,计算机,both,agree
301319,2022-09-09 00:00:00,270601,2022-09-14 17:12:00,270000,270600,电子,301319.SZ,唯特偶,电子,both,agree
301320,2023-05-26 00:00:00,640702,2025-10-15 10:57:00,640000,640700,机械设备,301320.SZ,豪江智能,机械设备,both,agree
301321,2022-08-18 00:00:00,270301,2022-10-10 12:37:00,270000,270300,电子,301321.SZ,翰博高新,电子,both,agree
301322,2023-02-24 00:00:00,280401,2025-01-08 14:36:00,280000,280400,汽车,301322.SZ,绿通科技,汽车,both,agree
301323,2023-05-26 00:00:00,240202,2025-01-08 14:36:00,240000,240200,有色金属,301323.SZ,新莱福,有色金属,both,agree
301325,2023-05-04 00:00:00,630703,2025-10-15 10:57:00,630000,630700,电力设备,301325.SZ,曼恩斯特,电力设备,both,agree
301326,2022-09-02 00:00:00,270504,2022-09-02 14:39:00,270000,270500,电子,301326.SZ,捷邦科技,电子,both,agree
301327,2022-09-02 00:00:00,630701,2025-10-15 10:57:00,630000,630700,电力设备,301327.SZ,华宝新能,电力设备,both,agree
301328,2022-08-19 00:00:00,270401,2025-10-15 10:57:00,270000,270400,电子,301328.SZ,维峰电子,电子,both,agree
301329,2023-06-30 00:00:00,270504,2023-06-30 14:13:00,270000,270500,电子,301329.SZ,信音电子,电子,both,agree
301330,2022-08-05 00:00:00,710102,2022-08-08 11:04:00,710000,710100,计算机,301330.SZ,熵基科技,计算机,both,agree
301331,2022-09-02 00:00:00,370201,2022-09-02 14:39:00,370000,370200,医药生物,301331.SZ,恩威医药,医药生物,both,agree
301332,2023-05-04 00:00:00,330302,2024-05-30 21:55:00,330000,330300,家用电器,301332.SZ,德尔玛,家用电器,both,agree
301333,2022-07-25 00:00:00,370603,2022-07-25 11:55:00,370000,370600,医药生物,301333.SZ,诺思格,医药生物,both,agree
301335,2022-11-04 00:00:00,360502,2023-02-02 10:25:00,360000,360500,轻工制造,301335.SZ,天元宠物,轻工制造,both,agree
301336,2022-08-05 00:00:00,360307,2022-11-01 13:53:00,360000,360300,轻工制造,301336.SZ,趣睡科技,轻工制造,both,agree
301337,2023-05-04 00:00:00,710401,2023-05-04 09:15:00,710000,710400,计算机,301337.SZ,亚华电子,计算机,both,agree
301338,2022-08-05 00:00:00,640209,2025-10-15 10:57:00,640000,640200,机械设备,301338.SZ,凯格精机,机械设备,both,agree
301339,2022-08-26 00:00:00,710103,2022-08-26 13:27:00,710000,710100,计算机,301339.SZ,通行宝,计算机,both,agree
301345,2023-02-24 00:00:00,280402,2026-03-12 11:14:00,280000,280400,汽车,301345.SZ,涛涛车业,汽车,both,agree
301348,2023-07-31 00:00:00,270107,2023-07-31 17:08:00,270000,270100,电子,301348.SZ,蓝箭电子,电子,both,agree
301349,2022-08-19 00:00:00,630702,2025-10-15 10:57:00,630000,630700,电力设备,301349.SZ,信德新材,电力设备,both,agree
301353,2023-05-26 00:00:00,640106,2025-10-15 10:57:00,640000,640100,机械设备,301353.SZ,普莱得,机械设备,both,agree
301355,2023-05-26 00:00:00,360205,2023-05-29 12:16:00,360000,360200,轻工制造,301355.SZ,南王科技,轻工制造,both,agree
301356,2022-10-21 00:00:00,360306,2024-11-26 13:47:00,360000,360300,轻工制造,301356.SZ,天振股份,轻工制造,both,agree
301357,2023-03-31 00:00:00,650301,2025-10-15 10:57:00,650000,650300,国防军工,301357.SZ,北方长龙,国防军工,both,agree
301358,2023-01-20 00:00:00,630702,2025-10-15 10:57:00,630000,630700,电力设备,301358.SZ,湖南裕能,电力设备,both,agree
301359,2022-10-21 00:00:00,270401,2022-10-21 15:53:00,270000,270400,电子,301359.SZ,东南电子,电子,both,agree
301360,2023-03-31 00:00:00,640107,2025-12-08 07:08:00,640000,640100,机械设备,301360.SZ,荣旗科技,机械设备,both,agree
301361,2022-10-28 00:00:00,630802,2025-10-15 10:57:00,630000,630800,电力设备,301361.SZ,众智科技,电力设备,both,agree
301362,2023-07-31 00:00:00,330501,2026-08-30 14:17:00,330000,330500,家用电器,301362.SZ,民爆光电,家用电器,both,agree
301363,2022-09-16 00:00:00,370502,2023-01-03 10:27:00,370000,370500,医药生物,301363.SZ,美好医疗,医药生物,both,agree
301365,2022-11-04 00:00:00,620601,2022-11-07 13:51:00,620000,620600,建筑装饰,301365.SZ,矩阵股份,建筑装饰,both,agree
301366,2022-09-09 00:00:00,270202,2022-09-14 17:12:00,270000,270200,电子,301366.SZ,一博科技,电子,both,agree
301367,2022-09-30 00:00:00,370502,2023-12-07 17:42:00,370000,370500,医药生物,301367.SZ,瑞迈特,医药生物,both,agree
301368,2022-11-25 00:00:00,640108,2025-10-15 10:57:00,640000,640100,机械设备,301368.SZ,丰立智能,机械设备,both,agree
301369,2022-09-09 00:00:00,270108,2026-09-22 10:56:00,270000,270100,电子,301369.SZ,联动科技,电子,both,agree
301370,2023-06-30 00:00:00,370503,2023-06-30 14:13:00,370000,370500,医药生物,301370.SZ,国科恒泰,医药生物,both,agree
301371,2023-07-14 00:00:00,770202,2025-01-24 16:29:00,770000,770200,美容护理,301371.SZ,敷尔佳,美容护理,both,agree
301372,2023-07-31 00:00:00,760102,2025-10-15 10:57:00,760000,760100,环保,301372.SZ,科净源,环保,both,agree
301373,2023-01-20 00:00:00,220309,2023-01-20 13:22:00,220000,220300,基础化工,301373.SZ,凌玮科技,基础化工,both,agree
301376,2023-06-09 00:00:00,360307,2023-12-27 22:00:00,360000,360300,轻工制造,301376.SZ,致欧科技,轻工制造,both,agree
301377,2022-11-04 00:00:00,640108,2025-10-15 10:57:00,640000,640100,机械设备,301377.SZ,鼎泰高科,机械设备,both,agree
301378,2023-02-24 00:00:00,710401,2023-03-03 15:31:00,710000,710400,计算机,301378.SZ,通达海,计算机,both,agree
301379,2022-09-30 00:00:00,270301,2022-10-10 12:20:00,270000,270300,电子,301379.SZ,天山电子,电子,both,agree
301380,2022-09-30 00:00:00,730104,2026-06-01 14:47:00,730000,730100,通信,301380.SZ,挖金客,通信,both,agree
301381,2023-06-30 00:00:00,450602,2024-01-24 15:42:00,450000,450600,商贸零售,301381.SZ,赛维时代,商贸零售,both,agree
301382,2023-05-04 00:00:00,730104,2026-06-01 14:47:00,730000,730100,通信,301382.SZ,蜂助手,通信,both,agree
301383,2023-05-26 00:00:00,270504,2023-05-29 12:16:00,270000,270500,电子,301383.SZ,天键股份,电子,both,agree
301386,2023-03-10 00:00:00,630802,2025-10-15 10:57:00,630000,630800,电力设备,301386.SZ,未来电器,电力设备,both,agree
301387,2023-03-31 00:00:00,270504,2023-04-03 11:04:00,270000,270500,电子,301387.SZ,光大同创,电子,both,agree
301388,2022-11-04 00:00:00,630802,2025-10-15 10:57:00,630000,630800,电力设备,301388.SZ,欣灵电气,电力设备,both,agree
301389,2022-09-30 00:00:00,270504,2022-10-10 12:20:00,270000,270500,电子,301389.SZ,隆扬电子,电子,both,agree
301390,2024-07-30 12:45:00,620601,2024-07-30 12:45:00,620000,620600,建筑装饰,301390.SZ,经纬股份,建筑装饰,both,agree
301391,2022-11-21 00:00:00,710103,2022-11-21 12:26:00,710000,710100,计算机,301391.SZ,卡莱特,计算机,both,agree
301392,2024-05-17 00:00:00,640209,2025-10-15 10:57:00,640000,640200,机械设备,301392.SZ,汇成真空,机械设备,both,agree
301393,2023-06-30 00:00:00,370304,2025-09-17 18:36:00,370000,370300,医药生物,301393.SZ,昊帆生物,医药生物,both,agree
301395,2023-06-09 00:00:00,220504,2023-06-14 10:58:00,220000,220500,基础化工,301395.SZ,仁信新材,基础化工,both,agree
301396,2022-10-28 00:00:00,710301,2022-10-28 16:09:00,710000,710300,计算机,301396.SZ,宏景科技,计算机,both,agree
301397,2023-06-09 00:00:00,280203,2025-01-08 14:36:00,280000,280200,汽车,301397.SZ,溯联股份,汽车,both,agree
301398,2022-11-25 00:00:00,280202,2025-01-08 14:36:00,280000,280200,汽车,301398.SZ,星源卓镁,汽车,both,agree
301399,2023-05-04 00:00:00,640105,2025-10-15 10:57:00,640000,640100,机械设备,301399.SZ,英特科技,机械设备,both,agree
301408,2023-02-13 00:00:00,370403,2023-02-14 14:22:00,370000,370400,医药生物,301408.SZ,华人健康,医药生物,both,agree
301413,2023-12-01 00:00:00,640107,2025-10-15 10:57:00,640000,640100,机械设备,301413.SZ,安培龙,机械设备,both,agree
301418,2023-07-31 00:00:00,640702,2025-10-15 10:57:00,640000,640700,机械设备,301418.SZ,协昌科技,机械设备,both,agree
301419,2023-01-20 00:00:00,730204,2026-06-01 14:47:00,730000,730200,通信,301419.SZ,阿莱德,通信,both,agree
301421,2023-08-21 00:00:00,270303,2023-08-21 11:01:00,270000,270300,电子,301421.SZ,波长光电,电子,both,agree
301428,2023-05-04 00:00:00,730104,2026-06-01 14:47:00,730000,730100,通信,301428.SZ,世纪恒通,通信,both,agree
301429,2023-03-31 00:00:00,610303,2024-01-14 08:47:00,610000,610300,建筑材料,301429.SZ,森泰股份,建筑材料,both,agree
301439,2023-02-24 00:00:00,630805,2025-10-15 10:57:00,630000,630800,电力设备,301439.SZ,泓淋电力,电力设备,both,agree
301446,2023-07-14 00:00:00,640602,2025-10-15 10:57:00,640000,640600,机械设备,301446.SZ,福事特,机械设备,both,agree
301448,2023-06-09 00:00:00,640106,2025-10-15 10:57:00,640000,640100,机械设备,301448.SZ,开创电气,机械设备,both,agree
301449,2025-12-12 13:27:00,460802,2026-04-27 14:53:00,460000,460800,社会服务,301449.SZ,天溯计量,社会服务,both,agree
301456,2023-06-30 00:00:00,630602,2025-10-15 10:57:00,630000,630600,电力设备,301456.SZ,盘古智能,电力设备,both,agree
301458,2024-12-20 13:24:00,270203,2025-01-08 14:36:00,270000,270200,电子,301458.SZ,钧崴电子,电子,both,agree
301459,2023-12-01 00:00:00,220602,2024-07-29 11:30:00,220000,220600,基础化工,301459.SZ,丰茂股份,基础化工,both,agree
301468,2023-06-30 00:00:00,640106,2025-10-15 10:57:00,640000,640100,机械设备,301468.SZ,博盈特焊,机械设备,both,agree
301469,2023-07-31 00:00:00,360103,2023-07-31 17:08:00,360000,360100,轻工制造,301469.SZ,恒达新材,轻工制造,both,agree
301479,2025-02-21 14:46:00,270303,2025-07-09 12:06:00,270000,270300,电子,301479.SZ,弘景光电,电子,both,agree
301486,2023-06-30 00:00:00,270504,2023-06-30 14:13:00,270000,270500,电子,301486.SZ,致尚科技,电子,both,agree
301487,2023-07-31 00:00:00,630702,2025-10-15 10:57:00,630000,630700,电力设备,301487.SZ,盟固利,电力设备,both,agree
301488,2023-06-09 00:00:00,280206,2025-01-08 14:36:00,280000,280200,汽车,301488.SZ,豪恩汽电,汽车,both,agree
301489,2023-10-13 00:00:00,270601,2023-10-16 10:26:00,270000,270600,电子,301489.SZ,思泉新材,电子,both,agree
301491,2025-07-18 13:48:00,270504,2025-10-15 10:57:00,270000,270500,电子,301491.SZ,汉桑科技,电子,both,agree
301498,2023-07-31 00:00:00,110404,2023-09-04 15:40:00,110000,110400,农林牧渔,301498.SZ,乖宝宠物,农林牧渔,both,agree
301499,2023-06-30 00:00:00,280206,2025-01-08 14:36:00,280000,280200,汽车,301499.SZ,维科精密,汽车,both,agree
301500,2024-07-30 12:45:00,760103,2025-10-15 10:57:00,760000,760100,环保,301500.SZ,飞南资源,环保,both,agree
301501,2025-02-28 19:56:00,360311,2025-06-26 16:21:00,360000,360300,轻工制造,301501.SZ,恒鑫生活,轻工制造,both,agree
301502,2024-01-19 00:00:00,630101,2025-10-15 10:57:00,630000,630100,电力设备,301502.SZ,华阳智能,电力设备,both,agree
301503,2023-06-30 00:00:00,710103,2023-06-30 14:13:00,710000,710100,计算机,301503.SZ,智迪科技,计算机,both,agree
301505,2023-06-30 00:00:00,620601,2023-06-30 14:13:00,620000,620600,建筑装饰,301505.SZ,苏州规划,建筑装饰,both,agree
301507,2023-08-21 00:00:00,370102,2023-08-21 11:01:00,370000,370100,医药生物,301507.SZ,民生健康,医药生物,both,agree
301508,2023-11-17 00:00:00,460802,2024-07-29 11:30:00,460000,460800,社会服务,301508.SZ,中机认检,社会服务,both,agree
301509,2023-07-14 00:00:00,370603,2023-07-14 16:28:00,370000,370600,医药生物,301509.SZ,金凯生科,医药生物,both,agree
301510,2023-07-31 00:00:00,640702,2025-10-15 10:57:00,640000,640700,机械设备,301510.SZ,固高科技,机械设备,both,agree
301511,2023-07-31 00:00:00,630701,2025-10-15 10:57:00,630000,630700,电力设备,301511.SZ,德福科技,电力设备,both,agree
301512,2023-07-14 00:00:00,640704,2025-10-15 10:57:00,640000,640700,机械设备,301512.SZ,智信精密,机械设备,both,agree
301513,2026-04-03 12:27:00,630703,2026-04-27 14:53:00,630000,630700,电力设备,301513.SZ,尚水智能,电力设备,both,agree
301515,2023-07-14 00:00:00,370502,2023-07-14 16:28:00,370000,370500,医药生物,301515.SZ,港通医疗,医药生物,both,agree
301516,2023-11-17 00:00:00,630306,2025-10-15 10:57:00,630000,630300,电力设备,301516.SZ,中远通,电力设备,both,agree
301517,2023-10-13 00:00:00,650501,2023-10-16 10:26:00,650000,650500,国防军工,301517.SZ,陕西华达,国防军工,both,agree
301518,2023-07-14 00:00:00,220309,2023-07-14 16:28:00,220000,220300,基础化工,301518.SZ,长华化学,基础化工,both,agree
301519,2023-07-14 00:00:00,760102,2025-10-15 10:57:00,760000,760100,环保,301519.SZ,舜禹股份,环保,both,agree
301520,2023-09-08 00:00:00,370603,2023-09-08 15:31:00,370000,370600,医药生物,301520.SZ,万邦医药,医药生物,both,agree
301522,2024-09-20 12:12:00,240201,2025-01-08 14:36:00,240000,240200,有色金属,301522.SZ,上大股份,有色金属,both,agree
301525,2023-08-21 00:00:00,640105,2025-10-15 10:57:00,640000,640100,机械设备,301525.SZ,儒竞科技,机械设备,both,agree
301526,2023-12-08 00:00:00,610202,2024-07-29 11:30:00,610000,610200,建筑材料,301526.SZ,国际复材,建筑材料,both,agree
301528,2023-08-21 00:00:00,640107,2025-10-15 10:57:00,640000,640100,机械设备,301528.SZ,多浦乐,机械设备,both,agree
301529,2023-09-08 00:00:00,280202,2025-01-08 14:36:00,280000,280200,汽车,301529.SZ,福赛科技,汽车,both,agree
301531,2026-04-17 12:56:00,240202,2026-04-27 14:53:00,240000,240200,有色金属,301531.SZ,春光集团,有色金属,both,agree
301533,2023-07-31 00:00:00,640207,2025-10-15 10:57:00,640000,640200,机械设备,301533.SZ,威马农机,机械设备,both,agree
301535,2025-03-07 12:05:00,280205,2025-10-15 10:57:00,280000,280200,汽车,301535.SZ,浙江华远,汽车,both,agree
301536,2024-03-18 00:00:00,270104,2024-07-29 11:30:00,270000,270100,电子,301536.SZ,星宸科技,电子,both,agree
301538,2024-03-01 00:00:00,220503,2024-07-29 11:30:00,220000,220500,基础化工,301538.SZ,骏鼎达,基础化工,both,agree
301539,2024-03-22 00:00:00,280204,2025-01-08 14:36:00,280000,280200,汽车,301539.SZ,宏鑫科技,汽车,both,agree
301548,2023-09-08 00:00:00,640108,2023-12-01 10:04:00,640000,640100,机械设备,301548.SZ,崇德科技,机械设备,both,agree
301550,2024-07-30 12:45:00,280203,2025-01-08 14:36:00,280000,280200,汽车,301550.SZ,斯菱智驱,汽车,both,agree
301551,2024-09-06 13:21:00,721001,2025-10-15 10:57:00,720000,721000,传媒,301551.SZ,无线传媒,传媒,both,agree
301552,2024-07-05 00:00:00,280202,2024-07-05 16:32:00,280000,280200,汽车,301552.SZ,科力装备,汽车,both,agree
301555,2023-10-13 00:00:00,220504,2023-10-16 10:26:00,220000,220500,基础化工,301555.SZ,惠柏新材,基础化工,both,agree
301556,2024-09-20 12:12:00,710301,2025-01-08 14:36:00,710000,710300,计算机,301556.SZ,托普云农,计算机,both,agree
301557,2025-02-14 14:07:00,630602,2025-10-15 10:57:00,630000,630600,电力设备,301557.SZ,常友科技,电力设备,both,agree
301558,2023-09-15 00:00:00,450602,2023-09-18 10:17:00,450000,450600,商贸零售,301558.SZ,三态股份,商贸零售,both,agree
301559,2023-09-15 00:00:00,640108,2025-10-15 10:57:00,640000,640100,机械设备,301559.SZ,中集环科,机械设备,both,agree
301560,2025-04-10 10:24:00,280203,2025-10-15 10:57:00,280000,280200,汽车,301560.SZ,众捷股份,汽车,both,agree
301563,2025-09-12 11:39:00,270401,2025-10-15 10:57:00,270000,270400,电子,301563.SZ,云汉芯城,电子,both,agree
301565,2024-05-31 00:00:00,220505,2024-05-31 16:26:00,220000,220500,基础化工,301565.SZ,中仑新材,基础化工,both,agree
301566,2023-12-22 00:00:00,270203,2024-07-29 11:30:00,270000,270200,电子,301566.SZ,达利凯普,电子,both,agree
301567,2024-01-08 00:00:00,270504,2024-07-29 11:30:00,270000,270500,电子,301567.SZ,贝隆精密,电子,both,agree
301568,2023-11-17 00:00:00,640704,2025-10-15 10:57:00,640000,640700,机械设备,301568.SZ,思泰克,机械设备,both,agree
301569,2026-09-18 13:37:00,370102,2026-09-18 13:37:00,370000,370100,医药生物,,,,left_only,only_sw
301571,2024-08-02 10:19:00,650501,2026-06-11 17:32:00,650000,650500,国防军工,301571.SZ,国科天成,国防军工,both,agree
301575,2025-08-22 16:02:00,360309,2025-10-15 10:57:00,360000,360300,轻工制造,301575.SZ,艾芬达,轻工制造,both,agree
301577,2024-01-12 00:00:00,730204,2026-06-01 14:47:00,730000,730200,通信,301577.SZ,美信科技,通信,both,agree
301578,2023-12-22 00:00:00,330202,2024-07-29 11:30:00,330000,330200,家用电器,301578.SZ,辰奕智能,家用电器,both,agree
301580,2024-06-14 00:00:00,370503,2024-06-14 14:59:00,370000,370500,医药生物,301580.SZ,爱迪特,医药生物,both,agree
301581,2024-12-20 13:24:00,280206,2025-01-08 14:36:00,280000,280200,汽车,301581.SZ,黄山谷捷,汽车,both,agree
301583,2026-06-19 11:15:00,270108,2026-07-27 11:59:00,270000,270100,电子,301583.SZ,托伦斯,电子,both,agree
301584,2025-09-05 18:59:00,370402,2025-10-15 10:57:00,370000,370400,医药生物,301584.SZ,建发致新,医药生物,both,agree
301585,2024-12-06 10:29:00,220308,2025-01-08 14:36:00,220000,220300,基础化工,301585.SZ,蓝宇股份,基础化工,both,agree
301586,2024-08-16 10:09:00,650201,2025-10-15 10:57:00,650000,650200,国防军工,301586.SZ,佳力奇,国防军工,both,agree
301587,2024-03-18 00:00:00,630701,2025-10-15 10:57:00,630000,630700,电力设备,301587.SZ,中瑞股份,电力设备,both,agree
301588,2024-03-01 00:00:00,360306,2024-07-29 11:30:00,360000,360300,轻工制造,301588.SZ,美新科技,轻工制造,both,agree
301589,2024-01-26 00:00:00,710103,2026-02-26 16:27:00,710000,710100,计算机,301589.SZ,诺瓦星云,计算机,both,agree
301590,2025-05-16 16:10:00,630306,2025-10-15 10:57:00,630000,630300,电力设备,301590.SZ,优优绿能,电力设备,both,agree
301591,2024-02-02 00:00:00,220501,2024-07-29 11:30:00,220000,220500,基础化工,301591.SZ,肯特股份,基础化工,both,agree
301592,2024-10-11 10:01:00,650501,2025-10-15 10:57:00,650000,650500,国防军工,301592.SZ,六九一二,国防军工,both,agree
301595,2025-04-25 11:34:00,360311,2025-10-15 10:57:00,360000,360300,轻工制造,301595.SZ,太力科技,轻工制造,both,agree
301596,2024-05-09 00:00:00,640108,2025-10-15 10:57:00,640000,640100,机械设备,301596.SZ,瑞迪智驱,机械设备,both,agree
301598,2024-12-06 10:29:00,640209,2025-10-15 10:57:00,640000,640200,机械设备,301598.SZ,博科测试,机械设备,both,agree
301599,2026-04-17 12:56:00,630703,2026-04-27 14:53:00,630000,630700,电力设备,301599.SZ,理奇智能,电力设备,both,agree
301600,2024-08-30 10:28:00,710103,2025-01-08 14:36:00,710000,710100,计算机,301600.SZ,慧翰股份,计算机,both,agree
301601,2024-12-27 16:23:00,640203,2025-10-15 10:57:00,640000,640200,机械设备,301601.SZ,惠通科技,机械设备,both,agree
301602,2025-01-03 13:09:00,370502,2025-01-08 14:36:00,370000,370500,医药生物,301602.SZ,超研股份,医药生物,both,agree
301603,2024-07-04 00:00:00,640101,2024-07-04 11:57:00,640000,640100,机械设备,301603.SZ,乔锋智能,机械设备,both,agree
301606,2024-07-05 00:00:00,270503,2024-07-05 16:32:00,270000,270500,电子,301606.SZ,绿联科技,电子,both,agree
301607,2024-08-16 10:09:00,280206,2026-04-14 11:02:00,280000,280200,汽车,301607.SZ,富特科技,汽车,both,agree
301608,2024-07-12 14:59:00,710103,2024-07-29 11:30:00,710000,710100,计算机,301608.SZ,博实结,计算机,both,agree
301609,2025-07-11 10:48:00,630803,2025-10-15 10:57:00,630000,630800,电力设备,301609.SZ,山大电力,电力设备,both,agree
301611,2024-08-02 10:19:00,270103,2026-08-19 07:04:00,270000,270100,电子,301611.SZ,珂玛科技,电子,both,agree
301613,2024-09-27 11:02:00,280205,2025-01-08 14:36:00,280000,280200,汽车,301613.SZ,新铝时代,汽车,both,agree
301616,2025-03-14 16:43:00,640106,2025-10-15 10:57:00,640000,640100,机械设备,301616.SZ,浙江华业,机械设备,both,agree
301617,2024-11-22 17:17:00,220309,2025-01-08 14:36:00,220000,220300,基础化工,301617.SZ,博苑新材,基础化工,both,agree
301618,2024-09-13 16:22:00,220308,2025-01-08 14:36:00,220000,220300,基础化工,301618.SZ,长联科技,基础化工,both,agree
301622,2024-11-15 18:02:00,240202,2025-01-08 14:36:00,240000,240200,有色金属,301622.SZ,英思特,有色金属,both,agree
301626,2024-09-27 11:02:00,270504,2025-01-08 14:36:00,270000,270500,电子,301626.SZ,苏州天脉,电子,both,agree
301628,2024-10-18 09:54:00,270202,2025-01-08 14:36:00,270000,270200,电子,301628.SZ,强达电路,电子,both,agree
301629,2025-03-07 12:05:00,270108,2025-10-15 10:57:00,270000,270100,电子,301629.SZ,矽电股份,电子,both,agree
301630,2025-06-27 13:13:00,270601,2025-10-15 10:57:00,270000,270600,电子,301630.SZ,同宇新材,电子,both,agree
301631,2024-11-01 17:29:00,280206,2025-01-08 14:36:00,280000,280200,汽车,301631.SZ,壹连科技,汽车,both,agree
301632,2025-08-01 16:34:00,460802,2025-10-15 10:57:00,460000,460800,社会服务,301632.SZ,广东建科,社会服务,both,agree
301633,2024-11-01 17:29:00,640702,2025-10-15 10:57:00,640000,640700,机械设备,301633.SZ,港迪技术,机械设备,both,agree
301636,2025-04-18 14:26:00,630502,2025-10-15 10:57:00,630000,630500,电力设备,301636.SZ,泽润新能,电力设备,both,agree
301638,2025-11-07 13:55:00,710301,2026-04-27 14:53:00,710000,710300,计算机,301638.SZ,南网数字,计算机,both,agree
301655,2026-07-31 13:59:00,280206,2026-07-31 13:59:00,280000,280200,汽车,301655.SZ,绿控传动,汽车,both,agree
301656,2025-09-05 18:59:00,280206,2025-10-15 10:57:00,280000,280200,汽车,301656.SZ,联合动力,汽车,both,agree
301658,2025-03-14 16:43:00,630503,2025-10-15 10:57:00,630000,630500,电力设备,301658.SZ,首航新能,电力设备,both,agree
301660,2026-09-18 13:37:00,270106,2026-09-18 13:37:00,270000,270100,电子,,,,left_only,only_sw
301662,2025-03-28 09:37:00,630703,2025-10-15 10:57:00,630000,630700,电力设备,301662.SZ,宏工科技,电力设备,both,agree
301665,2025-03-21 20:48:00,220803,2026-09-29 14:18:00,220000,220800,基础化工,301665.SZ,泰禾股份,基础化工,both,agree
301666,2026-04-03 12:27:00,270104,2026-04-03 12:27:00,270000,270100,电子,301666.SZ,大普微-UW,电子,both,agree
301667,2025-12-01 14:00:00,280203,2026-04-27 14:53:00,280000,280200,汽车,301667.SZ,纳百川,汽车,both,agree
301668,2025-09-05 18:59:00,630802,2025-10-15 10:57:00,630000,630800,电力设备,301668.SZ,昊创瑞通,电力设备,both,agree
301669,2026-05-22 09:53:00,630306,2026-05-22 09:53:00,630000,630300,电力设备,301669.SZ,高特电子,电力设备,both,agree
301677,2026-07-10 09:46:00,640108,2026-07-10 09:46:00,640000,640100,机械设备,301677.SZ,欣兴工具,机械设备,both,agree
301678,2025-05-30 09:59:00,270103,2025-10-15 10:57:00,270000,270100,电子,301678.SZ,新恒汇,电子,both,agree
301680,2026-03-05 11:31:00,280205,2026-04-27 14:53:00,280000,280200,汽车,301680.SZ,固德电材,汽车,both,agree
301682,2026-03-05 11:31:00,650501,2026-06-01 08:42:00,650000,650500,国防军工,301682.SZ,宏明电子,国防军工,both,agree
301683,2026-03-23 16:17:00,220305,2026-04-27 14:53:00,220000,220300,基础化工,301683.SZ,慧谷新材,基础化工,both,agree
301686,2026-09-11 16:40:00,220503,2026-09-11 16:40:00,220000,220500,基础化工,,,,left_only,only_sw
301687,2025-12-12 13:27:00,220505,2026-04-27 14:53:00,220000,220500,基础化工,301687.SZ,新广益,基础化工,both,agree
301688,2026-08-07 13:52:00,220309,2026-08-07 13:52:00,220000,220300,基础化工,301688.SZ,格林生物,基础化工,both,agree
301689,2026-08-21 13:22:00,640107,2026-08-21 13:22:00,640000,640100,机械设备,301689.SZ,C电科思,机械设备,both,agree
301696,2026-03-23 16:17:00,630101,2026-03-23 16:17:00,630000,630100,电力设备,301696.SZ,三瑞智能,电力设备,both,agree
301697,2026-08-14 16:46:00,630504,2026-08-14 16:46:00,630000,630500,电力设备,301697.SZ,贝特利,电力设备,both,agree
301699,2026-08-21 13:22:00,630602,2026-08-21 13:22:00,630000,630600,电力设备,301699.SZ,C洛轴,电力设备,both,agree
301707,2026-07-17 10:20:00,650501,2026-07-17 10:20:00,650000,650500,国防军工,301707.SZ,展芯股份,国防军工,both,agree
301716,2026-09-11 16:40:00,270601,2026-09-11 16:40:00,270000,270600,电子,,,,left_only,only_sw
301717,2026-07-24 11:13:00,270108,2026-08-26 14:19:00,270000,270100,电子,301717.SZ,超纯应材,电子,both,agree
301718,2026-09-24 10:53:00,730206,2026-09-24 10:53:00,730000,730200,通信,,,,left_only,only_sw
302132,2026-08-21 13:22:00,650201,2026-08-21 13:22:00,650000,650200,国防军工,302132.SZ,中航成飞,国防军工,both,agree
600000,2021-07-30 00:00:00,480301,2022-12-08 15:30:00,480000,480300,银行,600000.SH,浦发银行,银行,both,agree
600001,1998-01-22 00:00:00,230101,2015-10-27 15:28:00,230000,230100,钢铁,,,,left_only,only_sw
600002,1998-04-08 00:00:00,220101,2015-10-27 15:29:00,220000,220100,基础化工,,,,left_only,only_sw
600003,1999-08-10 00:00:00,420201,2015-10-27 15:28:00,420000,420200,交通运输,,,,left_only,only_sw
600004,2021-07-30 00:00:00,421002,2025-10-15 10:57:00,420000,421000,交通运输,600004.SH,白云机场,交通运输,both,agree
600005,1999-08-03 00:00:00,230101,2015-10-27 15:29:00,230000,230100,钢铁,,,,left_only,only_sw
600006,2021-07-30 00:00:00,280601,2025-01-08 14:36:00,280000,280600,汽车,600006.SH,东风股份,汽车,both,agree
600007,2021-07-30 00:00:00,430102,2022-02-09 17:18:00,430000,430100,房地产,600007.SH,中国国贸,房地产,both,agree
600008,2021-07-30 00:00:00,760102,2026-04-27 15:47:00,760000,760100,环保,600008.SH,首创环保,环保,both,agree
600009,2021-07-30 00:00:00,421002,2025-10-15 10:57:00,420000,421000,交通运输,600009.SH,上海机场,交通运输,both,agree
600010,2021-07-30 00:00:00,230402,2025-12-03 14:34:00,230000,230400,钢铁,600010.SH,包钢股份,钢铁,both,agree
600011,2001-12-06 00:00:00,410101,2015-10-27 15:29:00,410000,410100,公用事业,600011.SH,华能国际,公用事业,both,agree
600012,2021-07-30 00:00:00,420901,2025-10-15 10:57:00,420000,420900,交通运输,600012.SH,皖通高速,交通运输,both,agree
600015,2021-07-30 00:00:00,480301,2025-01-16 20:07:00,480000,480300,银行,600015.SH,华夏银行,银行,both,agree
600016,2021-07-30 00:00:00,480301,2025-01-16 20:07:00,480000,480300,银行,600016.SH,民生银行,银行,both,agree
600017,2021-07-30 00:00:00,421102,2025-10-15 10:57:00,420000,421100,交通运输,600017.SH,日照港,交通运输,both,agree
600018,2021-07-30 00:00:00,421102,2025-10-15 10:57:00,420000,421100,交通运输,600018.SH,上港集团,交通运输,both,agree
600019,2021-07-30 00:00:00,230402,2022-07-05 09:16:00,230000,230400,钢铁,600019.SH,宝钢股份,钢铁,both,agree
600020,2021-07-30 00:00:00,420901,2025-10-15 10:57:00,420000,420900,交通运输,600020.SH,中原高速,交通运输,both,agree
600021,2003-10-27 00:00:00,410101,2015-10-27 15:29:00,410000,410100,公用事业,600021.SH,上海电力,公用事业,both,agree
600022,2021-07-30 00:00:00,230402,2025-01-08 14:36:00,230000,230400,钢铁,600022.SH,山东钢铁,钢铁,both,agree
600023,2013-01-19 00:00:00,410101,2015-10-27 15:29:00,410000,410100,公用事业,600023.SH,浙能电力,公用事业,both,agree
600025,2017-11-21 13:45:00,410102,2021-03-03 15:31:00,410000,410100,公用事业,600025.SH,华能水电,公用事业,both,agree
600026,2021-07-30 00:00:00,421101,2025-10-15 10:57:00,420000,421100,交通运输,600026.SH,中远海能,交通运输,both,agree
600027,2005-02-03 00:00:00,410101,2015-10-27 15:29:00,410000,410100,公用事业,600027.SH,华电国际,公用事业,both,agree
600028,2021-07-30 00:00:00,750301,2025-09-11 15:39:00,750000,750300,石油石化,600028.SH,中国石化,石油石化,both,agree
600029,2021-07-30 00:00:00,421001,2025-10-15 10:57:00,420000,421000,交通运输,600029.SH,南方航空,交通运输,both,agree
600030,2014-02-21 00:00:00,490101,2024-09-27 12:41:00,490000,490100,非银金融,600030.SH,中信证券,非银金融,both,agree
600031,2021-07-30 00:00:00,640601,2025-10-15 10:57:00,640000,640600,机械设备,600031.SH,三一重工,机械设备,both,agree
600032,2021-07-30 00:00:00,410106,2025-10-15 10:57:00,410000,410100,公用事业,600032.SH,浙江新能,公用事业,both,agree
600033,2021-07-30 00:00:00,420901,2025-10-15 10:57:00,420000,420900,交通运输,600033.SH,福建高速,交通运输,both,agree
600035,2021-07-30 00:00:00,420901,2025-10-15 10:57:00,420000,420900,交通运输,600035.SH,楚天高速,交通运输,both,agree
600036,2021-07-30 00:00:00,480301,2021-07-31 16:18:00,480000,480300,银行,600036.SH,招商银行,银行,both,agree
600037,2021-07-30 00:00:00,721001,2025-10-15 10:57:00,720000,721000,传媒,600037.SH,歌华有线,传媒,both,agree
600038,2014-02-21 00:00:00,650201,2024-09-27 12:41:00,650000,650200,国防军工,600038.SH,中直股份,国防军工,both,agree
600039,2021-07-30 00:00:00,620306,2021-08-25 10:04:00,620000,620300,建筑装饰,600039.SH,四川路桥,建筑装饰,both,agree
600048,2006-07-11 00:00:00,430101,2015-10-27 15:25:00,430000,430100,房地产,600048.SH,保利发展,房地产,both,agree
600050,2021-07-30 00:00:00,730102,2026-06-01 14:47:00,730000,730100,通信,600050.SH,中国联通,通信,both,agree
600051,2007-07-02 00:00:00,510101,2024-07-29 11:30:00,510000,510100,综合,600051.SH,宁波联合,综合,both,agree
600052,2023-07-04 00:00:00,410104,2025-10-15 10:57:00,410000,410100,公用事业,600052.SH,东望时代,公用事业,both,agree
600053,2021-07-30 00:00:00,490307,2021-07-31 16:18:00,490000,490300,非银金融,600053.SH,*ST九鼎,非银金融,both,agree
600054,2021-07-30 00:00:00,461003,2025-05-27 13:54:00,460000,461000,社会服务,600054.SH,黄山旅游,社会服务,both,agree
600055,2021-07-30 00:00:00,370502,2021-07-31 16:18:00,370000,370500,医药生物,600055.SH,万东医疗,医药生物,both,agree
600056,2021-07-30 00:00:00,370402,2021-07-31 16:18:00,370000,370400,医药生物,600056.SH,中国医药,医药生物,both,agree
600057,2021-07-30 00:00:00,420802,2025-10-15 10:57:00,420000,420800,交通运输,600057.SH,厦门象屿,交通运输,both,agree
600058,1997-05-28 00:00:00,450201,2015-10-27 15:29:00,450000,450200,商贸零售,600058.SH,五矿发展,商贸零售,both,agree
600059,2021-07-30 00:00:00,340602,2021-07-31 16:18:00,340000,340600,食品饮料,600059.SH,古越龙山,食品饮料,both,agree
600060,1997-04-22 00:00:00,330201,2015-10-27 15:28:00,330000,330200,家用电器,600060.SH,海信视像,家用电器,both,agree
600061,2025-08-11 17:30:00,490101,2025-08-11 17:30:00,490000,490100,非银金融,600061.SH,国投资本,非银金融,both,agree
600062,2008-01-02 00:00:00,370102,2015-10-27 15:29:00,370000,370100,医药生物,600062.SH,华润双鹤,医药生物,both,agree
600063,2021-07-30 00:00:00,220404,2025-12-09 11:03:00,220000,220400,基础化工,600063.SH,皖维高新,基础化工,both,agree
600064,2021-07-30 00:00:00,430101,2021-07-31 16:18:00,430000,430100,房地产,600064.SH,南京高科,房地产,both,agree
600065,1997-05-23 00:00:00,220101,2015-10-27 15:28:00,220000,220100,基础化工,,,,left_only,only_sw
600066,2021-07-30 00:00:00,280602,2023-07-03 20:57:00,280000,280600,汽车,600066.SH,宇通客车,汽车,both,agree
600067,2024-08-07 17:12:00,630805,2025-10-15 10:57:00,630000,630800,电力设备,600067.SH,冠城新材,电力设备,both,agree
600068,2021-07-30 00:00:00,620306,2021-08-25 10:04:00,620000,620300,建筑装饰,,,,left_only,only_sw
600069,1997-04-30 00:00:00,360101,2015-10-27 15:28:00,360000,360100,轻工制造,,,,left_only,only_sw
600070,2018-07-13 00:00:00,510101,2024-07-29 11:30:00,510000,510100,综合,,,,left_only,only_sw
600071,2021-07-30 00:00:00,270303,2023-04-25 09:32:00,270000,270300,电子,600071.SH,凤凰光学,电子,both,agree
600072,2024-07-30 12:45:00,630602,2025-10-21 15:41:00,630000,630600,电力设备,600072.SH,中船科技,电力设备,both,agree
600073,2019-07-24 00:00:00,340401,2019-08-09 15:40:00,340000,340400,食品饮料,600073.SH,光明肉业,食品饮料,both,agree
600074,2015-04-01 00:00:00,270401,2015-10-27 15:28:00,270000,270400,电子,,,,left_only,only_sw
600075,2008-01-02 00:00:00,220202,2015-10-27 15:29:00,220000,220200,基础化工,600075.SH,新疆天业,基础化工,both,agree
600076,2022-07-29 00:00:00,360206,2022-07-29 11:54:00,360000,360200,轻工制造,600076.SH,康欣新材,轻工制造,both,agree
600077,2016-05-25 00:00:00,430101,2021-01-25 14:38:00,430000,430100,房地产,,,,left_only,only_sw
600078,2021-07-30 00:00:00,220802,2021-07-31 16:18:00,220000,220800,基础化工,600078.SH,澄星股份,基础化工,both,agree
600079,2011-01-10 00:00:00,370102,2015-10-27 15:29:00,370000,370100,医药生物,600079.SH,ST人福,医药生物,both,agree
600080,2021-07-19 00:00:00,370201,2021-07-19 18:28:00,370000,370200,医药生物,600080.SH,ST金花,医药生物,both,agree
600081,2021-07-30 00:00:00,280202,2025-01-08 14:36:00,280000,280200,汽车,600081.SH,东风科技,汽车,both,agree
600082,2021-07-30 00:00:00,430103,2021-07-31 16:18:00,430000,430100,房地产,600082.SH,ST海泰,房地产,both,agree
600083,2011-01-10 00:00:00,510101,2024-07-29 11:30:00,510000,510100,综合,,,,left_only,only_sw
600084,2021-07-30 00:00:00,340602,2021-07-31 16:18:00,340000,340600,食品饮料,600084.SH,*ST尼雅,食品饮料,both,agree
600085,1997-06-25 00:00:00,370201,2015-10-27 15:29:00,370000,370200,医药生物,600085.SH,同仁堂,医药生物,both,agree
600086,2021-07-30 00:00:00,350301,2021-07-31 16:18:00,350000,350300,纺织服饰,,,,left_only,only_sw
600087,1997-06-12 00:00:00,420601,2015-10-27 15:28:00,420000,420600,交通运输,,,,left_only,only_sw
600088,2022-07-29 00:00:00,720601,2025-10-15 10:57:00,720000,720600,传媒,600088.SH,中视传媒,传媒,both,agree
600089,2021-07-30 00:00:00,630801,2025-12-08 07:07:00,630000,630800,电力设备,600089.SH,特变电工,电力设备,both,agree
600090,2021-07-30 00:00:00,370402,2021-07-31 16:18:00,370000,370400,医药生物,,,,left_only,only_sw
600091,1997-07-04 00:00:00,220202,2015-10-27 15:28:00,220000,220200,基础化工,,,,left_only,only_sw
600092,1997-06-26 00:00:00,240101,2015-10-27 15:28:00,240000,240100,有色金属,,,,left_only,only_sw
600093,2021-07-30 00:00:00,490308,2021-07-31 16:18:00,490000,490300,非银金融,,,,left_only,only_sw
600094,2012-07-02 00:00:00,430101,2015-10-27 15:28:00,430000,430100,房地产,600094.SH,大名城,房地产,both,agree
600095,2020-07-09 00:00:00,490101,2021-03-03 15:37:00,490000,490100,非银金融,600095.SH,湘财股份,非银金融,both,agree
600096,2021-07-30 00:00:00,220802,2023-02-20 17:02:00,220000,220800,基础化工,600096.SH,云天化,基础化工,both,agree
600097,2010-01-01 00:00:00,110201,2015-10-27 15:29:00,110000,110200,农林牧渔,600097.SH,开创国际,农林牧渔,both,agree
600098,1997-07-18 00:00:00,410101,2015-10-27 15:28:00,410000,410100,公用事业,600098.SH,广州发展,公用事业,both,agree
600099,2014-02-21 00:00:00,280401,2024-09-27 12:41:00,280000,280400,汽车,600099.SH,林海股份,汽车,both,agree
600100,2021-07-30 00:00:00,710103,2021-07-31 16:18:00,710000,710100,计算机,600100.SH,同方股份,计算机,both,agree
600101,2021-07-30 00:00:00,410110,2025-10-15 10:57:00,410000,410100,公用事业,600101.SH,明星电力,公用事业,both,agree
600102,1997-08-28 00:00:00,230101,2015-10-27 15:29:00,230000,230100,钢铁,,,,left_only,only_sw
600103,2021-07-30 00:00:00,360103,2021-07-31 16:18:00,360000,360100,轻工制造,600103.SH,青山纸业,轻工制造,both,agree
600104,2021-07-30 00:00:00,280502,2023-09-01 10:46:00,280000,280500,汽车,600104.SH,上汽集团,汽车,both,agree
600105,2021-07-30 00:00:00,730205,2025-10-15 10:57:00,730000,730200,通信,600105.SH,永鼎股份,通信,both,agree
600106,2021-07-30 00:00:00,420901,2025-10-15 10:57:00,420000,420900,交通运输,600106.SH,重庆路桥,交通运输,both,agree
600107,2021-07-30 00:00:00,350209,2021-07-31 16:18:00,350000,350200,纺织服饰,600107.SH,*ST尔雅,纺织服饰,both,agree
600108,2011-01-10 00:00:00,110103,2015-10-27 15:29:00,110000,110100,农林牧渔,600108.SH,亚盛集团,农林牧渔,both,agree
600109,2014-02-21 00:00:00,490101,2024-09-27 12:41:00,490000,490100,非银金融,600109.SH,国金证券,非银金融,both,agree
600110,2022-07-29 00:00:00,630701,2025-10-15 10:57:00,630000,630700,电力设备,600110.SH,诺德股份,电力设备,both,agree
600111,2014-02-21 00:00:00,240501,2024-09-27 12:41:00,240000,240500,有色金属,600111.SH,北方稀土,有色金属,both,agree
600112,2021-07-30 00:00:00,630801,2022-10-11 14:52:00,630000,630800,电力设备,,,,left_only,only_sw
600113,2021-07-30 00:00:00,450304,2021-07-31 16:18:00,450000,450300,商贸零售,600113.SH,浙江东日,商贸零售,both,agree
600114,2021-07-30 00:00:00,640108,2025-10-15 10:57:00,640000,640100,机械设备,600114.SH,东睦股份,机械设备,both,agree
600115,2021-07-30 00:00:00,421001,2025-10-22 09:59:00,420000,421000,交通运输,600115.SH,中国东航,交通运输,both,agree
600116,2021-07-30 00:00:00,410110,2025-10-15 10:57:00,410000,410100,公用事业,600116.SH,三峡水利,公用事业,both,agree
600117,2021-07-30 00:00:00,230501,2025-01-08 14:36:00,230000,230500,钢铁,600117.SH,西宁特钢,钢铁,both,agree
600118,2014-02-21 00:00:00,650101,2024-09-27 12:41:00,650000,650100,国防军工,600118.SH,中国卫星,国防军工,both,agree
600119,2021-07-30 00:00:00,420805,2025-10-15 10:57:00,420000,420800,交通运输,600119.SH,*ST长投,交通运输,both,agree
600120,2021-07-30 00:00:00,490302,2021-07-31 16:18:00,490000,490300,非银金融,600120.SH,浙江东方,非银金融,both,agree
600121,2021-07-30 00:00:00,740101,2025-10-15 10:57:00,740000,740100,煤炭,600121.SH,郑州煤电,煤炭,both,agree
600122,2014-02-21 00:00:00,450401,2024-09-27 12:41:00,450000,450400,商贸零售,,,,left_only,only_sw
600123,2021-07-30 00:00:00,740102,2025-10-15 10:57:00,740000,740100,煤炭,600123.SH,兰花科创,煤炭,both,agree
600125,2021-07-30 00:00:00,420903,2025-10-15 10:57:00,420000,420900,交通运输,600125.SH,铁龙物流,交通运输,both,agree
600126,2021-07-30 00:00:00,230402,2025-01-08 14:36:00,230000,230400,钢铁,600126.SH,杭钢股份,钢铁,both,agree
600127,1998-05-06 00:00:00,110502,2015-10-27 15:29:00,110000,110500,农林牧渔,600127.SH,金健米业,农林牧渔,both,agree
600128,2021-07-30 00:00:00,450201,2021-07-31 16:18:00,450000,450200,商贸零售,600128.SH,苏豪弘业,商贸零售,both,agree
600129,1997-11-18 00:00:00,370201,2015-10-27 15:29:00,370000,370200,医药生物,600129.SH,太极集团,医药生物,both,agree
600130,2021-07-30 00:00:00,270504,2021-07-31 16:18:00,270000,270500,电子,600130.SH,波导股份,电子,both,agree
600131,2021-07-30 00:00:00,710301,2026-02-26 16:27:00,710000,710300,计算机,600131.SH,国网信通,计算机,both,agree
600132,2021-07-30 00:00:00,340601,2026-08-18 08:03:00,340000,340600,食品饮料,600132.SH,重庆啤酒,食品饮料,both,agree
600133,2025-01-10 11:00:00,760104,2025-01-10 13:12:00,760000,760100,环保,600133.SH,东湖高新,环保,both,agree
600135,2021-07-30 00:00:00,220505,2021-07-31 16:18:00,220000,220500,基础化工,600135.SH,乐凯胶片,基础化工,both,agree
600136,2025-08-11 17:30:00,430301,2025-08-11 17:30:00,430000,430300,房地产,600136.SH,ST明诚,房地产,both,agree
600137,2024-07-30 12:45:00,350209,2024-07-30 12:45:00,350000,350200,纺织服饰,600137.SH,浪莎股份,纺织服饰,both,agree
600138,2021-07-30 00:00:00,461002,2024-01-23 17:12:00,460000,461000,社会服务,600138.SH,中青旅,社会服务,both,agree
600139,2021-07-30 00:00:00,490305,2022-10-11 14:52:00,490000,490300,非银金融,,,,left_only,only_sw
600141,2021-07-30 00:00:00,220802,2025-11-28 08:40:00,220000,220800,基础化工,600141.SH,兴发集团,基础化工,both,agree
600143,2011-10-10 00:00:00,220503,2015-10-27 15:29:00,220000,220500,基础化工,600143.SH,金发科技,基础化工,both,agree
600145,2019-07-24 00:00:00,450201,2019-08-09 15:40:00,450000,450200,商贸零售,,,,left_only,only_sw
600146,2021-07-30 00:00:00,350209,2021-07-31 16:18:00,350000,350200,纺织服饰,,,,left_only,only_sw
600148,2021-07-30 00:00:00,280203,2025-01-08 14:36:00,280000,280200,汽车,600148.SH,长春一东,汽车,both,agree
600149,2021-07-30 00:00:00,410104,2025-10-15 10:57:00,410000,410100,公用事业,600149.SH,廊坊发展,公用事业,both,agree
600150,2014-02-21 00:00:00,650401,2024-09-27 12:41:00,650000,650400,国防军工,600150.SH,中国船舶,国防军工,both,agree
600151,2026-07-01 10:24:00,280203,2026-07-01 10:24:00,280000,280200,汽车,600151.SH,航天机电,汽车,both,agree
600152,2021-07-30 00:00:00,630701,2025-10-15 10:57:00,630000,630700,电力设备,600152.SH,维科技术,电力设备,both,agree
600153,2021-07-30 00:00:00,420802,2025-10-15 10:57:00,420000,420800,交通运输,600153.SH,建发股份,交通运输,both,agree
600155,2017-06-29 00:00:00,490101,2020-03-06 13:55:00,490000,490100,非银金融,600155.SH,华创云信,非银金融,both,agree
600156,2017-06-29 00:00:00,350106,2019-08-09 15:38:00,350000,350100,纺织服饰,600156.SH,华升股份,纺织服饰,both,agree
600157,2026-07-01 10:24:00,410110,2026-07-01 10:24:00,410000,410100,公用事业,600157.SH,永泰能源,公用事业,both,agree
600158,2021-07-30 00:00:00,460601,2024-04-01 15:28:00,460000,460600,社会服务,600158.SH,中体产业,社会服务,both,agree
600159,2006-09-01 00:00:00,430101,2015-10-27 15:28:00,430000,430100,房地产,600159.SH,大龙地产,房地产,both,agree
600160,2011-10-10 00:00:00,220311,2021-03-03 15:31:00,220000,220300,基础化工,600160.SH,巨化股份,基础化工,both,agree
600161,2021-07-30 00:00:00,370302,2023-03-26 20:35:00,370000,370300,医药生物,600161.SH,天坛生物,医药生物,both,agree
600162,2011-01-10 00:00:00,430101,2015-10-27 15:29:00,430000,430100,房地产,600162.SH,香江控股,房地产,both,agree
600163,2021-07-30 00:00:00,410107,2025-10-15 10:57:00,410000,410100,公用事业,600163.SH,中闽能源,公用事业,both,agree
600165,2019-07-24 00:00:00,220309,2019-08-09 15:39:00,220000,220300,基础化工,600165.SH,宁科生物,基础化工,both,agree
600166,2021-07-30 00:00:00,280601,2025-01-24 16:29:00,280000,280600,汽车,600166.SH,福田汽车,汽车,both,agree
600167,1999-01-28 00:00:00,410104,2015-10-27 15:29:00,410000,410100,公用事业,600167.SH,联美控股,公用事业,both,agree
600168,2021-07-30 00:00:00,760102,2025-10-15 10:57:00,760000,760100,环保,600168.SH,武汉控股,环保,both,agree
600169,2014-02-21 00:00:00,640203,2024-09-27 12:41:00,640000,640200,机械设备,600169.SH,ST太重,机械设备,both,agree
600170,2014-02-21 00:00:00,620101,2024-09-27 12:41:00,620000,620100,建筑装饰,600170.SH,上海建工,建筑装饰,both,agree
600171,2021-07-30 00:00:00,270105,2022-12-01 14:32:00,270000,270100,电子,600171.SH,上海贝岭,电子,both,agree
600172,2014-02-21 00:00:00,640103,2024-09-27 12:41:00,640000,640100,机械设备,600172.SH,黄河旋风,机械设备,both,agree
600173,2010-01-01 00:00:00,430101,2015-10-27 15:29:00,430000,430100,房地产,600173.SH,卧龙新能,房地产,both,agree
600175,2017-12-11 18:00:00,510101,2019-08-09 15:40:00,510000,510100,综合,,,,left_only,only_sw
600176,2021-07-30 00:00:00,610202,2024-02-29 13:17:00,610000,610200,建筑材料,600176.SH,中国巨石,建筑材料,both,agree
600177,2021-07-30 00:00:00,350209,2024-04-01 15:27:00,350000,350200,纺织服饰,600177.SH,雅戈尔,纺织服饰,both,agree
600178,2021-07-30 00:00:00,280203,2025-01-08 14:36:00,280000,280200,汽车,600178.SH,东安动力,汽车,both,agree
600179,2021-12-03 00:00:00,421101,2025-10-15 10:57:00,420000,421100,交通运输,600179.SH,安通控股,交通运输,both,agree
600180,2021-07-30 00:00:00,420802,2025-10-15 10:57:00,420000,420800,交通运输,600180.SH,*ST瑞茂,交通运输,both,agree
600181,2007-07-02 00:00:00,440301,2015-10-27 15:28:00,440000,440300,,,,,left_only,only_sw
600182,2021-07-30 00:00:00,280204,2025-01-08 14:36:00,280000,280200,汽车,600182.SH,S佳通,汽车,both,agree
600183,2011-10-10 00:00:00,270202,2015-10-27 15:29:00,270000,270200,电子,600183.SH,生益科技,电子,both,agree
600184,2014-02-21 00:00:00,650301,2024-09-27 12:41:00,650000,650300,国防军工,600184.SH,光电股份,国防军工,both,agree
600185,2026-03-05 11:31:00,450701,2026-03-05 11:31:00,450000,450700,商贸零售,600185.SH,珠免集团,商贸零售,both,agree
600186,2021-07-30 00:00:00,340901,2021-07-31 16:18:00,340000,340900,食品饮料,600186.SH,莲花控股,食品饮料,both,agree
600187,2021-07-30 00:00:00,760102,2025-10-15 10:57:00,760000,760100,环保,600187.SH,*ST国中,环保,both,agree
600188,2021-07-30 00:00:00,740101,2025-10-15 10:57:00,740000,740100,煤炭,600188.SH,兖矿能源,煤炭,both,agree
600189,2021-07-30 00:00:00,340701,2023-12-07 10:03:00,340000,340700,食品饮料,600189.SH,泉阳泉,食品饮料,both,agree
600190,2021-07-30 00:00:00,421102,2021-08-02 13:18:00,420000,421100,交通运输,,,,left_only,only_sw
600191,2011-10-10 00:00:00,110504,2015-10-27 15:29:00,110000,110500,农林牧渔,600191.SH,华资实业,农林牧渔,both,agree
600192,2021-07-30 00:00:00,630801,2025-10-15 10:57:00,630000,630800,电力设备,600192.SH,长城电工,电力设备,both,agree
600193,2018-07-13 00:00:00,620201,2019-08-09 15:39:00,620000,620200,建筑装饰,600193.SH,退市创兴(退市),建筑装饰,both,agree
600195,2011-10-10 00:00:00,110801,2021-04-01 14:13:00,110000,110800,农林牧渔,600195.SH,中牧股份,农林牧渔,both,agree
600196,2021-07-30 00:00:00,370102,2021-07-31 16:18:00,370000,370100,医药生物,600196.SH,复星医药,医药生物,both,agree
600197,2021-07-30 00:00:00,340501,2025-01-24 16:29:00,340000,340500,食品饮料,600197.SH,伊力特,食品饮料,both,agree
600198,2022-07-29 00:00:00,730206,2026-06-01 14:47:00,730000,730200,通信,600198.SH,大唐电信,通信,both,agree
600199,2021-07-30 00:00:00,340501,2024-12-04 10:24:00,340000,340500,食品饮料,600199.SH,金种子酒,食品饮料,both,agree
600200,2019-07-24 00:00:00,370102,2020-12-04 14:32:00,370000,370100,医药生物,600200.SH,退市苏吴(退市),医药生物,both,agree
600201,2011-10-10 00:00:00,110801,2015-10-27 15:29:00,110000,110800,农林牧渔,600201.SH,生物股份,农林牧渔,both,agree
600202,2022-07-29 00:00:00,640105,2025-10-15 10:57:00,640000,640100,机械设备,600202.SH,哈空调,机械设备,both,agree
600203,2021-07-30 00:00:00,270504,2023-04-25 09:32:00,270000,270500,电子,600203.SH,福日电子,电子,both,agree
600205,1999-06-30 00:00:00,240101,2015-10-27 15:28:00,240000,240100,有色金属,,,,left_only,only_sw
600206,2021-07-30 00:00:00,270103,2021-08-02 11:09:00,270000,270100,电子,600206.SH,有研新材,电子,both,agree
600207,2021-07-30 00:00:00,630504,2025-10-15 10:57:00,630000,630500,电力设备,600207.SH,安彩高科,电力设备,both,agree
600208,2007-07-02 00:00:00,430101,2015-10-27 15:29:00,430000,430100,房地产,600208.SH,衢州发展,房地产,both,agree
600209,2014-02-21 00:00:00,620201,2024-09-27 12:41:00,620000,620200,建筑装饰,,,,left_only,only_sw
600210,2021-07-30 00:00:00,360204,2023-06-28 21:40:00,360000,360200,轻工制造,600210.SH,紫江企业,轻工制造,both,agree
600211,2023-07-04 00:00:00,370304,2023-07-04 15:14:00,370000,370300,医药生物,600211.SH,西藏药业,医药生物,both,agree
600212,2023-07-04 00:00:00,630306,2025-10-15 10:57:00,630000,630300,电力设备,600212.SH,绿能慧充,电力设备,both,agree
600213,2021-07-30 00:00:00,280602,2021-08-02 13:17:00,280000,280600,汽车,,,,left_only,only_sw
600215,2022-07-29 00:00:00,640701,2025-10-15 10:57:00,640000,640700,机械设备,600215.SH,派斯林,机械设备,both,agree
600216,1999-10-21 00:00:00,370101,2015-10-27 15:29:00,370000,370100,医药生物,600216.SH,浙江医药,医药生物,both,agree
600217,2021-07-30 00:00:00,760103,2025-10-15 10:57:00,760000,760100,环保,600217.SH,中再资环,环保,both,agree
600218,2021-07-30 00:00:00,280203,2025-01-08 14:36:00,280000,280200,汽车,600218.SH,全柴动力,汽车,both,agree
600219,2014-02-21 00:00:00,240301,2024-09-27 12:41:00,240000,240300,有色金属,600219.SH,南山铝业,有色金属,both,agree
600220,2021-07-30 00:00:00,350106,2021-07-31 16:18:00,350000,350100,纺织服饰,,,,left_only,only_sw
600221,2021-07-30 00:00:00,421001,2025-10-15 10:57:00,420000,421000,交通运输,600221.SH,海航控股,交通运输,both,agree
600222,1999-11-05 00:00:00,370201,2015-10-27 15:29:00,370000,370200,医药生物,600222.SH,太龙药业,医药生物,both,agree
600223,2024-02-02 00:00:00,770202,2025-01-24 16:29:00,770000,770200,美容护理,600223.SH,福瑞达,美容护理,both,agree
600225,2022-07-29 00:00:00,710301,2022-07-29 11:54:00,710000,710300,计算机,,,,left_only,only_sw
600226,2022-07-29 00:00:00,410104,2025-10-15 10:57:00,410000,410100,公用事业,600226.SH,亨通股份,公用事业,both,agree
600227,2022-07-29 00:00:00,220801,2022-07-29 11:54:00,220000,220800,基础化工,600227.SH,赤天化,基础化工,both,agree
600228,2021-08-20 00:00:00,720704,2025-10-15 10:57:00,720000,720700,传媒,600228.SH,返利科技,传媒,both,agree
600229,2021-07-30 00:00:00,720902,2025-10-15 10:57:00,720000,720900,传媒,600229.SH,城市传媒,传媒,both,agree
600230,2014-02-21 00:00:00,220313,2024-09-27 12:41:00,220000,220300,基础化工,600230.SH,沧州大化,基础化工,both,agree
600231,2021-07-30 00:00:00,230401,2025-01-08 14:36:00,230000,230400,钢铁,600231.SH,凌钢股份,钢铁,both,agree
600232,2021-07-30 00:00:00,640206,2025-10-15 10:57:00,640000,640200,机械设备,600232.SH,金鹰股份,机械设备,both,agree
600233,2021-07-30 00:00:00,420804,2025-10-15 10:57:00,420000,420800,交通运输,600233.SH,圆通速递,交通运输,both,agree
600234,2023-07-04 00:00:00,620201,2023-07-04 15:14:00,620000,620200,建筑装饰,600234.SH,科新发展,建筑装饰,both,agree
600235,2021-07-30 00:00:00,360103,2021-07-31 16:18:00,360000,360100,轻工制造,600235.SH,民丰特纸,轻工制造,both,agree
600236,2000-03-23 00:00:00,410102,2015-10-27 15:28:00,410000,410100,公用事业,600236.SH,桂冠电力,公用事业,both,agree
600237,2011-10-10 00:00:00,270203,2015-10-27 15:29:00,270000,270200,电子,600237.SH,铜峰电子,电子,both,agree
600238,2021-07-30 00:00:00,340602,2021-07-31 16:18:00,340000,340600,食品饮料,600238.SH,ST椰岛,食品饮料,both,agree
600239,2023-07-04 00:00:00,430102,2023-07-04 15:14:00,430000,430100,房地产,600239.SH,ST云城,房地产,both,agree
600240,2006-09-01 00:00:00,430101,2015-10-27 15:29:00,430000,430100,房地产,,,,left_only,only_sw
600241,2022-07-29 00:00:00,630701,2025-10-15 10:57:00,630000,630700,电力设备,600241.SH,时代万恒,电力设备,both,agree
600242,2021-07-30 00:00:00,720501,2021-07-31 16:18:00,720000,720500,传媒,,,,left_only,only_sw
600243,2017-06-29 00:00:00,640106,2019-08-09 15:39:00,640000,640100,机械设备,600243.SH,*ST海华,机械设备,both,agree
600246,2002-09-01 00:00:00,430101,2015-10-27 15:29:00,430000,430100,房地产,600246.SH,万通发展,房地产,both,agree
600247,2021-07-30 00:00:00,450304,2021-07-31 16:18:00,450000,450300,商贸零售,,,,left_only,only_sw
600248,2021-07-30 00:00:00,620101,2021-07-31 16:18:00,620000,620100,建筑装饰,600248.SH,陕建股份,建筑装饰,both,agree
600249,2021-07-30 00:00:00,770102,2021-07-31 16:18:00,770000,770100,美容护理,600249.SH,两面针,美容护理,both,agree
600250,2026-07-01 10:24:00,461004,2026-07-01 10:24:00,460000,461000,社会服务,600250.SH,南京商旅,社会服务,both,agree
600251,2017-05-20 01:33:00,110501,2019-08-09 15:39:00,110000,110500,农林牧渔,600251.SH,冠农股份,农林牧渔,both,agree
600252,2011-01-10 00:00:00,370201,2015-10-27 15:29:00,370000,370200,医药生物,600252.SH,中恒集团,医药生物,both,agree
600253,2008-06-02 00:00:00,370101,2015-10-27 15:29:00,370000,370100,医药生物,,,,left_only,only_sw
600255,2021-07-30 00:00:00,240201,2025-01-08 14:36:00,240000,240200,有色金属,600255.SH,鑫科材料,有色金属,both,agree
600256,2021-07-30 00:00:00,750302,2026-02-26 16:27:00,750000,750300,石油石化,600256.SH,广汇能源,石油石化,both,agree
600257,2000-06-12 00:00:00,110202,2015-10-27 15:28:00,110000,110200,农林牧渔,600257.SH,大湖股份,农林牧渔,both,agree
600258,2021-07-30 00:00:00,460901,2024-01-23 17:12:00,460000,460900,社会服务,600258.SH,首旅酒店,社会服务,both,agree
600259,2014-02-21 00:00:00,240501,2024-09-27 12:41:00,240000,240500,有色金属,600259.SH,中稀有色,有色金属,both,agree
600260,2021-07-30 00:00:00,730207,2021-07-31 16:18:00,730000,730200,通信,,,,left_only,only_sw
600261,2021-07-30 00:00:00,330501,2023-04-25 09:32:00,330000,330500,家用电器,600261.SH,阳光照明,家用电器,both,agree
600262,2018-07-13 00:00:00,640203,2019-08-09 15:39:00,640000,640200,机械设备,600262.SH,北方股份,机械设备,both,agree
600263,2011-10-10 00:00:00,250204,2015-10-27 15:29:00,250000,250200,,,,,left_only,only_sw
600265,2000-08-25 00:00:00,110301,2015-10-27 15:28:00,110000,110300,农林牧渔,600265.SH,*ST景谷,农林牧渔,both,agree
600266,2001-09-01 00:00:00,430101,2015-10-27 15:28:00,430000,430100,房地产,600266.SH,城建发展,房地产,both,agree
600267,2022-07-29 00:00:00,370102,2022-07-29 11:54:00,370000,370100,医药生物,600267.SH,海正药业,医药生物,both,agree
600268,2021-07-30 00:00:00,630803,2025-10-15 10:57:00,630000,630800,电力设备,600268.SH,国电南自,电力设备,both,agree
600269,2021-07-30 00:00:00,420901,2025-10-15 10:57:00,420000,420900,交通运输,600269.SH,赣粤高速,交通运输,both,agree
600270,2011-01-10 00:00:00,420801,2015-10-27 15:29:00,420000,420800,交通运输,,,,left_only,only_sw
600271,2021-07-30 00:00:00,710301,2024-04-01 15:27:00,710000,710300,计算机,600271.SH,航天信息,计算机,both,agree
600272,2021-07-30 00:00:00,370402,2021-07-31 16:18:00,370000,370400,医药生物,600272.SH,开开实业,医药生物,both,agree
600273,2015-07-01 00:00:00,220309,2021-03-03 15:18:00,220000,220300,基础化工,600273.SH,嘉化能源,基础化工,both,agree
600275,2018-07-13 00:00:00,110202,2019-08-09 15:39:00,110000,110200,农林牧渔,,,,left_only,only_sw
600276,2008-01-02 00:00:00,370102,2015-10-27 15:29:00,370000,370100,医药生物,600276.SH,恒瑞医药,医药生物,both,agree
600277,2017-06-29 00:00:00,220202,2019-08-09 15:39:00,220000,220200,基础化工,,,,left_only,only_sw
600278,2000-07-12 00:00:00,450201,2015-10-27 15:28:00,450000,450200,商贸零售,600278.SH,东方创业,商贸零售,both,agree
600279,2021-07-30 00:00:00,421102,2025-10-15 10:57:00,420000,421100,交通运输,600279.SH,重庆港,交通运输,both,agree
600280,2014-02-21 00:00:00,450301,2024-09-27 12:41:00,450000,450300,商贸零售,600280.SH,中央商场,商贸零售,both,agree
600281,2021-07-30 00:00:00,240504,2025-01-08 14:36:00,240000,240500,有色金属,600281.SH,华阳新材,有色金属,both,agree
600282,2026-07-01 10:24:00,230501,2026-07-01 10:24:00,230000,230500,钢铁,600282.SH,南钢股份,钢铁,both,agree
600283,2021-07-30 00:00:00,760102,2025-10-15 10:57:00,760000,760100,环保,600283.SH,钱江水利,环保,both,agree
600284,2021-07-30 00:00:00,620306,2021-07-31 16:18:00,620000,620300,建筑装饰,600284.SH,浦东建设,建筑装饰,both,agree
600285,2000-10-18 00:00:00,370201,2015-10-27 15:29:00,370000,370200,医药生物,600285.SH,羚锐制药,医药生物,both,agree
600286,1999-12-09 00:00:00,250103,2015-10-27 15:28:00,250000,250100,,,,,left_only,only_sw
600287,2000-09-01 00:00:00,450201,2015-10-27 15:29:00,450000,450200,商贸零售,600287.SH,苏豪时尚,商贸零售,both,agree
600288,2024-07-30 12:45:00,710402,2025-01-08 14:36:00,710000,710400,计算机,600288.SH,大恒科技,计算机,both,agree
600289,2021-07-30 00:00:00,730103,2026-06-01 14:47:00,730000,730100,通信,600289.SH,ST信通,通信,both,agree
600290,2021-07-30 00:00:00,630802,2022-10-11 14:52:00,630000,630800,电力设备,,,,left_only,only_sw
600291,2014-02-21 00:00:00,490201,2024-09-27 12:41:00,490000,490200,非银金融,,,,left_only,only_sw
600292,2026-07-01 10:24:00,410102,2026-07-01 10:24:00,410000,410100,公用事业,600292.SH,电投水电,公用事业,both,agree
600293,2021-07-30 00:00:00,610201,2021-08-04 10:42:00,610000,610200,建筑材料,600293.SH,三峡新材,建筑材料,both,agree
600295,2021-07-30 00:00:00,230302,2025-01-08 14:36:00,230000,230300,钢铁,600295.SH,鄂尔多斯,钢铁,both,agree
600296,2000-07-19 00:00:00,240101,2015-10-27 15:28:00,240000,240100,有色金属,,,,left_only,only_sw
600297,2021-07-30 00:00:00,280302,2024-03-14 10:16:00,280000,280300,汽车,,,,left_only,only_sw
600298,2021-07-30 00:00:00,340901,2026-08-17 10:00:00,340000,340900,食品饮料,600298.SH,安琪酵母,食品饮料,both,agree
600299,2021-07-30 00:00:00,220315,2025-05-06 20:02:00,220000,220300,基础化工,600299.SH,安迪苏,基础化工,both,agree
600300,2021-07-30 00:00:00,340701,2021-07-31 16:18:00,340000,340700,食品饮料,600300.SH,维维股份,食品饮料,both,agree
600301,2024-07-30 12:45:00,240504,2025-01-14 10:08:00,240000,240500,有色金属,600301.SH,华锡有色,有色金属,both,agree
600302,2014-02-21 00:00:00,640206,2024-09-27 12:41:00,640000,640200,机械设备,600302.SH,ST标准,机械设备,both,agree
600303,2021-07-30 00:00:00,280602,2025-01-08 14:36:00,280000,280600,汽车,600303.SH,曙光股份,汽车,both,agree
600305,2021-07-30 00:00:00,340901,2025-09-02 09:38:00,340000,340900,食品饮料,600305.SH,恒顺醋业,食品饮料,both,agree
600306,2018-04-20 01:43:00,450301,2019-08-09 15:40:00,450000,450300,商贸零售,,,,left_only,only_sw
600307,2021-07-30 00:00:00,230402,2025-01-08 14:36:00,230000,230400,钢铁,600307.SH,酒钢宏兴,钢铁,both,agree
600308,2021-07-30 00:00:00,360102,2021-07-31 16:18:00,360000,360100,轻工制造,600308.SH,华泰股份,轻工制造,both,agree
600309,2014-02-21 00:00:00,220313,2024-09-27 12:41:00,220000,220300,基础化工,600309.SH,万华化学,基础化工,both,agree
600310,2021-07-30 00:00:00,410110,2025-10-15 10:57:00,410000,410100,公用事业,600310.SH,广西能源,公用事业,both,agree
600311,2014-02-21 00:00:00,240401,2024-09-27 12:41:00,240000,240400,有色金属,,,,left_only,only_sw
600312,2021-07-30 00:00:00,630801,2025-10-15 10:57:00,630000,630800,电力设备,600312.SH,平高电气,电力设备,both,agree
600313,2018-12-24 00:00:00,110101,2019-08-09 15:39:00,110000,110100,农林牧渔,600313.SH,农发种业,农林牧渔,both,agree
600315,2021-07-30 00:00:00,770202,2026-01-21 14:03:00,770000,770200,美容护理,600315.SH,上海家化,美容护理,both,agree
600316,2014-02-21 00:00:00,650201,2024-09-27 12:41:00,650000,650200,国防军工,600316.SH,洪都航空,国防军工,both,agree
600317,2001-01-31 00:00:00,420101,2015-10-27 15:29:00,420000,420100,交通运输,,,,left_only,only_sw
600318,2021-07-30 00:00:00,490302,2021-07-31 16:18:00,490000,490300,非银金融,600318.SH,新力金融,非银金融,both,agree
600319,2019-07-24 00:00:00,220202,2019-08-09 15:39:00,220000,220200,基础化工,600319.SH,亚星化学,基础化工,both,agree
600320,2021-07-30 00:00:00,640203,2025-10-15 10:57:00,640000,640200,机械设备,600320.SH,振华重工,机械设备,both,agree
600321,2022-07-29 00:00:00,620404,2023-12-07 10:03:00,620000,620400,建筑装饰,,,,left_only,only_sw
600322,2001-08-06 00:00:00,430101,2015-10-27 15:29:00,430000,430100,房地产,600322.SH,津投城开,房地产,both,agree
600323,2021-07-30 00:00:00,760103,2026-09-22 11:03:00,760000,760100,环保,600323.SH,瀚蓝环境,环保,both,agree
600325,2004-02-25 00:00:00,430101,2015-10-27 15:29:00,430000,430100,房地产,600325.SH,华发股份,房地产,both,agree
600326,2019-07-24 00:00:00,610101,2019-08-09 15:39:00,610000,610100,建筑材料,600326.SH,西藏天路,建筑材料,both,agree
600327,2023-07-04 00:00:00,450301,2023-07-04 15:14:00,450000,450300,商贸零售,600327.SH,大东方,商贸零售,both,agree
600328,2000-12-22 00:00:00,220203,2015-10-27 15:29:00,220000,220200,基础化工,600328.SH,中盐化工,基础化工,both,agree
600329,2001-06-06 00:00:00,370201,2015-10-27 15:29:00,370000,370200,医药生物,600329.SH,达仁堂,医药生物,both,agree
600330,2024-07-30 12:45:00,270601,2025-01-08 14:36:00,270000,270600,电子,600330.SH,天通股份,电子,both,agree
600331,2022-07-29 00:00:00,220802,2022-07-29 11:54:00,220000,220800,基础化工,600331.SH,宏达股份,基础化工,both,agree
600332,2001-02-06 00:00:00,370201,2015-10-27 15:28:00,370000,370200,医药生物,600332.SH,白云山,医药生物,both,agree
600333,2000-12-11 00:00:00,410301,2015-10-27 15:28:00,410000,410300,公用事业,600333.SH,长春燃气,公用事业,both,agree
600335,2021-07-30 00:00:00,280302,2025-01-08 14:36:00,280000,280300,汽车,600335.SH,国机汽车,汽车,both,agree
600336,2021-07-30 00:00:00,330106,2021-07-31 16:18:00,330000,330100,家用电器,600336.SH,澳柯玛,家用电器,both,agree
600337,2021-07-30 00:00:00,360307,2023-05-04 10:29:00,360000,360300,轻工制造,600337.SH,ST美克,轻工制造,both,agree
600338,2014-02-21 00:00:00,240303,2024-09-27 12:41:00,240000,240300,有色金属,600338.SH,西藏珠峰,有色金属,both,agree
600339,2021-07-30 00:00:00,750202,2023-10-23 16:18:00,750000,750200,石油石化,600339.SH,中油工程,石油石化,both,agree
600340,2021-07-30 00:00:00,430103,2023-02-20 17:04:00,430000,430100,房地产,600340.SH,*ST华幸,房地产,both,agree
600343,2022-07-29 00:00:00,640106,2025-10-15 10:57:00,640000,640100,机械设备,600343.SH,航天动力,机械设备,both,agree
600345,2021-07-30 00:00:00,730207,2026-06-01 14:47:00,730000,730200,通信,600345.SH,长江通信,通信,both,agree
600346,2021-07-30 00:00:00,750301,2026-02-26 16:27:00,750000,750300,石油石化,600346.SH,恒力石化,石油石化,both,agree
600348,2021-07-30 00:00:00,740102,2026-06-23 10:38:00,740000,740100,煤炭,600348.SH,华阳股份,煤炭,both,agree
600349,2016-08-23 00:00:00,630404,2018-06-26 11:13:00,630000,630400,电力设备,,,,left_only,only_sw
600350,2021-07-30 00:00:00,420901,2025-10-15 10:57:00,420000,420900,交通运输,600350.SH,山东高速,交通运输,both,agree
600351,2002-09-20 00:00:00,370201,2015-10-27 15:29:00,370000,370200,医药生物,600351.SH,亚宝药业,医药生物,both,agree
600352,2008-06-02 00:00:00,220308,2021-07-01 09:33:00,220000,220300,基础化工,600352.SH,浙江龙盛,基础化工,both,agree
600353,2018-07-13 00:00:00,270401,2019-08-09 15:38:00,270000,270400,电子,600353.SH,旭光电子,电子,both,agree
600354,2007-07-02 00:00:00,110101,2015-10-27 15:28:00,110000,110100,农林牧渔,600354.SH,敦煌种业,农林牧渔,both,agree
600355,2021-07-30 00:00:00,730206,2025-10-15 10:57:00,730000,730200,通信,600355.SH,*ST精伦(退市),通信,both,agree
600356,2021-07-30 00:00:00,360103,2021-07-31 16:18:00,360000,360100,轻工制造,600356.SH,恒丰纸业,轻工制造,both,agree
600357,2002-08-20 00:00:00,230101,2015-10-27 15:28:00,230000,230100,钢铁,,,,left_only,only_sw
600358,2021-07-30 00:00:00,720501,2025-10-15 10:57:00,720000,720500,传媒,600358.SH,国旅联合,传媒,both,agree
600359,1999-04-29 00:00:00,110103,2015-10-27 15:29:00,110000,110100,农林牧渔,600359.SH,新农开发,农林牧渔,both,agree
600360,2008-06-02 00:00:00,270102,2015-10-27 15:29:00,270000,270100,电子,600360.SH,华微电子,电子,both,agree
600361,2023-07-04 00:00:00,240301,2025-01-08 14:36:00,240000,240300,有色金属,600361.SH,创新新材,有色金属,both,agree
600362,2014-02-21 00:00:00,240302,2024-09-27 12:41:00,240000,240300,有色金属,600362.SH,江西铜业,有色金属,both,agree
600363,2022-07-29 00:00:00,270504,2025-10-15 10:57:00,270000,270500,电子,600363.SH,联创光电,电子,both,agree
600365,2022-07-29 00:00:00,450601,2022-07-29 11:54:00,450000,450600,商贸零售,600365.SH,ST通葡,商贸零售,both,agree
600366,2010-01-02 00:00:00,240202,2015-10-27 15:29:00,240000,240200,有色金属,600366.SH,宁波韵升,有色金属,both,agree
600367,2001-03-20 00:00:00,220203,2015-10-27 15:29:00,220000,220200,基础化工,600367.SH,红星发展,基础化工,both,agree
600368,2021-07-30 00:00:00,420901,2025-10-15 10:57:00,420000,420900,交通运输,600368.SH,五洲交通,交通运输,both,agree
600369,2014-02-21 00:00:00,490101,2024-09-27 12:41:00,490000,490100,非银金融,600369.SH,西南证券,非银金融,both,agree
600370,2022-07-29 00:00:00,220401,2022-07-29 11:54:00,220000,220400,基础化工,600370.SH,*ST三房,基础化工,both,agree
600371,2011-01-10 00:00:00,110101,2015-10-27 15:29:00,110000,110100,农林牧渔,600371.SH,万向德农,农林牧渔,both,agree
600372,2014-02-21 00:00:00,650201,2024-09-27 12:41:00,650000,650200,国防军工,600372.SH,中航机载,国防军工,both,agree
600373,2021-07-30 00:00:00,720902,2026-04-02 13:26:00,720000,720900,传媒,600373.SH,中文传媒,传媒,both,agree
600375,2023-07-04 00:00:00,280601,2025-01-08 14:36:00,280000,280600,汽车,600375.SH,汉马科技,汽车,both,agree
600376,2001-02-09 14:35:00,430101,2015-10-27 15:29:00,430000,430100,房地产,600376.SH,首开股份,房地产,both,agree
600377,2021-07-30 00:00:00,420901,2025-10-15 10:57:00,420000,420900,交通运输,600377.SH,宁沪高速,交通运输,both,agree
600378,2021-07-30 00:00:00,220311,2026-09-22 11:03:00,220000,220300,基础化工,600378.SH,昊华科技,基础化工,both,agree
600379,2021-07-30 00:00:00,630801,2025-10-15 10:57:00,630000,630800,电力设备,600379.SH,宝光股份,电力设备,both,agree
600380,2011-01-10 00:00:00,370102,2015-10-27 15:29:00,370000,370100,医药生物,600380.SH,健康元,医药生物,both,agree
600381,2021-07-30 00:00:00,340407,2021-07-31 16:18:00,340000,340400,食品饮料,600381.SH,*ST春天,食品饮料,both,agree
600382,2022-07-29 00:00:00,230301,2025-01-08 14:36:00,230000,230300,钢铁,600382.SH,广东明珠,钢铁,both,agree
600383,2001-02-08 13:41:00,430101,2015-10-27 15:29:00,430000,430100,房地产,600383.SH,金地集团,房地产,both,agree
600385,2021-07-30 00:00:00,370102,2021-07-31 16:18:00,370000,370100,医药生物,,,,left_only,only_sw
600386,2021-07-30 00:00:00,280302,2025-01-08 14:36:00,280000,280300,汽车,600386.SH,北巴传媒,汽车,both,agree
600387,2021-07-30 00:00:00,750302,2021-07-31 16:18:00,750000,750300,石油石化,,,,left_only,only_sw
600388,2022-07-29 00:00:00,760201,2026-04-27 15:47:00,760000,760200,环保,600388.SH,紫金龙净,环保,both,agree
600389,2021-07-30 00:00:00,220803,2021-08-02 09:05:00,220000,220800,基础化工,600389.SH,江山股份,基础化工,both,agree
600390,2021-07-30 00:00:00,490302,2024-05-08 14:16:00,490000,490300,非银金融,600390.SH,五矿资本,非银金融,both,agree
600391,2014-02-21 00:00:00,650201,2024-09-27 12:41:00,650000,650200,国防军工,600391.SH,航发科技,国防军工,both,agree
600392,2014-02-21 00:00:00,240501,2024-09-27 12:41:00,240000,240500,有色金属,600392.SH,盛和资源,有色金属,both,agree
600393,2001-03-19 00:00:00,430101,2015-10-27 15:28:00,430000,430100,房地产,,,,left_only,only_sw
600395,2021-07-30 00:00:00,740102,2025-10-15 10:57:00,740000,740100,煤炭,600395.SH,盘江股份,煤炭,both,agree
600396,2017-05-26 10:00:00,410101,2019-08-09 15:38:00,410000,410100,公用事业,600396.SH,华电辽能,公用事业,both,agree
600397,2026-07-01 10:24:00,640203,2026-07-01 10:24:00,640000,640200,机械设备,600397.SH,江钨装备,机械设备,both,agree
600398,2021-07-30 00:00:00,350209,2025-01-24 16:29:00,350000,350200,纺织服饰,600398.SH,海澜之家,纺织服饰,both,agree
600399,2021-07-30 00:00:00,230501,2025-12-03 07:23:00,230000,230500,钢铁,600399.SH,抚顺特钢,钢铁,both,agree
600400,2021-07-30 00:00:00,350209,2024-01-24 15:48:00,350000,350200,纺织服饰,600400.SH,红豆股份,纺织服饰,both,agree
600401,2014-02-21 00:00:00,630303,2024-09-27 12:41:00,630000,630300,电力设备,,,,left_only,only_sw
600403,2021-07-30 00:00:00,740101,2025-10-15 10:57:00,740000,740100,煤炭,600403.SH,大有能源,煤炭,both,agree
600405,2021-07-30 00:00:00,630306,2025-10-15 10:57:00,630000,630300,电力设备,600405.SH,动力源,电力设备,both,agree
600406,2021-07-30 00:00:00,630803,2025-11-10 13:32:00,630000,630800,电力设备,600406.SH,国电南瑞,电力设备,both,agree
600408,2021-07-30 00:00:00,740201,2025-10-15 10:57:00,740000,740200,煤炭,600408.SH,安泰集团,煤炭,both,agree
600409,2022-07-29 00:00:00,220201,2026-02-26 16:27:00,220000,220200,基础化工,600409.SH,三友化工,基础化工,both,agree
600410,2021-07-30 00:00:00,710301,2021-07-31 16:18:00,710000,710300,计算机,600410.SH,华胜天成,计算机,both,agree
600415,2021-07-30 00:00:00,450304,2026-01-21 08:49:00,450000,450300,商贸零售,600415.SH,小商品城,商贸零售,both,agree
600416,2024-07-30 12:45:00,630101,2025-10-15 10:57:00,630000,630100,电力设备,600416.SH,湘电股份,电力设备,both,agree
600418,2021-07-30 00:00:00,280601,2026-04-14 11:02:00,280000,280600,汽车,600418.SH,江淮汽车,汽车,both,agree
600419,2021-07-30 00:00:00,340702,2025-09-11 10:52:00,340000,340700,食品饮料,600419.SH,天润乳业,食品饮料,both,agree
600420,2011-01-10 00:00:00,370102,2015-10-27 15:29:00,370000,370100,医药生物,600420.SH,国药现代,医药生物,both,agree
600421,2021-07-30 00:00:00,640108,2025-10-15 10:57:00,640000,640100,机械设备,600421.SH,退市华嵘(退市),机械设备,both,agree
600422,2000-12-06 00:00:00,370201,2015-10-27 15:29:00,370000,370200,医药生物,600422.SH,昆药集团,医药生物,both,agree
600423,2024-07-30 12:45:00,220204,2024-07-30 12:45:00,220000,220200,基础化工,600423.SH,*ST柳化,基础化工,both,agree
600425,2014-02-21 00:00:00,610101,2024-09-27 12:41:00,610000,610100,建筑材料,600425.SH,青松建化,建筑材料,both,agree
600426,2022-07-29 00:00:00,220801,2024-01-19 09:02:00,220000,220800,基础化工,600426.SH,华鲁恒升,基础化工,both,agree
600428,2021-07-30 00:00:00,421101,2025-10-15 10:57:00,420000,421100,交通运输,600428.SH,中远海特,交通运输,both,agree
600429,2021-07-30 00:00:00,340702,2025-09-11 10:52:00,340000,340700,食品饮料,600429.SH,三元股份,食品饮料,both,agree
600432,2014-02-21 00:00:00,240504,2024-09-27 12:41:00,240000,240500,有色金属,,,,left_only,only_sw
600433,2021-07-30 00:00:00,360103,2021-07-31 16:18:00,360000,360100,轻工制造,600433.SH,冠豪高新,轻工制造,both,agree
600435,2014-02-21 00:00:00,650301,2024-09-27 12:41:00,650000,650300,国防军工,600435.SH,北方导航,国防军工,both,agree
600436,2003-06-16 00:00:00,370201,2015-10-27 15:29:00,370000,370200,医药生物,600436.SH,片仔癀,医药生物,both,agree
600438,2021-07-30 00:00:00,630501,2025-12-10 10:17:00,630000,630500,电力设备,600438.SH,通威股份,电力设备,both,agree
600439,2021-07-30 00:00:00,350303,2021-07-31 16:18:00,350000,350300,纺织服饰,600439.SH,ST瑞贝卡,纺织服饰,both,agree
600444,2017-06-29 00:00:00,640209,2019-08-09 15:39:00,640000,640200,机械设备,600444.SH,国机通用,机械设备,both,agree
600446,2021-07-30 00:00:00,710301,2022-02-10 14:27:00,710000,710300,计算机,600446.SH,金证股份,计算机,both,agree
600448,2001-09-03 00:00:00,350104,2015-10-27 15:29:00,350000,350100,纺织服饰,600448.SH,华纺股份,纺织服饰,both,agree
600449,2014-02-21 00:00:00,610101,2024-09-27 12:41:00,610000,610100,建筑材料,600449.SH,宁夏建材,建筑材料,both,agree
600452,2021-07-30 00:00:00,410110,2025-10-15 10:57:00,410000,410100,公用事业,600452.SH,涪陵电力,公用事业,both,agree
600455,2021-07-30 00:00:00,710401,2021-07-31 16:18:00,710000,710400,计算机,600455.SH,博通股份,计算机,both,agree
600456,2014-02-21 00:00:00,240504,2024-09-27 12:41:00,240000,240500,有色金属,600456.SH,宝钛股份,有色金属,both,agree
600458,2026-07-01 10:24:00,510101,2026-07-01 10:24:00,510000,510100,综合,600458.SH,时代新材,综合,both,agree
600459,2014-02-21 00:00:00,240504,2024-09-27 12:41:00,240000,240500,有色金属,600459.SH,贵研铂业,有色金属,both,agree
600460,2021-07-30 00:00:00,270102,2022-03-28 11:47:00,270000,270100,电子,600460.SH,士兰微,电子,both,agree
600461,2021-07-30 00:00:00,760102,2026-09-22 11:03:00,760000,760100,环保,600461.SH,洪城环境,环保,both,agree
600462,2021-07-30 00:00:00,730206,2021-07-31 16:18:00,730000,730200,通信,,,,left_only,only_sw
600463,2021-07-30 00:00:00,430103,2021-07-31 16:18:00,430000,430100,房地产,600463.SH,空港股份,房地产,both,agree
600466,2008-06-02 00:00:00,430101,2016-06-23 19:02:00,430000,430100,房地产,,,,left_only,only_sw
600467,2004-04-01 00:00:00,110202,2015-10-27 15:29:00,110000,110200,农林牧渔,600467.SH,好当家,农林牧渔,both,agree
600468,2021-07-30 00:00:00,630802,2025-10-15 10:57:00,630000,630800,电力设备,600468.SH,百利电气,电力设备,both,agree
600469,2021-07-30 00:00:00,280204,2025-01-08 14:36:00,280000,280200,汽车,600469.SH,风神股份,汽车,both,agree
600470,2021-07-30 00:00:00,220802,2021-07-31 16:18:00,220000,220800,基础化工,600470.SH,六国化工,基础化工,both,agree
600472,2005-04-06 00:00:00,240101,2015-10-27 15:28:00,240000,240100,有色金属,,,,left_only,only_sw
600475,2024-07-30 12:45:00,410104,2026-04-02 13:26:00,410000,410100,公用事业,600475.SH,华光环能,公用事业,both,agree
600476,2021-07-30 00:00:00,710301,2021-07-31 16:18:00,710000,710300,计算机,600476.SH,*ST湘邮,计算机,both,agree
600477,2014-02-21 00:00:00,620401,2024-09-27 12:41:00,620000,620400,建筑装饰,600477.SH,杭萧钢构,建筑装饰,both,agree
600478,2021-07-30 00:00:00,630701,2025-10-15 10:57:00,630000,630700,电力设备,600478.SH,科力远,电力设备,both,agree
600479,2004-03-10 00:00:00,370201,2015-10-27 15:29:00,370000,370200,医药生物,600479.SH,千金药业,医药生物,both,agree
600480,2021-07-30 00:00:00,280205,2025-01-08 14:36:00,280000,280200,汽车,600480.SH,凌云股份,汽车,both,agree
600481,2023-07-04 00:00:00,630501,2025-10-21 16:53:00,630000,630500,电力设备,600481.SH,双良节能,电力设备,both,agree
600482,2022-07-29 00:00:00,630306,2025-10-15 10:57:00,630000,630300,电力设备,600482.SH,中国动力,电力设备,both,agree
600483,2021-07-30 00:00:00,410110,2025-10-15 10:57:00,410000,410100,公用事业,600483.SH,福能股份,公用事业,both,agree
600485,2021-07-30 00:00:00,730103,2021-07-31 16:18:00,730000,730100,通信,,,,left_only,only_sw
600486,2021-07-30 00:00:00,220803,2026-09-22 11:03:00,220000,220800,基础化工,600486.SH,扬农化工,基础化工,both,agree
600487,2021-07-30 00:00:00,730205,2026-06-01 14:47:00,730000,730200,通信,600487.SH,亨通光电,通信,both,agree
600488,2022-07-29 00:00:00,370101,2022-07-29 11:54:00,370000,370100,医药生物,600488.SH,津药药业,医药生物,both,agree
600489,2014-02-21 00:00:00,240401,2024-09-27 12:41:00,240000,240400,有色金属,600489.SH,中金黄金,有色金属,both,agree
600490,2014-02-21 00:00:00,240302,2024-09-27 12:41:00,240000,240300,有色金属,600490.SH,鹏欣资源,有色金属,both,agree
600491,2014-02-21 00:00:00,620101,2024-09-27 12:41:00,620000,620100,建筑装饰,600491.SH,ST龙元,建筑装饰,both,agree
600493,2004-04-20 00:00:00,350102,2015-10-27 15:28:00,350000,350100,纺织服饰,600493.SH,凤竹纺织,纺织服饰,both,agree
600495,2014-02-21 00:00:00,640501,2024-09-27 12:41:00,640000,640500,机械设备,600495.SH,晋西车轴,机械设备,both,agree
600496,2014-02-21 00:00:00,620401,2024-09-27 12:41:00,620000,620400,建筑装饰,600496.SH,精工钢构,建筑装饰,both,agree
600497,2014-02-21 00:00:00,240303,2024-09-27 12:41:00,240000,240300,有色金属,600497.SH,驰宏锌锗,有色金属,both,agree
600498,2021-07-30 00:00:00,730204,2025-10-15 10:57:00,730000,730200,通信,600498.SH,烽火通信,通信,both,agree
600499,2014-02-21 00:00:00,640209,2024-09-27 12:41:00,640000,640200,机械设备,600499.SH,科达制造,机械设备,both,agree
600500,2018-07-13 00:00:00,220309,2020-03-06 13:55:00,220000,220300,基础化工,600500.SH,中化国际,基础化工,both,agree
600501,2014-02-21 00:00:00,640209,2024-09-27 12:41:00,640000,640200,机械设备,600501.SH,航天晨光,机械设备,both,agree
600502,2022-07-29 00:00:00,620306,2024-05-15 12:41:00,620000,620300,建筑装饰,600502.SH,安徽建工,建筑装饰,both,agree
600503,2009-01-01 00:00:00,430101,2015-10-27 15:29:00,430000,430100,房地产,600503.SH,华丽家族,房地产,both,agree
600505,2021-07-30 00:00:00,410110,2025-10-15 10:57:00,410000,410100,公用事业,600505.SH,西昌电力,公用事业,both,agree
600506,2022-07-29 00:00:00,750301,2024-05-27 10:52:00,750000,750300,石油石化,600506.SH,统一股份,石油石化,both,agree
600507,2021-07-30 00:00:00,230501,2025-01-08 14:36:00,230000,230500,钢铁,600507.SH,方大特钢,钢铁,both,agree
600508,2021-07-30 00:00:00,740102,2025-10-15 10:57:00,740000,740100,煤炭,600508.SH,上海能源,煤炭,both,agree
600509,2021-07-30 00:00:00,410101,2025-10-15 10:57:00,410000,410100,公用事业,600509.SH,天富能源,公用事业,both,agree
600510,2019-07-24 00:00:00,430101,2020-12-16 15:10:00,430000,430100,房地产,600510.SH,黑牡丹,房地产,both,agree
600511,2021-07-30 00:00:00,370402,2021-07-31 16:18:00,370000,370400,医药生物,600511.SH,国药股份,医药生物,both,agree
600512,2021-07-30 00:00:00,620306,2021-07-31 16:18:00,620000,620300,建筑装饰,600512.SH,腾达建设,建筑装饰,both,agree
600513,2003-03-19 00:00:00,370102,2015-10-27 15:29:00,370000,370100,医药生物,600513.SH,联环药业,医药生物,both,agree
600515,2023-07-04 00:00:00,430101,2025-10-15 10:57:00,430000,430100,房地产,600515.SH,海南机场,房地产,both,agree
600516,2021-07-30 00:00:00,230302,2025-12-03 08:56:00,230000,230300,钢铁,600516.SH,方大炭素,钢铁,both,agree
600517,2022-07-29 00:00:00,490304,2022-10-11 14:52:00,490000,490300,非银金融,600517.SH,国网英大,非银金融,both,agree
600518,2009-01-15 00:00:00,370201,2015-10-27 15:29:00,370000,370200,医药生物,600518.SH,康美药业,医药生物,both,agree
600519,2021-07-30 00:00:00,340501,2022-05-09 14:01:00,340000,340500,食品饮料,600519.SH,贵州茅台,食品饮料,both,agree
600520,2017-06-29 00:00:00,640209,2019-08-09 15:39:00,640000,640200,机械设备,600520.SH,三佳科技,机械设备,both,agree
600521,2019-07-24 00:00:00,370102,2021-03-03 15:32:00,370000,370100,医药生物,600521.SH,华海药业,医药生物,both,agree
600522,2021-07-30 00:00:00,730205,2026-06-01 14:47:00,730000,730200,通信,600522.SH,中天科技,通信,both,agree
600523,2021-07-30 00:00:00,280205,2025-01-08 14:36:00,280000,280200,汽车,600523.SH,贵航股份,汽车,both,agree
600525,2021-07-30 00:00:00,630801,2025-10-15 10:57:00,630000,630800,电力设备,600525.SH,长园集团,电力设备,both,agree
600526,2021-07-30 00:00:00,760201,2025-10-15 10:57:00,760000,760200,环保,600526.SH,菲达环保,环保,both,agree
600527,2021-07-30 00:00:00,350106,2021-07-31 16:18:00,350000,350100,纺织服饰,600527.SH,江南高纤,纺织服饰,both,agree
600528,2019-07-24 00:00:00,640501,2021-03-03 15:18:00,640000,640500,机械设备,600528.SH,中铁工业,机械设备,both,agree
600529,2021-07-30 00:00:00,370503,2024-05-09 12:15:00,370000,370500,医药生物,600529.SH,山东药玻,医药生物,both,agree
600530,2021-07-30 00:00:00,340407,2021-07-31 16:18:00,340000,340400,食品饮料,600530.SH,ST交昂,食品饮料,both,agree
600531,2014-02-21 00:00:00,240303,2024-09-27 12:41:00,240000,240300,有色金属,600531.SH,豫光金铅,有色金属,both,agree
600532,2021-07-30 00:00:00,740101,2021-07-31 16:18:00,740000,740100,煤炭,,,,left_only,only_sw
600533,2002-03-01 00:00:00,430101,2015-10-27 15:29:00,430000,430100,房地产,600533.SH,栖霞建设,房地产,both,agree
600535,2002-08-23 00:00:00,370201,2015-10-27 15:29:00,370000,370200,医药生物,600535.SH,天士力,医药生物,both,agree
600536,2021-07-30 00:00:00,710301,2021-07-31 16:18:00,710000,710300,计算机,600536.SH,中国软件,计算机,both,agree
600537,2021-07-30 00:00:00,630502,2025-10-15 10:57:00,630000,630500,电力设备,600537.SH,*ST亿晶,电力设备,both,agree
600538,2021-07-30 00:00:00,370402,2021-07-31 16:18:00,370000,370400,医药生物,600538.SH,国发股份,医药生物,both,agree
600539,2022-07-29 00:00:00,450603,2022-07-29 11:54:00,450000,450600,商贸零售,600539.SH,狮头股份,商贸零售,both,agree
600540,2004-01-02 00:00:00,110103,2015-10-27 15:29:00,110000,110100,农林牧渔,600540.SH,新赛股份,农林牧渔,both,agree
600543,2021-07-30 00:00:00,340602,2021-07-31 16:18:00,340000,340600,食品饮料,600543.SH,*ST莫高,食品饮料,both,agree
600545,2017-12-22 00:00:00,640206,2019-08-09 15:39:00,640000,640200,机械设备,600545.SH,卓郎智能,机械设备,both,agree
600546,2021-07-30 00:00:00,740101,2025-10-15 10:57:00,740000,740100,煤炭,600546.SH,山煤国际,煤炭,both,agree
600547,2014-02-21 00:00:00,240401,2024-09-27 12:41:00,240000,240400,有色金属,600547.SH,山东黄金,有色金属,both,agree
600548,2021-07-30 00:00:00,420901,2025-10-15 10:57:00,420000,420900,交通运输,600548.SH,深高速,交通运输,both,agree
600549,2014-02-21 00:00:00,240502,2024-09-27 12:41:00,240000,240500,有色金属,600549.SH,厦门钨业,有色金属,both,agree
600550,2021-07-30 00:00:00,630801,2025-10-15 10:57:00,630000,630800,电力设备,600550.SH,保变电气,电力设备,both,agree
600551,2021-07-30 00:00:00,720902,2025-10-15 10:57:00,720000,720900,传媒,600551.SH,时代出版,传媒,both,agree
600552,2018-07-13 00:00:00,270301,2021-07-22 08:56:00,270000,270300,电子,600552.SH,凯盛科技,电子,both,agree
600553,2002-08-22 00:00:00,250102,2015-10-27 15:29:00,250000,250100,,,,,left_only,only_sw
600555,2021-07-30 00:00:00,461004,2021-07-31 16:18:00,460000,461000,社会服务,,,,left_only,only_sw
600556,2021-07-30 00:00:00,720501,2025-10-15 10:57:00,720000,720500,传媒,600556.SH,天下秀,传媒,both,agree
600557,2002-09-18 00:00:00,370201,2015-10-27 15:29:00,370000,370200,医药生物,600557.SH,康缘药业,医药生物,both,agree
600558,2021-07-30 00:00:00,640108,2025-10-15 10:57:00,640000,640100,机械设备,600558.SH,大西洋,机械设备,both,agree
600559,2021-07-30 00:00:00,340501,2024-12-04 10:24:00,340000,340500,食品饮料,600559.SH,老白干酒,食品饮料,both,agree
600560,2014-02-21 00:00:00,640203,2024-09-27 12:41:00,640000,640200,机械设备,600560.SH,金自天正,机械设备,both,agree
600561,2021-07-30 00:00:00,420902,2025-10-15 10:57:00,420000,420900,交通运输,600561.SH,江西长运,交通运输,both,agree
600562,2021-07-30 00:00:00,650501,2025-10-26 19:48:00,650000,650500,国防军工,600562.SH,国睿科技,国防军工,both,agree
600563,2011-10-10 00:00:00,270203,2015-10-27 15:28:00,270000,270200,电子,600563.SH,法拉电子,电子,both,agree
600565,2011-01-10 00:00:00,430101,2015-10-27 15:28:00,430000,430100,房地产,,,,left_only,only_sw
600566,2018-07-13 00:00:00,370201,2020-02-24 23:01:00,370000,370200,医药生物,600566.SH,济川药业,医药生物,both,agree
600567,2021-07-30 00:00:00,360102,2026-02-26 16:27:00,360000,360100,轻工制造,600567.SH,山鹰国际,轻工制造,both,agree
600568,2021-07-30 00:00:00,370604,2021-07-31 16:18:00,370000,370600,医药生物,600568.SH,ST中珠,医药生物,both,agree
600569,2021-07-30 00:00:00,230402,2025-01-08 14:36:00,230000,230400,钢铁,600569.SH,安阳钢铁,钢铁,both,agree
600570,2021-07-30 00:00:00,710401,2021-07-31 16:18:00,710000,710400,计算机,600570.SH,恒生电子,计算机,both,agree
600571,2021-07-30 00:00:00,710301,2023-04-03 14:29:00,710000,710300,计算机,600571.SH,信雅达,计算机,both,agree
600572,2004-04-09 00:00:00,370201,2015-10-27 15:29:00,370000,370200,医药生物,600572.SH,康恩贝,医药生物,both,agree
600573,2021-07-30 00:00:00,340601,2021-07-31 16:18:00,340000,340600,食品饮料,600573.SH,惠泉啤酒,食品饮料,both,agree
600575,2026-07-01 10:24:00,410101,2026-07-01 10:24:00,410000,410100,公用事业,600575.SH,淮河能源,公用事业,both,agree
600576,2023-07-04 00:00:00,461003,2025-03-18 18:11:00,460000,461000,社会服务,600576.SH,祥源文旅,社会服务,both,agree
600577,2021-07-30 00:00:00,630805,2025-10-15 10:57:00,630000,630800,电力设备,600577.SH,精达股份,电力设备,both,agree
600578,2017-06-29 00:00:00,410101,2018-06-20 15:08:00,410000,410100,公用事业,600578.SH,京能电力,公用事业,both,agree
600579,2014-02-21 00:00:00,640209,2024-09-27 12:41:00,640000,640200,机械设备,600579.SH,中化装备,机械设备,both,agree
600580,2014-02-21 00:00:00,630101,2024-09-27 12:41:00,630000,630100,电力设备,600580.SH,卧龙电驱,电力设备,both,agree
600581,2021-07-30 00:00:00,230402,2025-01-08 14:36:00,230000,230400,钢铁,600581.SH,*ST八钢,钢铁,both,agree
600582,2014-02-21 00:00:00,640203,2024-09-27 12:41:00,640000,640200,机械设备,600582.SH,天地科技,机械设备,both,agree
600583,2021-07-30 00:00:00,750202,2026-02-26 16:27:00,750000,750200,石油石化,600583.SH,海油工程,石油石化,both,agree
600584,2021-07-30 00:00:00,270107,2021-07-31 16:18:00,270000,270100,电子,600584.SH,长电科技,电子,both,agree
600585,2014-02-21 00:00:00,610101,2024-09-27 12:41:00,610000,610100,建筑材料,600585.SH,海螺水泥,建筑材料,both,agree
600586,2014-02-21 00:00:00,610201,2024-09-27 12:41:00,610000,610200,建筑材料,600586.SH,金晶科技,建筑材料,both,agree
600587,2021-07-30 00:00:00,370502,2021-07-31 16:18:00,370000,370500,医药生物,600587.SH,新华医疗,医药生物,both,agree
600588,2021-07-30 00:00:00,710402,2021-07-31 16:18:00,710000,710400,计算机,600588.SH,用友网络,计算机,both,agree
600589,2024-07-23 16:28:00,710301,2025-01-08 14:36:00,710000,710300,计算机,600589.SH,大位科技,计算机,both,agree
600590,2026-07-01 10:24:00,630306,2026-07-01 10:24:00,630000,630300,电力设备,600590.SH,泰豪科技,电力设备,both,agree
600591,2002-10-01 00:00:00,420401,2015-10-27 15:28:00,420000,420400,交通运输,,,,left_only,only_sw
600592,2021-07-30 00:00:00,640108,2025-10-15 10:57:00,640000,640100,机械设备,600592.SH,龙溪股份,机械设备,both,agree
600593,2021-07-30 00:00:00,461002,2023-02-20 17:31:00,460000,461000,社会服务,600593.SH,大连圣亚,社会服务,both,agree
600594,2004-03-19 00:00:00,370201,2015-10-27 15:29:00,370000,370200,医药生物,600594.SH,益佰制药,医药生物,both,agree
600595,2014-02-21 00:00:00,240301,2024-09-27 12:41:00,240000,240300,有色金属,600595.SH,中孚实业,有色金属,both,agree
600596,2023-07-04 00:00:00,220803,2026-06-26 10:16:00,220000,220800,基础化工,600596.SH,新安股份,基础化工,both,agree
600597,2021-07-30 00:00:00,340702,2025-09-11 10:52:00,340000,340700,食品饮料,600597.SH,光明乳业,食品饮料,both,agree
600598,2011-01-10 00:00:00,110102,2024-06-14 23:03:00,110000,110100,农林牧渔,600598.SH,北大荒,农林牧渔,both,agree
600599,2021-07-30 00:00:00,490302,2021-07-31 16:18:00,490000,490300,非银金融,600599.SH,退市熊猫(退市),非银金融,both,agree
600600,2021-07-30 00:00:00,340601,2025-09-11 10:52:00,340000,340600,食品饮料,600600.SH,青岛啤酒,食品饮料,both,agree
600601,2019-07-24 00:00:00,270202,2019-08-09 15:38:00,270000,270200,电子,600601.SH,方正科技,电子,both,agree
600602,2021-07-30 00:00:00,710401,2021-07-31 16:18:00,710000,710400,计算机,600602.SH,云赛智联,计算机,both,agree
600603,2025-08-11 17:30:00,420802,2025-10-15 11:14:00,420000,420800,交通运输,600603.SH,广汇物流,交通运输,both,agree
600604,2021-07-30 00:00:00,430103,2021-07-31 16:18:00,430000,430100,房地产,600604.SH,市北高新,房地产,both,agree
600605,2021-07-30 00:00:00,450304,2021-07-31 16:18:00,450000,450300,商贸零售,600605.SH,汇通能源,商贸零售,both,agree
600606,1992-03-27 00:00:00,430101,2015-10-27 15:29:00,430000,430100,房地产,600606.SH,绿地控股,房地产,both,agree
600607,1992-03-27 00:00:00,370201,2015-10-27 15:29:00,370000,370200,医药生物,,,,left_only,only_sw
600608,2018-07-13 00:00:00,450201,2019-08-09 15:40:00,450000,450200,商贸零售,600608.SH,退市沪科(退市),商贸零售,both,agree
600609,2021-07-30 00:00:00,280202,2025-01-08 14:36:00,280000,280200,汽车,600609.SH,金杯汽车,汽车,both,agree
600610,2021-07-30 00:00:00,220204,2021-07-31 16:18:00,220000,220200,基础化工,600610.SH,中毅达,基础化工,both,agree
600611,2021-07-30 00:00:00,420902,2025-10-15 10:57:00,420000,420900,交通运输,600611.SH,大众交通,交通运输,both,agree
600612,2021-07-30 00:00:00,350301,2024-12-04 10:24:00,350000,350300,纺织服饰,600612.SH,老凤祥,纺织服饰,both,agree
600613,2019-07-24 00:00:00,370102,2020-12-04 14:32:00,370000,370100,医药生物,600613.SH,神奇制药,医药生物,both,agree
600614,2021-07-30 00:00:00,240504,2021-07-31 16:18:00,240000,240500,有色金属,,,,left_only,only_sw
600615,2022-07-29 00:00:00,240301,2025-01-08 14:36:00,240000,240300,有色金属,600615.SH,鑫源智造,有色金属,both,agree
600616,2021-07-30 00:00:00,340602,2021-07-31 16:18:00,340000,340600,食品饮料,600616.SH,金枫酒业,食品饮料,both,agree
600617,2014-01-01 00:00:00,410301,2015-10-27 15:28:00,410000,410300,公用事业,600617.SH,国新能源,公用事业,both,agree
600618,1992-11-13 00:00:00,220202,2015-10-27 15:29:00,220000,220200,基础化工,600618.SH,氯碱化工,基础化工,both,agree
600619,2021-07-30 00:00:00,330601,2021-07-31 16:18:00,330000,330600,家用电器,600619.SH,海立股份,家用电器,both,agree
600620,2018-06-19 16:12:00,510101,2024-07-29 11:30:00,510000,510100,综合,600620.SH,天宸股份,综合,both,agree
600621,2019-07-24 00:00:00,490101,2021-03-03 15:37:00,490000,490100,非银金融,600621.SH,华鑫股份,非银金融,both,agree
600622,2014-01-01 00:00:00,430101,2015-10-27 15:29:00,430000,430100,房地产,600622.SH,光大嘉宝,房地产,both,agree
600623,2021-07-30 00:00:00,220205,2021-07-31 16:18:00,220000,220200,基础化工,600623.SH,华谊集团,基础化工,both,agree
600624,2021-07-30 00:00:00,370102,2022-10-11 14:53:00,370000,370100,医药生物,600624.SH,ST复华,医药生物,both,agree
600625,1993-01-06 00:00:00,330103,2015-10-27 15:28:00,330000,330100,家用电器,,,,left_only,only_sw
600626,2021-07-30 00:00:00,280202,2025-01-08 14:36:00,280000,280200,汽车,600626.SH,申达股份,汽车,both,agree
600627,1993-01-18 00:00:00,260404,2015-10-27 15:29:00,260000,260400,,,,,left_only,only_sw
600628,2014-02-21 00:00:00,450301,2024-09-27 12:41:00,450000,450300,商贸零售,600628.SH,新世界,商贸零售,both,agree
600629,2021-07-30 00:00:00,620601,2021-08-25 10:04:00,620000,620600,建筑装饰,600629.SH,华建集团,建筑装饰,both,agree
600630,2021-07-30 00:00:00,350209,2021-07-31 16:18:00,350000,350200,纺织服饰,600630.SH,龙头股份,纺织服饰,both,agree
600631,1993-02-19 00:00:00,450101,2015-10-27 15:28:00,450000,450100,商贸零售,,,,left_only,only_sw
600632,1993-02-19 00:00:00,450101,2015-10-27 15:29:00,450000,450100,商贸零售,,,,left_only,only_sw
600633,2021-07-30 00:00:00,720401,2025-10-15 10:57:00,720000,720400,传媒,600633.SH,浙数文化,传媒,both,agree
600634,2021-07-30 00:00:00,720401,2021-07-31 16:18:00,720000,720400,传媒,,,,left_only,only_sw
600635,2015-01-18 00:08:00,410301,2019-08-09 15:39:00,410000,410300,公用事业,600635.SH,大众公用,公用事业,both,agree
600636,2021-07-30 00:00:00,461103,2025-01-08 14:36:00,460000,461100,社会服务,600636.SH,退市国化(退市),社会服务,both,agree
600637,2021-07-30 00:00:00,721001,2025-10-15 10:57:00,720000,721000,传媒,600637.SH,东方明珠,传媒,both,agree
600638,1993-03-26 00:00:00,430101,2015-10-27 15:29:00,430000,430100,房地产,600638.SH,新黄浦,房地产,both,agree
600639,2021-07-30 00:00:00,430103,2025-01-24 16:29:00,430000,430100,房地产,600639.SH,浦东金桥,房地产,both,agree
600640,2025-09-26 12:13:00,720706,2025-10-17 14:23:00,720000,720700,传媒,600640.SH,国脉文化,传媒,both,agree
600641,2026-07-01 10:24:00,270103,2026-07-01 10:24:00,270000,270100,电子,600641.SH,先导基电,电子,both,agree
600642,1993-04-16 00:00:00,410101,2015-10-27 15:29:00,410000,410100,公用事业,600642.SH,申能股份,公用事业,both,agree
600643,2021-07-30 00:00:00,490302,2021-08-25 10:03:00,490000,490300,非银金融,600643.SH,爱建集团,非银金融,both,agree
600644,2021-07-30 00:00:00,410110,2025-10-15 10:57:00,410000,410100,公用事业,600644.SH,乐山电力,公用事业,both,agree
600645,2021-07-30 00:00:00,370504,2021-07-31 16:18:00,370000,370500,医药生物,600645.SH,中源协和,医药生物,both,agree
600646,1993-05-04 00:00:00,470201,2015-10-27 15:28:00,470000,470200,,,,,left_only,only_sw
600647,2023-07-04 00:00:00,430101,2023-07-04 15:14:00,430000,430100,房地产,,,,left_only,only_sw
600648,2021-07-30 00:00:00,430103,2021-07-31 16:18:00,430000,430100,房地产,600648.SH,外高桥,房地产,both,agree
600649,2010-01-01 00:00:00,430101,2015-10-27 15:28:00,430000,430100,房地产,600649.SH,城投控股,房地产,both,agree
600650,2021-07-30 00:00:00,420902,2025-10-15 10:57:00,420000,420900,交通运输,600650.SH,锦江在线,交通运输,both,agree
600651,2024-07-30 12:45:00,280206,2025-01-08 14:36:00,280000,280200,汽车,600651.SH,飞乐音响,汽车,both,agree
600652,2021-07-30 00:00:00,720401,2021-07-31 16:18:00,720000,720400,传媒,,,,left_only,only_sw
600653,2021-07-30 00:00:00,280302,2025-01-08 14:36:00,280000,280300,汽车,600653.SH,申华控股,汽车,both,agree
600654,2021-07-30 00:00:00,710401,2021-07-31 16:18:00,710000,710400,计算机,600654.SH,中安科,计算机,both,agree
600655,2021-07-30 00:00:00,450304,2024-12-04 10:24:00,450000,450300,商贸零售,600655.SH,豫园股份,商贸零售,both,agree
600656,2014-07-01 00:00:00,410401,2015-10-27 15:28:00,410000,410400,公用事业,,,,left_only,only_sw
600657,2009-01-01 00:00:00,430101,2015-10-27 15:29:00,430000,430100,房地产,600657.SH,信达地产,房地产,both,agree
600658,2021-07-30 00:00:00,430103,2021-07-31 16:18:00,430000,430100,房地产,600658.SH,电子城,房地产,both,agree
600659,1993-05-28 00:00:00,510101,2015-10-27 15:28:00,510000,510100,综合,,,,left_only,only_sw
600660,2021-07-30 00:00:00,280202,2025-12-24 16:24:00,280000,280200,汽车,600660.SH,福耀玻璃,汽车,both,agree
600661,2021-07-30 00:00:00,461102,2021-07-31 16:18:00,460000,461100,社会服务,600661.SH,昂立教育,社会服务,both,agree
600662,2022-07-29 00:00:00,460801,2022-07-29 11:54:00,460000,460800,社会服务,600662.SH,外服控股,社会服务,both,agree
600663,2021-07-30 00:00:00,430102,2021-07-31 16:18:00,430000,430100,房地产,600663.SH,陆家嘴,房地产,both,agree
600664,2008-10-07 00:00:00,370102,2015-10-27 15:28:00,370000,370100,医药生物,600664.SH,哈药股份,医药生物,both,agree
600665,1993-07-09 00:00:00,430101,2015-10-27 15:29:00,430000,430100,房地产,600665.SH,天地源,房地产,both,agree
600666,2026-07-01 10:24:00,710301,2026-07-01 10:24:00,710000,710300,计算机,600666.SH,奥瑞德,计算机,both,agree
600667,2022-07-29 00:00:00,620601,2023-04-25 09:32:00,620000,620600,建筑装饰,600667.SH,太极实业,建筑装饰,both,agree
600668,2022-07-29 00:00:00,610101,2023-12-07 10:03:00,610000,610100,建筑材料,600668.SH,尖峰集团,建筑材料,both,agree
600669,2006-09-01 00:00:00,510101,2015-10-27 15:28:00,510000,510100,综合,,,,left_only,only_sw
600670,1993-08-09 00:00:00,370301,2015-10-27 15:28:00,370000,370300,医药生物,,,,left_only,only_sw
600671,1993-08-23 00:00:00,370201,2015-10-27 15:29:00,370000,370200,医药生物,600671.SH,天目药业,医药生物,both,agree
600672,1993-09-17 00:00:00,110601,2015-10-27 15:28:00,110000,110600,农林牧渔,,,,left_only,only_sw
600673,2023-07-04 00:00:00,510101,2026-03-18 13:48:00,510000,510100,综合,600673.SH,东阳光,综合,both,agree
600674,2011-01-10 00:00:00,410102,2015-10-27 15:28:00,410000,410100,公用事业,600674.SH,川投能源,公用事业,both,agree
600675,1993-09-24 00:00:00,430101,2015-10-27 15:29:00,430000,430100,房地产,600675.SH,中华企业,房地产,both,agree
600676,2024-07-30 12:45:00,280303,2024-07-30 12:45:00,280000,280300,汽车,600676.SH,久事动娱,汽车,both,agree
600677,2014-02-21 00:00:00,650101,2024-09-27 12:41:00,650000,650100,国防军工,,,,left_only,only_sw
600678,2021-07-30 00:00:00,610101,2023-12-07 10:03:00,610000,610100,建筑材料,600678.SH,ST金顶,建筑材料,both,agree
600679,2014-02-21 00:00:00,280401,2024-09-27 12:41:00,280000,280400,汽车,600679.SH,上海凤凰,汽车,both,agree
600680,2017-06-29 00:00:00,730201,2019-05-06 15:53:00,730000,730200,通信,,,,left_only,only_sw
600681,2017-05-26 09:59:00,410301,2019-03-01 13:01:00,410000,410300,公用事业,600681.SH,百川能源,公用事业,both,agree
600682,2023-07-04 00:00:00,510101,2024-07-29 11:30:00,510000,510100,综合,600682.SH,南京新百,综合,both,agree
600683,2011-01-10 00:00:00,430101,2015-10-27 15:29:00,430000,430100,房地产,600683.SH,京投发展,房地产,both,agree
600684,2024-03-01 00:00:00,430303,2024-03-01 13:26:00,430000,430300,房地产,600684.SH,珠江股份,房地产,both,agree
600685,2014-02-21 00:00:00,650401,2024-09-27 12:41:00,650000,650400,国防军工,600685.SH,中船防务,国防军工,both,agree
600686,2021-07-30 00:00:00,280602,2025-01-08 14:36:00,280000,280600,汽车,600686.SH,金龙汽车,汽车,both,agree
600687,2014-02-21 00:00:00,240401,2024-09-27 12:41:00,240000,240400,有色金属,,,,left_only,only_sw
600688,2021-07-30 00:00:00,750301,2025-09-11 15:39:00,750000,750300,石油石化,600688.SH,上海石化,石油石化,both,agree
600689,2022-07-29 00:00:00,510101,2024-07-29 11:30:00,510000,510100,综合,600689.SH,上海三毛,综合,both,agree
600690,2021-07-30 00:00:00,330106,2021-07-31 16:18:00,330000,330100,家用电器,600690.SH,海尔智家,家用电器,both,agree
600691,2021-07-30 00:00:00,220801,2021-07-31 16:18:00,220000,220800,基础化工,600691.SH,潞化科技,基础化工,both,agree
600692,2018-07-13 00:00:00,430101,2020-12-16 15:10:00,430000,430100,房地产,600692.SH,亚通股份,房地产,both,agree
600693,2014-02-21 00:00:00,450301,2024-09-27 12:41:00,450000,450300,商贸零售,600693.SH,东百集团,商贸零售,both,agree
600694,2014-02-21 00:00:00,450303,2024-09-27 12:41:00,450000,450300,商贸零售,600694.SH,大商股份,商贸零售,both,agree
600695,2021-07-30 00:00:00,490307,2021-07-31 16:18:00,490000,490300,非银金融,,,,left_only,only_sw
600696,2022-07-29 00:00:00,340501,2022-07-29 11:54:00,340000,340500,食品饮料,600696.SH,退市岩石(退市),食品饮料,both,agree
600697,2014-02-21 00:00:00,450303,2024-09-27 12:41:00,450000,450300,商贸零售,600697.SH,欧亚集团,商贸零售,both,agree
600698,2021-07-30 00:00:00,280203,2025-01-08 14:36:00,280000,280200,汽车,600698.SH,湖南天雁,汽车,both,agree
600699,2021-07-30 00:00:00,280206,2026-02-26 16:27:00,280000,280200,汽车,600699.SH,均胜电子,汽车,both,agree
600700,1996-04-30 00:00:00,510101,2015-10-27 15:28:00,510000,510100,综合,,,,left_only,only_sw
600701,2017-06-29 00:00:00,710201,2019-08-09 15:39:00,710000,710200,计算机,,,,left_only,only_sw
600702,2021-07-30 00:00:00,340501,2022-05-09 14:00:00,340000,340500,食品饮料,600702.SH,舍得酒业,食品饮料,both,agree
600703,2011-10-10 00:00:00,270302,2015-10-27 15:29:00,270000,270300,电子,600703.SH,三安光电,电子,both,agree
600704,2021-07-30 00:00:00,420802,2025-10-15 10:57:00,420000,420800,交通运输,600704.SH,物产中大,交通运输,both,agree
600705,2021-07-30 00:00:00,490302,2024-04-01 15:27:00,490000,490300,非银金融,,,,left_only,only_sw
600706,2021-07-30 00:00:00,461002,2022-02-08 15:57:00,460000,461000,社会服务,600706.SH,曲江文旅,社会服务,both,agree
600707,1996-05-20 00:00:00,270301,2015-10-27 15:28:00,270000,270300,电子,600707.SH,彩虹股份,电子,both,agree
600708,2015-11-03 00:00:00,430101,2020-12-16 15:10:00,430000,430100,房地产,600708.SH,光明地产,房地产,both,agree
600709,1996-06-18 00:00:00,110202,2015-10-27 15:28:00,110000,110200,农林牧渔,,,,left_only,only_sw
600710,2018-07-13 00:00:00,450201,2020-02-28 12:54:00,450000,450200,商贸零售,600710.SH,苏美达,商贸零售,both,agree
600711,2026-07-01 10:24:00,240302,2026-07-01 10:24:00,240000,240300,有色金属,600711.SH,盛屯矿业,有色金属,both,agree
600712,2014-02-21 00:00:00,450301,2024-09-27 12:41:00,450000,450300,商贸零售,600712.SH,南宁百货,商贸零售,both,agree
600713,2021-07-30 00:00:00,370402,2021-07-31 16:18:00,370000,370400,医药生物,600713.SH,南京医药,医药生物,both,agree
600714,2017-06-29 00:00:00,220203,2019-08-09 15:39:00,220000,220200,基础化工,600714.SH,金瑞矿业,基础化工,both,agree
600715,2021-07-30 00:00:00,720401,2025-10-15 10:57:00,720000,720400,传媒,600715.SH,文投控股,传媒,both,agree
600716,2010-01-01 00:00:00,430101,2015-10-27 15:28:00,430000,430100,房地产,600716.SH,凤凰股份,房地产,both,agree
600717,2021-07-30 00:00:00,421102,2025-10-15 10:57:00,420000,421100,交通运输,600717.SH,天津港,交通运输,both,agree
600718,2021-07-30 00:00:00,710301,2021-07-31 16:18:00,710000,710300,计算机,600718.SH,东软集团,计算机,both,agree
600719,1996-07-16 00:00:00,410104,2015-10-27 15:28:00,410000,410100,公用事业,600719.SH,大连热电,公用事业,both,agree
600720,2024-01-19 00:00:00,620601,2024-01-19 10:48:00,620000,620600,建筑装饰,600720.SH,中交设计,建筑装饰,both,agree
600721,2021-07-30 00:00:00,370603,2021-07-31 16:18:00,370000,370600,医药生物,600721.SH,百花医药,医药生物,both,agree
600722,2022-07-29 00:00:00,220205,2022-07-29 11:54:00,220000,220200,基础化工,600722.SH,金牛化工,基础化工,both,agree
600723,2014-02-21 00:00:00,450301,2024-09-27 12:41:00,450000,450300,商贸零售,,,,left_only,only_sw
600724,2024-07-30 12:45:00,430302,2025-01-08 14:36:00,430000,430300,房地产,600724.SH,宁波富达,房地产,both,agree
600725,2021-07-30 00:00:00,740201,2025-10-15 10:57:00,740000,740200,煤炭,600725.SH,云维股份,煤炭,both,agree
600726,1996-07-01 00:00:00,410101,2015-10-27 15:29:00,410000,410100,公用事业,600726.SH,华电能源,公用事业,both,agree
600727,2021-07-30 00:00:00,220206,2021-07-31 16:18:00,220000,220200,基础化工,600727.SH,鲁北化工,基础化工,both,agree
600728,2021-07-30 00:00:00,710301,2021-07-31 16:18:00,710000,710300,计算机,600728.SH,佳都科技,计算机,both,agree
600729,2014-02-21 00:00:00,450303,2024-09-27 12:41:00,450000,450300,商贸零售,600729.SH,重百集团,商贸零售,both,agree
600730,2021-07-30 00:00:00,461102,2022-10-11 14:53:00,460000,461100,社会服务,600730.SH,*ST高科,社会服务,both,agree
600731,2021-07-30 00:00:00,220803,2021-07-31 16:18:00,220000,220800,基础化工,600731.SH,湖南海利,基础化工,both,agree
600732,2021-07-30 00:00:00,630502,2025-10-15 10:57:00,630000,630500,电力设备,600732.SH,爱旭股份,电力设备,both,agree
600733,2022-07-29 00:00:00,280501,2025-01-24 16:29:00,280000,280500,汽车,600733.SH,北汽蓝谷,汽车,both,agree
600734,2021-07-30 00:00:00,730206,2026-06-01 14:47:00,730000,730200,通信,600734.SH,*ST实达,通信,both,agree
600735,2021-07-30 00:00:00,350303,2021-07-31 16:18:00,350000,350300,纺织服饰,600735.SH,ST新华锦,纺织服饰,both,agree
600736,2008-01-02 00:00:00,430101,2015-10-27 15:29:00,430000,430100,房地产,600736.SH,苏州高新,房地产,both,agree
600737,2017-06-29 00:00:00,110504,2020-02-24 23:01:00,110000,110500,农林牧渔,600737.SH,中粮糖业,农林牧渔,both,agree
600738,2026-07-01 10:24:00,450304,2026-07-01 10:24:00,450000,450300,商贸零售,600738.SH,丽尚国潮,商贸零售,both,agree
600739,2021-07-30 00:00:00,370303,2021-07-31 16:18:00,370000,370300,医药生物,600739.SH,辽宁成大,医药生物,both,agree
600740,2021-07-30 00:00:00,740201,2025-10-15 10:57:00,740000,740200,煤炭,600740.SH,山西焦化,煤炭,both,agree
600741,2021-07-30 00:00:00,280202,2026-02-26 16:27:00,280000,280200,汽车,600741.SH,华域汽车,汽车,both,agree
600742,2021-07-30 00:00:00,280202,2025-01-08 14:36:00,280000,280200,汽车,600742.SH,富维股份,汽车,both,agree
600743,2026-07-01 10:24:00,430301,2026-07-01 10:24:00,430000,430300,房地产,600743.SH,华远控股,房地产,both,agree
600744,1996-09-05 00:00:00,410101,2015-10-27 15:29:00,410000,410100,公用事业,600744.SH,华银电力,公用事业,both,agree
600745,2022-07-29 00:00:00,270102,2023-04-25 09:32:00,270000,270100,电子,600745.SH,*ST闻泰,电子,both,agree
600746,2021-07-30 00:00:00,220205,2021-07-31 16:18:00,220000,220200,基础化工,600746.SH,江苏索普,基础化工,both,agree
600747,2017-06-29 00:00:00,510101,2019-08-09 15:40:00,510000,510100,综合,,,,left_only,only_sw
600748,2003-05-01 00:00:00,430101,2017-05-26 10:00:00,430000,430100,房地产,600748.SH,上实发展,房地产,both,agree
600749,2021-07-30 00:00:00,461003,2021-07-31 16:18:00,460000,461000,社会服务,600749.SH,西藏旅游,社会服务,both,agree
600750,1996-08-29 00:00:00,370201,2015-10-27 15:29:00,370000,370200,医药生物,600750.SH,华润江中,医药生物,both,agree
600751,2024-07-30 12:45:00,421101,2025-01-08 14:36:00,420000,421100,交通运输,600751.SH,海航科技,交通运输,both,agree
600752,1996-09-25 00:00:00,370501,2015-10-27 15:28:00,370000,370500,医药生物,,,,left_only,only_sw
600753,2021-07-30 00:00:00,420802,2025-10-15 10:57:00,420000,420800,交通运输,600753.SH,ST海钦,交通运输,both,agree
600754,2021-07-30 00:00:00,460901,2024-01-23 17:12:00,460000,460900,社会服务,600754.SH,锦江酒店,社会服务,both,agree
600755,2021-07-30 00:00:00,420802,2025-10-15 10:57:00,420000,420800,交通运输,600755.SH,厦门国贸,交通运输,both,agree
600756,2021-07-30 00:00:00,710301,2021-07-31 16:18:00,710000,710300,计算机,600756.SH,浪潮软件,计算机,both,agree
600757,2021-07-30 00:00:00,720901,2025-10-15 10:57:00,720000,720900,传媒,600757.SH,长江传媒,传媒,both,agree
600758,2021-07-30 00:00:00,740102,2025-10-15 10:57:00,740000,740100,煤炭,600758.SH,辽宁能源,煤炭,both,agree
600759,2021-07-30 00:00:00,750101,2021-07-31 16:18:00,750000,750100,石油石化,600759.SH,ST洲际,石油石化,both,agree
600760,2018-07-13 00:00:00,650201,2021-03-03 15:32:00,650000,650200,国防军工,600760.SH,中航沈飞,国防军工,both,agree
600761,2021-07-30 00:00:00,640601,2025-10-15 10:57:00,640000,640600,机械设备,600761.SH,安徽合力,机械设备,both,agree
600762,2007-07-02 00:00:00,210301,2015-10-27 15:28:00,210000,210300,,,,,left_only,only_sw
600763,2021-07-30 00:00:00,370604,2021-07-31 16:18:00,370000,370600,医药生物,600763.SH,通策医疗,医药生物,both,agree
600764,2021-07-30 00:00:00,650401,2025-10-15 10:57:00,650000,650400,国防军工,600764.SH,中国海防,国防军工,both,agree
600765,2019-07-24 00:00:00,650201,2021-03-03 15:32:00,650000,650200,国防军工,600765.SH,中航重机,国防军工,both,agree
600766,2022-07-29 00:00:00,510101,2022-07-29 11:54:00,510000,510100,综合,,,,left_only,only_sw
600767,2022-07-29 00:00:00,710301,2022-07-29 11:54:00,710000,710300,计算机,,,,left_only,only_sw
600768,2014-02-21 00:00:00,240301,2024-09-27 12:41:00,240000,240300,有色金属,600768.SH,富邦新材,有色金属,both,agree
600769,2021-07-30 00:00:00,760102,2025-10-15 10:57:00,760000,760100,环保,600769.SH,祥龙电业,环保,both,agree
600770,2011-01-10 00:00:00,510101,2024-07-29 11:30:00,510000,510100,综合,600770.SH,综艺股份,综合,both,agree
600771,2017-06-29 00:00:00,370201,2020-12-04 14:32:00,370000,370200,医药生物,600771.SH,广誉远,医药生物,both,agree
600772,1996-11-04 00:00:00,220103,2015-10-27 15:28:00,220000,220100,基础化工,,,,left_only,only_sw
600773,2010-01-01 00:00:00,430101,2015-10-27 15:29:00,430000,430100,房地产,600773.SH,西藏城投,房地产,both,agree
600774,2022-07-29 00:00:00,370102,2022-07-29 11:54:00,370000,370100,医药生物,600774.SH,汉商集团,医药生物,both,agree
600775,2021-07-30 00:00:00,730206,2026-06-01 14:47:00,730000,730200,通信,600775.SH,南京熊猫,通信,both,agree
600776,2021-07-30 00:00:00,730207,2026-06-01 14:47:00,730000,730200,通信,600776.SH,东方通信,通信,both,agree
600777,2021-07-30 00:00:00,750101,2021-07-31 16:18:00,750000,750100,石油石化,600777.SH,新潮能源,石油石化,both,agree
600778,2014-02-21 00:00:00,450303,2024-09-27 12:41:00,450000,450300,商贸零售,600778.SH,友好集团,商贸零售,both,agree
600779,2021-07-30 00:00:00,340501,2021-07-31 16:18:00,340000,340500,食品饮料,600779.SH,水井坊,食品饮料,both,agree
600780,2013-01-01 00:00:00,410101,2015-10-27 15:29:00,410000,410100,公用事业,600780.SH,通宝能源,公用事业,both,agree
600781,2019-07-24 00:00:00,370102,2020-12-04 14:32:00,370000,370100,医药生物,,,,left_only,only_sw
600782,2021-07-30 00:00:00,230402,2025-01-08 14:36:00,230000,230400,钢铁,600782.SH,新钢股份,钢铁,both,agree
600783,2022-07-29 00:00:00,640103,2025-10-15 10:57:00,640000,640100,机械设备,600783.SH,鲁信创投,机械设备,both,agree
600784,2025-08-11 17:30:00,220203,2025-08-11 17:30:00,220000,220200,基础化工,600784.SH,鲁银投资,基础化工,both,agree
600785,2014-02-21 00:00:00,450303,2024-09-27 12:41:00,450000,450300,商贸零售,600785.SH,新华百货,商贸零售,both,agree
600786,1996-12-27 00:00:00,260403,2015-10-27 15:28:00,260000,260400,,,,,left_only,only_sw
600787,2021-07-30 00:00:00,420806,2025-10-15 10:57:00,420000,420800,交通运输,600787.SH,中储股份,交通运输,both,agree
600788,1996-12-30 00:00:00,360301,2015-10-27 15:28:00,360000,360300,轻工制造,,,,left_only,only_sw
600789,2011-01-10 00:00:00,370102,2015-10-27 15:29:00,370000,370100,医药生物,600789.SH,鲁抗医药,医药生物,both,agree
600790,2021-07-30 00:00:00,450304,2021-07-31 16:18:00,450000,450300,商贸零售,600790.SH,轻纺城,商贸零售,both,agree
600791,2002-05-01 00:00:00,430101,2015-10-27 15:29:00,430000,430100,房地产,600791.SH,京能置业,房地产,both,agree
600792,2021-07-30 00:00:00,740201,2025-10-15 10:57:00,740000,740200,煤炭,600792.SH,云煤能源,煤炭,both,agree
600793,2021-07-30 00:00:00,360103,2021-07-31 16:18:00,360000,360100,轻工制造,600793.SH,宜宾纸业,轻工制造,both,agree
600794,2021-07-30 00:00:00,420806,2025-10-15 10:57:00,420000,420800,交通运输,600794.SH,保税科技,交通运输,both,agree
600795,1997-03-18 00:00:00,410101,2015-10-27 15:28:00,410000,410100,公用事业,600795.SH,国电电力,公用事业,both,agree
600796,2022-07-29 00:00:00,760102,2025-10-15 10:57:00,760000,760100,环保,600796.SH,钱江生化,环保,both,agree
600797,2021-07-30 00:00:00,710301,2021-07-31 16:18:00,710000,710300,计算机,600797.SH,浙大网新,计算机,both,agree
600798,2021-07-30 00:00:00,421101,2025-10-15 10:57:00,420000,421100,交通运输,600798.SH,宁波海运,交通运输,both,agree
600799,1999-09-01 00:00:00,470301,2015-10-27 15:28:00,470000,470300,,,,,left_only,only_sw
600800,2021-07-30 00:00:00,750303,2021-07-31 16:18:00,750000,750300,石油石化,600800.SH,渤海化学,石油石化,both,agree
600801,2014-02-21 00:00:00,610101,2024-09-27 12:41:00,610000,610100,建筑材料,600801.SH,华新建材,建筑材料,both,agree
600802,2014-02-21 00:00:00,610101,2024-09-27 12:41:00,610000,610100,建筑材料,600802.SH,福建水泥,建筑材料,both,agree
600803,2020-08-31 00:00:00,410301,2021-03-03 15:31:00,410000,410300,公用事业,600803.SH,新奥股份,公用事业,both,agree
600804,2021-07-30 00:00:00,730102,2023-02-02 10:25:00,730000,730100,通信,,,,left_only,only_sw
600805,2017-06-29 00:00:00,510101,2024-07-29 11:30:00,510000,510100,综合,600805.SH,悦达投资,综合,both,agree
600806,2014-02-21 00:00:00,640101,2024-09-27 12:41:00,640000,640100,机械设备,,,,left_only,only_sw
600807,2026-07-01 10:24:00,510101,2026-07-01 10:24:00,510000,510100,综合,600807.SH,济高发展,综合,both,agree
600808,2021-07-30 00:00:00,230402,2025-01-08 14:36:00,230000,230400,钢铁,600808.SH,马钢股份,钢铁,both,agree
600809,2021-07-30 00:00:00,340501,2021-07-31 16:18:00,340000,340500,食品饮料,600809.SH,山西汾酒,食品饮料,both,agree
600810,2021-07-30 00:00:00,220406,2025-01-08 14:36:00,220000,220400,基础化工,600810.SH,神马股份,基础化工,both,agree
600811,2022-07-29 00:00:00,450201,2022-10-11 14:53:00,450000,450200,商贸零售,,,,left_only,only_sw
600812,2018-07-13 00:00:00,370102,2020-12-04 14:32:00,370000,370100,医药生物,600812.SH,华北制药,医药生物,both,agree
600813,1994-01-14 00:00:00,260202,2015-10-27 15:28:00,260000,260200,,,,,left_only,only_sw
600814,2014-02-21 00:00:00,450301,2024-09-27 12:41:00,450000,450300,商贸零售,600814.SH,杭州解百,商贸零售,both,agree
600815,2021-07-30 00:00:00,640601,2025-10-15 10:57:00,640000,640600,机械设备,600815.SH,厦工股份,机械设备,both,agree
600816,2021-07-30 00:00:00,490304,2021-08-25 10:03:00,490000,490300,非银金融,600816.SH,建元信托,非银金融,both,agree
600817,2022-07-29 00:00:00,760201,2025-10-15 10:57:00,760000,760200,环保,600817.SH,宇通重工,环保,both,agree
600818,2022-07-29 00:00:00,280401,2025-01-08 14:36:00,280000,280400,汽车,600818.SH,ST中路,汽车,both,agree
600819,2014-02-21 00:00:00,610201,2024-09-27 12:41:00,610000,610200,建筑材料,600819.SH,耀皮玻璃,建筑材料,both,agree
600820,2021-07-30 00:00:00,620306,2023-05-29 14:32:00,620000,620300,建筑装饰,600820.SH,隧道股份,建筑装饰,both,agree
600821,2022-07-29 00:00:00,410106,2025-10-15 10:57:00,410000,410100,公用事业,600821.SH,金开新能,公用事业,both,agree
600822,2021-07-30 00:00:00,280302,2025-01-08 14:36:00,280000,280300,汽车,600822.SH,上海物贸,汽车,both,agree
600823,2002-05-01 00:00:00,430101,2015-10-27 15:29:00,430000,430100,房地产,,,,left_only,only_sw
600824,2021-07-30 00:00:00,450303,2021-07-31 16:18:00,450000,450300,商贸零售,600824.SH,益民集团,商贸零售,both,agree
600825,2021-07-30 00:00:00,720902,2025-10-15 10:57:00,720000,720900,传媒,600825.SH,新华传媒,传媒,both,agree
600826,2021-07-30 00:00:00,460803,2025-01-23 13:35:00,460000,460800,社会服务,600826.SH,兰生股份,社会服务,both,agree
600827,2014-02-21 00:00:00,450303,2024-09-27 12:41:00,450000,450300,商贸零售,600827.SH,百联股份,商贸零售,both,agree
600828,2014-02-21 00:00:00,450301,2024-09-27 12:41:00,450000,450300,商贸零售,600828.SH,茂业商业,商贸零售,both,agree
600829,2021-07-30 00:00:00,370402,2021-07-31 16:18:00,370000,370400,医药生物,600829.SH,人民同泰,医药生物,both,agree
600830,2021-07-30 00:00:00,490302,2021-07-31 16:18:00,490000,490300,非银金融,600830.SH,香溢融通,非银金融,both,agree
600831,2021-07-30 00:00:00,721001,2025-10-15 10:57:00,720000,721000,传媒,600831.SH,广电网络,传媒,both,agree
600832,2014-02-21 00:00:00,720104,2024-09-27 12:41:00,720000,720100,传媒,,,,left_only,only_sw
600833,2021-07-30 00:00:00,370403,2021-07-31 16:18:00,370000,370400,医药生物,600833.SH,第一医药,医药生物,both,agree
600834,2021-07-30 00:00:00,420902,2025-10-15 10:57:00,420000,420900,交通运输,600834.SH,申通地铁,交通运输,both,agree
600835,2014-02-21 00:00:00,640204,2024-09-27 12:41:00,640000,640200,机械设备,600835.SH,上海机电,机械设备,both,agree
600836,2021-07-30 00:00:00,360202,2021-07-31 16:18:00,360000,360200,轻工制造,,,,left_only,only_sw
600837,2014-02-21 00:00:00,490101,2024-09-27 12:41:00,490000,490100,非银金融,,,,left_only,only_sw
600838,2014-02-21 00:00:00,450303,2024-09-27 12:41:00,450000,450300,商贸零售,600838.SH,上海九百,商贸零售,both,agree
600839,1994-03-11 00:00:00,330201,2015-10-27 15:29:00,330000,330200,家用电器,600839.SH,四川长虹,家用电器,both,agree
600840,2003-05-01 00:00:00,430101,2015-10-27 15:29:00,430000,430100,房地产,,,,left_only,only_sw
600841,2023-07-04 00:00:00,280203,2025-01-08 14:36:00,280000,280200,汽车,600841.SH,动力新科,汽车,both,agree
600842,1994-03-11 00:00:00,370102,2015-10-27 15:29:00,370000,370100,医药生物,,,,left_only,only_sw
600843,2014-02-21 00:00:00,640206,2024-09-27 12:41:00,640000,640200,机械设备,600843.SH,上工申贝,机械设备,both,agree
600844,2021-07-30 00:00:00,220205,2021-07-31 16:18:00,220000,220200,基础化工,600844.SH,金煤科技,基础化工,both,agree
600845,2021-07-30 00:00:00,710301,2026-06-01 14:47:00,710000,710300,计算机,600845.SH,宝信软件,计算机,both,agree
600846,2023-07-04 00:00:00,620601,2023-07-04 15:14:00,620000,620600,建筑装饰,600846.SH,同济科技,建筑装饰,both,agree
600847,2021-07-30 00:00:00,630705,2025-10-15 10:57:00,630000,630700,电力设备,600847.SH,万里股份,电力设备,both,agree
600848,2021-07-30 00:00:00,430103,2023-02-20 17:04:00,430000,430100,房地产,600848.SH,上海临港,房地产,both,agree
600850,2021-07-30 00:00:00,710301,2021-07-31 16:18:00,710000,710300,计算机,600850.SH,电科数字,计算机,both,agree
600851,2018-06-19 16:13:00,370102,2020-12-04 14:32:00,370000,370100,医药生物,600851.SH,海欣股份,医药生物,both,agree
600852,1994-04-04 00:00:00,250201,2015-10-27 15:28:00,250000,250200,,,,,left_only,only_sw
600853,2021-07-30 00:00:00,620306,2021-07-31 16:18:00,620000,620300,建筑装饰,600853.SH,龙建股份,建筑装饰,both,agree
600854,2026-07-01 10:24:00,330102,2026-07-01 10:24:00,330000,330100,家用电器,600854.SH,春兰股份,家用电器,both,agree
600855,2024-07-30 12:45:00,650501,2025-10-15 10:57:00,650000,650500,国防军工,600855.SH,航天长峰,国防军工,both,agree
600856,2021-07-30 00:00:00,750101,2022-03-02 08:56:00,750000,750100,石油石化,,,,left_only,only_sw
600857,2018-07-13 00:00:00,450301,2019-08-09 15:40:00,450000,450300,商贸零售,600857.SH,宁波中百,商贸零售,both,agree
600858,2014-02-21 00:00:00,450303,2024-09-27 12:41:00,450000,450300,商贸零售,600858.SH,银座股份,商贸零售,both,agree
600859,2014-02-21 00:00:00,450301,2024-09-27 12:41:00,450000,450300,商贸零售,600859.SH,王府井,商贸零售,both,agree
600860,2021-07-30 00:00:00,640108,2025-10-15 10:57:00,640000,640100,机械设备,600860.SH,京城股份,机械设备,both,agree
600861,2024-07-30 12:45:00,460801,2024-12-04 10:24:00,460000,460800,社会服务,600861.SH,北京人力,社会服务,both,agree
600862,2015-11-02 00:00:00,650201,2021-06-24 09:49:00,650000,650200,国防军工,600862.SH,中航高科,国防军工,both,agree
600863,1994-05-20 00:00:00,410101,2015-10-27 15:29:00,410000,410100,公用事业,600863.SH,华能蒙电,公用事业,both,agree
600864,2017-06-29 00:00:00,490101,2021-03-03 15:37:00,490000,490100,非银金融,600864.SH,哈投股份,非银金融,both,agree
600865,2017-06-29 00:00:00,450301,2019-08-09 15:40:00,450000,450300,商贸零售,600865.SH,百大集团,商贸零售,both,agree
600866,2021-07-30 00:00:00,220315,2021-07-31 16:18:00,220000,220300,基础化工,600866.SH,星湖科技,基础化工,both,agree
600867,2021-07-30 00:00:00,370304,2021-07-31 16:18:00,370000,370300,医药生物,600867.SH,通化东宝,医药生物,both,agree
600868,2024-07-30 12:45:00,410102,2025-10-15 10:57:00,410000,410100,公用事业,600868.SH,梅雁吉祥,公用事业,both,agree
600869,2021-07-30 00:00:00,630805,2025-10-15 10:57:00,630000,630800,电力设备,600869.SH,远东股份,电力设备,both,agree
600870,2019-07-24 00:00:00,450201,2020-12-04 14:41:00,450000,450200,商贸零售,,,,left_only,only_sw
600871,2021-07-30 00:00:00,750201,2023-10-23 16:18:00,750000,750200,石油石化,600871.SH,石化油服,石油石化,both,agree
600872,2021-07-30 00:00:00,340901,2026-07-03 16:35:00,340000,340900,食品饮料,600872.SH,中炬高新,食品饮料,both,agree
600873,2022-07-29 00:00:00,220315,2026-09-22 11:03:00,220000,220300,基础化工,600873.SH,梅花生物,基础化工,both,agree
600874,2021-07-30 00:00:00,760102,2025-10-15 10:57:00,760000,760100,环保,600874.SH,创业环保,环保,both,agree
600875,2014-02-21 00:00:00,630301,2024-09-27 12:41:00,630000,630300,电力设备,600875.SH,东方电气,电力设备,both,agree
600876,2014-02-21 00:00:00,610201,2024-09-27 12:41:00,610000,610200,建筑材料,600876.SH,凯盛新能,建筑材料,both,agree
600877,2022-07-29 00:00:00,270105,2025-01-08 14:36:00,270000,270100,电子,600877.SH,电科芯片,电子,both,agree
600878,1995-10-13 00:00:00,510101,2015-10-27 15:28:00,510000,510100,综合,,,,left_only,only_sw
600879,2014-02-21 00:00:00,650101,2024-09-27 12:41:00,650000,650100,国防军工,600879.SH,航天电子,国防军工,both,agree
600880,2022-07-29 00:00:00,461103,2022-07-29 11:54:00,460000,461100,社会服务,600880.SH,博瑞传播,社会服务,both,agree
600881,2021-07-30 00:00:00,510101,2024-07-29 11:30:00,510000,510100,综合,600881.SH,亚泰集团,综合,both,agree
600882,2021-07-30 00:00:00,340702,2022-05-09 13:58:00,340000,340700,食品饮料,600882.SH,妙可蓝多,食品饮料,both,agree
600883,2022-07-29 00:00:00,110104,2023-12-07 10:03:00,110000,110100,农林牧渔,600883.SH,博闻科技,农林牧渔,both,agree
600884,2021-07-30 00:00:00,630702,2025-12-09 16:04:00,630000,630700,电力设备,600884.SH,杉杉股份,电力设备,both,agree
600885,2021-07-30 00:00:00,630803,2025-10-15 10:57:00,630000,630800,电力设备,600885.SH,宏发股份,电力设备,both,agree
600886,2017-06-29 00:00:00,410102,2021-03-03 15:31:00,410000,410100,公用事业,600886.SH,国投电力,公用事业,both,agree
600887,2021-07-30 00:00:00,340702,2025-09-11 10:52:00,340000,340700,食品饮料,600887.SH,伊利股份,食品饮料,both,agree
600888,2014-02-21 00:00:00,240301,2024-09-27 12:41:00,240000,240300,有色金属,600888.SH,新疆众和,有色金属,both,agree
600889,2026-07-01 10:24:00,640108,2026-07-01 10:24:00,640000,640100,机械设备,600889.SH,*ST京化,机械设备,both,agree
600890,2021-07-30 00:00:00,430102,2021-07-31 16:18:00,430000,430100,房地产,,,,left_only,only_sw
600891,2018-07-13 00:00:00,360304,2019-08-09 15:40:00,360000,360300,轻工制造,,,,left_only,only_sw
600892,2021-07-30 00:00:00,720401,2025-10-15 10:57:00,720000,720400,传媒,600892.SH,大晟文化,传媒,both,agree
600893,2014-02-21 00:00:00,650201,2024-09-27 12:41:00,650000,650200,国防军工,600893.SH,航发动力,国防军工,both,agree
600894,2014-02-21 00:00:00,640204,2024-09-27 12:41:00,640000,640200,机械设备,600894.SH,广日股份,机械设备,both,agree
600895,2021-07-30 00:00:00,430103,2024-01-23 13:17:00,430000,430100,房地产,600895.SH,张江高科,房地产,both,agree
600896,2021-07-30 00:00:00,370604,2021-07-31 16:18:00,370000,370600,医药生物,,,,left_only,only_sw
600897,2021-07-30 00:00:00,421002,2025-10-15 10:57:00,420000,421000,交通运输,600897.SH,厦门空港,交通运输,both,agree
600898,2021-07-30 00:00:00,270504,2021-07-31 16:18:00,270000,270500,电子,,,,left_only,only_sw
600899,1999-09-01 00:00:00,470204,2015-10-27 15:28:00,470000,470200,,,,,left_only,only_sw
600900,2003-11-11 00:00:00,410102,2015-10-27 15:28:00,410000,410100,公用事业,600900.SH,长江电力,公用事业,both,agree
600901,2021-07-30 00:00:00,490305,2024-12-04 10:24:00,490000,490300,非银金融,600901.SH,江苏金租,非银金融,both,agree
600903,2017-10-30 14:50:00,410301,2019-08-09 15:39:00,410000,410300,公用事业,600903.SH,贵州燃气,公用事业,both,agree
600905,2021-07-30 00:00:00,410107,2025-10-15 10:57:00,410000,410100,公用事业,600905.SH,三峡能源,公用事业,both,agree
600906,2021-04-15 08:50:00,490101,2021-04-28 15:21:00,490000,490100,非银金融,600906.SH,财达证券,非银金融,both,agree
600908,2021-07-30 00:00:00,480501,2021-07-31 16:18:00,480000,480500,银行,600908.SH,无锡银行,银行,both,agree
600909,2016-12-01 21:05:00,490101,2021-03-03 15:37:00,490000,490100,非银金融,600909.SH,华安证券,非银金融,both,agree
600916,2021-07-30 00:00:00,350301,2026-01-26 16:15:00,350000,350300,纺织服饰,600916.SH,中国黄金,纺织服饰,both,agree
600917,2014-01-10 00:00:00,410301,2015-10-27 15:29:00,410000,410300,公用事业,600917.SH,重庆燃气,公用事业,both,agree
600918,2020-04-27 08:38:00,490101,2021-03-03 15:37:00,490000,490100,非银金融,600918.SH,中泰证券,非银金融,both,agree
600919,2021-07-30 00:00:00,480401,2021-07-31 16:18:00,480000,480400,银行,600919.SH,江苏银行,银行,both,agree
600925,2023-02-24 00:00:00,740101,2025-10-15 10:57:00,740000,740100,煤炭,600925.SH,苏能股份,煤炭,both,agree
600926,2021-07-30 00:00:00,480401,2024-01-23 13:02:00,480000,480400,银行,600926.SH,杭州银行,银行,both,agree
600927,2021-11-12 00:00:00,490303,2024-04-01 15:27:00,490000,490300,非银金融,600927.SH,永安期货,非银金融,both,agree
600928,2021-07-30 00:00:00,480401,2021-07-31 16:18:00,480000,480400,银行,600928.SH,西安银行,银行,both,agree
600929,2021-07-30 00:00:00,220203,2022-08-01 16:23:00,220000,220200,基础化工,600929.SH,雪天盐业,基础化工,both,agree
600930,2025-06-27 13:13:00,410107,2026-02-26 16:27:00,410000,410100,公用事业,600930.SH,华电新能,公用事业,both,agree
600933,2021-07-30 00:00:00,280203,2025-12-24 16:23:00,280000,280200,汽车,600933.SH,爱柯迪,汽车,both,agree
600935,2021-11-12 00:00:00,220202,2021-11-18 09:14:00,220000,220200,基础化工,600935.SH,华塑股份,基础化工,both,agree
600936,2021-07-30 00:00:00,721001,2025-10-15 10:57:00,720000,721000,传媒,600936.SH,北投科技,传媒,both,agree
600938,2022-04-01 00:00:00,750101,2026-02-26 16:27:00,750000,750100,石油石化,600938.SH,中国海油,石油石化,both,agree
600939,2017-01-14 18:31:00,620101,2020-12-04 14:41:00,620000,620100,建筑装饰,600939.SH,重庆建工,建筑装饰,both,agree
600941,2021-12-17 00:00:00,730102,2026-06-01 14:47:00,730000,730100,通信,600941.SH,中国移动,通信,both,agree
600955,2021-08-27 00:00:00,220204,2021-09-17 14:10:00,220000,220200,基础化工,600955.SH,维远股份,基础化工,both,agree
600956,2021-07-30 00:00:00,410107,2025-10-22 09:59:00,410000,410100,公用事业,600956.SH,新天绿能,公用事业,both,agree
600958,2015-01-18 00:08:00,490101,2015-11-05 14:03:00,490000,490100,非银金融,600958.SH,东方证券,非银金融,both,agree
600959,2021-07-30 00:00:00,721001,2025-10-15 10:57:00,720000,721000,传媒,600959.SH,江苏有线,传媒,both,agree
600960,2021-07-30 00:00:00,280203,2025-01-08 14:36:00,280000,280200,汽车,600960.SH,渤海汽车,汽车,both,agree
600961,2014-02-21 00:00:00,240303,2024-09-27 12:41:00,240000,240300,有色金属,600961.SH,株冶集团,有色金属,both,agree
600962,2011-01-10 00:00:00,110501,2015-10-27 15:28:00,110000,110500,农林牧渔,600962.SH,国投中鲁,农林牧渔,both,agree
600963,2021-07-30 00:00:00,360102,2021-07-31 16:18:00,360000,360100,轻工制造,600963.SH,岳阳林纸,轻工制造,both,agree
600965,2021-07-30 00:00:00,110704,2021-07-31 16:18:00,110000,110700,农林牧渔,600965.SH,*ST福成,农林牧渔,both,agree
600966,2021-07-30 00:00:00,360102,2024-03-14 10:17:00,360000,360100,轻工制造,600966.SH,博汇纸业,轻工制造,both,agree
600967,2017-06-29 00:00:00,650301,2021-03-03 15:32:00,650000,650300,国防军工,600967.SH,内蒙一机,国防军工,both,agree
600968,2021-07-30 00:00:00,750201,2026-02-26 16:27:00,750000,750200,石油石化,600968.SH,海油发展,石油石化,both,agree
600969,2021-07-30 00:00:00,410110,2025-10-15 10:57:00,410000,410100,公用事业,600969.SH,郴电国际,公用事业,both,agree
600970,2014-02-21 00:00:00,620403,2024-09-27 12:41:00,620000,620400,建筑装饰,600970.SH,中材国际,建筑装饰,both,agree
600971,2021-07-30 00:00:00,740101,2025-10-15 10:57:00,740000,740100,煤炭,600971.SH,恒源煤电,煤炭,both,agree
600973,2021-07-30 00:00:00,630805,2025-10-15 10:57:00,630000,630800,电力设备,600973.SH,宝胜股份,电力设备,both,agree
600975,2021-07-30 00:00:00,110702,2023-12-15 09:51:00,110000,110700,农林牧渔,600975.SH,新五丰,农林牧渔,both,agree
600976,2004-04-19 00:00:00,370201,2015-10-27 15:29:00,370000,370200,医药生物,600976.SH,健民集团,医药生物,both,agree
600977,2021-07-30 00:00:00,720601,2025-10-15 10:57:00,720000,720600,传媒,600977.SH,中国电影,传媒,both,agree
600978,2021-07-30 00:00:00,360307,2021-07-31 16:18:00,360000,360300,轻工制造,,,,left_only,only_sw
600979,2021-07-30 00:00:00,410110,2025-10-15 10:57:00,410000,410100,公用事业,600979.SH,广安爱众,公用事业,both,agree
600980,2024-07-30 12:45:00,640203,2025-10-15 10:57:00,640000,640200,机械设备,600980.SH,北矿科技,机械设备,both,agree
600981,2004-06-28 00:00:00,450201,2015-10-27 15:29:00,450000,450200,商贸零售,600981.SH,苏豪汇鸿,商贸零售,both,agree
600982,2005-07-01 00:00:00,410104,2015-10-27 15:29:00,410000,410100,公用事业,600982.SH,宁波能源,公用事业,both,agree
600983,2021-07-30 00:00:00,330106,2021-07-31 16:18:00,330000,330100,家用电器,600983.SH,惠而浦,家用电器,both,agree
600984,2021-07-30 00:00:00,640601,2025-10-15 10:57:00,640000,640600,机械设备,600984.SH,建设机械,机械设备,both,agree
600985,2021-07-30 00:00:00,740102,2025-10-15 10:57:00,740000,740100,煤炭,600985.SH,淮北矿业,煤炭,both,agree
600986,2021-07-30 00:00:00,720501,2025-10-15 10:57:00,720000,720500,传媒,600986.SH,浙文互联,传媒,both,agree
600987,2004-08-06 00:00:00,350104,2015-10-27 15:29:00,350000,350100,纺织服饰,600987.SH,航民股份,纺织服饰,both,agree
600988,2014-02-21 00:00:00,240401,2024-09-27 12:41:00,240000,240400,有色金属,600988.SH,赤峰黄金,有色金属,both,agree
600989,2021-07-30 00:00:00,220205,2022-03-10 17:57:00,220000,220200,基础化工,600989.SH,宝丰能源,基础化工,both,agree
600990,2021-07-30 00:00:00,650501,2025-10-15 10:57:00,650000,650500,国防军工,600990.SH,四创电子,国防军工,both,agree
600991,2004-06-11 00:00:00,310101,2015-10-27 15:28:00,310000,310100,,,,,left_only,only_sw
600992,2021-07-30 00:00:00,640108,2025-10-15 10:57:00,640000,640100,机械设备,600992.SH,贵绳股份,机械设备,both,agree
600993,2004-05-13 00:00:00,370201,2015-10-27 15:29:00,370000,370200,医药生物,600993.SH,马应龙,医药生物,both,agree
600995,2021-07-30 00:00:00,410110,2025-10-15 10:57:00,410000,410100,公用事业,600995.SH,南网储能,公用事业,both,agree
600996,2021-07-30 00:00:00,721001,2025-10-15 10:57:00,720000,721000,传媒,600996.SH,贵广网络,传媒,both,agree
600997,2023-07-04 00:00:00,740102,2025-10-15 10:57:00,740000,740100,煤炭,600997.SH,开滦股份,煤炭,both,agree
600998,2021-07-30 00:00:00,370402,2023-06-13 14:12:00,370000,370400,医药生物,600998.SH,九州通,医药生物,both,agree
600999,2014-02-21 00:00:00,490101,2024-09-27 12:41:00,490000,490100,非银金融,600999.SH,招商证券,非银金融,both,agree
601000,2021-07-30 00:00:00,421102,2025-10-15 10:57:00,420000,421100,交通运输,601000.SH,唐山港,交通运输,both,agree
601001,2021-07-30 00:00:00,740101,2025-10-15 10:57:00,740000,740100,煤炭,601001.SH,晋控煤业,煤炭,both,agree
601002,2021-07-30 00:00:00,640108,2025-10-15 10:57:00,640000,640100,机械设备,601002.SH,晋亿实业,机械设备,both,agree
601003,2021-07-30 00:00:00,230402,2025-01-08 14:36:00,230000,230400,钢铁,601003.SH,柳钢股份,钢铁,both,agree
601005,2021-07-30 00:00:00,230402,2025-01-08 14:36:00,230000,230400,钢铁,601005.SH,重庆钢铁,钢铁,both,agree
601006,2021-07-30 00:00:00,420903,2025-10-15 10:57:00,420000,420900,交通运输,601006.SH,大秦铁路,交通运输,both,agree
601007,2021-07-30 00:00:00,460901,2021-07-31 16:18:00,460000,460900,社会服务,601007.SH,金陵饭店,社会服务,both,agree
601008,2021-07-30 00:00:00,421102,2025-10-15 10:57:00,420000,421100,交通运输,601008.SH,连云港,交通运输,both,agree
601009,2021-07-30 00:00:00,480401,2025-12-15 16:32:00,480000,480400,银行,601009.SH,南京银行,银行,both,agree
601010,2021-07-30 00:00:00,450303,2021-07-31 16:18:00,450000,450300,商贸零售,601010.SH,ST文峰,商贸零售,both,agree
601011,2021-07-30 00:00:00,740201,2025-10-15 10:57:00,740000,740200,煤炭,601011.SH,宝泰隆,煤炭,both,agree
601012,2022-07-29 00:00:00,630502,2026-06-17 14:33:00,630000,630500,电力设备,601012.SH,隆基绿能,电力设备,both,agree
601015,2021-07-30 00:00:00,740201,2025-10-15 10:57:00,740000,740200,煤炭,601015.SH,陕西黑猫,煤炭,both,agree
601016,2021-07-30 00:00:00,410107,2025-10-15 10:57:00,410000,410100,公用事业,601016.SH,节能风电,公用事业,both,agree
601018,2021-07-30 00:00:00,421102,2025-10-15 10:57:00,420000,421100,交通运输,601018.SH,宁波港,交通运输,both,agree
601019,2021-07-30 00:00:00,720901,2025-10-15 10:57:00,720000,720900,传媒,601019.SH,山东出版,传媒,both,agree
601020,2022-07-29 00:00:00,240303,2025-12-03 14:34:00,240000,240300,有色金属,601020.SH,华钰矿业,有色金属,both,agree
601021,2021-07-30 00:00:00,421001,2025-10-15 10:57:00,420000,421000,交通运输,601021.SH,春秋航空,交通运输,both,agree
601022,2022-11-04 00:00:00,421101,2025-10-15 10:57:00,420000,421100,交通运输,601022.SH,宁波远洋,交通运输,both,agree
601026,2025-09-26 12:13:00,220504,2025-10-17 14:23:00,220000,220500,基础化工,601026.SH,道生天合,基础化工,both,agree
601028,2024-07-30 12:45:00,240401,2025-01-08 14:36:00,240000,240400,有色金属,,,,left_only,only_sw
601033,2023-12-29 00:00:00,760103,2026-09-22 11:03:00,760000,760100,环保,601033.SH,永兴股份,环保,both,agree
601038,2014-02-21 00:00:00,640207,2024-09-27 12:41:00,640000,640200,机械设备,601038.SH,一拖股份,机械设备,both,agree
601058,2021-07-30 00:00:00,280204,2025-09-26 17:00:00,280000,280200,汽车,601058.SH,赛轮轮胎,汽车,both,agree
601059,2022-12-23 00:00:00,490101,2022-12-27 11:40:00,490000,490100,非银金融,601059.SH,信达证券,非银金融,both,agree
601061,2023-03-27 00:00:00,450201,2023-03-27 16:28:00,450000,450200,商贸零售,601061.SH,中信金属,商贸零售,both,agree
601065,2023-03-27 00:00:00,220201,2023-03-27 16:28:00,220000,220200,基础化工,601065.SH,江盐集团,基础化工,both,agree
601066,2018-06-26 15:14:00,490101,2021-03-03 15:31:00,490000,490100,非银金融,601066.SH,中信建投,非银金融,both,agree
601068,2018-08-09 16:44:00,620404,2019-08-09 15:39:00,620000,620400,建筑装饰,601068.SH,中铝国际,建筑装饰,both,agree
601069,2015-01-15 00:00:00,240401,2021-01-25 13:36:00,240000,240400,有色金属,601069.SH,西部黄金,有色金属,both,agree
601077,2021-07-30 00:00:00,480501,2025-10-22 09:59:00,480000,480500,银行,601077.SH,渝农商行,银行,both,agree
601083,2023-11-17 00:00:00,421101,2025-10-15 10:57:00,420000,421100,交通运输,601083.SH,锦江航运,交通运输,both,agree
601086,2017-09-21 17:22:00,450301,2020-03-06 13:55:00,450000,450300,商贸零售,601086.SH,国芳集团,商贸零售,both,agree
601088,2021-07-30 00:00:00,740101,2025-10-15 10:57:00,740000,740100,煤炭,601088.SH,中国神华,煤炭,both,agree
601089,2022-06-17 00:00:00,370102,2022-06-17 17:11:00,370000,370100,医药生物,601089.SH,福元医药,医药生物,both,agree
601091,2026-09-11 16:40:00,640203,2026-09-11 16:40:00,640000,640200,机械设备,,,,left_only,only_sw
601096,2023-12-08 00:00:00,620401,2024-07-29 11:30:00,620000,620400,建筑装饰,601096.SH,宏盛华源,建筑装饰,both,agree
601098,2021-07-30 00:00:00,720901,2025-10-15 10:57:00,720000,720900,传媒,601098.SH,中南传媒,传媒,both,agree
601099,2014-02-21 00:00:00,490101,2024-09-27 12:41:00,490000,490100,非银金融,601099.SH,太平洋,非银金融,both,agree
601100,2021-07-30 00:00:00,640602,2025-10-15 10:57:00,640000,640600,机械设备,601100.SH,恒立液压,机械设备,both,agree
601101,2021-07-30 00:00:00,740101,2025-10-15 10:57:00,740000,740100,煤炭,601101.SH,昊华能源,煤炭,both,agree
601106,2014-02-21 00:00:00,640203,2024-09-27 12:41:00,640000,640200,机械设备,601106.SH,中国一重,机械设备,both,agree
601107,2021-07-30 00:00:00,420901,2025-10-15 10:57:00,420000,420900,交通运输,601107.SH,四川成渝,交通运输,both,agree
601108,2017-10-10 13:23:00,490101,2021-03-03 15:31:00,490000,490100,非银金融,601108.SH,财通证券,非银金融,both,agree
601111,2021-07-30 00:00:00,421001,2025-10-15 10:57:00,420000,421000,交通运输,601111.SH,中国国航,交通运输,both,agree
601112,2026-01-23 16:30:00,610202,2026-04-27 14:53:00,610000,610200,建筑材料,601112.SH,振石股份,建筑材料,both,agree
601113,2025-08-11 17:30:00,220406,2025-08-11 17:30:00,220000,220400,基础化工,601113.SH,华鼎股份,基础化工,both,agree
601116,2014-02-21 00:00:00,450302,2024-09-27 12:41:00,450000,450300,商贸零售,601116.SH,三江购物,商贸零售,both,agree
601117,2014-02-21 00:00:00,620402,2024-09-27 12:41:00,620000,620400,建筑装饰,601117.SH,中国化学,建筑装饰,both,agree
601118,2010-01-28 00:00:00,110103,2015-10-27 15:28:00,110000,110100,农林牧渔,601118.SH,海南橡胶,农林牧渔,both,agree
601121,2023-02-24 00:00:00,230301,2025-01-08 14:36:00,230000,230300,钢铁,601121.SH,宝地矿业,钢铁,both,agree
601123,2026-08-14 16:46:00,230301,2026-08-14 16:46:00,230000,230300,钢铁,601123.SH,马矿股份,钢铁,both,agree
601126,2021-07-30 00:00:00,630803,2025-10-15 10:57:00,630000,630800,电力设备,601126.SH,四方股份,电力设备,both,agree
601127,2024-07-30 12:45:00,280501,2026-04-14 11:02:00,280000,280500,汽车,601127.SH,赛力斯,汽车,both,agree
601128,2021-07-30 00:00:00,480501,2021-07-31 16:18:00,480000,480500,银行,601128.SH,常熟银行,银行,both,agree
601133,2023-03-27 00:00:00,620404,2023-06-18 19:57:00,620000,620400,建筑装饰,601133.SH,柏诚股份,建筑装饰,both,agree
601136,2022-11-21 00:00:00,490101,2022-11-21 12:26:00,490000,490100,非银金融,601136.SH,首创证券,非银金融,both,agree
601137,2021-07-30 00:00:00,240201,2022-03-31 09:40:00,240000,240200,有色金属,601137.SH,博威合金,有色金属,both,agree
601138,2021-07-30 00:00:00,270504,2025-10-22 08:30:00,270000,270500,电子,601138.SH,工业富联,电子,both,agree
601139,2009-01-04 00:00:00,410301,2015-10-27 15:29:00,410000,410300,公用事业,601139.SH,深圳燃气,公用事业,both,agree
601155,2021-07-30 00:00:00,430102,2021-07-31 16:18:00,430000,430100,房地产,601155.SH,新城控股,房地产,both,agree
601156,2021-07-30 00:00:00,420805,2025-10-15 10:57:00,420000,420800,交通运输,601156.SH,东航物流,交通运输,both,agree
601158,2021-07-30 00:00:00,760102,2025-10-15 10:57:00,760000,760100,环保,601158.SH,重庆水务,环保,both,agree
601162,2018-09-18 14:52:00,490101,2021-03-03 15:37:00,490000,490100,非银金融,601162.SH,天风证券,非银金融,both,agree
601163,2021-07-30 00:00:00,280204,2025-01-08 14:36:00,280000,280200,汽车,601163.SH,三角轮胎,汽车,both,agree
601166,2021-07-30 00:00:00,480301,2021-07-31 16:18:00,480000,480300,银行,601166.SH,兴业银行,银行,both,agree
601168,2021-07-30 00:00:00,240302,2024-01-23 13:39:00,240000,240300,有色金属,601168.SH,西部矿业,有色金属,both,agree
601169,2021-07-30 00:00:00,480401,2022-12-08 15:26:00,480000,480400,银行,601169.SH,北京银行,银行,both,agree
601177,2021-07-30 00:00:00,640108,2025-10-15 10:57:00,640000,640100,机械设备,601177.SH,杭齿前进,机械设备,both,agree
601179,2021-07-30 00:00:00,630801,2025-12-09 16:04:00,630000,630800,电力设备,601179.SH,中国西电,电力设备,both,agree
601186,2021-07-30 00:00:00,620306,2021-08-25 10:04:00,620000,620300,建筑装饰,601186.SH,中国铁建,建筑装饰,both,agree
601187,2021-07-30 00:00:00,480401,2026-07-10 15:13:00,480000,480400,银行,601187.SH,厦门银行,银行,both,agree
601188,2021-07-30 00:00:00,420901,2025-10-15 10:57:00,420000,420900,交通运输,601188.SH,龙江交通,交通运输,both,agree
601198,2015-01-18 00:08:00,490101,2015-11-05 14:03:00,490000,490100,非银金融,601198.SH,东兴证券,非银金融,both,agree
601199,2021-07-30 00:00:00,760102,2025-10-15 10:57:00,760000,760100,环保,601199.SH,江南水务,环保,both,agree
601200,2021-07-30 00:00:00,760103,2026-04-27 15:47:00,760000,760100,环保,601200.SH,上海环境,环保,both,agree
601206,2016-08-23 00:00:00,370501,2020-12-04 14:32:00,370000,370500,医药生物,,,,left_only,only_sw
601208,2021-07-30 00:00:00,220505,2026-09-22 11:03:00,220000,220500,基础化工,601208.SH,东材科技,基础化工,both,agree
601211,2015-01-18 00:06:00,490101,2021-03-03 15:31:00,490000,490100,非银金融,601211.SH,国泰海通,非银金融,both,agree
601212,2023-07-04 00:00:00,240302,2025-01-08 14:36:00,240000,240300,有色金属,601212.SH,白银有色,有色金属,both,agree
601216,2011-01-10 00:00:00,220202,2015-10-27 15:29:00,220000,220200,基础化工,601216.SH,君正集团,基础化工,both,agree
601218,2021-07-30 00:00:00,630602,2025-10-15 10:57:00,630000,630600,电力设备,601218.SH,吉鑫科技,电力设备,both,agree
601222,2026-07-01 10:24:00,630804,2026-07-01 10:24:00,630000,630800,电力设备,601222.SH,林洋能源,电力设备,both,agree
601225,2021-07-30 00:00:00,740101,2025-10-15 10:57:00,740000,740100,煤炭,601225.SH,陕西煤业,煤炭,both,agree
601226,2014-02-21 00:00:00,620404,2024-10-09 12:26:00,620000,620400,建筑装饰,601226.SH,华电科工,建筑装饰,both,agree
601228,2021-07-30 00:00:00,421102,2025-10-15 10:57:00,420000,421100,交通运输,601228.SH,广州港,交通运输,both,agree
601229,2021-07-30 00:00:00,480401,2025-01-16 20:07:00,480000,480400,银行,601229.SH,上海银行,银行,both,agree
601231,2021-07-30 00:00:00,270504,2024-04-01 15:27:00,270000,270500,电子,601231.SH,环旭电子,电子,both,agree
601233,2021-07-30 00:00:00,750303,2025-09-11 15:39:00,750000,750300,石油石化,601233.SH,桐昆股份,石油石化,both,agree
601236,2019-05-29 11:18:00,490101,2021-03-03 15:37:00,490000,490100,非银金融,601236.SH,红塔证券,非银金融,both,agree
601238,2021-07-30 00:00:00,280502,2026-02-26 16:27:00,280000,280500,汽车,601238.SH,广汽集团,汽车,both,agree
601258,2021-07-30 00:00:00,280302,2021-07-31 16:18:00,280000,280300,汽车,,,,left_only,only_sw
601268,2021-07-30 00:00:00,640203,2021-07-31 16:18:00,640000,640200,机械设备,,,,left_only,only_sw
601279,2021-07-30 00:00:00,280205,2025-01-08 14:36:00,280000,280200,汽车,601279.SH,英利汽车,汽车,both,agree
601288,2021-07-30 00:00:00,480201,2021-07-31 16:18:00,480000,480200,银行,601288.SH,农业银行,银行,both,agree
601298,2021-07-30 00:00:00,421102,2025-10-15 10:57:00,420000,421100,交通运输,601298.SH,青岛港,交通运输,both,agree
601299,2014-02-21 00:00:00,640501,2024-09-27 12:41:00,640000,640500,机械设备,,,,left_only,only_sw
601311,2021-07-30 00:00:00,630705,2025-10-15 10:57:00,630000,630700,电力设备,601311.SH,骆驼股份,电力设备,both,agree
601313,2014-02-21 00:00:00,640204,2024-09-27 12:41:00,640000,640200,机械设备,,,,left_only,only_sw
601318,2014-02-21 00:00:00,490201,2024-09-27 12:41:00,490000,490200,非银金融,601318.SH,中国平安,非银金融,both,agree
601319,2018-10-30 09:41:00,490201,2021-03-03 15:31:00,490000,490200,非银金融,601319.SH,中国人保,非银金融,both,agree
601326,2021-07-30 00:00:00,421102,2025-10-15 10:57:00,420000,421100,交通运输,601326.SH,秦港股份,交通运输,both,agree
601328,2021-07-30 00:00:00,480201,2022-12-09 09:58:00,480000,480200,银行,601328.SH,交通银行,银行,both,agree
601330,2021-07-30 00:00:00,760103,2026-09-22 11:03:00,760000,760100,环保,601330.SH,绿色动力,环保,both,agree
601333,2021-07-30 00:00:00,420903,2025-10-15 10:57:00,420000,420900,交通运输,601333.SH,广深铁路,交通运输,both,agree
601336,2014-02-21 00:00:00,490201,2024-09-27 12:41:00,490000,490200,非银金融,601336.SH,新华保险,非银金融,both,agree
601339,2012-01-31 00:00:00,350102,2015-10-27 15:28:00,350000,350100,纺织服饰,601339.SH,百隆东方,纺织服饰,both,agree
601360,2021-07-30 00:00:00,710402,2023-06-01 14:03:00,710000,710400,计算机,601360.SH,三六零,计算机,both,agree
601366,2017-03-30 17:26:00,450303,2020-08-10 09:31:00,450000,450300,商贸零售,601366.SH,利群股份,商贸零售,both,agree
601368,2021-07-30 00:00:00,760102,2025-10-15 10:57:00,760000,760100,环保,601368.SH,绿城水务,环保,both,agree
601369,2024-07-30 12:45:00,640203,2025-10-15 10:57:00,640000,640200,机械设备,601369.SH,陕鼓动力,机械设备,both,agree
601375,2016-12-11 16:17:00,490101,2021-03-03 15:37:00,490000,490100,非银金融,601375.SH,中原证券,非银金融,both,agree
601377,2014-02-21 00:00:00,490101,2024-09-27 12:41:00,490000,490100,非银金融,601377.SH,兴业证券,非银金融,both,agree
601388,2014-02-21 00:00:00,240301,2024-09-27 12:41:00,240000,240300,有色金属,601388.SH,怡球资源,有色金属,both,agree
601390,2021-07-30 00:00:00,620306,2022-02-24 12:57:00,620000,620300,建筑装饰,601390.SH,中国中铁,建筑装饰,both,agree
601398,2021-07-30 00:00:00,480201,2021-07-31 16:18:00,480000,480200,银行,601398.SH,工商银行,银行,both,agree
601399,2021-07-30 00:00:00,640203,2025-10-15 10:57:00,640000,640200,机械设备,601399.SH,国机重装,机械设备,both,agree
601456,2020-07-21 08:25:00,490101,2021-03-03 15:31:00,490000,490100,非银金融,601456.SH,国联民生,非银金融,both,agree
601500,2021-07-30 00:00:00,280204,2025-09-26 17:00:00,280000,280200,汽车,601500.SH,通用股份,汽车,both,agree
601512,2021-07-30 00:00:00,430103,2023-02-20 17:04:00,430000,430100,房地产,601512.SH,中新集团,房地产,both,agree
601515,2021-07-30 00:00:00,360205,2025-01-24 16:29:00,360000,360200,轻工制造,601515.SH,衢州东峰,轻工制造,both,agree
601518,2021-07-30 00:00:00,420901,2025-10-15 10:57:00,420000,420900,交通运输,601518.SH,吉林高速,交通运输,both,agree
601519,2021-07-30 00:00:00,710401,2021-07-31 16:18:00,710000,710400,计算机,601519.SH,大智慧,计算机,both,agree
601528,2021-07-30 00:00:00,480501,2026-02-26 16:27:00,480000,480500,银行,601528.SH,瑞丰银行,银行,both,agree
601555,2014-02-21 00:00:00,490101,2024-09-27 12:41:00,490000,490100,非银金融,601555.SH,东吴证券,非银金融,both,agree
601558,2014-02-21 00:00:00,630302,2024-09-27 12:41:00,630000,630300,电力设备,,,,left_only,only_sw
601566,2021-07-30 00:00:00,350209,2022-11-01 13:54:00,350000,350200,纺织服饰,601566.SH,九牧王,纺织服饰,both,agree
601567,2022-07-29 00:00:00,630802,2025-12-10 10:16:00,630000,630800,电力设备,601567.SH,三星电气,电力设备,both,agree
601568,2020-09-24 09:01:00,220202,2020-09-25 15:06:00,220000,220200,基础化工,601568.SH,北元化工,基础化工,both,agree
601577,2021-07-30 00:00:00,480401,2025-01-16 20:07:00,480000,480400,银行,601577.SH,长沙银行,银行,both,agree
601579,2021-07-30 00:00:00,340602,2026-06-29 16:54:00,340000,340600,食品饮料,601579.SH,会稽山,食品饮料,both,agree
601588,2006-10-16 00:00:00,430101,2015-10-27 15:28:00,430000,430100,房地产,601588.SH,北辰实业,房地产,both,agree
601595,2021-07-30 00:00:00,720601,2025-10-15 10:57:00,720000,720600,传媒,601595.SH,上海电影,传媒,both,agree
601598,2021-07-30 00:00:00,420805,2025-10-15 10:57:00,420000,420800,交通运输,601598.SH,中国外运,交通运输,both,agree
601599,2021-07-30 00:00:00,350106,2021-07-31 16:18:00,350000,350100,纺织服饰,601599.SH,浙文影业,纺织服饰,both,agree
601600,2014-02-21 00:00:00,240301,2024-09-27 12:41:00,240000,240300,有色金属,601600.SH,中国铝业,有色金属,both,agree
601601,2014-02-21 00:00:00,490201,2024-09-27 12:41:00,490000,490200,非银金融,601601.SH,中国太保,非银金融,both,agree
601606,2018-08-09 16:44:00,650301,2021-06-24 09:36:00,650000,650300,国防军工,601606.SH,长城军工,国防军工,both,agree
601607,2021-07-30 00:00:00,370402,2021-07-31 16:18:00,370000,370400,医药生物,601607.SH,上海医药,医药生物,both,agree
601608,2021-07-30 00:00:00,640203,2025-10-15 10:57:00,640000,640200,机械设备,601608.SH,中信重工,机械设备,both,agree
601609,2020-04-08 09:07:00,240302,2020-04-09 13:57:00,240000,240300,有色金属,601609.SH,金田股份,有色金属,both,agree
601611,2021-07-30 00:00:00,620306,2024-01-15 10:33:00,620000,620300,建筑装饰,601611.SH,中国核建,建筑装饰,both,agree
601615,2021-07-30 00:00:00,630601,2025-12-10 10:17:00,630000,630600,电力设备,601615.SH,明阳智能,电力设备,both,agree
601616,2021-07-30 00:00:00,630802,2025-10-15 10:57:00,630000,630800,电力设备,601616.SH,广电电气,电力设备,both,agree
601618,2014-02-21 00:00:00,620404,2024-09-27 12:41:00,620000,620400,建筑装饰,601618.SH,中国中冶,建筑装饰,both,agree
601619,2021-07-30 00:00:00,410107,2025-10-15 10:57:00,410000,410100,公用事业,601619.SH,嘉泽新能,公用事业,both,agree
601628,2014-02-21 00:00:00,490201,2024-09-27 12:41:00,490000,490200,非银金融,601628.SH,中国人寿,非银金融,both,agree
601633,2021-07-30 00:00:00,280502,2021-07-31 16:18:00,280000,280500,汽车,601633.SH,长城汽车,汽车,both,agree
601636,2014-02-21 00:00:00,610201,2024-09-27 12:41:00,610000,610200,建筑材料,601636.SH,旗滨集团,建筑材料,both,agree
601658,2021-07-30 00:00:00,480201,2025-12-15 16:31:00,480000,480200,银行,601658.SH,邮储银行,银行,both,agree
601665,2021-07-30 00:00:00,480401,2026-06-29 11:46:00,480000,480400,银行,601665.SH,齐鲁银行,银行,both,agree
601666,2021-07-30 00:00:00,740102,2025-10-15 10:57:00,740000,740100,煤炭,601666.SH,平煤股份,煤炭,both,agree
601668,2014-02-21 00:00:00,620101,2024-09-27 12:41:00,620000,620100,建筑装饰,601668.SH,中国建筑,建筑装饰,both,agree
601669,2021-07-30 00:00:00,620306,2022-02-24 12:57:00,620000,620300,建筑装饰,601669.SH,中国电建,建筑装饰,both,agree
601677,2014-02-21 00:00:00,240301,2024-09-27 12:41:00,240000,240300,有色金属,601677.SH,明泰铝业,有色金属,both,agree
601678,2019-07-24 00:00:00,220202,2019-08-09 15:39:00,220000,220200,基础化工,601678.SH,滨化股份,基础化工,both,agree
601686,2021-07-30 00:00:00,230403,2025-01-08 14:36:00,230000,230400,钢铁,601686.SH,友发集团,钢铁,both,agree
601688,2014-02-21 00:00:00,490101,2024-09-27 12:41:00,490000,490100,非银金融,601688.SH,华泰证券,非银金融,both,agree
601689,2021-07-30 00:00:00,280203,2023-02-21 17:32:00,280000,280200,汽车,601689.SH,拓普集团,汽车,both,agree
601696,2020-02-04 22:04:00,490101,2021-03-03 15:37:00,490000,490100,非银金融,601696.SH,中银证券,非银金融,both,agree
601698,2019-06-14 14:48:00,650101,2021-03-03 15:20:00,650000,650100,国防军工,601698.SH,中国卫通,国防军工,both,agree
601699,2021-07-30 00:00:00,740102,2025-10-15 10:57:00,740000,740100,煤炭,601699.SH,潞安环能,煤炭,both,agree
601700,2021-07-30 00:00:00,630805,2025-10-15 10:57:00,630000,630800,电力设备,601700.SH,风范股份,电力设备,both,agree
601702,2020-08-21 23:02:00,240301,2020-09-08 13:09:00,240000,240300,有色金属,601702.SH,华峰铝业,有色金属,both,agree
601717,2021-07-30 00:00:00,640203,2025-10-15 10:57:00,640000,640200,机械设备,601717.SH,中创智领,机械设备,both,agree
601718,2021-07-30 00:00:00,350209,2026-01-26 16:15:00,350000,350200,纺织服饰,601718.SH,ST际华,纺织服饰,both,agree
601727,2014-02-21 00:00:00,630301,2024-09-27 12:41:00,630000,630300,电力设备,601727.SH,上海电气,电力设备,both,agree
601728,2021-08-13 00:00:00,730102,2026-06-01 14:47:00,730000,730100,通信,601728.SH,中国电信,通信,both,agree
601766,2014-02-21 00:00:00,640501,2024-09-27 12:41:00,640000,640500,机械设备,601766.SH,中国中车,机械设备,both,agree
601777,2021-07-30 00:00:00,280402,2025-01-24 16:29:00,280000,280400,汽车,601777.SH,千里科技,汽车,both,agree
601778,2021-07-30 00:00:00,410106,2025-10-15 10:57:00,410000,410100,公用事业,601778.SH,晶科科技,公用事业,both,agree
601788,2014-02-21 00:00:00,490101,2024-09-27 12:41:00,490000,490100,非银金融,601788.SH,光大证券,非银金融,both,agree
601789,2014-02-21 00:00:00,620101,2024-09-27 12:41:00,620000,620100,建筑装饰,601789.SH,宁波建工,建筑装饰,both,agree
601798,2014-02-21 00:00:00,640203,2024-09-27 12:41:00,640000,640200,机械设备,601798.SH,蓝科高新,机械设备,both,agree
601799,2022-07-29 00:00:00,280202,2026-02-26 16:27:00,280000,280200,汽车,601799.SH,星宇股份,汽车,both,agree
601800,2021-07-30 00:00:00,620306,2021-08-25 10:04:00,620000,620300,建筑装饰,601800.SH,中国交建,建筑装饰,both,agree
601801,2021-07-30 00:00:00,720902,2025-10-15 10:57:00,720000,720900,传媒,601801.SH,皖新传媒,传媒,both,agree
601808,2021-07-30 00:00:00,750201,2026-02-26 16:27:00,750000,750200,石油石化,601808.SH,中海油服,石油石化,both,agree
601811,2021-07-30 00:00:00,720901,2025-10-15 10:57:00,720000,720900,传媒,601811.SH,新华文轩,传媒,both,agree
601816,2021-07-30 00:00:00,420903,2025-10-15 10:57:00,420000,420900,交通运输,601816.SH,京沪高铁,交通运输,both,agree
601818,2021-07-30 00:00:00,480301,2022-12-08 15:30:00,480000,480300,银行,601818.SH,光大银行,银行,both,agree
601825,2021-07-30 00:00:00,480501,2023-09-27 15:22:00,480000,480500,银行,601825.SH,沪农商行,银行,both,agree
601827,2021-07-30 00:00:00,760103,2025-10-15 10:57:00,760000,760100,环保,601827.SH,三峰环境,环保,both,agree
601828,2021-07-30 00:00:00,450304,2023-06-28 18:49:00,450000,450300,商贸零售,601828.SH,美凯龙,商贸零售,both,agree
601838,2021-07-30 00:00:00,480401,2021-07-31 16:18:00,480000,480400,银行,601838.SH,成都银行,银行,both,agree
601857,2021-07-30 00:00:00,750301,2026-02-26 16:27:00,750000,750300,石油石化,601857.SH,中国石油,石油石化,both,agree
601858,2021-07-30 00:00:00,720902,2025-10-15 10:57:00,720000,720900,传媒,601858.SH,中国科传,传媒,both,agree
601860,2021-07-30 00:00:00,480501,2022-09-02 09:39:00,480000,480500,银行,601860.SH,紫金银行,银行,both,agree
601865,2021-07-30 00:00:00,630504,2025-10-22 09:59:00,630000,630500,电力设备,601865.SH,福莱特,电力设备,both,agree
601866,2021-07-30 00:00:00,421101,2026-02-26 16:27:00,420000,421100,交通运输,601866.SH,中远海发,交通运输,both,agree
601868,2021-09-30 00:00:00,620306,2022-02-24 12:57:00,620000,620300,建筑装饰,601868.SH,中国能建,建筑装饰,both,agree
601869,2021-07-30 00:00:00,730205,2026-06-01 14:47:00,730000,730200,通信,601869.SH,长飞光纤,通信,both,agree
601872,2021-07-30 00:00:00,421101,2025-10-15 10:57:00,420000,421100,交通运输,601872.SH,招商轮船,交通运输,both,agree
601877,2021-07-30 00:00:00,630802,2026-06-17 14:33:00,630000,630800,电力设备,601877.SH,正泰电器,电力设备,both,agree
601878,2017-05-22 13:47:00,490101,2021-03-03 15:37:00,490000,490100,非银金融,601878.SH,浙商证券,非银金融,both,agree
601880,2021-07-30 00:00:00,421102,2025-10-15 10:57:00,420000,421100,交通运输,601880.SH,辽港股份,交通运输,both,agree
601881,2016-12-28 15:56:00,490101,2021-03-03 15:31:00,490000,490100,非银金融,601881.SH,中国银河,非银金融,both,agree
601882,2016-10-28 21:56:00,640101,2019-08-09 15:39:00,640000,640100,机械设备,601882.SH,海天精工,机械设备,both,agree
601886,2014-02-21 00:00:00,620201,2024-09-27 12:41:00,620000,620200,建筑装饰,601886.SH,江河集团,建筑装饰,both,agree
601888,2021-07-30 00:00:00,450701,2022-08-20 04:34:00,450000,450700,商贸零售,601888.SH,中国中免,商贸零售,both,agree
601890,2014-02-21 00:00:00,650401,2024-09-27 12:41:00,650000,650400,国防军工,601890.SH,亚星锚链,国防军工,both,agree
601898,2021-07-30 00:00:00,740101,2025-10-15 10:57:00,740000,740100,煤炭,601898.SH,中煤能源,煤炭,both,agree
601899,2021-07-30 00:00:00,240302,2022-03-31 09:37:00,240000,240300,有色金属,601899.SH,紫金矿业,有色金属,both,agree
601900,2021-07-30 00:00:00,720901,2025-10-15 10:57:00,720000,720900,传媒,601900.SH,南方传媒,传媒,both,agree
601901,2014-02-21 00:00:00,490101,2024-09-27 12:41:00,490000,490100,非银金融,601901.SH,方正证券,非银金融,both,agree
601908,2021-07-30 00:00:00,410106,2025-10-15 10:57:00,410000,410100,公用事业,601908.SH,京运通,公用事业,both,agree
601916,2021-07-30 00:00:00,480301,2025-01-16 20:07:00,480000,480300,银行,601916.SH,浙商银行,银行,both,agree
601918,2021-07-30 00:00:00,740101,2025-10-15 10:57:00,740000,740100,煤炭,601918.SH,新集能源,煤炭,both,agree
601919,2021-07-30 00:00:00,421101,2025-10-15 10:57:00,420000,421100,交通运输,601919.SH,中远海控,交通运输,both,agree
601921,2021-07-30 00:00:00,720901,2025-10-15 10:57:00,720000,720900,传媒,601921.SH,浙版传媒,传媒,both,agree
601928,2021-07-30 00:00:00,720901,2025-10-15 10:57:00,720000,720900,传媒,601928.SH,凤凰传媒,传媒,both,agree
601929,2021-07-30 00:00:00,721001,2025-10-15 10:57:00,720000,721000,传媒,601929.SH,吉视传媒,传媒,both,agree
601933,2014-02-21 00:00:00,450302,2024-09-27 12:41:00,450000,450300,商贸零售,601933.SH,永辉超市,商贸零售,both,agree
601939,2021-07-30 00:00:00,480201,2022-12-09 09:58:00,480000,480200,银行,601939.SH,建设银行,银行,both,agree
601949,2021-07-30 00:00:00,720902,2025-10-15 10:57:00,720000,720900,传媒,601949.SH,中国出版,传媒,both,agree
601952,2017-05-04 10:02:00,110102,2021-03-03 15:31:00,110000,110100,农林牧渔,601952.SH,苏垦农发,农林牧渔,both,agree
601956,2021-07-30 00:00:00,330601,2021-07-31 16:18:00,330000,330600,家用电器,601956.SH,东贝集团,家用电器,both,agree
601958,2021-07-30 00:00:00,240505,2025-01-21 09:29:00,240000,240500,有色金属,601958.SH,金钼股份,有色金属,both,agree
601963,2021-07-30 00:00:00,480401,2025-01-24 16:29:00,480000,480400,银行,601963.SH,重庆银行,银行,both,agree
601965,2021-07-30 00:00:00,280303,2026-04-14 11:02:00,280000,280300,汽车,601965.SH,中国汽研,汽车,both,agree
601966,2021-07-30 00:00:00,280204,2025-09-26 17:00:00,280000,280200,汽车,601966.SH,玲珑轮胎,汽车,both,agree
601968,2021-07-30 00:00:00,360203,2025-06-13 08:11:00,360000,360200,轻工制造,601968.SH,宝钢包装,轻工制造,both,agree
601969,2021-07-30 00:00:00,230301,2025-01-08 14:36:00,230000,230300,钢铁,601969.SH,海南矿业,钢铁,both,agree
601975,2021-07-30 00:00:00,421101,2025-10-15 10:57:00,420000,421100,交通运输,601975.SH,招商南油,交通运输,both,agree
601985,2021-07-30 00:00:00,410108,2025-10-15 10:57:00,410000,410100,公用事业,601985.SH,中国核电,公用事业,both,agree
601988,2021-07-30 00:00:00,480201,2021-07-31 16:18:00,480000,480200,银行,601988.SH,中国银行,银行,both,agree
601989,2014-02-21 00:00:00,650401,2024-09-27 12:41:00,650000,650400,国防军工,,,,left_only,only_sw
601990,2018-05-05 17:28:00,490101,2021-03-03 15:37:00,490000,490100,非银金融,601990.SH,南京证券,非银金融,both,agree
601991,2006-12-19 00:00:00,410101,2015-10-27 15:28:00,410000,410100,公用事业,601991.SH,大唐发电,公用事业,both,agree
601992,2019-07-24 00:00:00,610101,2019-08-09 15:39:00,610000,610100,建筑材料,601992.SH,金隅集团,建筑材料,both,agree
601995,2020-10-16 16:01:00,490101,2021-03-03 15:31:00,490000,490100,非银金融,601995.SH,中金公司,非银金融,both,agree
601996,2022-07-29 00:00:00,360311,2022-07-29 11:54:00,360000,360300,轻工制造,601996.SH,丰林集团,轻工制造,both,agree
601997,2021-07-30 00:00:00,480401,2021-07-31 16:18:00,480000,480400,银行,601997.SH,贵阳银行,银行,both,agree
601998,2021-07-30 00:00:00,480301,2021-07-31 16:18:00,480000,480300,银行,601998.SH,中信银行,银行,both,agree
601999,2021-07-30 00:00:00,720902,2025-10-15 10:57:00,720000,720900,传媒,601999.SH,出版传媒,传媒,both,agree
603000,2021-07-30 00:00:00,720704,2025-10-15 10:57:00,720000,720700,传媒,603000.SH,人民网,传媒,both,agree
603001,2012-01-18 00:00:00,350205,2015-10-27 15:28:00,350000,350200,纺织服饰,603001.SH,奥康国际,纺织服饰,both,agree
603002,2021-10-15 00:00:00,270601,2021-10-15 15:29:00,270000,270600,电子,603002.SH,宏昌电子,电子,both,agree
603003,2021-07-30 00:00:00,710301,2021-07-31 16:18:00,710000,710300,计算机,,,,left_only,only_sw
603004,2023-12-08 00:00:00,220309,2024-07-29 11:30:00,220000,220300,基础化工,603004.SH,鼎龙科技,基础化工,both,agree
603005,2021-07-30 00:00:00,270107,2021-08-26 11:28:00,270000,270100,电子,603005.SH,晶方科技,电子,both,agree
603006,2021-07-30 00:00:00,280205,2025-01-08 14:36:00,280000,280200,汽车,603006.SH,联明股份,汽车,both,agree
603007,2026-07-01 10:24:00,280203,2026-07-01 10:24:00,280000,280200,汽车,603007.SH,顺景科技,汽车,both,agree
603008,2021-07-30 00:00:00,360307,2026-08-20 14:06:00,360000,360300,轻工制造,603008.SH,ST喜临门,轻工制造,both,agree
603009,2021-07-30 00:00:00,280203,2025-01-08 14:36:00,280000,280200,汽车,603009.SH,北特科技,汽车,both,agree
603010,2022-07-29 00:00:00,220309,2022-07-29 11:54:00,220000,220300,基础化工,603010.SH,万盛股份,基础化工,both,agree
603011,2017-06-29 00:00:00,640209,2019-08-09 15:39:00,640000,640200,机械设备,603011.SH,合锻智能,机械设备,both,agree
603012,2015-03-16 00:00:00,640203,2015-10-27 15:28:00,640000,640200,机械设备,603012.SH,创力集团,机械设备,both,agree
603013,2021-07-30 00:00:00,280203,2025-01-08 14:36:00,280000,280200,汽车,603013.SH,亚普股份,汽车,both,agree
603014,2025-04-25 12:38:00,370503,2026-06-07 08:25:00,370000,370500,医药生物,603014.SH,威高血净,医药生物,both,agree
603015,2021-07-30 00:00:00,640702,2025-10-15 10:57:00,640000,640700,机械设备,603015.SH,弘讯科技,机械设备,both,agree
603016,2021-07-30 00:00:00,630802,2025-10-15 10:57:00,630000,630800,电力设备,603016.SH,新宏泰,电力设备,both,agree
603017,2021-07-30 00:00:00,620601,2021-07-31 16:18:00,620000,620600,建筑装饰,603017.SH,中衡设计,建筑装饰,both,agree
603018,2021-07-30 00:00:00,620601,2023-02-20 17:06:00,620000,620600,建筑装饰,603018.SH,华设集团,建筑装饰,both,agree
603019,2021-07-30 00:00:00,710103,2021-07-31 16:18:00,710000,710100,计算机,603019.SH,中科曙光,计算机,both,agree
603020,2021-07-30 00:00:00,220315,2021-07-31 16:18:00,220000,220300,基础化工,603020.SH,爱普股份,基础化工,both,agree
603021,2021-07-30 00:00:00,360311,2021-07-31 16:18:00,360000,360300,轻工制造,603021.SH,*ST华鹏,轻工制造,both,agree
603022,2021-07-30 00:00:00,360206,2021-07-31 16:18:00,360000,360200,轻工制造,603022.SH,新通联,轻工制造,both,agree
603023,2021-07-30 00:00:00,280206,2025-01-08 14:36:00,280000,280200,汽车,603023.SH,威帝股份,汽车,both,agree
603025,2021-07-30 00:00:00,640702,2025-10-15 10:57:00,640000,640700,机械设备,603025.SH,大豪科技,机械设备,both,agree
603026,2021-07-30 00:00:00,630702,2025-10-15 10:57:00,630000,630700,电力设备,603026.SH,石大胜华,电力设备,both,agree
603027,2021-07-30 00:00:00,340901,2025-06-01 08:45:00,340000,340900,食品饮料,603027.SH,千禾味业,食品饮料,both,agree
603028,2021-07-30 00:00:00,640108,2025-10-15 10:57:00,640000,640100,机械设备,603028.SH,赛福天,机械设备,both,agree
603029,2022-07-29 00:00:00,640207,2025-10-15 10:57:00,640000,640200,机械设备,603029.SH,天鹅股份,机械设备,both,agree
603030,2015-01-09 00:03:00,620201,2015-11-05 14:02:00,620000,620200,建筑装饰,603030.SH,全筑股份,建筑装饰,both,agree
603031,2023-07-04 00:00:00,630705,2026-02-26 16:27:00,630000,630700,电力设备,603031.SH,安孚科技,电力设备,both,agree
603032,2023-09-15 00:00:00,630703,2025-10-15 10:57:00,630000,630700,电力设备,603032.SH,德新科技,电力设备,both,agree
603033,2016-12-01 21:06:00,220602,2024-07-29 11:30:00,220000,220600,基础化工,603033.SH,三维股份,基础化工,both,agree
603035,2021-07-30 00:00:00,280202,2025-01-08 14:36:00,280000,280200,汽车,603035.SH,常熟汽饰,汽车,both,agree
603036,2016-12-01 21:07:00,640203,2019-08-09 15:39:00,640000,640200,机械设备,603036.SH,如通股份,机械设备,both,agree
603037,2021-07-30 00:00:00,280203,2025-01-08 14:36:00,280000,280200,汽车,603037.SH,凯众股份,汽车,both,agree
603038,2017-01-05 21:40:00,610303,2019-08-09 15:39:00,610000,610300,建筑材料,603038.SH,华立股份,建筑材料,both,agree
603039,2021-07-30 00:00:00,710402,2024-01-24 12:37:00,710000,710400,计算机,603039.SH,泛微网络,计算机,both,agree
603040,2021-07-30 00:00:00,280203,2025-01-08 14:36:00,280000,280200,汽车,603040.SH,新坐标,汽车,both,agree
603041,2017-03-18 14:38:00,220313,2019-08-09 15:39:00,220000,220300,基础化工,603041.SH,美思德,基础化工,both,agree
603042,2021-07-30 00:00:00,730205,2026-06-01 14:47:00,730000,730200,通信,603042.SH,华脉科技,通信,both,agree
603043,2021-07-30 00:00:00,340802,2024-01-23 17:12:00,340000,340800,食品饮料,603043.SH,广州酒家,食品饮料,both,agree
603045,2018-05-05 17:42:00,240201,2021-01-25 13:36:00,240000,240200,有色金属,603045.SH,福达合金,有色金属,both,agree
603048,2021-10-29 00:00:00,280205,2025-01-08 14:36:00,280000,280200,汽车,603048.SH,浙江黎明,汽车,both,agree
603049,2025-05-16 16:10:00,280204,2025-11-10 13:34:00,280000,280200,汽车,603049.SH,中策橡胶,汽车,both,agree
603050,2021-07-30 00:00:00,630803,2025-10-15 10:57:00,630000,630800,电力设备,603050.SH,科林电气,电力设备,both,agree
603051,2022-03-11 00:00:00,220317,2022-03-11 16:12:00,220000,220300,基础化工,603051.SH,鹿山新材,基础化工,both,agree
603052,2022-09-23 00:00:00,270504,2022-09-23 11:06:00,270000,270500,电子,603052.SH,可川科技,电子,both,agree
603053,2019-11-29 09:37:00,410301,2019-12-02 09:22:00,410000,410300,公用事业,603053.SH,成都燃气,公用事业,both,agree
603055,2018-09-17 00:00:00,350106,2019-08-09 15:38:00,350000,350100,纺织服饰,603055.SH,台华新材,纺织服饰,both,agree
603056,2022-07-29 00:00:00,420804,2025-10-15 10:57:00,420000,420800,交通运输,603056.SH,德邦股份(退市),交通运输,both,agree
603057,2022-09-09 00:00:00,340803,2025-09-11 10:52:00,340000,340800,食品饮料,603057.SH,紫燕食品,食品饮料,both,agree
603058,2021-07-30 00:00:00,360205,2021-07-31 16:18:00,360000,360200,轻工制造,603058.SH,永吉股份,轻工制造,both,agree
603059,2021-07-30 00:00:00,770102,2026-06-22 14:21:00,770000,770100,美容护理,603059.SH,倍加洁,美容护理,both,agree
603060,2021-07-30 00:00:00,460802,2021-07-31 16:18:00,460000,460800,社会服务,603060.SH,国检集团,社会服务,both,agree
603061,2023-02-24 00:00:00,270108,2026-08-26 14:18:00,270000,270100,电子,603061.SH,金海通,电子,both,agree
603062,2023-10-27 00:00:00,220305,2023-10-27 14:02:00,220000,220300,基础化工,603062.SH,麦加芯彩,基础化工,both,agree
603063,2021-07-30 00:00:00,630602,2025-10-15 10:57:00,630000,630600,电力设备,603063.SH,禾望电气,电力设备,both,agree
603065,2023-02-13 00:00:00,220309,2023-02-14 14:22:00,220000,220300,基础化工,603065.SH,宿迁联盛,基础化工,both,agree
603066,2022-07-29 00:00:00,420806,2025-10-15 10:57:00,420000,420800,交通运输,603066.SH,音飞储存,交通运输,both,agree
603067,2016-09-07 00:00:00,220203,2019-08-09 15:39:00,220000,220200,基础化工,603067.SH,振华股份,基础化工,both,agree
603068,2021-07-30 00:00:00,270105,2023-04-25 09:33:00,270000,270100,电子,603068.SH,博通集成,电子,both,agree
603069,2021-07-30 00:00:00,420902,2025-10-15 10:57:00,420000,420900,交通运输,603069.SH,海汽集团,交通运输,both,agree
603070,2022-02-25 00:00:00,630802,2025-10-15 10:57:00,630000,630800,电力设备,603070.SH,万控智造,电力设备,both,agree
603071,2026-07-01 10:24:00,410104,2026-07-01 10:24:00,410000,410100,公用事业,603071.SH,物产环能,公用事业,both,agree
603072,2024-12-20 13:24:00,240202,2025-01-08 14:36:00,240000,240200,有色金属,603072.SH,天和磁材,有色金属,both,agree
603073,2023-02-13 00:00:00,220401,2023-02-14 14:22:00,220000,220400,基础化工,603073.SH,彩蝶实业,基础化工,both,agree
603075,2023-09-08 00:00:00,330601,2023-09-08 15:31:00,330000,330600,家用电器,603075.SH,热威股份,家用电器,both,agree
603076,2017-11-08 14:14:00,640209,2021-07-14 09:38:00,640000,640200,机械设备,603076.SH,乐惠国际,机械设备,both,agree
603077,2022-07-29 00:00:00,220802,2022-07-29 11:54:00,220000,220800,基础化工,603077.SH,和邦生物,基础化工,both,agree
603078,2021-07-30 00:00:00,270601,2026-09-22 11:03:00,270000,270600,电子,603078.SH,江化微,电子,both,agree
603079,2024-07-30 12:45:00,220315,2025-01-08 14:36:00,220000,220300,基础化工,603079.SH,圣达生物,基础化工,both,agree
603080,2017-12-20 21:56:00,410301,2019-08-09 15:39:00,410000,410300,公用事业,603080.SH,新疆火炬,公用事业,both,agree
603081,2022-08-12 00:00:00,640209,2025-10-15 10:57:00,640000,640200,机械设备,603081.SH,大丰实业,机械设备,both,agree
603082,2024-01-12 00:00:00,640704,2025-10-15 10:57:00,640000,640700,机械设备,603082.SH,北自科技,机械设备,both,agree
603083,2021-07-30 00:00:00,730206,2026-06-01 14:47:00,730000,730200,通信,603083.SH,剑桥科技,通信,both,agree
603085,2021-07-30 00:00:00,280202,2025-01-08 14:36:00,280000,280200,汽车,603085.SH,天成自控,汽车,both,agree
603086,2021-07-30 00:00:00,220803,2021-08-02 09:05:00,220000,220800,基础化工,603086.SH,先达股份,基础化工,both,agree
603087,2021-07-30 00:00:00,370304,2021-07-31 16:18:00,370000,370300,医药生物,603087.SH,甘李药业,医药生物,both,agree
603088,2014-02-21 00:00:00,640101,2024-10-09 12:57:00,640000,640100,机械设备,603088.SH,宁波精达,机械设备,both,agree
603089,2021-07-30 00:00:00,280203,2025-01-08 14:36:00,280000,280200,汽车,603089.SH,正裕工业,汽车,both,agree
603090,2016-08-23 00:00:00,640106,2019-08-09 15:39:00,640000,640100,机械设备,603090.SH,宏盛股份,机械设备,both,agree
603091,2024-08-30 10:28:00,360205,2026-03-24 08:15:00,360000,360200,轻工制造,603091.SH,众鑫股份,轻工制造,both,agree
603092,2025-10-17 14:23:00,630602,2025-12-11 07:10:00,630000,630600,电力设备,603092.SH,德力佳,电力设备,both,agree
603093,2021-07-30 00:00:00,490303,2021-07-31 16:18:00,490000,490300,非银金融,603093.SH,南华期货,非银金融,both,agree
603095,2020-04-02 14:31:00,640206,2020-04-09 13:53:00,640000,640200,机械设备,603095.SH,越剑智能,机械设备,both,agree
603096,2021-07-30 00:00:00,720902,2025-10-15 10:57:00,720000,720900,传媒,603096.SH,新经典,传媒,both,agree
603097,2022-04-22 00:00:00,630801,2025-10-15 10:57:00,630000,630800,电力设备,603097.SH,江苏华辰,电力设备,both,agree
603098,2016-12-01 21:08:00,620401,2020-12-04 14:41:00,620000,620400,建筑装饰,603098.SH,森特股份,建筑装饰,both,agree
603099,2021-07-30 00:00:00,461003,2021-07-31 16:18:00,460000,461000,社会服务,603099.SH,长白山,社会服务,both,agree
603100,2021-07-30 00:00:00,640107,2026-03-11 17:28:00,640000,640100,机械设备,603100.SH,川仪股份,机械设备,both,agree
603101,2023-07-04 00:00:00,450303,2023-07-04 15:14:00,450000,450300,商贸零售,603101.SH,汇嘉时代,商贸零售,both,agree
603102,2022-01-14 00:00:00,340407,2022-01-17 11:16:00,340000,340400,食品饮料,603102.SH,百合股份,食品饮料,both,agree
603103,2021-07-30 00:00:00,720602,2025-10-15 10:57:00,720000,720600,传媒,603103.SH,横店影视,传媒,both,agree
603105,2021-07-30 00:00:00,410106,2025-10-15 10:57:00,410000,410100,公用事业,603105.SH,芯能科技,公用事业,both,agree
603106,2021-07-30 00:00:00,710103,2021-07-31 16:18:00,710000,710100,计算机,603106.SH,恒银科技,计算机,both,agree
603107,2023-10-13 00:00:00,280203,2025-01-08 14:36:00,280000,280200,汽车,603107.SH,上海汽配,汽车,both,agree
603108,2022-07-29 00:00:00,370402,2025-01-24 16:29:00,370000,370400,医药生物,603108.SH,润达医疗,医药生物,both,agree
603109,2021-07-30 00:00:00,280205,2025-01-08 14:36:00,280000,280200,汽车,603109.SH,神驰机电,汽车,both,agree
603110,2017-09-25 11:03:00,220305,2019-08-09 15:39:00,220000,220300,基础化工,603110.SH,东方材料,基础化工,both,agree
603111,2014-02-21 00:00:00,640501,2024-10-09 12:58:00,640000,640500,机械设备,603111.SH,康尼机电,机械设备,both,agree
603112,2021-07-30 00:00:00,330601,2024-01-03 13:14:00,330000,330600,家用电器,603112.SH,华翔股份,家用电器,both,agree
603113,2024-05-21 00:00:00,220204,2025-01-08 14:36:00,220000,220200,基础化工,603113.SH,金能科技,基础化工,both,agree
603115,2026-07-01 10:24:00,270601,2026-07-01 10:24:00,270000,270600,电子,603115.SH,海星股份,电子,both,agree
603116,2015-01-18 00:06:00,350205,2015-11-05 14:02:00,350000,350200,纺织服饰,603116.SH,红蜻蜓,纺织服饰,both,agree
603117,2021-07-30 00:00:00,420805,2025-10-15 10:57:00,420000,420800,交通运输,603117.SH,万林物流,交通运输,both,agree
603118,2021-07-30 00:00:00,730206,2026-06-01 14:47:00,730000,730200,通信,603118.SH,共进股份,通信,both,agree
603119,2023-07-14 00:00:00,280205,2025-10-15 10:57:00,280000,280200,汽车,603119.SH,浙江荣泰,汽车,both,agree
603120,2025-03-28 09:37:00,220309,2025-10-15 10:57:00,220000,220300,基础化工,603120.SH,肯特催化,基础化工,both,agree
603121,2021-07-30 00:00:00,280203,2025-01-08 14:36:00,280000,280200,汽车,603121.SH,华培动力,汽车,both,agree
603122,2022-01-07 00:00:00,370402,2022-01-07 16:08:00,370000,370400,医药生物,603122.SH,合富中国,医药生物,both,agree
603123,2014-02-21 00:00:00,450301,2024-09-27 12:41:00,450000,450300,商贸零售,603123.SH,翠微股份,商贸零售,both,agree
603124,2025-02-28 19:56:00,240201,2025-10-15 10:57:00,240000,240200,有色金属,603124.SH,江南新材,有色金属,both,agree
603125,2023-03-27 00:00:00,220309,2023-12-25 16:35:00,220000,220300,基础化工,603125.SH,常青科技,基础化工,both,agree
603126,2024-07-30 12:45:00,760201,2025-10-15 10:57:00,760000,760200,环保,603126.SH,中材节能,环保,both,agree
603127,2021-07-30 00:00:00,370603,2025-09-09 10:17:00,370000,370600,医药生物,603127.SH,昭衍新药,医药生物,both,agree
603128,2021-07-30 00:00:00,420805,2025-10-15 10:57:00,420000,420800,交通运输,603128.SH,华贸物流,交通运输,both,agree
603129,2021-07-30 00:00:00,280402,2025-01-08 14:36:00,280000,280400,汽车,603129.SH,春风动力,汽车,both,agree
603130,2022-11-17 00:00:00,350106,2022-11-17 11:21:00,350000,350100,纺织服饰,603130.SH,云中马,纺织服饰,both,agree
603131,2016-05-25 00:00:00,640106,2019-08-09 15:39:00,640000,640100,机械设备,603131.SH,上海沪工,机械设备,both,agree
603132,2022-01-28 00:00:00,240303,2025-01-08 14:36:00,240000,240300,有色金属,603132.SH,金徽股份,有色金属,both,agree
603133,2021-07-30 00:00:00,270504,2021-07-31 16:18:00,270000,270500,电子,,,,left_only,only_sw
603135,2023-03-27 00:00:00,640203,2025-10-15 10:57:00,640000,640200,机械设备,603135.SH,中重科技,机械设备,both,agree
603136,2022-07-29 00:00:00,461003,2026-02-26 16:27:00,460000,461000,社会服务,603136.SH,天目湖,社会服务,both,agree
603137,2023-03-31 00:00:00,620201,2023-04-03 11:04:00,620000,620200,建筑装饰,603137.SH,恒尚节能,建筑装饰,both,agree
603138,2021-07-30 00:00:00,710301,2021-07-31 16:18:00,710000,710300,计算机,603138.SH,海量数据,计算机,both,agree
603139,2017-03-30 17:30:00,370201,2020-12-04 14:32:00,370000,370200,医药生物,603139.SH,康惠股份,医药生物,both,agree
603150,2022-01-07 00:00:00,220501,2022-01-07 16:08:00,220000,220500,基础化工,603150.SH,万朗磁塑,基础化工,both,agree
603151,2022-09-23 00:00:00,110402,2022-09-23 11:06:00,110000,110400,农林牧渔,603151.SH,邦基科技,农林牧渔,both,agree
603153,2023-02-24 00:00:00,620601,2023-12-07 10:03:00,620000,620600,建筑装饰,603153.SH,上海建科,建筑装饰,both,agree
603155,2021-07-30 00:00:00,220316,2021-07-31 16:18:00,220000,220300,基础化工,603155.SH,新亚强,基础化工,both,agree
603156,2021-07-30 00:00:00,340701,2025-01-08 14:36:00,340000,340700,食品饮料,603156.SH,养元饮品,食品饮料,both,agree
603157,2021-07-30 00:00:00,350209,2021-07-31 16:18:00,350000,350200,纺织服饰,,,,left_only,only_sw
603158,2021-07-30 00:00:00,280203,2025-01-08 14:36:00,280000,280200,汽车,603158.SH,腾龙股份,汽车,both,agree
603159,2016-08-04 00:00:00,640209,2019-08-09 15:39:00,640000,640200,机械设备,603159.SH,上海亚虹,机械设备,both,agree
603160,2021-07-30 00:00:00,270105,2023-10-10 10:42:00,270000,270100,电子,603160.SH,汇顶科技,电子,both,agree
603161,2021-07-30 00:00:00,280203,2025-01-08 14:36:00,280000,280200,汽车,603161.SH,科华控股,汽车,both,agree
603162,2023-02-24 00:00:00,421101,2025-10-15 10:57:00,420000,421100,交通运输,603162.SH,海通发展,交通运输,both,agree
603163,2022-09-02 00:00:00,620404,2023-06-18 19:57:00,620000,620400,建筑装饰,603163.SH,圣晖集成,建筑装饰,both,agree
603165,2021-07-30 00:00:00,360102,2021-07-31 16:18:00,360000,360100,轻工制造,603165.SH,荣晟环保,轻工制造,both,agree
603166,2021-07-30 00:00:00,280203,2025-02-18 14:09:00,280000,280200,汽车,603166.SH,福达股份,汽车,both,agree
603167,2021-07-30 00:00:00,421101,2025-10-15 10:57:00,420000,421100,交通运输,603167.SH,渤海轮渡,交通运输,both,agree
603168,2014-01-20 00:00:00,370102,2015-10-27 15:29:00,370000,370100,医药生物,603168.SH,莎普爱思,医药生物,both,agree
603169,2014-02-21 00:00:00,640203,2024-10-09 12:59:00,640000,640200,机械设备,603169.SH,兰石重装,机械设备,both,agree
603170,2022-07-01 00:00:00,340901,2025-06-01 08:45:00,340000,340900,食品饮料,603170.SH,宝立食品,食品饮料,both,agree
603171,2021-07-30 00:00:00,710301,2023-06-06 19:32:00,710000,710300,计算机,603171.SH,税友股份,计算机,both,agree
603172,2023-05-04 00:00:00,220308,2023-05-04 09:15:00,220000,220300,基础化工,603172.SH,万丰股份,基础化工,both,agree
603173,2023-07-04 00:00:00,640203,2025-10-15 10:57:00,640000,640200,机械设备,603173.SH,福斯达,机械设备,both,agree
603175,2025-09-26 12:13:00,270202,2025-10-17 14:23:00,270000,270200,电子,603175.SH,超颖电子,电子,both,agree
603176,2021-12-17 00:00:00,620306,2021-12-29 14:09:00,620000,620300,建筑装饰,603176.SH,汇通集团,建筑装饰,both,agree
603177,2021-07-30 00:00:00,760101,2025-10-15 10:57:00,760000,760100,环保,603177.SH,德创环保,环保,both,agree
603178,2021-07-30 00:00:00,280203,2025-01-08 14:36:00,280000,280200,汽车,603178.SH,圣龙股份,汽车,both,agree
603179,2021-07-30 00:00:00,280206,2025-12-24 16:24:00,280000,280200,汽车,603179.SH,新泉股份,汽车,both,agree
603180,2021-07-30 00:00:00,360308,2021-07-31 16:18:00,360000,360300,轻工制造,603180.SH,金牌家居,轻工制造,both,agree
603181,2022-07-29 00:00:00,220309,2022-07-29 11:54:00,220000,220300,基础化工,603181.SH,皇马科技,基础化工,both,agree
603182,2022-08-26 00:00:00,110502,2022-08-26 13:27:00,110000,110500,农林牧渔,603182.SH,嘉华股份,农林牧渔,both,agree
603183,2021-07-30 00:00:00,460802,2022-10-11 14:53:00,460000,460800,社会服务,603183.SH,建研院,社会服务,both,agree
603185,2023-07-04 00:00:00,630501,2025-10-15 10:57:00,630000,630500,电力设备,603185.SH,弘元绿能,电力设备,both,agree
603186,2016-12-19 12:06:00,270202,2019-08-09 15:38:00,270000,270200,电子,603186.SH,华正新材,电子,both,agree
603187,2018-11-28 11:32:00,640105,2019-08-09 15:39:00,640000,640100,机械设备,603187.SH,海容冷链,机械设备,both,agree
603188,2014-01-10 00:00:00,220308,2015-10-27 15:29:00,220000,220300,基础化工,603188.SH,亚邦股份,基础化工,both,agree
603189,2021-07-30 00:00:00,710401,2021-07-31 16:18:00,710000,710400,计算机,603189.SH,*ST网达,计算机,both,agree
603190,2023-02-13 00:00:00,280205,2025-01-08 14:36:00,280000,280200,汽车,603190.SH,亚通精工,汽车,both,agree
603191,2022-03-18 00:00:00,630801,2025-10-15 10:57:00,630000,630800,电力设备,603191.SH,望变电气,电力设备,both,agree
603192,2018-08-09 16:44:00,220313,2019-08-09 15:39:00,220000,220300,基础化工,603192.SH,汇得科技,基础化工,both,agree
603193,2023-10-13 00:00:00,770102,2024-07-14 10:41:00,770000,770100,美容护理,603193.SH,润本股份,美容护理,both,agree
603194,2024-12-06 10:29:00,640601,2025-10-15 10:57:00,640000,640600,机械设备,603194.SH,中力股份,机械设备,both,agree
603195,2021-07-30 00:00:00,360311,2024-09-06 09:05:00,360000,360300,轻工制造,603195.SH,公牛集团,轻工制造,both,agree
603196,2021-07-30 00:00:00,350209,2021-07-31 16:18:00,350000,350200,纺织服饰,603196.SH,璞源材料,纺织服饰,both,agree
603197,2021-07-30 00:00:00,280205,2023-05-29 08:20:00,280000,280200,汽车,603197.SH,保隆科技,汽车,both,agree
603198,2021-07-30 00:00:00,340501,2025-06-01 08:45:00,340000,340500,食品饮料,603198.SH,迎驾贡酒,食品饮料,both,agree
603199,2021-07-30 00:00:00,461003,2024-06-06 10:48:00,460000,461000,社会服务,603199.SH,九华旅游,社会服务,both,agree
603200,2021-07-30 00:00:00,760102,2025-10-15 10:57:00,760000,760100,环保,603200.SH,上海洗霸,环保,both,agree
603201,2024-07-30 12:45:00,280205,2025-01-08 14:36:00,280000,280200,汽车,603201.SH,常润股份,汽车,both,agree
603202,2025-04-10 10:24:00,280206,2025-10-15 10:57:00,280000,280200,汽车,603202.SH,天有为,汽车,both,agree
603203,2021-07-30 00:00:00,640702,2025-10-15 10:57:00,640000,640700,机械设备,603203.SH,快克智能,机械设备,both,agree
603205,2024-10-18 09:54:00,370503,2025-01-08 14:36:00,370000,370500,医药生物,603205.SH,健尔康,医药生物,both,agree
603206,2022-04-15 00:00:00,730103,2026-06-01 14:47:00,730000,730100,通信,603206.SH,嘉环科技,通信,both,agree
603207,2024-08-07 17:12:00,370102,2025-01-08 14:36:00,370000,370100,医药生物,603207.SH,小方制药,医药生物,both,agree
603208,2021-07-30 00:00:00,360308,2021-07-31 16:18:00,360000,360300,轻工制造,603208.SH,江山欧派,轻工制造,both,agree
603209,2022-02-18 00:00:00,421101,2026-02-26 16:27:00,420000,421100,交通运输,603209.SH,兴通股份,交通运输,both,agree
603210,2025-03-21 20:48:00,280205,2025-10-15 10:57:00,280000,280200,汽车,603210.SH,泰鸿万立,汽车,both,agree
603211,2022-07-08 00:00:00,280205,2025-01-08 14:36:00,280000,280200,汽车,603211.SH,晋拓股份,汽车,both,agree
603212,2021-07-30 00:00:00,630504,2025-10-15 10:57:00,630000,630500,电力设备,603212.SH,赛伍技术,电力设备,both,agree
603213,2021-10-29 00:00:00,220202,2021-11-18 09:14:00,220000,220200,基础化工,603213.SH,镇洋发展,基础化工,both,agree
603214,2018-04-03 10:01:00,450401,2018-06-20 15:08:00,450000,450400,商贸零售,603214.SH,爱婴室,商贸零售,both,agree
603215,2022-01-28 00:00:00,330301,2026-02-26 16:27:00,330000,330300,家用电器,603215.SH,比依股份,家用电器,both,agree
603216,2021-11-26 00:00:00,360308,2021-12-29 14:13:00,360000,360300,轻工制造,603216.SH,梦天家居,轻工制造,both,agree
603217,2019-05-20 09:36:00,220309,2019-08-09 15:39:00,220000,220300,基础化工,603217.SH,元利科技,基础化工,both,agree
603218,2021-07-30 00:00:00,630602,2025-10-15 10:57:00,630000,630600,电力设备,603218.SH,日月股份,电力设备,both,agree
603219,2021-11-05 00:00:00,330302,2021-11-18 09:23:00,330000,330300,家用电器,603219.SH,富佳股份,家用电器,both,agree
603220,2021-07-30 00:00:00,730103,2026-06-01 14:47:00,730000,730100,通信,603220.SH,中贝通信,通信,both,agree
603221,2021-07-30 00:00:00,360306,2021-07-31 16:18:00,360000,360300,轻工制造,603221.SH,爱丽家居,轻工制造,both,agree
603222,2021-07-30 00:00:00,370503,2021-07-31 16:18:00,370000,370500,医药生物,603222.SH,济民健康,医药生物,both,agree
603223,2022-07-29 00:00:00,750302,2022-07-29 11:54:00,750000,750300,石油石化,603223.SH,恒通股份,石油石化,both,agree
603225,2017-03-30 17:30:00,220401,2019-08-09 15:39:00,220000,220400,基础化工,603225.SH,新凤鸣,基础化工,both,agree
603226,2021-07-30 00:00:00,360306,2021-07-31 16:18:00,360000,360300,轻工制造,603226.SH,菲林格尔,轻工制造,both,agree
603227,2015-01-06 00:05:00,220307,2015-11-05 14:02:00,220000,220300,基础化工,603227.SH,雪峰科技,基础化工,both,agree
603228,2016-12-19 12:05:00,270202,2020-03-18 19:58:00,270000,270200,电子,603228.SH,景旺电子,电子,both,agree
603229,2017-04-19 16:49:00,370101,2020-12-04 14:32:00,370000,370100,医药生物,603229.SH,奥翔药业,医药生物,both,agree
603230,2023-07-04 00:00:00,720902,2025-10-15 10:57:00,720000,720900,传媒,603230.SH,内蒙新华,传媒,both,agree
603231,2023-12-01 00:00:00,110502,2024-07-29 11:30:00,110000,110500,农林牧渔,603231.SH,索宝蛋白,农林牧渔,both,agree
603232,2021-07-30 00:00:00,710401,2021-07-31 16:18:00,710000,710400,计算机,603232.SH,格尔软件,计算机,both,agree
603233,2021-07-30 00:00:00,370403,2024-06-21 14:46:00,370000,370400,医药生物,603233.SH,大参林,医药生物,both,agree
603235,2022-06-24 00:00:00,220315,2022-08-26 07:17:00,220000,220300,基础化工,603235.SH,天新药业,基础化工,both,agree
603236,2021-07-30 00:00:00,730206,2025-10-15 10:57:00,730000,730200,通信,603236.SH,移远通信,通信,both,agree
603237,2022-08-19 00:00:00,340406,2025-11-04 14:13:00,340000,340400,食品饮料,603237.SH,五芳斋,食品饮料,both,agree
603238,2025-08-11 17:30:00,350106,2026-01-22 08:48:00,350000,350100,纺织服饰,603238.SH,诺邦股份,纺织服饰,both,agree
603239,2021-07-30 00:00:00,280205,2026-06-24 18:45:00,280000,280200,汽车,603239.SH,浙江仙通,汽车,both,agree
603248,2025-12-12 13:27:00,630602,2026-04-27 14:53:00,630000,630600,电力设备,603248.SH,锡华科技,电力设备,both,agree
603255,2022-07-15 00:00:00,220309,2025-09-26 17:00:00,220000,220300,基础化工,603255.SH,鼎际得,基础化工,both,agree
603256,2021-07-30 00:00:00,610202,2021-08-04 10:42:00,610000,610200,建筑材料,603256.SH,宏和科技,建筑材料,both,agree
603257,2025-03-14 16:43:00,620601,2025-10-15 10:57:00,620000,620600,建筑装饰,603257.SH,中国瑞林,建筑装饰,both,agree
603258,2021-07-30 00:00:00,720401,2026-04-02 13:26:00,720000,720400,传媒,603258.SH,电魂网络,传媒,both,agree
603259,2021-07-30 00:00:00,370603,2025-09-09 10:17:00,370000,370600,医药生物,603259.SH,药明康德,医药生物,both,agree
603260,2022-07-29 00:00:00,220316,2025-07-28 09:27:00,220000,220300,基础化工,603260.SH,合盛硅业,基础化工,both,agree
603261,2022-03-04 00:00:00,650201,2025-10-15 10:57:00,650000,650200,国防军工,603261.SH,立航科技,国防军工,both,agree
603262,2025-07-11 10:48:00,340407,2025-10-15 10:57:00,340000,340400,食品饮料,603262.SH,技源集团,食品饮料,both,agree
603266,2022-02-18 00:00:00,280202,2025-01-08 14:36:00,280000,280200,汽车,603266.SH,天龙股份,汽车,both,agree
603267,2021-07-30 00:00:00,650501,2025-10-15 10:57:00,650000,650500,国防军工,603267.SH,鸿远电子,国防军工,both,agree
603268,2026-01-30 15:14:00,650401,2026-03-17 17:11:00,650000,650400,国防军工,603268.SH,松发股份,国防军工,both,agree
603269,2017-05-04 10:05:00,640106,2019-08-09 15:39:00,640000,640100,机械设备,603269.SH,海鸥股份,机械设备,both,agree
603270,2023-08-21 00:00:00,640108,2025-10-15 10:57:00,640000,640100,机械设备,603270.SH,金帝股份,机械设备,both,agree
603271,2025-02-21 14:46:00,240301,2025-10-15 10:57:00,240000,240300,有色金属,603271.SH,永杰新材,有色金属,both,agree
603272,2022-04-29 00:00:00,360311,2022-04-29 17:06:00,360000,360300,轻工制造,603272.SH,*ST联翔,轻工制造,both,agree
603273,2023-10-13 00:00:00,640601,2025-10-15 10:57:00,640000,640600,机械设备,603273.SH,天元智能,机械设备,both,agree
603275,2023-08-21 00:00:00,640702,2025-10-15 10:57:00,640000,640700,机械设备,603275.SH,众辰科技,机械设备,both,agree
603276,2023-09-08 00:00:00,220309,2023-09-08 15:31:00,220000,220300,基础化工,603276.SH,恒兴新材,基础化工,both,agree
603277,2019-07-24 00:00:00,640105,2019-08-09 15:39:00,640000,640100,机械设备,603277.SH,银都股份,机械设备,both,agree
603278,2021-07-30 00:00:00,640108,2025-10-15 10:57:00,640000,640100,机械设备,603278.SH,大业股份,机械设备,both,agree
603279,2025-04-10 10:24:00,640106,2026-09-22 11:03:00,640000,640100,机械设备,603279.SH,景津装备,机械设备,both,agree
603280,2022-10-21 00:00:00,640601,2025-10-15 10:57:00,640000,640600,机械设备,603280.SH,南方路机,机械设备,both,agree
603281,2023-01-06 00:00:00,220316,2023-01-09 09:48:00,220000,220300,基础化工,603281.SH,江瀚新材,基础化工,both,agree
603282,2023-02-24 00:00:00,760201,2025-10-15 10:57:00,760000,760200,环保,603282.SH,亚光股份,环保,both,agree
603283,2021-07-30 00:00:00,640702,2025-10-15 10:57:00,640000,640700,机械设备,603283.SH,赛腾股份,机械设备,both,agree
603284,2026-01-23 16:30:00,360102,2026-04-27 14:53:00,360000,360100,轻工制造,603284.SH,林平发展,轻工制造,both,agree
603285,2024-07-04 00:00:00,220309,2024-07-04 11:57:00,220000,220300,基础化工,603285.SH,键邦股份,基础化工,both,agree
603286,2021-07-30 00:00:00,280203,2025-01-08 14:36:00,280000,280200,汽车,603286.SH,日盈电子,汽车,both,agree
603288,2021-07-30 00:00:00,340901,2021-07-31 16:18:00,340000,340900,食品饮料,603288.SH,海天味业,食品饮料,both,agree
603289,2017-10-30 14:51:00,640209,2019-08-09 15:39:00,640000,640200,机械设备,603289.SH,泰瑞机器,机械设备,both,agree
603290,2021-07-30 00:00:00,270102,2022-03-28 11:47:00,270000,270100,电子,603290.SH,斯达半导,电子,both,agree
603291,2023-02-24 00:00:00,760102,2025-10-15 10:57:00,760000,760100,环保,603291.SH,联合水务,环保,both,agree
603293,2026-04-03 12:27:00,280206,2026-04-27 14:53:00,280000,280200,汽车,603293.SH,埃泰克,汽车,both,agree
603296,2023-07-31 00:00:00,270504,2026-02-26 16:27:00,270000,270500,电子,603296.SH,华勤技术,电子,both,agree
603297,2018-08-31 16:17:00,270303,2019-08-09 15:38:00,270000,270300,电子,603297.SH,永新光学,电子,both,agree
603298,2021-07-30 00:00:00,640601,2025-10-15 10:57:00,640000,640600,机械设备,603298.SH,杭叉集团,机械设备,both,agree
603299,2021-07-30 00:00:00,220203,2021-07-31 16:18:00,220000,220200,基础化工,603299.SH,苏盐井神,基础化工,both,agree
603300,2021-07-30 00:00:00,490305,2026-02-26 16:27:00,490000,490300,非银金融,603300.SH,海南华铁,非银金融,both,agree
603301,2021-07-30 00:00:00,370503,2021-07-31 16:18:00,370000,370500,医药生物,603301.SH,振德医疗,医药生物,both,agree
603303,2021-07-30 00:00:00,330501,2023-04-25 09:33:00,330000,330500,家用电器,603303.SH,得邦照明,家用电器,both,agree
603305,2021-07-30 00:00:00,280203,2026-04-14 11:02:00,280000,280200,汽车,603305.SH,旭升集团,汽车,both,agree
603306,2021-07-30 00:00:00,280202,2025-01-08 14:36:00,280000,280200,汽车,603306.SH,华懋科技,汽车,both,agree
603307,2023-01-20 00:00:00,350205,2023-01-20 13:22:00,350000,350200,纺织服饰,603307.SH,扬州金泉,纺织服饰,both,agree
603308,2021-07-30 00:00:00,640108,2025-10-15 10:57:00,640000,640100,机械设备,603308.SH,应流股份,机械设备,both,agree
603309,2021-07-30 00:00:00,370503,2021-07-31 16:18:00,370000,370500,医药生物,603309.SH,维力医疗,医药生物,both,agree
603310,2024-08-02 10:19:00,220311,2025-01-08 14:36:00,220000,220300,基础化工,603310.SH,巍华新材,基础化工,both,agree
603311,2021-07-30 00:00:00,330601,2022-11-01 13:55:00,330000,330600,家用电器,603311.SH,金海高科,家用电器,both,agree
603312,2023-12-22 00:00:00,630801,2025-10-15 10:57:00,630000,630800,电力设备,603312.SH,西典新能,电力设备,both,agree
603313,2021-07-30 00:00:00,360307,2021-07-31 16:18:00,360000,360300,轻工制造,603313.SH,梦百合,轻工制造,both,agree
603315,2022-07-29 00:00:00,760101,2025-10-15 10:57:00,760000,760100,环保,603315.SH,福鞍股份,环保,both,agree
603316,2026-07-01 10:24:00,270104,2026-07-01 10:24:00,270000,270100,电子,603316.SH,诚邦股份,电子,both,agree
603317,2021-07-30 00:00:00,340901,2025-06-01 08:45:00,340000,340900,食品饮料,603317.SH,天味食品,食品饮料,both,agree
603318,2021-07-30 00:00:00,410301,2025-10-15 10:57:00,410000,410300,公用事业,603318.SH,水发燃气,公用事业,both,agree
603319,2021-07-30 00:00:00,280203,2026-03-13 07:23:00,280000,280200,汽车,603319.SH,美湖股份,汽车,both,agree
603320,2017-04-19 16:50:00,630101,2020-12-04 14:41:00,630000,630100,电力设备,603320.SH,迪贝电气,电力设备,both,agree
603321,2017-09-07 14:57:00,640204,2019-08-09 15:39:00,640000,640200,机械设备,603321.SH,梅轮电梯,机械设备,both,agree
603322,2021-07-30 00:00:00,730103,2026-06-01 14:47:00,730000,730100,通信,603322.SH,超讯科技,通信,both,agree
603323,2021-07-30 00:00:00,480501,2022-12-26 13:42:00,480000,480500,银行,603323.SH,苏农银行,银行,both,agree
603324,2021-07-30 00:00:00,760201,2025-10-15 10:57:00,760000,760200,环保,603324.SH,盛剑科技,环保,both,agree
603325,2023-12-22 00:00:00,640203,2025-10-15 10:57:00,640000,640200,机械设备,603325.SH,博隆技术,机械设备,both,agree
603326,2021-07-30 00:00:00,360308,2021-07-31 16:18:00,360000,360300,轻工制造,603326.SH,我乐家居,轻工制造,both,agree
603327,2021-07-30 00:00:00,270504,2023-04-25 09:33:00,270000,270500,电子,603327.SH,福蓉科技,电子,both,agree
603328,2014-02-21 00:00:00,270202,2024-10-09 14:16:00,270000,270200,电子,603328.SH,依顿电子,电子,both,agree
603329,2021-07-30 00:00:00,420802,2025-10-15 10:57:00,420000,420800,交通运输,603329.SH,上海雅仕,交通运输,both,agree
603330,2021-07-30 00:00:00,220501,2021-07-31 16:18:00,220000,220500,基础化工,603330.SH,天洋新材,基础化工,both,agree
603331,2017-06-20 10:08:00,640106,2019-08-09 15:39:00,640000,640100,机械设备,603331.SH,百达精工,机械设备,both,agree
603332,2019-01-04 10:00:00,220401,2019-08-09 15:39:00,220000,220400,基础化工,603332.SH,苏州龙杰,基础化工,both,agree
603333,2021-07-30 00:00:00,630805,2025-10-15 10:57:00,630000,630800,电力设备,603333.SH,福华尚纬,电力设备,both,agree
603334,2025-10-17 14:23:00,220309,2026-04-27 14:53:00,220000,220300,基础化工,603334.SH,丰倍生物,基础化工,both,agree
603335,2021-07-30 00:00:00,280204,2025-01-08 14:36:00,280000,280200,汽车,603335.SH,迪生力,汽车,both,agree
603336,2026-09-24 10:53:00,370102,2026-09-24 10:53:00,370000,370100,医药生物,603336.SH,宏辉果蔬,农林牧渔,both,conflict
603337,2021-07-30 00:00:00,640206,2025-10-15 10:57:00,640000,640200,机械设备,603337.SH,杰克科技,机械设备,both,agree
603338,2021-07-30 00:00:00,640601,2025-10-15 10:57:00,640000,640600,机械设备,603338.SH,浙江鼎力,机械设备,both,agree
603339,2016-05-09 00:00:00,640105,2019-08-09 15:39:00,640000,640100,机械设备,603339.SH,四方科技,机械设备,both,agree
603341,2024-02-02 00:00:00,270504,2024-07-29 11:30:00,270000,270500,电子,603341.SH,龙旗科技,电子,both,agree
603344,2024-03-01 00:00:00,630101,2025-10-15 10:57:00,630000,630100,电力设备,603344.SH,星德胜,电力设备,both,agree
603345,2021-07-30 00:00:00,340406,2025-06-01 08:45:00,340000,340400,食品饮料,603345.SH,安井食品,食品饮料,both,agree
603348,2021-07-30 00:00:00,280205,2025-01-08 14:36:00,280000,280200,汽车,603348.SH,文灿股份,汽车,both,agree
603350,2024-06-14 00:00:00,630101,2024-06-14 14:59:00,630000,630100,电力设备,603350.SH,安乃达,电力设备,both,agree
603351,2019-01-24 08:54:00,370101,2020-12-04 14:32:00,370000,370100,医药生物,603351.SH,威尔药业,医药生物,both,agree
603352,2025-12-26 14:55:00,280205,2026-04-27 14:53:00,280000,280200,汽车,603352.SH,至信股份,汽车,both,agree
603353,2021-07-30 00:00:00,750302,2024-04-01 15:29:00,750000,750300,石油石化,603353.SH,和顺石油,石油石化,both,agree
603355,2021-07-30 00:00:00,330302,2023-01-03 16:40:00,330000,330300,家用电器,603355.SH,莱克电气,家用电器,both,agree
603356,2018-01-07 22:50:00,640204,2019-08-09 15:39:00,640000,640200,机械设备,603356.SH,华菱精工,机械设备,both,agree
603357,2021-07-30 00:00:00,620601,2021-07-31 16:18:00,620000,620600,建筑装饰,603357.SH,设计总院,建筑装饰,both,agree
603358,2021-07-30 00:00:00,280205,2025-01-08 14:36:00,280000,280200,汽车,603358.SH,华达科技,汽车,both,agree
603359,2021-07-30 00:00:00,620307,2022-05-05 19:38:00,620000,620300,建筑装饰,603359.SH,*ST东珠,建筑装饰,both,agree
603360,2021-07-30 00:00:00,220803,2021-08-02 09:05:00,220000,220800,基础化工,603360.SH,百傲化学,基础化工,both,agree
603361,2023-10-27 00:00:00,640105,2023-10-27 14:02:00,640000,640100,机械设备,,,,left_only,only_sw
603363,2021-07-30 00:00:00,110402,2022-05-05 19:38:00,110000,110400,农林牧渔,603363.SH,傲农生物,农林牧渔,both,agree
603365,2017-11-08 14:15:00,350206,2021-04-26 08:53:00,350000,350200,纺织服饰,603365.SH,水星家纺,纺织服饰,both,agree
603366,2021-07-30 00:00:00,330402,2021-07-31 16:18:00,330000,330400,家用电器,603366.SH,日出东方,家用电器,both,agree
603367,2021-07-30 00:00:00,370102,2021-07-31 16:18:00,370000,370100,医药生物,603367.SH,辰欣药业,医药生物,both,agree
603368,2021-07-30 00:00:00,370402,2021-07-31 16:18:00,370000,370400,医药生物,603368.SH,柳药集团,医药生物,both,agree
603369,2021-07-30 00:00:00,340501,2022-05-09 14:00:00,340000,340500,食品饮料,603369.SH,今世缘,食品饮料,both,agree
603370,2025-08-22 16:02:00,630101,2025-10-15 10:57:00,630000,630100,电力设备,603370.SH,华新精科,电力设备,both,agree
603373,2023-12-01 00:00:00,460804,2024-07-29 11:30:00,460000,460800,社会服务,603373.SH,安邦护卫,社会服务,both,agree
603375,2024-01-08 00:00:00,270105,2024-07-29 11:30:00,270000,270100,电子,603375.SH,盛景微,电子,both,agree
603376,2025-10-17 14:23:00,280206,2026-04-27 14:53:00,280000,280200,汽车,603376.SH,大明电子,汽车,both,agree
603377,2021-07-30 00:00:00,461102,2022-03-03 09:50:00,460000,461100,社会服务,603377.SH,ST东时,社会服务,both,agree
603378,2021-07-30 00:00:00,610305,2024-01-02 08:51:00,610000,610300,建筑材料,603378.SH,*ST亚士,建筑材料,both,agree
603379,2019-03-18 08:57:00,220311,2019-08-09 15:39:00,220000,220300,基础化工,603379.SH,三美股份,基础化工,both,agree
603380,2021-07-30 00:00:00,270504,2023-04-25 09:33:00,270000,270500,电子,603380.SH,易德龙,电子,both,agree
603381,2024-06-14 00:00:00,630504,2024-06-14 14:59:00,630000,630500,电力设备,603381.SH,永臻股份,电力设备,both,agree
603382,2025-05-23 12:50:00,220406,2025-10-15 10:57:00,220000,220400,基础化工,603382.SH,海阳科技,基础化工,both,agree
603383,2021-07-30 00:00:00,710401,2024-05-31 10:16:00,710000,710400,计算机,603383.SH,顶点软件,计算机,both,agree
603385,2021-07-30 00:00:00,360309,2021-07-31 16:18:00,360000,360300,轻工制造,603385.SH,惠达卫浴,轻工制造,both,agree
603386,2017-08-26 09:19:00,270202,2019-08-09 15:38:00,270000,270200,电子,603386.SH,骏亚科技,电子,both,agree
603387,2021-07-30 00:00:00,370504,2024-01-04 12:39:00,370000,370500,医药生物,603387.SH,基蛋生物,医药生物,both,agree
603388,2021-07-30 00:00:00,620307,2021-08-02 13:20:00,620000,620300,建筑装饰,603388.SH,*ST元成(退市),建筑装饰,both,agree
603389,2021-07-30 00:00:00,360307,2021-07-31 16:18:00,360000,360300,轻工制造,603389.SH,亚振家居,轻工制造,both,agree
603390,2021-07-30 00:00:00,280206,2025-01-08 14:36:00,280000,280200,汽车,603390.SH,通达电气,汽车,both,agree
603391,2024-07-12 14:59:00,640203,2025-10-15 10:57:00,640000,640200,机械设备,603391.SH,力聚热能,机械设备,both,agree
603392,2026-07-01 10:24:00,370504,2026-07-01 10:24:00,370000,370500,医药生物,603392.SH,万泰生物,医药生物,both,agree
603393,2016-08-31 00:00:00,410301,2021-03-03 15:52:00,410000,410300,公用事业,603393.SH,新天然气,公用事业,both,agree
603395,2024-11-08 11:17:00,220805,2025-01-08 14:36:00,220000,220800,基础化工,603395.SH,红四方,基础化工,both,agree
603396,2021-07-30 00:00:00,630505,2025-10-15 10:57:00,630000,630500,电力设备,603396.SH,金辰股份,电力设备,both,agree
603398,2023-07-04 00:00:00,630501,2025-10-15 10:57:00,630000,630500,电力设备,603398.SH,*ST沐邦,电力设备,both,agree
603399,2023-07-04 00:00:00,240603,2025-01-08 14:36:00,240000,240600,有色金属,603399.SH,永杉锂业,有色金属,both,agree
603400,2025-05-30 09:59:00,640108,2025-12-20 09:35:00,640000,640100,机械设备,603400.SH,华之杰,机械设备,both,agree
603402,2025-12-26 14:55:00,461004,2026-04-27 14:53:00,460000,461000,社会服务,603402.SH,陕西旅游,社会服务,both,agree
603406,2025-07-18 13:48:00,220401,2025-10-15 10:57:00,220000,220400,基础化工,603406.SH,天富龙,基础化工,both,agree
603407,2026-04-17 12:56:00,240504,2026-04-27 14:53:00,240000,240500,有色金属,603407.SH,长裕集团,有色金属,both,agree
603408,2021-07-30 00:00:00,360309,2024-07-01 08:29:00,360000,360300,轻工制造,603408.SH,建霖家居,轻工制造,both,agree
603409,2025-02-14 14:07:00,280202,2025-02-19 17:18:00,280000,280200,汽车,603409.SH,汇通控股,汽车,both,agree
603416,2021-07-30 00:00:00,640701,2025-10-15 10:57:00,640000,640700,机械设备,603416.SH,信捷电气,机械设备,both,agree
603418,2025-09-05 18:59:00,280202,2025-10-15 10:57:00,280000,280200,汽车,603418.SH,友升股份,汽车,both,agree
603421,2021-07-30 00:00:00,730204,2026-06-01 14:47:00,730000,730200,通信,603421.SH,鼎信通讯,通信,both,agree
603429,2021-07-30 00:00:00,360205,2021-07-31 16:18:00,360000,360200,轻工制造,603429.SH,*ST集友,轻工制造,both,agree
603435,2026-04-30 18:25:00,220505,2026-04-30 18:25:00,220000,220500,基础化工,603435.SH,嘉德利,基础化工,both,agree
603439,2020-04-13 08:54:00,370201,2020-05-18 11:01:00,370000,370200,医药生物,603439.SH,三力制药,医药生物,both,agree
603444,2021-07-30 00:00:00,720401,2026-04-02 13:26:00,720000,720400,传媒,603444.SH,吉比特,传媒,both,agree
603448,2026-08-21 13:22:00,280203,2026-08-21 13:22:00,280000,280200,汽车,603448.SH,天博智能,汽车,both,agree
603456,2023-07-04 00:00:00,370603,2023-09-01 11:09:00,370000,370600,医药生物,603456.SH,九洲药业,医药生物,both,agree
603458,2021-07-30 00:00:00,620601,2021-08-25 10:04:00,620000,620600,建筑装饰,603458.SH,勘设股份,建筑装饰,both,agree
603459,2026-03-23 16:17:00,270202,2026-04-27 14:53:00,270000,270200,电子,603459.SH,红板科技,电子,both,agree
603466,2022-01-14 00:00:00,720706,2025-10-15 10:57:00,720000,720700,传媒,603466.SH,风语筑,传媒,both,agree
603468,2026-07-17 10:20:00,280401,2026-07-17 10:20:00,280000,280400,汽车,603468.SH,津富士达,汽车,both,agree
603477,2022-01-21 00:00:00,110702,2022-09-26 09:59:00,110000,110700,农林牧渔,603477.SH,巨星农牧,农林牧渔,both,agree
603486,2021-07-30 00:00:00,330302,2023-01-09 16:21:00,330000,330300,家用电器,603486.SH,科沃斯,家用电器,both,agree
603488,2019-07-24 00:00:00,640204,2019-08-09 15:39:00,640000,640200,机械设备,603488.SH,展鹏科技,机械设备,both,agree
603489,2019-09-27 10:46:00,630101,2021-03-04 19:19:00,630000,630100,电力设备,603489.SH,八方股份,电力设备,both,agree
603496,2021-07-30 00:00:00,710103,2021-07-31 16:18:00,710000,710100,计算机,603496.SH,恒为科技,计算机,both,agree
603499,2021-07-30 00:00:00,360205,2021-07-31 16:18:00,360000,360200,轻工制造,603499.SH,翔港科技,轻工制造,both,agree
603500,2017-08-26 09:22:00,640501,2019-08-09 15:39:00,640000,640500,机械设备,603500.SH,祥和实业,机械设备,both,agree
603501,2021-07-30 00:00:00,270104,2023-04-25 09:33:00,270000,270100,电子,603501.SH,豪威集团,电子,both,agree
603505,2021-07-30 00:00:00,220311,2025-11-28 08:40:00,220000,220300,基础化工,603505.SH,金石资源,基础化工,both,agree
603506,2021-07-30 00:00:00,430301,2022-10-11 14:53:00,430000,430300,房地产,603506.SH,南都物业,房地产,both,agree
603507,2021-07-30 00:00:00,630602,2025-10-15 10:57:00,630000,630600,电力设备,603507.SH,振江股份,电力设备,both,agree
603508,2021-07-30 00:00:00,710102,2025-10-15 10:57:00,710000,710100,计算机,603508.SH,思维列控,计算机,both,agree
603511,2024-07-30 12:45:00,350209,2024-07-30 12:45:00,350000,350200,纺织服饰,603511.SH,爱慕股份,纺织服饰,both,agree
603515,2021-07-30 00:00:00,330501,2023-01-09 16:22:00,330000,330500,家用电器,603515.SH,欧普照明,家用电器,both,agree
603516,2021-07-30 00:00:00,710103,2021-07-31 16:18:00,710000,710100,计算机,603516.SH,淳中科技,计算机,both,agree
603517,2021-07-30 00:00:00,340803,2025-10-15 11:14:00,340000,340800,食品饮料,603517.SH,ST绝味,食品饮料,both,agree
603518,2021-07-30 00:00:00,350209,2021-10-08 14:21:00,350000,350200,纺织服饰,603518.SH,锦泓集团,纺织服饰,both,agree
603519,2021-07-30 00:00:00,330601,2021-07-31 16:18:00,330000,330600,家用电器,603519.SH,立霸股份,家用电器,both,agree
603520,2016-03-04 00:00:00,370101,2021-03-03 15:32:00,370000,370100,医药生物,603520.SH,司太立,医药生物,both,agree
603527,2017-08-26 09:23:00,240302,2021-01-25 13:36:00,240000,240300,有色金属,603527.SH,众源新材,有色金属,both,agree
603528,2021-07-30 00:00:00,710401,2021-07-31 16:18:00,710000,710400,计算机,603528.SH,多伦科技,计算机,both,agree
603529,2021-05-29 21:10:00,280401,2021-07-06 09:10:00,280000,280400,汽车,603529.SH,爱玛科技,汽车,both,agree
603530,2021-07-30 00:00:00,630805,2025-10-15 10:57:00,630000,630800,电力设备,603530.SH,神马电力,电力设备,both,agree
603533,2021-07-30 00:00:00,720705,2025-10-15 10:57:00,720000,720700,传媒,603533.SH,掌阅科技,传媒,both,agree
603535,2021-07-30 00:00:00,420805,2025-10-15 10:57:00,420000,420800,交通运输,603535.SH,嘉诚国际,交通运输,both,agree
603536,2021-07-30 00:00:00,340406,2021-07-31 16:18:00,340000,340400,食品饮料,603536.SH,惠发食品,食品饮料,both,agree
603538,2017-03-18 14:40:00,370101,2020-12-04 14:32:00,370000,370100,医药生物,603538.SH,美诺华,医药生物,both,agree
603551,2021-07-30 00:00:00,330402,2026-02-26 16:27:00,330000,330400,家用电器,603551.SH,奥普科技,家用电器,both,agree
603555,2021-07-30 00:00:00,350208,2021-07-31 16:18:00,350000,350200,纺织服饰,,,,left_only,only_sw
603556,2021-07-30 00:00:00,630804,2026-04-27 15:47:00,630000,630800,电力设备,603556.SH,海兴电力,电力设备,both,agree
603557,2017-08-07 22:23:00,350205,2019-08-09 15:38:00,350000,350200,纺织服饰,603557.SH,*ST起步,纺织服饰,both,agree
603558,2021-07-30 00:00:00,350102,2026-01-26 16:15:00,350000,350100,纺织服饰,603558.SH,健盛集团,纺织服饰,both,agree
603559,2021-07-30 00:00:00,730103,2026-06-01 14:47:00,730000,730100,通信,603559.SH,中通国脉,通信,both,agree
603565,2021-07-30 00:00:00,421101,2025-10-15 10:57:00,420000,421100,交通运输,603565.SH,中谷物流,交通运输,both,agree
603566,2015-01-24 00:06:00,110801,2015-11-05 14:02:00,110000,110800,农林牧渔,603566.SH,普莱柯,农林牧渔,both,agree
603567,2015-01-13 00:04:00,370201,2015-10-28 09:05:00,370000,370200,医药生物,603567.SH,珍宝岛,医药生物,both,agree
603568,2021-07-30 00:00:00,760103,2026-04-27 15:47:00,760000,760100,环保,603568.SH,伟明环保,环保,both,agree
603569,2021-07-30 00:00:00,420807,2025-10-15 10:57:00,420000,420800,交通运输,603569.SH,长久物流,交通运输,both,agree
603577,2021-07-30 00:00:00,630805,2025-10-15 10:57:00,630000,630800,电力设备,603577.SH,汇金通,电力设备,both,agree
603578,2021-07-30 00:00:00,330601,2021-07-31 16:18:00,330000,330600,家用电器,603578.SH,三星新材,家用电器,both,agree
603579,2021-07-30 00:00:00,330701,2024-01-15 10:32:00,330000,330700,家用电器,603579.SH,荣泰健康,家用电器,both,agree
603580,2017-05-22 13:49:00,220501,2019-08-09 15:39:00,220000,220500,基础化工,603580.SH,艾艾精工,基础化工,both,agree
603583,2021-07-30 00:00:00,640702,2025-10-15 10:57:00,640000,640700,机械设备,603583.SH,捷昌驱动,机械设备,both,agree
603585,2021-07-30 00:00:00,220803,2021-07-31 16:18:00,220000,220800,基础化工,603585.SH,苏利股份,基础化工,both,agree
603586,2021-07-30 00:00:00,280203,2025-01-08 14:36:00,280000,280200,汽车,603586.SH,金麒麟,汽车,both,agree
603587,2021-07-30 00:00:00,350209,2021-09-01 12:25:00,350000,350200,纺织服饰,603587.SH,地素时尚,纺织服饰,both,agree
603588,2021-07-30 00:00:00,760103,2026-09-22 11:03:00,760000,760100,环保,603588.SH,高能环境,环保,both,agree
603589,2021-07-30 00:00:00,340501,2024-12-04 10:24:00,340000,340500,食品饮料,603589.SH,口子窖,食品饮料,both,agree
603590,2021-07-30 00:00:00,370304,2021-07-31 16:18:00,370000,370300,医药生物,603590.SH,康辰药业,医药生物,both,agree
603595,2021-07-30 00:00:00,270504,2023-04-25 09:33:00,270000,270500,电子,603595.SH,ST东尼,电子,both,agree
603596,2021-07-30 00:00:00,280203,2024-12-02 08:35:00,280000,280200,汽车,603596.SH,伯特利,汽车,both,agree
603598,2021-07-30 00:00:00,720501,2025-10-15 10:57:00,720000,720500,传媒,603598.SH,引力传媒,传媒,both,agree
603599,2021-07-30 00:00:00,220803,2025-12-31 11:31:00,220000,220800,基础化工,603599.SH,广信股份,基础化工,both,agree
603600,2021-07-30 00:00:00,360307,2024-09-03 15:10:00,360000,360300,轻工制造,603600.SH,永艺股份,轻工制造,both,agree
603601,2021-07-30 00:00:00,610202,2023-12-07 10:03:00,610000,610200,建筑材料,603601.SH,再升科技,建筑材料,both,agree
603602,2026-03-05 11:31:00,720501,2026-06-01 14:47:00,720000,720500,传媒,603602.SH,纵横通信,传媒,both,agree
603603,2021-07-30 00:00:00,760102,2022-10-11 14:53:00,760000,760100,环保,,,,left_only,only_sw
603605,2021-07-30 00:00:00,770202,2024-07-14 10:43:00,770000,770200,美容护理,603605.SH,珀莱雅,美容护理,both,agree
603606,2021-07-30 00:00:00,630805,2025-11-14 17:31:00,630000,630800,电力设备,603606.SH,东方电缆,电力设备,both,agree
603607,2021-07-30 00:00:00,360206,2021-07-31 16:18:00,360000,360200,轻工制造,603607.SH,京华激光,轻工制造,both,agree
603608,2016-02-22 00:00:00,350205,2021-01-04 09:43:00,350000,350200,纺织服饰,603608.SH,天创时尚,纺织服饰,both,agree
603609,2021-07-30 00:00:00,110402,2022-11-01 13:55:00,110000,110400,农林牧渔,603609.SH,禾丰股份,农林牧渔,both,agree
603610,2021-07-30 00:00:00,360307,2021-07-31 16:18:00,360000,360300,轻工制造,603610.SH,麒盛科技,轻工制造,both,agree
603611,2024-07-30 12:45:00,640601,2025-10-15 10:57:00,640000,640600,机械设备,603611.SH,诺力股份,机械设备,both,agree
603612,2021-07-30 00:00:00,220901,2026-03-26 15:05:00,220000,220900,基础化工,603612.SH,索通发展,基础化工,both,agree
603613,2021-07-30 00:00:00,450601,2025-10-15 10:57:00,450000,450600,商贸零售,603613.SH,国联股份,商贸零售,both,agree
603615,2021-07-30 00:00:00,360311,2021-07-31 16:18:00,360000,360300,轻工制造,603615.SH,茶花股份,轻工制造,both,agree
603616,2021-07-30 00:00:00,610102,2023-12-07 10:03:00,610000,610100,建筑材料,603616.SH,韩建河山,建筑材料,both,agree
603617,2017-06-20 10:09:00,640106,2019-08-09 15:39:00,640000,640100,机械设备,603617.SH,君禾股份,机械设备,both,agree
603618,2021-07-30 00:00:00,630805,2025-10-15 10:57:00,630000,630800,电力设备,603618.SH,杭电股份,电力设备,both,agree
603619,2021-07-30 00:00:00,750201,2026-02-26 16:27:00,750000,750200,石油石化,603619.SH,中曼石油,石油石化,both,agree
603626,2021-07-30 00:00:00,270504,2021-07-31 16:18:00,270000,270500,电子,603626.SH,科森科技,电子,both,agree
603628,2021-07-30 00:00:00,630504,2025-10-15 10:57:00,630000,630500,电力设备,603628.SH,清源股份,电力设备,both,agree
603629,2021-07-30 00:00:00,270504,2023-04-25 09:33:00,270000,270500,电子,603629.SH,利通电子,电子,both,agree
603630,2021-07-30 00:00:00,770202,2025-04-14 11:30:00,770000,770200,美容护理,603630.SH,拉芳家化,美容护理,both,agree
603633,2021-07-30 00:00:00,270504,2023-04-25 09:33:00,270000,270500,电子,603633.SH,徕木股份,电子,both,agree
603636,2021-07-30 00:00:00,710301,2021-07-31 16:18:00,710000,710300,计算机,603636.SH,南威软件,计算机,both,agree
603637,2017-01-14 19:40:00,620402,2020-12-04 14:41:00,620000,620400,建筑装饰,603637.SH,镇海股份,建筑装饰,both,agree
603638,2021-07-30 00:00:00,640602,2025-10-15 10:57:00,640000,640600,机械设备,603638.SH,艾迪精密,机械设备,both,agree
603639,2021-07-30 00:00:00,220803,2026-09-22 11:03:00,220000,220800,基础化工,603639.SH,海利尔,基础化工,both,agree
603648,2021-07-30 00:00:00,420803,2025-10-15 10:57:00,420000,420800,交通运输,603648.SH,畅联股份,交通运输,both,agree
603650,2021-07-30 00:00:00,220604,2024-03-01 09:49:00,220000,220600,基础化工,603650.SH,彤程新材,基础化工,both,agree
603655,2021-07-30 00:00:00,280205,2025-01-08 14:36:00,280000,280200,汽车,603655.SH,朗博科技,汽车,both,agree
603656,2017-03-10 17:05:00,640209,2019-08-09 15:39:00,640000,640200,机械设备,603656.SH,泰禾智能,机械设备,both,agree
603657,2021-07-30 00:00:00,330601,2021-07-31 16:18:00,330000,330600,家用电器,603657.SH,春光科技,家用电器,both,agree
603658,2021-07-30 00:00:00,370504,2021-07-31 16:18:00,370000,370500,医药生物,603658.SH,安图生物,医药生物,both,agree
603659,2021-07-30 00:00:00,630702,2025-10-15 10:57:00,630000,630700,电力设备,603659.SH,璞泰来,电力设备,both,agree
603660,2021-07-30 00:00:00,710103,2024-01-19 11:13:00,710000,710100,计算机,603660.SH,苏州科达,计算机,both,agree
603661,2021-07-30 00:00:00,360307,2024-09-03 15:13:00,360000,360300,轻工制造,603661.SH,恒林股份,轻工制造,both,agree
603662,2021-07-30 00:00:00,640107,2025-10-15 10:57:00,640000,640100,机械设备,603662.SH,柯力传感,机械设备,both,agree
603663,2021-07-30 00:00:00,220203,2021-07-31 16:18:00,220000,220200,基础化工,603663.SH,三祥新材,基础化工,both,agree
603665,2021-07-30 00:00:00,350205,2021-07-31 16:18:00,350000,350200,纺织服饰,603665.SH,康隆达,纺织服饰,both,agree
603666,2021-07-30 00:00:00,640701,2025-10-15 10:57:00,640000,640700,机械设备,603666.SH,亿嘉和,机械设备,both,agree
603667,2021-07-30 00:00:00,640108,2025-10-15 10:57:00,640000,640100,机械设备,603667.SH,五洲新春,机械设备,both,agree
603668,2021-07-30 00:00:00,110403,2025-01-24 16:29:00,110000,110400,农林牧渔,603668.SH,天马科技,农林牧渔,both,agree
603669,2015-01-25 00:05:00,370102,2015-11-05 14:03:00,370000,370100,医药生物,603669.SH,灵康药业,医药生物,both,agree
603676,2017-07-12 01:56:00,370102,2020-12-04 14:32:00,370000,370100,医药生物,603676.SH,卫信康,医药生物,both,agree
603677,2021-07-30 00:00:00,330601,2021-07-31 16:18:00,330000,330600,家用电器,603677.SH,奇精机械,家用电器,both,agree
603678,2021-07-30 00:00:00,650501,2025-10-15 10:57:00,650000,650500,国防军工,603678.SH,火炬电子,国防军工,both,agree
603679,2017-06-05 14:11:00,270302,2020-03-31 15:00:00,270000,270300,电子,603679.SH,华体科技,电子,both,agree
603680,2017-05-04 10:06:00,640501,2019-08-09 15:39:00,640000,640500,机械设备,603680.SH,今创集团,机械设备,both,agree
603681,2021-07-30 00:00:00,220317,2021-07-31 16:18:00,220000,220300,基础化工,603681.SH,永冠新材,基础化工,both,agree
603682,2021-07-30 00:00:00,450304,2021-07-31 16:18:00,450000,450300,商贸零售,603682.SH,锦和商管,商贸零售,both,agree
603683,2021-07-30 00:00:00,220317,2021-07-31 16:18:00,220000,220300,基础化工,603683.SH,晶华新材,基础化工,both,agree
603685,2017-11-21 13:45:00,270302,2019-08-09 15:38:00,270000,270300,电子,603685.SH,晨丰科技,电子,both,agree
603686,2024-07-30 12:45:00,760104,2025-10-15 10:57:00,760000,760100,环保,603686.SH,福龙马,环保,both,agree
603687,2021-07-30 00:00:00,360205,2021-07-31 16:18:00,360000,360200,轻工制造,603687.SH,大胜达,轻工制造,both,agree
603688,2021-07-30 00:00:00,220901,2025-05-06 20:01:00,220000,220900,基础化工,603688.SH,石英股份,基础化工,both,agree
603689,2016-12-19 12:05:00,410301,2016-12-19 12:05:00,410000,410300,公用事业,603689.SH,皖天然气,公用事业,both,agree
603690,2021-07-30 00:00:00,270108,2025-01-24 16:29:00,270000,270100,电子,603690.SH,至纯科技,电子,both,agree
603693,2021-07-30 00:00:00,410107,2025-10-15 10:57:00,410000,410100,公用事业,603693.SH,江苏新能,公用事业,both,agree
603696,2021-07-30 00:00:00,340901,2021-07-31 16:18:00,340000,340900,食品饮料,603696.SH,安记食品,食品饮料,both,agree
603697,2021-07-30 00:00:00,340801,2025-01-08 14:36:00,340000,340800,食品饮料,603697.SH,有友食品,食品饮料,both,agree
603698,2021-07-30 00:00:00,640203,2025-10-15 10:57:00,640000,640200,机械设备,603698.SH,航天工程,机械设备,both,agree
603699,2021-07-30 00:00:00,640108,2025-10-15 10:57:00,640000,640100,机械设备,603699.SH,纽威股份,机械设备,both,agree
603700,2021-07-30 00:00:00,640107,2025-10-15 10:57:00,640000,640100,机械设备,603700.SH,宁水集团,机械设备,both,agree
603701,2021-07-30 00:00:00,280203,2025-01-08 14:36:00,280000,280200,汽车,603701.SH,德宏股份,汽车,both,agree
603703,2021-07-30 00:00:00,270302,2021-07-31 16:18:00,270000,270300,电子,603703.SH,盛洋科技,电子,both,agree
603706,2018-07-06 15:59:00,410301,2019-08-09 15:39:00,410000,410300,公用事业,603706.SH,东方环宇,公用事业,both,agree
603707,2021-07-30 00:00:00,370102,2021-07-31 16:18:00,370000,370100,医药生物,603707.SH,健友股份,医药生物,both,agree
603708,2016-12-01 21:21:00,450302,2016-12-01 21:21:00,450000,450300,商贸零售,603708.SH,家家悦,商贸零售,both,agree
603709,2021-07-30 00:00:00,360307,2021-07-31 16:18:00,360000,360300,轻工制造,603709.SH,中源家居,轻工制造,both,agree
603711,2021-07-30 00:00:00,340701,2025-06-01 08:45:00,340000,340700,食品饮料,603711.SH,香飘飘,食品饮料,both,agree
603712,2021-07-30 00:00:00,650501,2025-10-15 10:57:00,650000,650500,国防军工,603712.SH,七一二,国防军工,both,agree
603713,2021-07-30 00:00:00,420806,2026-02-26 16:27:00,420000,420800,交通运输,603713.SH,密尔克卫,交通运输,both,agree
603716,2021-07-30 00:00:00,370402,2021-07-31 16:18:00,370000,370400,医药生物,603716.SH,塞力医疗,医药生物,both,agree
603717,2025-08-11 17:30:00,110702,2025-08-11 17:30:00,110000,110700,农林牧渔,603717.SH,天域生物,农林牧渔,both,agree
603718,2026-01-30 15:14:00,370503,2026-01-30 15:14:00,370000,370500,医药生物,603718.SH,*ST海利,医药生物,both,agree
603719,2021-07-30 00:00:00,340801,2025-09-11 10:52:00,340000,340800,食品饮料,603719.SH,良品铺子,食品饮料,both,agree
603721,2021-07-30 00:00:00,720601,2025-10-15 10:57:00,720000,720600,传媒,603721.SH,中广天择,传媒,both,agree
603722,2022-07-29 00:00:00,220309,2022-07-29 11:54:00,220000,220300,基础化工,603722.SH,阿科力,基础化工,both,agree
603725,2024-07-30 12:45:00,360306,2024-07-30 12:45:00,360000,360300,轻工制造,603725.SH,天安新材,轻工制造,both,agree
603726,2021-07-30 00:00:00,330601,2021-07-31 16:18:00,330000,330600,家用电器,603726.SH,朗迪集团,家用电器,both,agree
603727,2021-07-30 00:00:00,750202,2024-04-01 15:29:00,750000,750200,石油石化,603727.SH,博迈科,石油石化,both,agree
603728,2017-05-04 10:07:00,630101,2020-08-10 09:30:00,630000,630100,电力设备,603728.SH,鸣志电器,电力设备,both,agree
603729,2021-07-30 00:00:00,720501,2025-10-15 10:57:00,720000,720500,传媒,603729.SH,ST龙韵,传媒,both,agree
603730,2021-07-30 00:00:00,280202,2026-04-14 11:02:00,280000,280200,汽车,603730.SH,岱美股份,汽车,both,agree
603733,2021-07-30 00:00:00,360103,2021-07-31 16:18:00,360000,360100,轻工制造,603733.SH,仙鹤股份,轻工制造,both,agree
603737,2021-07-30 00:00:00,610305,2024-01-03 17:32:00,610000,610300,建筑材料,603737.SH,三棵树,建筑材料,both,agree
603738,2016-10-12 00:00:00,270203,2019-08-09 15:38:00,270000,270200,电子,603738.SH,泰晶科技,电子,both,agree
603739,2022-07-29 00:00:00,220315,2024-05-27 10:52:00,220000,220300,基础化工,603739.SH,蔚蓝生物,基础化工,both,agree
603755,2021-07-30 00:00:00,340901,2025-06-01 08:45:00,340000,340900,食品饮料,603755.SH,日辰股份,食品饮料,both,agree
603757,2017-06-28 10:11:00,640106,2019-08-09 15:39:00,640000,640100,机械设备,603757.SH,大元泵业,机械设备,both,agree
603758,2021-07-30 00:00:00,280203,2025-01-08 14:36:00,280000,280200,汽车,603758.SH,秦安股份,汽车,both,agree
603759,2021-07-30 00:00:00,760102,2025-10-15 10:57:00,760000,760100,环保,603759.SH,海天股份,环保,both,agree
603766,2021-07-30 00:00:00,280402,2026-06-08 17:36:00,280000,280400,汽车,603766.SH,隆鑫通用,汽车,both,agree
603767,2021-07-30 00:00:00,280203,2025-01-08 14:36:00,280000,280200,汽车,603767.SH,中马传动,汽车,both,agree
603768,2021-07-30 00:00:00,280205,2025-01-08 14:36:00,280000,280200,汽车,603768.SH,常青股份,汽车,both,agree
603773,2018-04-03 10:02:00,270301,2019-08-09 15:38:00,270000,270300,电子,603773.SH,沃格光电,电子,both,agree
603776,2021-07-30 00:00:00,280402,2025-01-08 14:36:00,280000,280400,汽车,603776.SH,永安行,汽车,both,agree
603777,2021-07-30 00:00:00,340801,2021-12-01 08:56:00,340000,340800,食品饮料,603777.SH,来伊份,食品饮料,both,agree
603778,2026-07-01 10:24:00,630502,2026-07-01 10:24:00,630000,630500,电力设备,603778.SH,国晟科技,电力设备,both,agree
603779,2021-07-30 00:00:00,340602,2021-07-31 16:18:00,340000,340600,食品饮料,603779.SH,威龙股份,食品饮料,both,agree
603786,2021-07-30 00:00:00,280206,2026-02-26 16:27:00,280000,280200,汽车,603786.SH,科博达,汽车,both,agree
603787,2021-07-30 00:00:00,280402,2025-01-08 14:36:00,280000,280400,汽车,603787.SH,新日股份,汽车,both,agree
603788,2021-07-30 00:00:00,280203,2025-01-08 14:36:00,280000,280200,汽车,603788.SH,宁波高发,汽车,both,agree
603789,2015-01-13 00:04:00,640207,2015-11-05 14:02:00,640000,640200,机械设备,603789.SH,ST星农,机械设备,both,agree
603790,2018-08-31 16:24:00,220308,2019-08-09 15:39:00,220000,220300,基础化工,603790.SH,雅运股份,基础化工,both,agree
603797,2021-07-30 00:00:00,760102,2025-10-15 10:57:00,760000,760100,环保,603797.SH,联泰环保,环保,both,agree
603798,2021-07-30 00:00:00,750303,2023-10-23 16:18:00,750000,750300,石油石化,603798.SH,康普顿,石油石化,both,agree
603799,2021-07-30 00:00:00,240601,2025-01-21 09:30:00,240000,240600,有色金属,603799.SH,华友钴业,有色金属,both,agree
603800,2015-12-23 00:00:00,640203,2019-08-09 15:39:00,640000,640200,机械设备,603800.SH,洪田股份,机械设备,both,agree
603801,2021-07-30 00:00:00,360308,2026-02-26 16:27:00,360000,360300,轻工制造,603801.SH,志邦家居,轻工制造,both,agree
603803,2021-07-30 00:00:00,730206,2026-06-01 14:47:00,730000,730200,通信,603803.SH,瑞斯康达,通信,both,agree
603806,2021-07-30 00:00:00,630504,2025-10-15 10:57:00,630000,630500,电力设备,603806.SH,福斯特,电力设备,both,agree
603808,2021-07-30 00:00:00,350209,2026-01-26 16:15:00,350000,350200,纺织服饰,603808.SH,歌力思,纺织服饰,both,agree
603809,2021-07-30 00:00:00,280203,2025-01-08 14:36:00,280000,280200,汽车,603809.SH,豪能股份,汽车,both,agree
603810,2021-07-30 00:00:00,220803,2021-07-31 16:18:00,220000,220800,基础化工,603810.SH,丰山集团,基础化工,both,agree
603811,2017-02-24 13:21:00,370102,2020-12-04 14:32:00,370000,370100,医药生物,603811.SH,诚意药业,医药生物,both,agree
603813,2021-07-30 00:00:00,420807,2025-10-15 10:57:00,420000,420800,交通运输,603813.SH,原尚股份,交通运输,both,agree
603815,2021-07-30 00:00:00,620306,2021-07-31 16:18:00,620000,620300,建筑装饰,603815.SH,交建股份,建筑装饰,both,agree
603816,2021-07-30 00:00:00,360307,2024-03-14 10:17:00,360000,360300,轻工制造,603816.SH,顾家家居,轻工制造,both,agree
603817,2021-07-30 00:00:00,760102,2025-10-15 10:57:00,760000,760100,环保,603817.SH,海峡环保,环保,both,agree
603818,2021-07-30 00:00:00,360307,2021-12-01 08:54:00,360000,360300,轻工制造,603818.SH,曲美家居,轻工制造,both,agree
603819,2016-11-06 18:30:00,630101,2020-12-04 14:32:00,630000,630100,电力设备,603819.SH,神力股份,电力设备,both,agree
603822,2016-04-18 00:00:00,220309,2020-09-07 09:18:00,220000,220300,基础化工,603822.SH,ST嘉澳,基础化工,both,agree
603823,2016-12-11 16:19:00,220305,2019-08-09 15:39:00,220000,220300,基础化工,603823.SH,百合花,基础化工,both,agree
603825,2021-07-30 00:00:00,720501,2025-10-15 10:57:00,720000,720500,传媒,603825.SH,ST华扬,传媒,both,agree
603826,2021-07-30 00:00:00,220901,2021-07-31 16:18:00,220000,220900,基础化工,603826.SH,坤彩科技,基础化工,both,agree
603828,2015-01-15 00:02:00,620201,2015-11-05 14:02:00,620000,620200,建筑装饰,603828.SH,*ST利达,建筑装饰,both,agree
603829,2021-07-30 00:00:00,630802,2025-10-15 10:57:00,630000,630800,电力设备,603829.SH,洛凯股份,电力设备,both,agree
603833,2021-07-30 00:00:00,360308,2023-06-28 18:51:00,360000,360300,轻工制造,603833.SH,欧派家居,轻工制造,both,agree
603836,2021-07-30 00:00:00,420805,2025-10-15 10:57:00,420000,420800,交通运输,603836.SH,海程邦达,交通运输,both,agree
603838,2021-07-30 00:00:00,360311,2021-07-31 16:18:00,360000,360300,轻工制造,603838.SH,*ST四通,轻工制造,both,agree
603839,2021-07-30 00:00:00,350209,2022-05-05 19:34:00,350000,350200,纺织服饰,603839.SH,安正时尚,纺织服饰,both,agree
603843,2021-07-30 00:00:00,620306,2021-07-31 16:18:00,620000,620300,建筑装饰,603843.SH,*ST正平,建筑装饰,both,agree
603848,2021-07-30 00:00:00,360307,2023-06-29 11:02:00,360000,360300,轻工制造,603848.SH,好太太,轻工制造,both,agree
603855,2017-05-04 10:43:00,640209,2021-07-16 09:01:00,640000,640200,机械设备,603855.SH,华荣股份,机械设备,both,agree
603856,2017-10-30 14:53:00,610302,2019-08-09 15:39:00,610000,610300,建筑材料,603856.SH,东宏股份,建筑材料,both,agree
603858,2016-11-06 18:30:00,370201,2020-12-04 14:32:00,370000,370200,医药生物,603858.SH,步长制药,医药生物,both,agree
603859,2022-07-29 00:00:00,710301,2024-02-26 08:58:00,710000,710300,计算机,603859.SH,能科科技,计算机,both,agree
603860,2021-07-30 00:00:00,620601,2021-07-31 16:18:00,620000,620600,建筑装饰,603860.SH,中公高科,建筑装饰,both,agree
603861,2021-07-30 00:00:00,630802,2025-10-15 10:57:00,630000,630800,电力设备,603861.SH,白云电器,电力设备,both,agree
603863,2021-07-30 00:00:00,360102,2021-07-31 16:18:00,360000,360100,轻工制造,603863.SH,松炀资源,轻工制造,both,agree
603866,2021-07-30 00:00:00,340802,2025-06-01 08:45:00,340000,340800,食品饮料,603866.SH,桃李面包,食品饮料,both,agree
603867,2019-06-14 14:49:00,220309,2019-08-09 15:39:00,220000,220300,基础化工,603867.SH,新化股份,基础化工,both,agree
603868,2021-07-30 00:00:00,330303,2023-01-09 16:27:00,330000,330300,家用电器,603868.SH,飞科电器,家用电器,both,agree
603869,2021-07-30 00:00:00,710301,2021-07-31 16:18:00,710000,710300,计算机,603869.SH,ST智知,计算机,both,agree
603871,2021-07-30 00:00:00,420805,2025-10-15 10:57:00,420000,420800,交通运输,603871.SH,嘉友国际,交通运输,both,agree
603876,2018-04-03 10:02:00,240301,2021-01-25 13:36:00,240000,240300,有色金属,603876.SH,鼎胜新材,有色金属,both,agree
603877,2021-07-30 00:00:00,350209,2026-01-21 14:01:00,350000,350200,纺织服饰,603877.SH,太平鸟,纺织服饰,both,agree
603878,2021-07-30 00:00:00,230403,2025-01-08 14:36:00,230000,230400,钢铁,603878.SH,武进不锈,钢铁,both,agree
603879,2021-07-30 00:00:00,220504,2021-07-31 16:18:00,220000,220500,基础化工,603879.SH,永悦科技,基础化工,both,agree
603880,2021-07-30 00:00:00,370503,2021-07-31 16:18:00,370000,370500,医药生物,603880.SH,南卫股份,医药生物,both,agree
603881,2023-07-04 00:00:00,730104,2026-06-01 14:47:00,730000,730100,通信,603881.SH,数据港,通信,both,agree
603882,2021-07-30 00:00:00,370602,2025-09-17 18:43:00,370000,370600,医药生物,603882.SH,金域医学,医药生物,both,agree
603883,2021-07-30 00:00:00,370403,2024-04-01 15:27:00,370000,370400,医药生物,603883.SH,老百姓,医药生物,both,agree
603885,2021-07-30 00:00:00,421001,2025-10-15 10:57:00,420000,421000,交通运输,603885.SH,吉祥航空,交通运输,both,agree
603886,2021-07-30 00:00:00,340802,2021-12-01 08:56:00,340000,340800,食品饮料,603886.SH,元祖股份,食品饮料,both,agree
603887,2021-07-30 00:00:00,710301,2021-07-31 16:18:00,710000,710300,计算机,603887.SH,城地香江,计算机,both,agree
603888,2021-07-30 00:00:00,720704,2025-10-15 10:57:00,720000,720700,传媒,603888.SH,新华网,传媒,both,agree
603889,2021-07-30 00:00:00,350106,2024-01-24 15:41:00,350000,350100,纺织服饰,603889.SH,新澳股份,纺织服饰,both,agree
603890,2021-07-30 00:00:00,270504,2025-09-09 10:17:00,270000,270500,电子,603890.SH,春秋电子,电子,both,agree
603893,2021-07-30 00:00:00,270104,2025-09-09 10:17:00,270000,270100,电子,603893.SH,瑞芯微,电子,both,agree
603895,2018-01-29 19:58:00,640209,2019-08-09 15:39:00,640000,640200,机械设备,603895.SH,天永智能,机械设备,both,agree
603896,2017-05-04 10:09:00,370201,2020-12-04 14:32:00,370000,370200,医药生物,603896.SH,寿仙谷,医药生物,both,agree
603897,2021-07-30 00:00:00,630805,2025-10-15 10:57:00,630000,630800,电力设备,603897.SH,长城科技,电力设备,both,agree
603898,2021-07-30 00:00:00,360308,2021-07-31 16:18:00,360000,360300,轻工制造,603898.SH,好莱客,轻工制造,both,agree
603899,2021-07-30 00:00:00,360501,2023-06-28 21:52:00,360000,360500,轻工制造,603899.SH,晨光股份,轻工制造,both,agree
603900,2021-07-30 00:00:00,350301,2021-07-31 16:18:00,350000,350300,纺织服饰,603900.SH,莱绅通灵,纺织服饰,both,agree
603901,2015-05-26 00:00:00,640208,2015-10-27 15:29:00,640000,640200,机械设备,603901.SH,永创智能,机械设备,both,agree
603903,2021-07-30 00:00:00,760102,2025-10-15 10:57:00,760000,760100,环保,603903.SH,中持股份,环保,both,agree
603906,2023-09-15 00:00:00,630702,2025-10-15 10:57:00,630000,630700,电力设备,603906.SH,龙蟠科技,电力设备,both,agree
603908,2021-07-30 00:00:00,350205,2026-01-26 16:15:00,350000,350200,纺织服饰,603908.SH,牧高笛,纺织服饰,both,agree
603909,2021-07-30 00:00:00,620601,2025-09-11 13:56:00,620000,620600,建筑装饰,603909.SH,建发合诚,建筑装饰,both,agree
603912,2021-07-30 00:00:00,640105,2025-10-15 10:57:00,640000,640100,机械设备,603912.SH,佳力图,机械设备,both,agree
603915,2021-07-30 00:00:00,640108,2025-10-15 10:57:00,640000,640100,机械设备,603915.SH,国茂股份,机械设备,both,agree
603916,2017-11-08 14:17:00,220309,2021-03-03 15:31:00,220000,220300,基础化工,603916.SH,苏博特,基础化工,both,agree
603917,2021-07-30 00:00:00,280205,2025-01-08 14:36:00,280000,280200,汽车,603917.SH,合力科技,汽车,both,agree
603918,2021-07-30 00:00:00,710301,2021-07-31 16:18:00,710000,710300,计算机,603918.SH,金桥信息,计算机,both,agree
603919,2021-07-30 00:00:00,340501,2024-12-04 10:24:00,340000,340500,食品饮料,603919.SH,金徽酒,食品饮料,both,agree
603920,2017-04-19 16:51:00,270202,2019-08-09 15:38:00,270000,270200,电子,603920.SH,世运电路,电子,both,agree
603922,2021-07-30 00:00:00,280205,2025-01-08 14:36:00,280000,280200,汽车,603922.SH,ST金鸿顺,汽车,both,agree
603926,2021-07-30 00:00:00,280203,2025-01-08 14:36:00,280000,280200,汽车,603926.SH,铁流股份,汽车,both,agree
603927,2021-07-30 00:00:00,710401,2021-07-31 16:18:00,710000,710400,计算机,603927.SH,中科软,计算机,both,agree
603928,2021-07-30 00:00:00,220504,2021-07-31 16:18:00,220000,220500,基础化工,603928.SH,兴业股份,基础化工,both,agree
603929,2016-12-13 15:47:00,620404,2020-03-06 13:55:00,620000,620400,建筑装饰,603929.SH,亚翔集成,建筑装饰,both,agree
603931,2021-07-30 00:00:00,270601,2021-07-31 16:18:00,270000,270600,电子,603931.SH,格林达,电子,both,agree
603933,2021-07-30 00:00:00,270401,2023-04-25 09:33:00,270000,270400,电子,603933.SH,睿能科技,电子,both,agree
603936,2015-12-23 00:00:00,270202,2019-08-09 15:38:00,270000,270200,电子,603936.SH,博敏电子,电子,both,agree
603937,2021-07-30 00:00:00,240301,2025-01-08 14:36:00,240000,240300,有色金属,603937.SH,丽岛新材,有色金属,both,agree
603938,2022-07-29 00:00:00,220204,2023-12-25 16:34:00,220000,220200,基础化工,603938.SH,三孚股份,基础化工,both,agree
603939,2021-07-30 00:00:00,370403,2021-07-31 16:18:00,370000,370400,医药生物,603939.SH,益丰药房,医药生物,both,agree
603948,2020-02-17 08:53:00,220309,2020-04-09 13:53:00,220000,220300,基础化工,603948.SH,建业股份,基础化工,both,agree
603949,2021-07-30 00:00:00,280203,2025-01-08 14:36:00,280000,280200,汽车,603949.SH,雪龙集团,汽车,both,agree
603950,2021-07-30 00:00:00,280203,2025-01-08 14:36:00,280000,280200,汽车,603950.SH,长源东谷,汽车,both,agree
603955,2021-07-30 00:00:00,620307,2021-08-02 13:20:00,620000,620300,建筑装饰,603955.SH,大千生态,建筑装饰,both,agree
603956,2019-02-18 14:08:00,640209,2019-08-09 15:39:00,640000,640200,机械设备,603956.SH,威派格,机械设备,both,agree
603958,2016-06-24 00:00:00,350205,2019-08-09 15:38:00,350000,350200,纺织服饰,603958.SH,哈森股份,纺织服饰,both,agree
603959,2016-05-09 00:00:00,620402,2019-08-09 15:39:00,620000,620400,建筑装饰,603959.SH,ST百利,建筑装饰,both,agree
603960,2026-07-01 10:24:00,280203,2026-07-01 10:24:00,280000,280200,汽车,603960.SH,克来机电,汽车,both,agree
603963,2017-09-07 14:58:00,370201,2020-12-04 14:32:00,370000,370200,医药生物,,,,left_only,only_sw
603966,2021-07-30 00:00:00,640203,2025-10-15 10:57:00,640000,640200,机械设备,603966.SH,法兰泰克,机械设备,both,agree
603967,2021-07-30 00:00:00,420805,2025-10-15 10:57:00,420000,420800,交通运输,603967.SH,中创物流,交通运输,both,agree
603968,2021-07-30 00:00:00,220315,2021-07-31 16:18:00,220000,220300,基础化工,603968.SH,醋化股份,基础化工,both,agree
603969,2021-07-30 00:00:00,640108,2025-10-15 10:57:00,640000,640100,机械设备,603969.SH,银龙股份,机械设备,both,agree
603970,2021-07-30 00:00:00,220803,2021-07-31 16:18:00,220000,220800,基础化工,603970.SH,中农立华,基础化工,both,agree
603976,2021-07-30 00:00:00,370503,2021-07-31 16:18:00,370000,370500,医药生物,603976.SH,正川股份,医药生物,both,agree
603977,2018-07-13 00:00:00,220307,2019-08-09 15:39:00,220000,220300,基础化工,603977.SH,国泰集团,基础化工,both,agree
603978,2017-08-07 22:25:00,240201,2021-01-25 13:36:00,240000,240200,有色金属,603978.SH,深圳新星,有色金属,both,agree
603979,2023-10-13 00:00:00,240302,2025-01-24 16:29:00,240000,240300,有色金属,603979.SH,金诚信,有色金属,both,agree
603980,2017-06-05 14:11:00,220308,2019-08-09 15:39:00,220000,220300,基础化工,603980.SH,吉华集团,基础化工,both,agree
603982,2021-07-30 00:00:00,280203,2025-01-08 14:36:00,280000,280200,汽车,603982.SH,泉峰汽车,汽车,both,agree
603983,2021-07-30 00:00:00,770202,2024-07-14 10:43:00,770000,770200,美容护理,603983.SH,丸美生物,美容护理,both,agree
603985,2022-07-29 00:00:00,630602,2025-10-15 10:57:00,630000,630600,电力设备,603985.SH,恒润股份,电力设备,both,agree
603986,2021-07-30 00:00:00,270104,2023-04-25 09:33:00,270000,270100,电子,603986.SH,兆易创新,电子,both,agree
603987,2021-07-30 00:00:00,370503,2021-07-31 16:18:00,370000,370500,医药生物,603987.SH,康德莱,医药生物,both,agree
603988,2014-02-21 00:00:00,630101,2024-10-09 16:02:00,630000,630100,电力设备,603988.SH,中电电机,电力设备,both,agree
603989,2015-01-06 00:05:00,270203,2015-11-05 14:02:00,270000,270200,电子,603989.SH,艾华集团,电子,both,agree
603990,2021-07-30 00:00:00,710401,2025-10-15 10:57:00,710000,710400,计算机,603990.SH,麦迪科技,计算机,both,agree
603991,2025-08-11 17:30:00,270108,2025-08-11 17:30:00,270000,270100,电子,603991.SH,领先股份,电子,both,agree
603992,2021-07-30 00:00:00,360309,2021-07-31 16:18:00,360000,360300,轻工制造,603992.SH,松霖科技,轻工制造,both,agree
603993,2024-11-15 18:02:00,240302,2025-01-21 09:30:00,240000,240300,有色金属,603993.SH,洛阳钼业,有色金属,both,agree
603995,2021-07-30 00:00:00,230501,2025-01-24 16:29:00,230000,230500,钢铁,603995.SH,甬金股份,钢铁,both,agree
603996,2021-07-30 00:00:00,270503,2021-07-31 16:18:00,270000,270500,电子,,,,left_only,only_sw
603997,2021-07-30 00:00:00,280202,2023-01-17 13:34:00,280000,280200,汽车,603997.SH,继峰股份,汽车,both,agree
603998,2014-01-25 00:00:00,370201,2015-10-27 15:28:00,370000,370200,医药生物,603998.SH,方盛制药,医药生物,both,agree
603999,2021-07-30 00:00:00,720902,2025-10-15 10:57:00,720000,720900,传媒,603999.SH,读者传媒,传媒,both,agree
605001,2020-05-05 19:52:00,640501,2020-05-18 10:58:00,640000,640500,机械设备,605001.SH,威奥股份,机械设备,both,agree
605003,2020-07-31 15:45:00,350206,2020-08-17 10:57:00,350000,350200,纺织服饰,605003.SH,众望布艺,纺织服饰,both,agree
605005,2021-07-30 00:00:00,280206,2025-01-08 14:36:00,280000,280200,汽车,605005.SH,合兴股份,汽车,both,agree
605006,2021-07-30 00:00:00,610202,2021-08-04 10:42:00,610000,610200,建筑材料,605006.SH,山东玻纤,建筑材料,both,agree
605007,2021-07-30 00:00:00,360103,2021-07-31 16:18:00,360000,360100,轻工制造,605007.SH,五洲特纸,轻工制造,both,agree
605008,2020-08-07 08:33:00,220501,2021-07-01 09:35:00,220000,220500,基础化工,605008.SH,长鸿高科,基础化工,both,agree
605009,2021-07-30 00:00:00,770101,2025-03-20 09:14:00,770000,770100,美容护理,605009.SH,豪悦护理,美容护理,both,agree
605011,2021-06-14 10:02:00,410104,2021-07-06 09:16:00,410000,410100,公用事业,605011.SH,杭州热电,公用事业,both,agree
605016,2021-07-30 00:00:00,220315,2023-12-25 13:03:00,220000,220300,基础化工,605016.SH,百龙创园,基础化工,both,agree
605018,2021-07-30 00:00:00,280205,2025-01-08 14:36:00,280000,280200,汽车,605018.SH,长华集团,汽车,both,agree
605020,2021-06-30 18:04:00,220311,2021-07-06 09:08:00,220000,220300,基础化工,605020.SH,永和股份,基础化工,both,agree
605028,2021-06-06 21:31:00,410104,2021-07-06 09:16:00,410000,410100,公用事业,605028.SH,世茂能源,公用事业,both,agree
605033,2021-08-27 00:00:00,220803,2021-09-17 14:10:00,220000,220800,基础化工,605033.SH,美邦股份,基础化工,both,agree
605050,2021-07-30 00:00:00,420802,2025-10-15 10:57:00,420000,420800,交通运输,605050.SH,福然德,交通运输,both,agree
605055,2021-07-30 00:00:00,350104,2021-07-31 16:18:00,350000,350100,纺织服饰,605055.SH,迎丰股份,纺织服饰,both,agree
605056,2021-07-30 00:00:00,640107,2025-10-15 10:57:00,640000,640100,机械设备,605056.SH,咸亨国际,机械设备,both,agree
605058,2020-09-24 09:01:00,270202,2020-09-25 15:05:00,270000,270200,电子,605058.SH,澳弘电子,电子,both,agree
605060,2021-07-30 00:00:00,640106,2026-03-18 22:31:00,640000,640100,机械设备,605060.SH,联德股份,机械设备,both,agree
605066,2021-07-30 00:00:00,630802,2025-10-15 10:57:00,630000,630800,电力设备,605066.SH,天正电气,电力设备,both,agree
605068,2021-07-30 00:00:00,280202,2025-01-08 14:36:00,280000,280200,汽车,605068.SH,明新旭腾,汽车,both,agree
605069,2021-08-06 00:00:00,760104,2025-10-15 10:57:00,760000,760100,环保,605069.SH,正和生态,环保,both,agree
605077,2021-07-30 00:00:00,220315,2026-09-22 11:03:00,220000,220300,基础化工,605077.SH,华康股份,基础化工,both,agree
605080,2021-07-30 00:00:00,360502,2021-10-08 14:22:00,360000,360500,轻工制造,605080.SH,浙江自然,轻工制造,both,agree
605081,2021-07-30 00:00:00,760102,2025-10-15 10:57:00,760000,760100,环保,605081.SH,退市太和(退市),环保,both,agree
605086,2021-07-30 00:00:00,220901,2021-07-31 16:18:00,220000,220900,基础化工,605086.SH,龙高股份,基础化工,both,agree
605088,2021-07-30 00:00:00,280203,2023-09-05 09:29:00,280000,280200,汽车,605088.SH,冠盛股份,汽车,both,agree
605089,2021-07-30 00:00:00,340406,2021-07-31 16:18:00,340000,340400,食品饮料,605089.SH,味知香,食品饮料,both,agree
605090,2021-05-08 15:53:00,410301,2021-05-26 17:44:00,410000,410300,公用事业,605090.SH,九丰能源,公用事业,both,agree
605098,2021-07-30 00:00:00,461102,2022-05-05 19:27:00,460000,461100,社会服务,605098.SH,行动教育,社会服务,both,agree
605099,2021-07-30 00:00:00,360311,2024-06-21 13:48:00,360000,360300,轻工制造,605099.SH,共创草坪,轻工制造,both,agree
605100,2021-07-30 00:00:00,640108,2025-10-15 10:57:00,640000,640100,机械设备,605100.SH,华丰股份,机械设备,both,agree
605108,2021-07-30 00:00:00,460902,2024-01-23 14:10:00,460000,460900,社会服务,605108.SH,同庆楼,社会服务,both,agree
605111,2020-09-09 13:55:00,270102,2020-09-25 15:05:00,270000,270100,电子,605111.SH,新洁能,电子,both,agree
605116,2020-09-04 10:02:00,370101,2020-09-08 13:08:00,370000,370100,医药生物,605116.SH,奥锐特,医药生物,both,agree
605117,2023-07-04 00:00:00,630503,2026-06-17 14:33:00,630000,630500,电力设备,605117.SH,德业股份,电力设备,both,agree
605118,2021-07-30 00:00:00,710102,2023-04-25 09:33:00,710000,710100,计算机,605118.SH,力鼎光电,计算机,both,agree
605122,2021-07-30 00:00:00,610102,2023-12-07 10:03:00,610000,610100,建筑材料,605122.SH,四方新材,建筑材料,both,agree
605123,2020-08-08 15:08:00,650201,2024-07-01 19:23:00,650000,650200,国防军工,605123.SH,派克新材,国防军工,both,agree
605128,2021-07-30 00:00:00,280202,2025-01-08 14:36:00,280000,280200,汽车,605128.SH,上海沿浦,汽车,both,agree
605133,2021-07-30 00:00:00,280203,2025-01-08 14:36:00,280000,280200,汽车,605133.SH,嵘泰股份,汽车,both,agree
605136,2021-07-30 00:00:00,450603,2024-01-26 14:59:00,450000,450600,商贸零售,605136.SH,丽人丽妆,商贸零售,both,agree
605138,2021-09-17 00:00:00,350209,2026-01-26 16:15:00,350000,350200,纺织服饰,605138.SH,盛泰集团,纺织服饰,both,agree
605151,2022-07-29 00:00:00,280202,2025-01-08 14:36:00,280000,280200,汽车,605151.SH,西上海,汽车,both,agree
605155,2021-07-30 00:00:00,360311,2024-01-18 09:58:00,360000,360300,轻工制造,605155.SH,西大门,轻工制造,both,agree
605158,2023-07-04 00:00:00,240201,2025-01-08 14:36:00,240000,240200,有色金属,605158.SH,华达新材,有色金属,both,agree
605162,2021-06-22 18:14:00,410104,2021-07-06 09:16:00,410000,410100,公用事业,605162.SH,新中港,公用事业,both,agree
605166,2021-07-30 00:00:00,220406,2025-01-04 11:19:00,220000,220400,基础化工,605166.SH,聚合顺,基础化工,both,agree
605167,2021-07-09 14:07:00,620402,2021-07-09 14:07:00,620000,620400,建筑装饰,605167.SH,利柏特,建筑装饰,both,agree
605168,2021-07-30 00:00:00,720501,2025-10-15 10:57:00,720000,720500,传媒,605168.SH,三人行,传媒,both,agree
605169,2020-10-16 16:01:00,410301,2020-11-02 15:27:00,410000,410300,公用事业,605169.SH,洪通燃气,公用事业,both,agree
605177,2020-11-21 09:37:00,370101,2020-12-31 09:53:00,370000,370100,医药生物,605177.SH,东亚药业,医药生物,both,agree
605178,2022-07-29 00:00:00,620404,2023-12-07 10:03:00,620000,620400,建筑装饰,605178.SH,时空科技,建筑装饰,both,agree
605179,2021-07-30 00:00:00,340702,2024-03-01 09:51:00,340000,340700,食品饮料,605179.SH,一鸣食品,食品饮料,both,agree
605180,2021-04-15 08:50:00,350106,2021-04-28 15:18:00,350000,350100,纺织服饰,605180.SH,华生科技,纺织服饰,both,agree
605183,2020-11-25 14:41:00,220603,2020-12-31 09:50:00,220000,220600,基础化工,605183.SH,确成股份,基础化工,both,agree
605186,2021-07-30 00:00:00,640704,2025-10-15 10:57:00,640000,640700,机械设备,605186.SH,健麾信息,机械设备,both,agree
605188,2020-06-24 08:36:00,450302,2020-08-17 11:02:00,450000,450300,商贸零售,605188.SH,国光连锁,商贸零售,both,agree
605189,2021-07-30 00:00:00,350104,2024-04-01 15:29:00,350000,350100,纺织服饰,605189.SH,富春染织,纺织服饰,both,agree
605196,2021-07-30 00:00:00,630805,2025-03-04 12:23:00,630000,630800,电力设备,605196.SH,华通线缆,电力设备,both,agree
605198,2020-09-09 13:56:00,110501,2020-09-25 15:10:00,110000,110500,农林牧渔,605198.SH,安德利,农林牧渔,both,agree
605199,2020-06-24 08:36:00,370201,2020-08-17 10:55:00,370000,370200,医药生物,605199.SH,ST葫芦娃,医药生物,both,agree
605208,2021-02-19 15:24:00,240301,2021-03-04 13:16:00,240000,240300,有色金属,605208.SH,永茂泰,有色金属,both,agree
605218,2020-09-14 08:38:00,270301,2020-09-25 15:05:00,270000,270300,电子,605218.SH,伟时电子,电子,both,agree
605222,2021-07-30 00:00:00,630805,2025-10-15 10:57:00,630000,630800,电力设备,605222.SH,起帆电缆,电力设备,both,agree
605228,2021-07-30 00:00:00,280202,2025-01-08 14:36:00,280000,280200,汽车,605228.SH,神通科技,汽车,both,agree
605255,2021-07-30 00:00:00,280203,2025-01-08 14:36:00,280000,280200,汽车,605255.SH,天普股份,汽车,both,agree
605258,2020-11-21 09:38:00,270202,2020-12-31 09:50:00,270000,270200,电子,605258.SH,协和电子,电子,both,agree
605259,2021-07-30 00:00:00,640209,2025-10-15 10:57:00,640000,640200,机械设备,605259.SH,绿田机械,机械设备,both,agree
605266,2021-07-30 00:00:00,370403,2021-07-31 16:18:00,370000,370400,医药生物,605266.SH,健之佳,医药生物,both,agree
605268,2021-07-30 00:00:00,360308,2021-07-31 16:18:00,360000,360300,轻工制造,605268.SH,王力安防,轻工制造,both,agree
605277,2021-07-30 00:00:00,270504,2022-10-11 14:53:00,270000,270500,电子,605277.SH,新亚电子,电子,both,agree
605286,2021-03-05 19:19:00,640204,2021-04-12 13:48:00,640000,640200,机械设备,605286.SH,同力天启,机械设备,both,agree
605287,2021-06-22 18:14:00,620201,2021-07-06 09:20:00,620000,620200,建筑装饰,605287.SH,德才股份,建筑装饰,both,agree
605288,2021-07-30 00:00:00,640702,2025-10-15 10:57:00,640000,640700,机械设备,605288.SH,凯迪股份,机械设备,both,agree
605289,2021-07-30 00:00:00,620404,2021-07-31 16:18:00,620000,620400,建筑装饰,605289.SH,罗曼股份,建筑装饰,both,agree
605296,2021-07-30 00:00:00,110702,2024-07-30 17:14:00,110000,110700,农林牧渔,605296.SH,神农集团,农林牧渔,both,agree
605298,2021-02-05 18:01:00,640501,2021-03-04 13:03:00,640000,640500,机械设备,605298.SH,必得科技,机械设备,both,agree
605299,2021-07-30 00:00:00,360502,2022-01-01 17:07:00,360000,360500,轻工制造,605299.SH,舒华体育,轻工制造,both,agree
605300,2021-07-30 00:00:00,340702,2025-04-01 13:55:00,340000,340700,食品饮料,605300.SH,佳禾食品,食品饮料,both,agree
605303,2021-07-30 00:00:00,620307,2021-08-02 13:20:00,620000,620300,建筑装饰,605303.SH,园林股份,建筑装饰,both,agree
605305,2021-07-30 00:00:00,640601,2025-10-15 10:57:00,640000,640600,机械设备,605305.SH,中际联合,机械设备,both,agree
605318,2020-07-21 08:26:00,610303,2020-08-17 10:56:00,610000,610300,建筑材料,605318.SH,法狮龙,建筑材料,both,agree
605319,2021-07-30 00:00:00,280205,2025-02-18 15:31:00,280000,280200,汽车,605319.SH,无锡振华,汽车,both,agree
605333,2021-07-30 00:00:00,280206,2025-01-08 14:36:00,280000,280200,汽车,605333.SH,沪光股份,汽车,both,agree
605336,2021-07-30 00:00:00,330401,2021-07-31 16:18:00,330000,330400,家用电器,605336.SH,*ST帅电,家用电器,both,agree
605337,2021-07-30 00:00:00,340701,2025-06-01 08:45:00,340000,340700,食品饮料,605337.SH,李子园,食品饮料,both,agree
605338,2021-07-30 00:00:00,340406,2025-06-01 08:45:00,340000,340400,食品饮料,605338.SH,巴比食品,食品饮料,both,agree
605339,2021-07-30 00:00:00,340802,2022-05-09 13:57:00,340000,340800,食品饮料,605339.SH,南侨食品,食品饮料,both,agree
605358,2021-07-30 00:00:00,270103,2023-04-25 09:33:00,270000,270100,电子,605358.SH,立昂微,电子,both,agree
605365,2021-07-30 00:00:00,330501,2023-04-25 09:33:00,330000,330500,家用电器,605365.SH,立达信,家用电器,both,agree
605366,2020-07-27 08:35:00,220309,2020-08-17 10:51:00,220000,220300,基础化工,605366.SH,宏柏新材,基础化工,both,agree
605368,2021-01-14 22:06:00,410301,2021-01-15 09:19:00,410000,410300,公用事业,605368.SH,蓝天燃气,公用事业,both,agree
605369,2021-07-30 00:00:00,370503,2021-07-31 16:18:00,370000,370500,医药生物,605369.SH,拱东医疗,医药生物,both,agree
605376,2023-07-04 00:00:00,240602,2023-07-04 15:14:00,240000,240600,有色金属,605376.SH,博迁新材,有色金属,both,agree
605377,2021-07-30 00:00:00,360103,2023-06-28 21:53:00,360000,360100,轻工制造,605377.SH,华旺科技,轻工制造,both,agree
605378,2021-07-30 00:00:00,630705,2025-10-15 10:57:00,630000,630700,电力设备,605378.SH,野马电池,电力设备,both,agree
605388,2021-07-30 00:00:00,340702,2021-07-31 16:18:00,340000,340700,食品饮料,605388.SH,均瑶健康,食品饮料,both,agree
605389,2021-07-30 00:00:00,640602,2025-10-15 10:57:00,640000,640600,机械设备,605389.SH,长龄液压,机械设备,both,agree
605398,2021-07-30 00:00:00,710301,2021-07-31 16:18:00,710000,710300,计算机,605398.SH,新炬网络,计算机,both,agree
605399,2021-07-30 00:00:00,220316,2021-07-31 16:18:00,220000,220300,基础化工,605399.SH,晨光新材,基础化工,both,agree
605488,2022-07-29 00:00:00,220505,2025-01-02 18:08:00,220000,220500,基础化工,605488.SH,福莱新材,基础化工,both,agree
605499,2021-07-30 00:00:00,340701,2022-01-11 15:18:00,340000,340700,食品饮料,605499.SH,东鹏饮料,食品饮料,both,agree
605500,2021-07-30 00:00:00,360102,2021-07-31 16:18:00,360000,360100,轻工制造,605500.SH,森林包装,轻工制造,both,agree
605507,2021-07-23 11:14:00,370101,2021-07-23 11:14:00,370000,370100,医药生物,605507.SH,国邦医药,医药生物,both,agree
605555,2021-10-15 00:00:00,330302,2024-03-18 20:03:00,330000,330300,家用电器,605555.SH,德昌股份,家用电器,both,agree
605566,2021-10-15 00:00:00,220308,2021-11-18 09:14:00,220000,220300,基础化工,605566.SH,福莱蒽特,基础化工,both,agree
605567,2021-09-17 00:00:00,340406,2021-11-18 09:19:00,340000,340400,食品饮料,605567.SH,春雪食品,食品饮料,both,agree
605577,2021-07-30 00:00:00,720901,2025-10-15 10:57:00,720000,720900,传媒,605577.SH,龙版传媒,传媒,both,agree
605580,2021-08-13 00:00:00,410104,2025-10-15 10:57:00,410000,410100,公用事业,605580.SH,恒盛能源,公用事业,both,agree
605588,2021-08-06 00:00:00,270303,2023-04-25 09:33:00,270000,270300,电子,605588.SH,冠石科技,电子,both,agree
605589,2021-08-13 00:00:00,220504,2023-09-22 10:29:00,220000,220500,基础化工,605589.SH,圣泉集团,基础化工,both,agree
605598,2021-08-20 00:00:00,620404,2024-01-23 09:18:00,620000,620400,建筑装饰,605598.SH,上海港湾,建筑装饰,both,agree
605599,2021-08-20 00:00:00,350301,2026-02-26 16:27:00,350000,350300,纺织服饰,605599.SH,菜百股份,纺织服饰,both,agree
688001,2021-07-30 00:00:00,640107,2026-09-20 20:55:00,640000,640100,机械设备,688001.SH,华兴源创,机械设备,both,agree
688002,2026-08-21 13:22:00,270105,2026-08-21 13:22:00,270000,270100,电子,688002.SH,睿创微纳,电子,both,agree
688003,2021-07-30 00:00:00,640704,2025-10-15 10:57:00,640000,640700,机械设备,688003.SH,天准科技,机械设备,both,agree
688004,2021-07-30 00:00:00,710301,2021-07-31 16:18:00,710000,710300,计算机,688004.SH,博汇科技,计算机,both,agree
688005,2021-07-30 00:00:00,630702,2025-10-15 10:57:00,630000,630700,电力设备,688005.SH,容百科技,电力设备,both,agree
688006,2021-07-30 00:00:00,630703,2025-10-15 10:57:00,630000,630700,电力设备,688006.SH,杭可科技,电力设备,both,agree
688007,2021-07-30 00:00:00,270503,2023-01-09 16:25:00,270000,270500,电子,688007.SH,光峰科技,电子,both,agree
688008,2021-07-30 00:00:00,270104,2023-04-25 09:33:00,270000,270100,电子,688008.SH,澜起科技,电子,both,agree
688009,2019-07-08 09:42:00,640501,2021-03-03 15:32:00,640000,640500,机械设备,688009.SH,中国通号,机械设备,both,agree
688010,2019-07-08 09:42:00,270303,2019-11-12 15:13:00,270000,270300,电子,688010.SH,福光股份,电子,both,agree
688011,2021-07-30 00:00:00,650501,2025-10-15 10:57:00,650000,650500,国防军工,688011.SH,新光光电,国防军工,both,agree
688012,2021-07-30 00:00:00,270108,2025-10-15 10:57:00,270000,270100,电子,688012.SH,中微公司,电子,both,agree
688013,2021-07-30 00:00:00,370503,2021-07-31 16:18:00,370000,370500,医药生物,688013.SH,天臣医疗,医药生物,both,agree
688015,2019-07-11 13:42:00,640501,2019-11-12 15:14:00,640000,640500,机械设备,688015.SH,交控科技,机械设备,both,agree
688016,2021-07-30 00:00:00,370503,2024-03-14 15:48:00,370000,370500,医药生物,688016.SH,心脉医疗,医药生物,both,agree
688017,2021-07-30 00:00:00,640701,2025-10-15 10:57:00,640000,640700,机械设备,688017.SH,绿的谐波,机械设备,both,agree
688018,2021-07-30 00:00:00,270104,2025-10-15 10:57:00,270000,270100,电子,688018.SH,乐鑫科技,电子,both,agree
688019,2021-07-30 00:00:00,270601,2025-12-31 11:31:00,270000,270600,电子,688019.SH,安集科技,电子,both,agree
688020,2021-07-30 00:00:00,270202,2024-01-19 11:11:00,270000,270200,电子,688020.SH,方邦股份,电子,both,agree
688021,2021-07-30 00:00:00,280205,2025-01-08 14:36:00,280000,280200,汽车,688021.SH,奥福科技,汽车,both,agree
688022,2019-07-11 13:42:00,640209,2020-04-07 08:50:00,640000,640200,机械设备,688022.SH,ST瀚川,机械设备,both,agree
688023,2021-07-30 00:00:00,710402,2026-02-26 16:27:00,710000,710400,计算机,688023.SH,安恒信息,计算机,both,agree
688025,2021-07-30 00:00:00,640703,2025-10-21 16:55:00,640000,640700,机械设备,688025.SH,杰普特,机械设备,both,agree
688026,2022-07-29 00:00:00,370503,2022-07-29 11:54:00,370000,370500,医药生物,688026.SH,洁特生物,医药生物,both,agree
688027,2021-07-30 00:00:00,730206,2026-06-01 14:47:00,730000,730200,通信,688027.SH,国盾量子,通信,both,agree
688028,2019-07-11 13:43:00,640103,2019-11-12 15:15:00,640000,640100,机械设备,688028.SH,沃尔德,机械设备,both,agree
688029,2021-07-30 00:00:00,370503,2022-04-12 09:52:00,370000,370500,医药生物,688029.SH,南微医学,医药生物,both,agree
688030,2021-07-30 00:00:00,710402,2023-06-01 14:03:00,710000,710400,计算机,688030.SH,山石网科,计算机,both,agree
688031,2022-09-23 00:00:00,710402,2022-09-23 11:06:00,710000,710400,计算机,688031.SH,星环科技-U,计算机,both,agree
688032,2021-12-03 00:00:00,630503,2026-06-17 14:33:00,630000,630500,电力设备,688032.SH,禾迈股份,电力设备,both,agree
688033,2019-07-11 13:43:00,640501,2019-11-12 15:16:00,640000,640500,机械设备,688033.SH,*ST天宜,机械设备,both,agree
688035,2022-09-02 00:00:00,270601,2025-10-28 10:25:00,270000,270600,电子,688035.SH,德邦科技,电子,both,agree
688036,2021-07-30 00:00:00,270503,2023-04-25 09:33:00,270000,270500,电子,688036.SH,传音控股,电子,both,agree
688037,2021-07-30 00:00:00,270108,2024-05-13 16:21:00,270000,270100,电子,688037.SH,芯源微,电子,both,agree
688038,2021-07-30 00:00:00,710401,2021-07-31 16:18:00,710000,710400,计算机,688038.SH,中科通达,计算机,both,agree
688039,2021-07-30 00:00:00,710301,2021-07-31 16:18:00,710000,710300,计算机,688039.SH,当虹科技,计算机,both,agree
688041,2022-08-02 00:00:00,270104,2022-08-03 10:46:00,270000,270100,电子,688041.SH,海光信息,电子,both,agree
688045,2022-05-13 00:00:00,270105,2023-04-25 09:33:00,270000,270100,电子,688045.SH,必易微,电子,both,agree
688046,2022-04-01 00:00:00,370603,2022-04-01 18:41:00,370000,370600,医药生物,688046.SH,药康生物,医药生物,both,agree
688047,2022-06-10 00:00:00,270104,2024-01-24 12:31:00,270000,270100,电子,688047.SH,龙芯中科,电子,both,agree
688048,2022-03-18 00:00:00,270102,2024-05-13 16:26:00,270000,270100,电子,688048.SH,长光华芯,电子,both,agree
688049,2021-11-12 00:00:00,270104,2026-02-01 09:39:00,270000,270100,电子,688049.SH,炬芯科技,电子,both,agree
688050,2021-07-30 00:00:00,370503,2021-07-31 16:18:00,370000,370500,医药生物,688050.SH,爱博医疗,医药生物,both,agree
688051,2021-07-30 00:00:00,710301,2021-07-31 16:18:00,710000,710300,计算机,688051.SH,佳华科技,计算机,both,agree
688052,2022-04-01 00:00:00,270105,2024-12-18 18:43:00,270000,270100,电子,688052.SH,纳芯微,电子,both,agree
688053,2022-07-08 00:00:00,650501,2025-10-15 10:57:00,650000,650500,国防军工,688053.SH,ST思科瑞,国防军工,both,agree
688055,2020-07-31 15:45:00,270301,2020-08-17 10:48:00,270000,270300,电子,688055.SH,龙腾光电,电子,both,agree
688056,2021-07-30 00:00:00,640107,2025-10-15 10:57:00,640000,640100,机械设备,688056.SH,莱伯泰科,机械设备,both,agree
688057,2021-07-30 00:00:00,760102,2025-10-15 10:57:00,760000,760100,环保,688057.SH,金达莱,环保,both,agree
688058,2021-12-03 00:00:00,710402,2021-12-03 16:34:00,710000,710400,计算机,688058.SH,宝兰德,计算机,both,agree
688059,2021-07-30 00:00:00,640108,2025-10-15 10:57:00,640000,640100,机械设备,688059.SH,华锐精密,机械设备,both,agree
688060,2021-07-30 00:00:00,710103,2021-07-31 16:18:00,710000,710100,计算机,688060.SH,云涌科技,计算机,both,agree
688061,2022-09-23 00:00:00,270105,2022-09-23 11:06:00,270000,270100,电子,688061.SH,灿瑞科技,电子,both,agree
688062,2021-12-24 00:00:00,370102,2021-12-29 14:01:00,370000,370100,医药生物,688062.SH,迈威生物-U,医药生物,both,agree
688063,2021-07-30 00:00:00,630701,2025-10-15 10:57:00,630000,630700,电力设备,688063.SH,派能科技,电力设备,both,agree
688065,2020-07-27 08:36:00,220309,2021-07-01 09:35:00,220000,220300,基础化工,688065.SH,凯赛生物,基础化工,both,agree
688066,2021-07-30 00:00:00,710301,2025-01-24 16:29:00,710000,710300,计算机,688066.SH,*ST航图,计算机,both,agree
688067,2021-07-30 00:00:00,370504,2021-07-31 16:18:00,370000,370500,医药生物,688067.SH,爱威科技,医药生物,both,agree
688068,2021-07-30 00:00:00,370504,2021-07-31 16:18:00,370000,370500,医药生物,688068.SH,热景生物,医药生物,both,agree
688069,2021-07-30 00:00:00,760102,2025-10-15 10:57:00,760000,760100,环保,688069.SH,德林海,环保,both,agree
688070,2021-01-25 09:16:00,650201,2021-03-04 13:12:00,650000,650200,国防军工,688070.SH,纵横股份,国防军工,both,agree
688071,2021-07-12 18:02:00,640209,2021-07-12 18:02:00,640000,640200,机械设备,688071.SH,华依科技,机械设备,both,agree
688072,2022-04-01 00:00:00,270108,2025-10-15 10:57:00,270000,270100,电子,688072.SH,拓荆科技,电子,both,agree
688073,2022-09-16 00:00:00,370603,2022-09-16 16:36:00,370000,370600,医药生物,688073.SH,毕得医药,医药生物,both,agree
688075,2021-11-05 00:00:00,370504,2021-11-18 09:15:00,370000,370500,医药生物,688075.SH,安旭生物,医药生物,both,agree
688076,2024-12-20 13:24:00,370101,2025-10-15 11:14:00,370000,370100,医药生物,688076.SH,ST诺泰,医药生物,both,agree
688077,2020-07-06 18:23:00,240202,2020-08-17 10:59:00,240000,240200,有色金属,688077.SH,大地熊,有色金属,both,agree
688078,2023-07-04 00:00:00,710401,2023-07-04 15:14:00,710000,710400,计算机,688078.SH,龙软科技,计算机,both,agree
688079,2021-02-19 15:24:00,270303,2021-03-04 13:04:00,270000,270300,电子,688079.SH,美迪凯,电子,both,agree
688080,2021-07-30 00:00:00,730207,2026-06-01 14:47:00,730000,730200,通信,688080.SH,映翰通,通信,both,agree
688081,2021-07-30 00:00:00,650501,2025-10-15 10:57:00,650000,650500,国防军工,688081.SH,兴图新科,国防军工,both,agree
688082,2021-11-05 00:00:00,270108,2025-10-15 10:57:00,270000,270100,电子,688082.SH,盛美上海,电子,both,agree
688083,2021-07-30 00:00:00,710401,2026-02-26 16:27:00,710000,710400,计算机,688083.SH,中望软件,计算机,both,agree
688084,2022-11-21 00:00:00,650501,2025-10-15 10:57:00,650000,650500,国防军工,688084.SH,晶品特装,国防军工,both,agree
688085,2021-07-30 00:00:00,370503,2024-05-27 10:52:00,370000,370500,医药生物,688085.SH,三友医疗,医药生物,both,agree
688086,2021-07-30 00:00:00,710103,2021-07-31 16:18:00,710000,710100,计算机,,,,left_only,only_sw
688087,2026-07-01 10:24:00,360311,2026-09-28 19:19:00,360000,360300,轻工制造,688087.SH,英科再生,轻工制造,both,agree
688088,2021-07-30 00:00:00,710301,2023-06-01 14:03:00,710000,710300,计算机,688088.SH,虹软科技,计算机,both,agree
688089,2021-07-30 00:00:00,220315,2021-07-31 16:18:00,220000,220300,基础化工,688089.SH,ST嘉必优,基础化工,both,agree
688090,2021-07-30 00:00:00,640701,2025-10-15 10:57:00,640000,640700,机械设备,688090.SH,瑞松科技,机械设备,both,agree
688091,2021-08-20 00:00:00,370102,2021-09-17 14:14:00,370000,370100,医药生物,688091.SH,上海谊众,医药生物,both,agree
688092,2021-03-05 19:19:00,640209,2021-04-12 13:48:00,640000,640200,机械设备,688092.SH,爱科科技,机械设备,both,agree
688093,2020-09-14 08:38:00,270401,2020-09-25 15:05:00,270000,270400,电子,688093.SH,世华科技,电子,both,agree
688095,2021-07-30 00:00:00,710402,2025-02-19 17:18:00,710000,710400,计算机,688095.SH,福昕软件,计算机,both,agree
688096,2021-07-30 00:00:00,760102,2025-10-15 10:57:00,760000,760100,环保,688096.SH,京源环保,环保,both,agree
688097,2021-07-30 00:00:00,640704,2025-10-15 10:57:00,640000,640700,机械设备,688097.SH,博众精工,机械设备,both,agree
688098,2019-10-11 08:39:00,110801,2019-10-17 14:32:00,110000,110800,农林牧渔,688098.SH,申联生物,农林牧渔,both,agree
688099,2021-07-30 00:00:00,270104,2023-04-25 09:33:00,270000,270100,电子,688099.SH,晶晨股份,电子,both,agree
688100,2021-07-30 00:00:00,730206,2026-06-01 14:47:00,730000,730200,通信,688100.SH,威胜信息,通信,both,agree
688101,2021-07-30 00:00:00,760102,2025-10-15 10:57:00,760000,760100,环保,688101.SH,三达膜,环保,both,agree
688102,2022-07-29 00:00:00,240201,2025-10-15 10:57:00,240000,240200,有色金属,688102.SH,斯瑞新材,有色金属,both,agree
688103,2021-08-27 00:00:00,270401,2023-04-25 09:33:00,270000,270400,电子,688103.SH,国力电子,电子,both,agree
688105,2022-07-29 00:00:00,370304,2022-07-29 11:54:00,370000,370300,医药生物,688105.SH,诺唯赞,医药生物,both,agree
688106,2021-07-30 00:00:00,270601,2023-12-25 16:36:00,270000,270600,电子,688106.SH,金宏气体,电子,both,agree
688107,2021-10-29 00:00:00,270104,2023-04-25 09:33:00,270000,270100,电子,688107.SH,安路科技,电子,both,agree
688108,2021-07-30 00:00:00,370503,2021-07-31 16:18:00,370000,370500,医药生物,688108.SH,赛诺医疗,医药生物,both,agree
688109,2021-07-30 00:00:00,710401,2021-07-31 16:18:00,710000,710400,计算机,688109.SH,品茗科技,计算机,both,agree
688110,2021-11-26 00:00:00,270104,2024-05-13 16:25:00,270000,270100,电子,688110.SH,东芯股份,电子,both,agree
688111,2021-07-30 00:00:00,710402,2025-02-19 17:18:00,710000,710400,计算机,688111.SH,金山办公,计算机,both,agree
688112,2021-11-19 00:00:00,640107,2025-10-15 10:57:00,640000,640100,机械设备,688112.SH,鼎阳科技,机械设备,both,agree
688113,2021-04-21 16:02:00,640209,2021-04-28 15:17:00,640000,640200,机械设备,688113.SH,联测科技,机械设备,both,agree
688114,2022-08-26 00:00:00,370502,2024-04-01 15:27:00,370000,370500,医药生物,688114.SH,华大智造,医药生物,both,agree
688115,2022-02-25 00:00:00,640107,2025-10-15 10:57:00,640000,640100,机械设备,688115.SH,思林杰,机械设备,both,agree
688116,2021-07-30 00:00:00,630702,2025-10-15 10:57:00,630000,630700,电力设备,688116.SH,天奈科技,电力设备,both,agree
688117,2021-05-18 11:27:00,370102,2021-07-06 09:17:00,370000,370100,医药生物,688117.SH,圣诺生物,医药生物,both,agree
688118,2021-07-30 00:00:00,710401,2021-07-31 16:18:00,710000,710400,计算机,688118.SH,普元信息,计算机,both,agree
688119,2022-05-20 00:00:00,610301,2024-01-14 08:48:00,610000,610300,建筑材料,688119.SH,中钢洛耐,建筑材料,both,agree
688120,2022-05-20 00:00:00,270108,2025-10-15 10:57:00,270000,270100,电子,688120.SH,华海清科,电子,both,agree
688121,2021-08-20 00:00:00,640203,2025-10-15 10:57:00,640000,640200,机械设备,688121.SH,*ST卓然,机械设备,both,agree
688122,2021-07-30 00:00:00,650201,2025-10-15 10:57:00,650000,650200,国防军工,688122.SH,西部超导,国防军工,both,agree
688123,2021-07-30 00:00:00,270104,2023-04-25 09:33:00,270000,270100,电子,688123.SH,聚辰股份,电子,both,agree
688125,2022-04-01 00:00:00,640704,2025-10-15 10:57:00,640000,640700,机械设备,688125.SH,安达智能,机械设备,both,agree
688126,2020-04-02 14:31:00,270103,2021-03-03 15:31:00,270000,270100,电子,688126.SH,沪硅产业,电子,both,agree
688127,2020-09-04 10:02:00,270303,2020-09-08 13:06:00,270000,270300,电子,688127.SH,蓝特光学,电子,both,agree
688128,2019-10-23 10:00:00,640209,2020-10-19 09:18:00,640000,640200,机械设备,688128.SH,中国电研,机械设备,both,agree
688129,2020-10-16 16:02:00,220305,2020-11-02 15:24:00,220000,220300,基础化工,688129.SH,东来技术,基础化工,both,agree
688130,2022-07-15 00:00:00,270105,2023-04-25 09:33:00,270000,270100,电子,688130.SH,晶华微,电子,both,agree
688131,2022-07-29 00:00:00,370603,2025-09-17 18:39:00,370000,370600,医药生物,688131.SH,皓元医药,医药生物,both,agree
688132,2022-09-09 00:00:00,650501,2025-11-13 07:52:00,650000,650500,国防军工,688132.SH,邦彦技术,国防军工,both,agree
688133,2020-10-16 16:02:00,220309,2024-07-19 08:51:00,220000,220300,基础化工,688133.SH,泰坦科技,基础化工,both,agree
688135,2021-07-30 00:00:00,270107,2023-04-25 09:33:00,270000,270100,电子,688135.SH,利扬芯片,电子,both,agree
688136,2021-07-30 00:00:00,370304,2023-12-07 17:42:00,370000,370300,医药生物,688136.SH,科兴制药,医药生物,both,agree
688137,2022-09-16 00:00:00,370304,2023-05-04 10:29:00,370000,370300,医药生物,688137.SH,近岸蛋白,医药生物,both,agree
688138,2019-11-09 14:35:00,270103,2019-11-20 10:42:00,270000,270100,电子,688138.SH,清溢光电,电子,both,agree
688139,2021-07-30 00:00:00,370502,2021-07-31 16:18:00,370000,370500,医药生物,688139.SH,海尔生物,医药生物,both,agree
688141,2022-12-09 00:00:00,270105,2025-03-26 13:13:00,270000,270100,电子,688141.SH,杰华特,电子,both,agree
688143,2022-11-21 00:00:00,730205,2025-10-15 10:57:00,730000,730200,通信,688143.SH,长盈通,通信,both,agree
688146,2023-03-31 00:00:00,270103,2024-03-20 21:39:00,270000,270100,电子,688146.SH,中船特气,电子,both,agree
688147,2022-12-08 00:00:00,630505,2025-10-15 10:57:00,630000,630500,电力设备,688147.SH,微导纳米,电力设备,both,agree
688148,2021-08-06 00:00:00,630702,2025-10-15 10:57:00,630000,630700,电力设备,688148.SH,芳源股份,电力设备,both,agree
688150,2022-03-04 00:00:00,270601,2025-02-24 09:28:00,270000,270600,电子,688150.SH,莱特光电,电子,both,agree
688151,2022-07-29 00:00:00,370503,2022-07-29 11:54:00,370000,370500,医药生物,688151.SH,华强科技,医药生物,both,agree
688152,2022-09-30 00:00:00,710402,2022-10-10 12:20:00,710000,710400,计算机,688152.SH,麒麟信安,计算机,both,agree
688153,2022-04-01 00:00:00,270105,2023-04-25 09:33:00,270000,270100,电子,688153.SH,唯捷创芯,电子,both,agree
688155,2021-07-30 00:00:00,630703,2025-10-15 10:57:00,630000,630700,电力设备,688155.SH,先惠技术,电力设备,both,agree
688156,2025-05-09 11:32:00,110402,2025-10-15 10:57:00,110000,110400,农林牧渔,688156.SH,路德科技,农林牧渔,both,agree
688157,2020-05-23 14:14:00,220305,2020-11-26 12:09:00,220000,220300,基础化工,688157.SH,松井股份,基础化工,both,agree
688158,2021-07-30 00:00:00,710301,2021-07-31 16:18:00,710000,710300,计算机,688158.SH,优刻得-W,计算机,both,agree
688159,2021-07-30 00:00:00,730206,2026-06-01 14:47:00,730000,730200,通信,688159.SH,有方科技,通信,both,agree
688160,2021-07-30 00:00:00,640702,2025-10-15 10:57:00,640000,640700,机械设备,688160.SH,步科股份,机械设备,both,agree
688161,2021-07-30 00:00:00,370503,2024-04-01 15:28:00,370000,370500,医药生物,688161.SH,威高骨科,医药生物,both,agree
688162,2022-07-29 00:00:00,640209,2025-01-24 16:29:00,640000,640200,机械设备,688162.SH,巨一科技,机械设备,both,agree
688163,2022-02-25 00:00:00,370304,2022-07-22 16:45:00,370000,370300,医药生物,688163.SH,赛伦生物,医药生物,both,agree
688165,2021-07-30 00:00:00,640701,2021-07-31 16:18:00,640000,640700,机械设备,688165.SH,埃夫特-U,机械设备,both,agree
688166,2022-07-29 00:00:00,370101,2022-07-29 11:54:00,370000,370100,医药生物,688166.SH,博瑞医药,医药生物,both,agree
688167,2022-05-13 00:00:00,270102,2025-01-08 14:36:00,270000,270100,电子,688167.SH,炬光科技,电子,both,agree
688168,2021-07-30 00:00:00,710402,2023-06-01 14:03:00,710000,710400,计算机,688168.SH,安博通,计算机,both,agree
688169,2021-07-30 00:00:00,330302,2023-01-09 16:21:00,330000,330300,家用电器,688169.SH,石头科技,家用电器,both,agree
688170,2022-04-15 00:00:00,640703,2025-10-15 10:57:00,640000,640700,机械设备,688170.SH,德龙激光,机械设备,both,agree
688171,2022-01-14 00:00:00,710401,2022-01-17 11:16:00,710000,710400,计算机,688171.SH,纬德信息,计算机,both,agree
688172,2022-12-02 00:00:00,270102,2022-12-05 13:47:00,270000,270100,电子,688172.SH,燕东微,电子,both,agree
688173,2022-01-07 00:00:00,270105,2023-04-25 09:33:00,270000,270100,电子,688173.SH,希荻微,电子,both,agree
688175,2022-02-25 00:00:00,650501,2025-10-15 10:57:00,650000,650500,国防军工,688175.SH,高凌信息,国防军工,both,agree
688176,2021-12-17 00:00:00,370102,2021-12-29 14:01:00,370000,370100,医药生物,688176.SH,亚虹医药-U,医药生物,both,agree
688177,2021-07-30 00:00:00,370304,2024-05-27 10:52:00,370000,370300,医药生物,688177.SH,百奥泰,医药生物,both,agree
688178,2022-07-29 00:00:00,760103,2025-10-15 10:57:00,760000,760100,环保,688178.SH,万德斯,环保,both,agree
688179,2020-10-16 16:02:00,220309,2021-06-08 08:11:00,220000,220300,基础化工,688179.SH,阿拉丁,基础化工,both,agree
688180,2021-07-30 00:00:00,370304,2021-07-31 16:18:00,370000,370300,医药生物,688180.SH,君实生物-U,医药生物,both,agree
688181,2019-12-23 09:13:00,270301,2020-08-20 18:22:00,270000,270300,电子,688181.SH,八亿时空,电子,both,agree
688182,2021-11-05 00:00:00,730204,2026-06-01 14:47:00,730000,730200,通信,688182.SH,灿勤科技,通信,both,agree
688183,2021-02-05 18:02:00,270202,2021-03-04 13:04:00,270000,270200,电子,688183.SH,生益电子,电子,both,agree
688184,2022-09-02 00:00:00,630702,2022-09-02 14:39:00,630000,630700,电力设备,688184.SH,ST帕瓦,电力设备,both,agree
688185,2021-07-30 00:00:00,370303,2025-01-08 14:36:00,370000,370300,医药生物,688185.SH,康希诺,医药生物,both,agree
688186,2025-05-09 11:32:00,630602,2025-10-15 10:57:00,630000,630600,电力设备,688186.SH,广大特材,电力设备,both,agree
688187,2021-08-20 00:00:00,640501,2025-10-15 10:57:00,640000,640500,机械设备,688187.SH,时代电气,机械设备,both,agree
688188,2021-07-30 00:00:00,710103,2025-10-15 10:57:00,710000,710100,计算机,688188.SH,柏楚电子,计算机,both,agree
688189,2020-03-10 08:53:00,370102,2020-04-09 13:58:00,370000,370100,医药生物,688189.SH,ST南新,医药生物,both,agree
688190,2021-11-12 00:00:00,240201,2025-01-08 14:36:00,240000,240200,有色金属,688190.SH,云路股份,有色金属,both,agree
688191,2021-07-30 00:00:00,630803,2025-10-15 10:57:00,630000,630800,电力设备,688191.SH,智洋创新,电力设备,both,agree
688192,2021-11-26 00:00:00,370102,2021-12-29 14:01:00,370000,370100,医药生物,688192.SH,迪哲医药-U,医药生物,both,agree
688193,2022-03-11 00:00:00,370504,2022-03-11 16:12:00,370000,370500,医药生物,688193.SH,仁度生物,医药生物,both,agree
688195,2021-03-12 20:17:00,270303,2021-06-01 09:29:00,270000,270300,电子,688195.SH,腾景科技,电子,both,agree
688196,2019-11-09 14:35:00,220309,2021-03-03 15:31:00,220000,220300,基础化工,688196.SH,卓越新能,基础化工,both,agree
688197,2022-03-04 00:00:00,370102,2022-03-04 17:42:00,370000,370100,医药生物,688197.SH,首药控股-U,医药生物,both,agree
688198,2021-07-30 00:00:00,370503,2021-11-09 10:55:00,370000,370500,医药生物,688198.SH,佰仁医疗,医药生物,both,agree
688199,2019-10-21 08:43:00,220309,2020-12-11 09:18:00,220000,220300,基础化工,688199.SH,久日新材,基础化工,both,agree
688200,2021-07-30 00:00:00,270108,2025-10-15 10:57:00,270000,270100,电子,688200.SH,华峰测控,电子,both,agree
688201,2021-07-30 00:00:00,710402,2021-07-31 16:18:00,710000,710400,计算机,688201.SH,ST信安,计算机,both,agree
688202,2021-07-30 00:00:00,370603,2021-07-31 16:18:00,370000,370600,医药生物,688202.SH,美迪西,医药生物,both,agree
688203,2022-08-05 00:00:00,220503,2022-11-01 13:56:00,220000,220500,基础化工,688203.SH,海正生材,基础化工,both,agree
688205,2022-07-25 00:00:00,730204,2026-06-01 14:47:00,730000,730200,通信,688205.SH,德科立,通信,both,agree
688206,2022-11-11 00:00:00,710401,2023-04-25 09:33:00,710000,710400,计算机,688206.SH,概伦电子,计算机,both,agree
688207,2022-02-25 00:00:00,710301,2022-07-22 16:45:00,710000,710300,计算机,688207.SH,格灵深瞳,计算机,both,agree
688208,2021-07-30 00:00:00,710103,2026-09-23 13:41:00,710000,710100,计算机,688208.SH,道通科技,计算机,both,agree
688209,2022-04-01 00:00:00,270105,2023-04-25 09:33:00,270000,270100,电子,688209.SH,英集芯,电子,both,agree
688210,2021-12-10 00:00:00,270504,2024-03-01 09:51:00,270000,270500,电子,688210.SH,统联精密,电子,both,agree
688211,2021-09-30 00:00:00,640209,2025-10-15 10:57:00,640000,640200,机械设备,688211.SH,中科微至,机械设备,both,agree
688212,2021-10-29 00:00:00,370502,2022-12-09 17:43:00,370000,370500,医药生物,688212.SH,澳华内镜,医药生物,both,agree
688213,2022-04-29 00:00:00,270104,2023-04-25 09:33:00,270000,270100,电子,688213.SH,思特威-W,电子,both,agree
688215,2021-07-30 00:00:00,640704,2025-10-15 10:57:00,640000,640700,机械设备,688215.SH,瑞晟智能,机械设备,both,agree
688216,2021-07-30 00:00:00,270107,2023-04-25 09:33:00,270000,270100,电子,688216.SH,气派科技,电子,both,agree
688217,2021-07-30 00:00:00,370504,2021-07-31 16:18:00,370000,370500,医药生物,688217.SH,睿昂基因,医药生物,both,agree
688218,2021-07-30 00:00:00,640701,2025-10-15 10:57:00,640000,640700,机械设备,688218.SH,江苏北人,机械设备,both,agree
688219,2020-10-29 15:24:00,220503,2020-11-02 15:24:00,220000,220500,基础化工,688219.SH,会通股份,基础化工,both,agree
688220,2021-12-24 00:00:00,270105,2022-01-05 11:16:00,270000,270100,电子,688220.SH,翱捷科技-U,电子,both,agree
688221,2020-10-16 16:02:00,370102,2020-11-02 15:25:00,370000,370100,医药生物,688221.SH,前沿生物-U,医药生物,both,agree
688222,2021-07-30 00:00:00,370603,2022-09-02 09:42:00,370000,370600,医药生物,688222.SH,成都先导,医药生物,both,agree
688223,2022-01-07 00:00:00,630502,2025-10-15 10:57:00,630000,630500,电力设备,688223.SH,晶科能源,电力设备,both,agree
688225,2022-01-14 00:00:00,710402,2022-01-17 11:16:00,710000,710400,计算机,688225.SH,亚信安全,计算机,both,agree
688226,2021-07-30 00:00:00,630805,2025-10-15 10:57:00,630000,630800,电力设备,688226.SH,威腾电气,电力设备,both,agree
688227,2021-12-17 00:00:00,710301,2021-12-29 14:08:00,710000,710300,计算机,688227.SH,品高股份,计算机,both,agree
688228,2021-07-30 00:00:00,710301,2021-07-31 16:18:00,710000,710300,计算机,688228.SH,开普云,计算机,both,agree
688229,2021-07-30 00:00:00,710301,2021-07-31 16:18:00,710000,710300,计算机,688229.SH,博睿数据,计算机,both,agree
688230,2021-11-19 00:00:00,270102,2023-04-25 09:33:00,270000,270100,电子,688230.SH,芯导科技,电子,both,agree
688231,2022-07-01 00:00:00,240201,2025-10-15 10:57:00,240000,240200,有色金属,688231.SH,隆达股份,有色金属,both,agree
688232,2021-11-05 00:00:00,710401,2024-11-21 09:35:00,710000,710400,计算机,688232.SH,新点软件,计算机,both,agree
688233,2020-02-04 22:05:00,270103,2020-02-05 12:39:00,270000,270100,电子,688233.SH,神工股份,电子,both,agree
688234,2021-12-24 00:00:00,270103,2021-12-29 14:07:00,270000,270100,电子,688234.SH,天岳先进,电子,both,agree
688235,2024-05-17 00:00:00,370102,2024-05-17 13:15:00,370000,370100,医药生物,688235.SH,百济神州,医药生物,both,agree
688236,2021-12-17 00:00:00,370503,2021-12-29 14:01:00,370000,370500,医药生物,688236.SH,春立医疗,医药生物,both,agree
688237,2022-06-24 00:00:00,650201,2025-10-15 10:57:00,650000,650200,国防军工,688237.SH,超卓航科,国防军工,both,agree
688238,2022-03-04 00:00:00,370603,2022-03-04 17:42:00,370000,370600,医药生物,688238.SH,和元生物,医药生物,both,agree
688239,2021-06-22 18:15:00,650201,2021-07-06 09:21:00,650000,650200,国防军工,688239.SH,航宇科技,国防军工,both,agree
688244,2022-09-23 00:00:00,710402,2022-09-23 11:06:00,710000,710400,计算机,688244.SH,永信至诚,计算机,both,agree
688246,2021-12-03 00:00:00,710401,2024-01-26 13:32:00,710000,710400,计算机,688246.SH,嘉和美康,计算机,both,agree
688247,2022-08-12 00:00:00,370102,2022-08-12 16:35:00,370000,370100,医药生物,688247.SH,宣泰医药,医药生物,both,agree
688248,2021-12-03 00:00:00,630803,2025-10-15 10:57:00,630000,630800,电力设备,688248.SH,南网科技,电力设备,both,agree
688249,2023-04-14 00:00:00,270106,2025-01-24 16:29:00,270000,270100,电子,688249.SH,晶合集成,电子,both,agree
688251,2022-05-20 00:00:00,710301,2022-05-20 17:34:00,710000,710300,计算机,688251.SH,井松智能,计算机,both,agree
688252,2022-09-09 00:00:00,270104,2025-01-08 14:36:00,270000,270100,电子,688252.SH,天德钰,电子,both,agree
688253,2022-07-15 00:00:00,370504,2022-07-15 17:11:00,370000,370500,医药生物,688253.SH,英诺特,医药生物,both,agree
688255,2021-10-15 00:00:00,640701,2025-10-15 10:57:00,640000,640700,机械设备,688255.SH,凯尔达,机械设备,both,agree
688256,2021-07-30 00:00:00,270104,2023-04-03 14:29:00,270000,270100,电子,688256.SH,寒武纪,电子,both,agree
688257,2021-10-15 00:00:00,640108,2025-10-15 10:57:00,640000,640100,机械设备,688257.SH,新锐股份,机械设备,both,agree
688258,2021-07-30 00:00:00,710301,2021-07-31 16:18:00,710000,710300,计算机,688258.SH,卓易信息,计算机,both,agree
688259,2021-12-24 00:00:00,270104,2021-12-29 14:07:00,270000,270100,电子,688259.SH,创耀科技,电子,both,agree
688260,2021-07-30 00:00:00,270504,2023-04-25 09:33:00,270000,270500,电子,688260.SH,昀冢科技,电子,both,agree
688261,2022-01-14 00:00:00,270102,2023-04-25 09:33:00,270000,270100,电子,688261.SH,东微半导,电子,both,agree
688262,2021-12-17 00:00:00,270104,2023-04-25 09:33:00,270000,270100,电子,688262.SH,国芯科技,电子,both,agree
688265,2021-12-10 00:00:00,370603,2021-12-29 14:01:00,370000,370600,医药生物,688265.SH,南模生物,医药生物,both,agree
688266,2020-01-08 15:41:00,370102,2020-12-04 14:32:00,370000,370100,医药生物,688266.SH,泽璟制药-U,医药生物,both,agree
688267,2022-01-21 00:00:00,220309,2025-09-26 17:00:00,220000,220300,基础化工,688267.SH,中触媒,基础化工,both,agree
688268,2021-07-30 00:00:00,270601,2026-09-22 11:03:00,270000,270600,电子,688268.SH,华特气体,电子,both,agree
688269,2022-07-29 00:00:00,220309,2024-03-11 10:34:00,220000,220300,基础化工,688269.SH,凯立新材,基础化工,both,agree
688270,2022-01-14 00:00:00,270105,2026-08-20 14:06:00,270000,270100,电子,688270.SH,ST臻镭,电子,both,agree
688271,2022-08-05 00:00:00,370502,2025-01-24 16:29:00,370000,370500,医药生物,688271.SH,联影医疗,医药生物,both,agree
688272,2021-09-24 00:00:00,650501,2025-10-15 10:57:00,650000,650500,国防军工,688272.SH,富吉瑞,国防军工,both,agree
688273,2022-07-25 00:00:00,370502,2022-07-25 11:55:00,370000,370500,医药生物,688273.SH,麦澜德,医药生物,both,agree
688275,2022-09-09 00:00:00,630702,2025-10-15 10:57:00,630000,630700,电力设备,688275.SH,万润新能,电力设备,both,agree
688276,2021-07-30 00:00:00,370303,2025-01-24 16:29:00,370000,370300,医药生物,688276.SH,百克生物,医药生物,both,agree
688277,2021-07-30 00:00:00,370502,2021-07-31 16:18:00,370000,370500,医药生物,688277.SH,天智航-U,医药生物,both,agree
688278,2021-07-30 00:00:00,370304,2021-07-31 16:18:00,370000,370300,医药生物,688278.SH,特宝生物,医药生物,both,agree
688279,2022-04-01 00:00:00,270104,2023-04-25 09:33:00,270000,270100,电子,688279.SH,峰岹科技,电子,both,agree
688280,2021-10-15 00:00:00,280203,2024-03-14 08:19:00,280000,280200,汽车,688280.SH,精进电动-W,汽车,both,agree
688281,2022-02-18 00:00:00,650201,2025-10-15 10:57:00,650000,650200,国防军工,688281.SH,华秦科技,国防军工,both,agree
688282,2022-03-04 00:00:00,650101,2025-10-15 10:57:00,650000,650100,国防军工,688282.SH,理工导航,国防军工,both,agree
688283,2022-01-21 00:00:00,730207,2025-10-15 10:57:00,730000,730200,通信,688283.SH,坤恒顺维,通信,both,agree
688285,2021-10-15 00:00:00,640501,2025-10-15 10:57:00,640000,640500,机械设备,688285.SH,高铁电气,机械设备,both,agree
688286,2021-07-30 00:00:00,270105,2023-04-25 09:33:00,270000,270100,电子,688286.SH,敏芯股份,电子,both,agree
688287,2022-05-25 00:00:00,650201,2025-10-15 10:57:00,650000,650200,国防军工,688287.SH,退市观典(退市),国防军工,both,agree
688288,2021-07-30 00:00:00,710103,2021-07-31 16:18:00,710000,710100,计算机,688288.SH,鸿泉技术,计算机,both,agree
688289,2021-07-30 00:00:00,370504,2021-07-31 16:18:00,370000,370500,医药生物,688289.SH,圣湘生物,医药生物,both,agree
688290,2022-04-15 00:00:00,640701,2025-10-15 10:57:00,640000,640700,机械设备,688290.SH,景业智能,机械设备,both,agree
688291,2022-09-30 00:00:00,710401,2025-10-15 10:57:00,710000,710400,计算机,688291.SH,金橙子,计算机,both,agree
688292,2024-05-17 00:00:00,710103,2025-01-08 14:36:00,710000,710100,计算机,688292.SH,浩瀚深度,计算机,both,agree
688293,2022-08-19 00:00:00,370304,2022-09-02 09:26:00,370000,370300,医药生物,688293.SH,奥浦迈,医药生物,both,agree
688295,2022-03-18 00:00:00,220404,2025-12-31 11:32:00,220000,220400,基础化工,688295.SH,中复神鹰,基础化工,both,agree
688296,2021-07-30 00:00:00,710401,2021-09-17 14:13:00,710000,710400,计算机,688296.SH,和达科技,计算机,both,agree
688297,2022-06-10 00:00:00,650201,2025-10-15 10:57:00,650000,650200,国防军工,688297.SH,中无人机,国防军工,both,agree
688298,2021-07-30 00:00:00,370504,2021-07-31 16:18:00,370000,370500,医药生物,688298.SH,东方生物,医药生物,both,agree
688299,2019-10-21 08:44:00,270301,2019-11-06 09:30:00,270000,270300,电子,688299.SH,长阳科技,电子,both,agree
688300,2021-07-30 00:00:00,220901,2025-12-30 17:35:00,220000,220900,基础化工,688300.SH,联瑞新材,基础化工,both,agree
688301,2021-07-30 00:00:00,370502,2025-10-15 10:57:00,370000,370500,医药生物,688301.SH,奕瑞科技,医药生物,both,agree
688302,2022-04-01 00:00:00,370102,2022-04-01 18:41:00,370000,370100,医药生物,688302.SH,海创药业-U,医药生物,both,agree
688303,2021-07-30 00:00:00,630501,2025-10-15 10:57:00,630000,630500,电力设备,688303.SH,大全能源,电力设备,both,agree
688305,2021-06-30 18:05:00,640101,2021-07-06 09:07:00,640000,640100,机械设备,688305.SH,科德数控,机械设备,both,agree
688306,2022-03-04 00:00:00,640704,2025-10-15 10:57:00,640000,640700,机械设备,688306.SH,均普智能,机械设备,both,agree
688307,2026-07-01 10:24:00,270303,2026-07-01 10:24:00,270000,270300,电子,688307.SH,中润光学,电子,both,agree
688308,2021-07-30 00:00:00,640108,2025-10-15 10:57:00,640000,640100,机械设备,688308.SH,欧科亿,机械设备,both,agree
688309,2021-07-30 00:00:00,760201,2025-10-15 10:57:00,760000,760200,环保,688309.SH,恒誉科技,环保,both,agree
688310,2021-07-30 00:00:00,640704,2025-10-15 10:57:00,640000,640700,机械设备,688310.SH,迈得医疗,机械设备,both,agree
688311,2021-07-30 00:00:00,650501,2025-10-15 10:57:00,650000,650500,国防军工,688311.SH,盟升电子,国防军工,both,agree
688312,2020-05-23 14:14:00,640209,2020-06-17 13:15:00,640000,640200,机械设备,688312.SH,燕麦科技,机械设备,both,agree
688313,2021-07-30 00:00:00,730204,2026-03-13 13:52:00,730000,730200,通信,688313.SH,仕佳光子,通信,both,agree
688314,2021-07-30 00:00:00,370503,2021-09-01 09:21:00,370000,370500,医药生物,688314.SH,康拓医疗,医药生物,both,agree
688315,2021-07-30 00:00:00,370605,2021-09-01 09:21:00,370000,370600,医药生物,688315.SH,诺禾致源,医药生物,both,agree
688316,2021-07-30 00:00:00,710301,2021-07-31 16:18:00,710000,710300,计算机,688316.SH,青云科技-U,计算机,both,agree
688317,2021-07-30 00:00:00,370504,2021-07-31 16:18:00,370000,370500,医药生物,688317.SH,之江生物,医药生物,both,agree
688318,2021-07-30 00:00:00,710401,2021-07-31 16:18:00,710000,710400,计算机,688318.SH,财富趋势,计算机,both,agree
688319,2021-07-30 00:00:00,370303,2021-09-01 09:21:00,370000,370300,医药生物,688319.SH,欧林生物,医药生物,both,agree
688320,2022-04-15 00:00:00,640702,2025-10-15 10:57:00,640000,640700,机械设备,688320.SH,禾川科技,机械设备,both,agree
688321,2019-07-24 14:08:00,370102,2020-11-04 10:00:00,370000,370100,医药生物,688321.SH,微芯生物,医药生物,both,agree
688322,2022-07-08 00:00:00,270303,2023-07-17 17:07:00,270000,270300,电子,688322.SH,奥比中光-W,电子,both,agree
688323,2021-07-30 00:00:00,220505,2024-04-01 15:29:00,220000,220500,基础化工,688323.SH,瑞华泰,基础化工,both,agree
688325,2022-04-01 00:00:00,270105,2023-04-25 09:33:00,270000,270100,电子,688325.SH,赛微微电,电子,both,agree
688326,2022-03-30 00:00:00,710401,2024-04-22 10:26:00,710000,710400,计算机,688326.SH,经纬恒润-W,计算机,both,agree
688327,2022-04-29 00:00:00,710301,2024-06-07 10:06:00,710000,710300,计算机,688327.SH,云从科技-UW,计算机,both,agree
688328,2026-09-24 10:53:00,270108,2026-09-24 10:53:00,270000,270100,电子,688328.SH,深科达,机械设备,both,conflict
688329,2021-07-30 00:00:00,640704,2025-10-15 10:57:00,640000,640700,机械设备,688329.SH,艾隆科技,机械设备,both,agree
688330,2021-07-30 00:00:00,630803,2025-10-15 10:57:00,630000,630800,电力设备,688330.SH,宏力达,电力设备,both,agree
688331,2022-03-25 00:00:00,370304,2022-03-25 17:59:00,370000,370300,医药生物,688331.SH,荣昌生物,医药生物,both,agree
688332,2022-07-01 00:00:00,270104,2023-04-25 09:33:00,270000,270100,电子,688332.SH,中科蓝讯,电子,both,agree
688333,2022-07-29 00:00:00,640106,2025-10-15 10:57:00,640000,640100,机械设备,688333.SH,铂力特,机械设备,both,agree
688334,2023-06-09 00:00:00,460802,2023-06-14 10:58:00,460000,460800,社会服务,688334.SH,西高院,社会服务,both,agree
688335,2021-07-30 00:00:00,760102,2025-10-15 10:57:00,760000,760100,环保,688335.SH,复洁科技,环保,both,agree
688336,2021-07-30 00:00:00,370304,2021-07-31 16:18:00,370000,370300,医药生物,688336.SH,三生国健,医药生物,both,agree
688337,2022-03-18 00:00:00,640107,2025-10-15 10:57:00,640000,640100,机械设备,688337.SH,普源精电,机械设备,both,agree
688338,2021-07-30 00:00:00,370504,2021-07-31 16:18:00,370000,370500,医药生物,688338.SH,赛科希德,医药生物,both,agree
688339,2021-07-30 00:00:00,630704,2023-11-14 23:25:00,630000,630700,电力设备,688339.SH,亿华通-U,电力设备,both,agree
688343,2023-03-17 00:00:00,710301,2023-03-20 11:17:00,710000,710300,计算机,688343.SH,云天励飞-U,计算机,both,agree
688345,2021-07-30 00:00:00,630701,2026-07-24 08:15:00,630000,630700,电力设备,688345.SH,博力威,电力设备,both,agree
688347,2023-07-31 00:00:00,270106,2023-09-18 14:13:00,270000,270100,电子,688347.SH,华虹宏力,电子,both,agree
688348,2022-05-20 00:00:00,630503,2026-06-17 14:33:00,630000,630500,电力设备,688348.SH,昱能科技,电力设备,both,agree
688349,2022-06-02 00:00:00,630601,2025-10-15 10:57:00,630000,630600,电力设备,688349.SH,三一重能,电力设备,both,agree
688350,2021-01-14 22:06:00,220309,2021-01-15 09:20:00,220000,220300,基础化工,688350.SH,富淼科技,基础化工,both,agree
688351,2022-08-12 00:00:00,370503,2022-09-20 10:56:00,370000,370500,医药生物,688351.SH,微电生理,医药生物,both,agree
688352,2023-03-31 00:00:00,270107,2023-04-03 11:04:00,270000,270100,电子,688352.SH,颀中科技,电子,both,agree
688353,2022-06-24 00:00:00,630702,2025-10-15 10:57:00,630000,630700,电力设备,688353.SH,华盛锂电,电力设备,both,agree
688355,2021-07-30 00:00:00,640108,2025-10-15 10:57:00,640000,640100,机械设备,688355.SH,明志科技,机械设备,both,agree
688356,2020-08-08 15:08:00,370101,2021-06-22 16:40:00,370000,370100,医药生物,688356.SH,键凯科技,医药生物,both,agree
688357,2022-07-29 00:00:00,220309,2025-09-26 17:00:00,220000,220300,基础化工,688357.SH,建龙微纳,基础化工,both,agree
688358,2021-07-30 00:00:00,370502,2025-12-08 10:54:00,370000,370500,医药生物,688358.SH,祥生医疗,医药生物,both,agree
688359,2021-07-30 00:00:00,270601,2023-12-25 16:34:00,270000,270600,电子,688359.SH,三孚新科,电子,both,agree
688360,2020-05-18 18:06:00,640106,2020-06-17 13:15:00,640000,640100,机械设备,688360.SH,德马科技,机械设备,both,agree
688361,2023-05-04 00:00:00,270108,2025-10-28 10:25:00,270000,270100,电子,688361.SH,中科飞测,电子,both,agree
688362,2022-10-28 00:00:00,270107,2024-06-24 19:10:00,270000,270100,电子,688362.SH,甬矽电子,电子,both,agree
688363,2021-07-30 00:00:00,770301,2025-10-16 08:54:00,770000,770300,美容护理,688363.SH,华熙生物,美容护理,both,agree
688365,2021-07-30 00:00:00,710301,2021-07-31 16:18:00,710000,710300,计算机,688365.SH,光云科技,计算机,both,agree
688366,2021-07-30 00:00:00,370503,2024-04-01 15:28:00,370000,370500,医药生物,688366.SH,昊海生科,医药生物,both,agree
688367,2021-06-09 16:31:00,640501,2021-07-06 09:07:00,640000,640500,机械设备,688367.SH,工大高科,机械设备,both,agree
688368,2021-07-30 00:00:00,270105,2021-07-31 16:18:00,270000,270100,电子,688368.SH,晶丰明源,电子,both,agree
688369,2021-07-30 00:00:00,710402,2021-07-31 16:18:00,710000,710400,计算机,688369.SH,致远互联,计算机,both,agree
688370,2022-08-05 00:00:00,760103,2025-10-15 10:57:00,760000,760100,环保,688370.SH,丛麟科技,环保,both,agree
688371,2022-07-25 00:00:00,270601,2022-07-25 11:55:00,270000,270600,电子,688371.SH,菲沃泰,电子,both,agree
688372,2022-09-30 00:00:00,270107,2023-03-05 15:41:00,270000,270100,电子,688372.SH,伟测科技,电子,both,agree
688373,2022-07-25 00:00:00,370102,2022-12-25 16:47:00,370000,370100,医药生物,688373.SH,盟科药业-U,医药生物,both,agree
688375,2022-07-01 00:00:00,650501,2025-10-15 10:57:00,650000,650500,国防军工,688375.SH,国博电子,国防军工,both,agree
688376,2022-11-04 00:00:00,760201,2025-10-15 10:57:00,760000,760200,环保,688376.SH,美埃科技,环保,both,agree
688377,2020-06-18 10:51:00,640203,2020-08-17 10:52:00,640000,640200,机械设备,688377.SH,迪威尔,机械设备,both,agree
688378,2024-07-30 12:45:00,270303,2024-07-30 12:45:00,270000,270300,电子,688378.SH,奥来德,电子,both,agree
688379,2021-07-30 00:00:00,640108,2025-10-15 10:57:00,640000,640100,机械设备,688379.SH,华光新材,机械设备,both,agree
688380,2022-07-25 00:00:00,270104,2022-07-25 11:55:00,270000,270100,电子,688380.SH,中微半导,电子,both,agree
688381,2022-08-05 00:00:00,270105,2022-08-08 11:04:00,270000,270100,电子,688381.SH,帝奥微,电子,both,agree
688382,2022-07-08 00:00:00,370102,2022-07-08 16:58:00,370000,370100,医药生物,688382.SH,益方生物-U,医药生物,both,agree
688383,2021-04-15 08:51:00,640209,2021-05-19 11:22:00,640000,640200,机械设备,688383.SH,新益昌,机械设备,both,agree
688385,2021-07-30 00:00:00,270104,2026-02-26 16:27:00,270000,270100,电子,688385.SH,复旦微电,电子,both,agree
688386,2021-07-30 00:00:00,220505,2021-07-31 16:18:00,220000,220500,基础化工,688386.SH,泛亚微透,基础化工,both,agree
688387,2022-09-09 00:00:00,730204,2023-12-21 09:03:00,730000,730200,通信,688387.SH,信科移动-U,通信,both,agree
688388,2022-07-29 00:00:00,630701,2025-10-15 10:57:00,630000,630700,电力设备,688388.SH,嘉元科技,电力设备,both,agree
688389,2021-07-30 00:00:00,370504,2021-07-31 16:18:00,370000,370500,医药生物,688389.SH,普门科技,医药生物,both,agree
688390,2021-07-30 00:00:00,630503,2025-12-11 07:08:00,630000,630500,电力设备,688390.SH,固德威,电力设备,both,agree
688391,2022-08-26 00:00:00,270105,2023-06-01 14:03:00,270000,270100,电子,688391.SH,钜泉科技,电子,both,agree
688392,2022-09-09 00:00:00,630703,2025-10-15 10:57:00,630000,630700,电力设备,688392.SH,骄成超声,电力设备,both,agree
688393,2021-07-30 00:00:00,370504,2021-07-31 16:18:00,370000,370500,医药生物,688393.SH,安必平,医药生物,both,agree
688395,2021-07-30 00:00:00,640702,2025-10-15 10:57:00,640000,640700,机械设备,688395.SH,正弦电气,机械设备,both,agree
688396,2021-07-30 00:00:00,270106,2024-05-06 10:49:00,270000,270100,电子,688396.SH,华润微,电子,both,agree
688398,2020-01-22 17:05:00,220309,2020-04-09 13:53:00,220000,220300,基础化工,688398.SH,赛特新材,基础化工,both,agree
688399,2021-07-30 00:00:00,370504,2021-07-31 16:18:00,370000,370500,医药生物,688399.SH,硕世生物,医药生物,both,agree
688400,2022-07-08 00:00:00,640209,2025-10-15 10:57:00,640000,640200,机械设备,688400.SH,凌云光,机械设备,both,agree
688401,2022-08-05 00:00:00,270103,2022-11-01 13:58:00,270000,270100,电子,688401.SH,路维光电,电子,both,agree
688403,2022-08-05 00:00:00,270107,2024-12-18 07:49:00,270000,270100,电子,688403.SH,汇成股份,电子,both,agree
688408,2021-07-30 00:00:00,630504,2025-10-15 10:57:00,630000,630500,电力设备,688408.SH,中信博,电力设备,both,agree
688409,2022-09-16 00:00:00,270108,2023-10-10 09:54:00,270000,270100,电子,688409.SH,富创精密,电子,both,agree
688410,2022-12-09 00:00:00,370502,2023-01-30 13:08:00,370000,370500,医药生物,688410.SH,山外山,医药生物,both,agree
688411,2025-01-10 11:00:00,630306,2026-06-17 14:33:00,630000,630300,电力设备,688411.SH,海博思创,电力设备,both,agree
688416,2022-08-12 00:00:00,270104,2022-08-12 16:35:00,270000,270100,电子,688416.SH,恒烁股份,电子,both,agree
688418,2021-07-30 00:00:00,730207,2026-06-01 14:47:00,730000,730200,通信,688418.SH,震有科技,通信,both,agree
688419,2022-10-21 00:00:00,270108,2022-10-21 15:54:00,270000,270100,电子,688419.SH,耐科装备,电子,both,agree
688420,2024-07-30 12:45:00,640203,2025-10-15 10:57:00,640000,640200,机械设备,688420.SH,美腾科技,机械设备,both,agree
688425,2021-07-30 00:00:00,640601,2025-10-15 10:57:00,640000,640600,机械设备,688425.SH,铁建重工,机械设备,both,agree
688426,2024-07-30 12:45:00,370504,2024-07-30 12:45:00,370000,370500,医药生物,688426.SH,康为世纪,医药生物,both,agree
688428,2022-09-02 00:00:00,370102,2022-09-02 14:39:00,370000,370100,医药生物,688428.SH,诺诚健华,医药生物,both,agree
688429,2023-06-09 00:00:00,630502,2025-10-15 10:57:00,630000,630500,电力设备,688429.SH,时创能源,电力设备,both,agree
688432,2022-10-28 00:00:00,270103,2022-10-28 16:09:00,270000,270100,电子,688432.SH,有研硅,电子,both,agree
688433,2023-03-31 00:00:00,640106,2025-10-15 10:57:00,640000,640100,机械设备,688433.SH,华曙高科,机械设备,both,agree
688435,2023-01-06 00:00:00,710402,2023-06-17 22:29:00,710000,710400,计算机,688435.SH,英方软件,计算机,both,agree
688439,2022-08-12 00:00:00,650501,2025-10-15 10:57:00,650000,650500,国防军工,688439.SH,振华风光,国防军工,both,agree
688443,2023-06-09 00:00:00,370304,2023-06-14 10:58:00,370000,370300,医药生物,688443.SH,智翔金泰-U,医药生物,both,agree
688448,2022-09-02 00:00:00,640106,2025-10-15 10:57:00,640000,640100,机械设备,688448.SH,磁谷科技,机械设备,both,agree
688449,2024-11-08 11:17:00,270104,2025-01-08 14:36:00,270000,270100,电子,688449.SH,联芸科技,电子,both,agree
688450,2026-07-01 10:24:00,630803,2026-07-01 10:24:00,630000,630800,电力设备,688450.SH,光格科技,电力设备,both,agree
688455,2022-08-26 00:00:00,640704,2025-10-15 10:57:00,640000,640700,机械设备,688455.SH,科捷智能,机械设备,both,agree
688456,2023-07-04 00:00:00,240201,2025-01-08 14:36:00,240000,240200,有色金属,688456.SH,有研粉材,有色金属,both,agree
688458,2023-05-04 00:00:00,270105,2024-05-13 16:25:00,270000,270100,电子,688458.SH,美芯晟,电子,both,agree
688459,2022-09-16 00:00:00,640501,2025-10-15 10:57:00,640000,640500,机械设备,688459.SH,哈铁科技,机械设备,both,agree
688466,2021-07-30 00:00:00,760102,2025-10-15 10:57:00,760000,760100,环保,688466.SH,金科环境,环保,both,agree
688468,2021-07-30 00:00:00,370504,2021-07-31 16:18:00,370000,370500,医药生物,688468.SH,科美诊断,医药生物,both,agree
688469,2023-05-04 00:00:00,270106,2023-05-04 09:15:00,270000,270100,电子,688469.SH,芯联集成-U,电子,both,agree
688472,2023-05-26 00:00:00,630502,2025-10-15 10:57:00,630000,630500,电力设备,688472.SH,阿特斯,电力设备,both,agree
688475,2022-12-09 00:00:00,710102,2025-02-19 17:18:00,710000,710100,计算机,688475.SH,萤石网络,计算机,both,agree
688478,2023-03-31 00:00:00,270108,2023-07-04 13:38:00,270000,270100,电子,688478.SH,晶升股份,电子,both,agree
688479,2023-05-04 00:00:00,710401,2023-05-04 09:15:00,710000,710400,计算机,688479.SH,友车科技,计算机,both,agree
688480,2022-11-11 00:00:00,760104,2026-04-02 13:26:00,760000,760100,环保,688480.SH,赛恩斯,环保,both,agree
688484,2023-03-17 00:00:00,270105,2023-03-20 11:17:00,270000,270100,电子,688484.SH,南芯科技,电子,both,agree
688485,2023-01-06 00:00:00,640501,2025-10-15 10:57:00,640000,640500,机械设备,688485.SH,九州一轨,机械设备,both,agree
688486,2023-02-13 00:00:00,270104,2023-02-14 14:22:00,270000,270100,电子,688486.SH,龙迅股份,电子,both,agree
688488,2021-07-30 00:00:00,370304,2025-06-03 21:05:00,370000,370300,医药生物,688488.SH,艾迪药业,医药生物,both,agree
688489,2022-11-21 00:00:00,710102,2022-11-21 12:26:00,710000,710100,计算机,688489.SH,三未信安,计算机,both,agree
688496,2024-07-30 12:45:00,270302,2024-07-30 12:45:00,270000,270300,电子,688496.SH,*ST清越,电子,both,agree
688498,2022-12-02 00:00:00,270102,2026-02-26 16:27:00,270000,270100,电子,688498.SH,源杰科技,电子,both,agree
688499,2021-07-30 00:00:00,630703,2025-10-15 10:57:00,630000,630700,电力设备,688499.SH,利元亨,电力设备,both,agree
688500,2021-07-30 00:00:00,710301,2021-07-31 16:18:00,710000,710300,计算机,688500.SH,慧辰股份,计算机,both,agree
688501,2021-07-30 00:00:00,760201,2026-09-22 11:03:00,760000,760200,环保,688501.SH,青达环保,环保,both,agree
688502,2023-02-24 00:00:00,270303,2025-10-28 10:25:00,270000,270300,电子,688502.SH,茂莱光学,电子,both,agree
688503,2023-07-04 00:00:00,630504,2025-10-15 10:57:00,630000,630500,电力设备,688503.SH,聚和材料,电力设备,both,agree
688505,2020-06-02 08:39:00,370102,2020-07-08 09:52:00,370000,370100,医药生物,688505.SH,复旦张江,医药生物,both,agree
688506,2022-12-23 00:00:00,370102,2025-12-26 13:08:00,370000,370100,医药生物,688506.SH,百利天恒,医药生物,both,agree
688507,2023-03-31 00:00:00,710401,2023-10-16 09:01:00,710000,710400,计算机,688507.SH,索辰科技,计算机,both,agree
688508,2021-07-30 00:00:00,270105,2023-04-25 09:33:00,270000,270100,电子,688508.SH,芯朋微,电子,both,agree
688509,2021-07-30 00:00:00,710301,2021-09-17 14:13:00,710000,710300,计算机,688509.SH,正元地信,计算机,both,agree
688510,2020-12-01 13:54:00,650201,2024-07-01 19:23:00,650000,650200,国防军工,688510.SH,航亚科技,国防军工,both,agree
688511,2021-07-30 00:00:00,650501,2025-10-15 10:57:00,650000,650500,国防军工,688511.SH,天微电子,国防军工,both,agree
688512,2023-05-04 00:00:00,270105,2023-05-04 09:15:00,270000,270100,电子,688512.SH,慧智微-U,电子,both,agree
688513,2020-08-14 14:56:00,370102,2020-08-17 10:55:00,370000,370100,医药生物,688513.SH,苑东生物,医药生物,both,agree
688515,2023-01-20 00:00:00,270105,2023-01-20 13:22:00,270000,270100,电子,688515.SH,裕太微-U,电子,both,agree
688516,2021-07-30 00:00:00,630505,2025-10-15 10:57:00,630000,630500,电力设备,688516.SH,奥特维,电力设备,both,agree
688517,2021-07-30 00:00:00,630802,2025-10-15 10:57:00,630000,630800,电力设备,688517.SH,金冠电气,电力设备,both,agree
688518,2021-07-30 00:00:00,640703,2025-10-15 10:57:00,640000,640700,机械设备,688518.SH,联赢激光,机械设备,both,agree
688519,2020-07-31 15:46:00,270202,2020-08-17 10:48:00,270000,270200,电子,688519.SH,南亚新材,电子,both,agree
688520,2021-07-30 00:00:00,370304,2024-03-20 13:46:00,370000,370300,医药生物,688520.SH,神州细胞,医药生物,both,agree
688521,2021-07-30 00:00:00,270104,2026-02-26 16:27:00,270000,270100,电子,688521.SH,芯原股份,电子,both,agree
688522,2023-02-24 00:00:00,650501,2025-10-15 10:57:00,650000,650500,国防军工,688522.SH,纳睿雷达,国防军工,both,agree
688523,2023-05-26 00:00:00,650101,2025-10-15 10:57:00,650000,650100,国防军工,688523.SH,航天环宇,国防军工,both,agree
688525,2022-12-23 00:00:00,270104,2022-12-27 11:40:00,270000,270100,电子,688525.SH,佰维存储,电子,both,agree
688526,2020-09-09 13:54:00,110801,2021-03-03 15:31:00,110000,110800,农林牧渔,688526.SH,科前生物,农林牧渔,both,agree
688528,2021-07-30 00:00:00,640107,2025-10-15 10:57:00,640000,640100,机械设备,688528.SH,秦川物联,机械设备,both,agree
688529,2020-10-26 19:16:00,640209,2020-11-02 15:26:00,640000,640200,机械设备,688529.SH,豪森智能,机械设备,both,agree
688530,2024-05-09 00:00:00,270103,2024-07-29 11:30:00,270000,270100,电子,688530.SH,欧莱新材,电子,both,agree
688531,2023-03-17 00:00:00,640209,2025-10-21 16:55:00,640000,640200,机械设备,688531.SH,日联科技,机械设备,both,agree
688533,2021-07-30 00:00:00,280206,2025-01-08 14:36:00,280000,280200,汽车,688533.SH,上声电子,汽车,both,agree
688535,2023-03-17 00:00:00,270103,2026-09-22 11:03:00,270000,270100,电子,688535.SH,华海诚科,电子,both,agree
688536,2021-07-30 00:00:00,270105,2023-04-25 09:33:00,270000,270100,电子,688536.SH,思瑞浦,电子,both,agree
688538,2021-05-12 08:58:00,270301,2021-07-06 09:15:00,270000,270300,电子,688538.SH,和辉光电-U,电子,both,agree
688539,2023-03-31 00:00:00,270203,2024-01-15 15:56:00,270000,270200,电子,688539.SH,高华科技,电子,both,agree
688543,2023-06-09 00:00:00,650301,2025-10-24 17:28:00,650000,650300,国防军工,688543.SH,国科军工,国防军工,both,agree
688545,2025-01-03 13:09:00,270601,2025-12-24 13:05:00,270000,270600,电子,688545.SH,兴福电子,电子,both,agree
688548,2023-07-31 00:00:00,270601,2026-09-22 11:03:00,270000,270600,电子,688548.SH,广钢气体,电子,both,agree
688549,2023-08-21 00:00:00,270601,2023-11-27 08:03:00,270000,270600,电子,688549.SH,中巨芯-U,电子,both,agree
688550,2021-07-30 00:00:00,270601,2025-01-14 10:02:00,270000,270600,电子,688550.SH,瑞联新材,电子,both,agree
688551,2021-07-30 00:00:00,630306,2025-10-15 10:57:00,630000,630300,电力设备,688551.SH,科威尔,电力设备,both,agree
688552,2023-05-04 00:00:00,650501,2025-10-30 13:32:00,650000,650500,国防军工,688552.SH,航天南湖,国防军工,both,agree
688553,2021-09-30 00:00:00,370102,2021-11-18 09:15:00,370000,370100,医药生物,688553.SH,汇宇制药-W,医药生物,both,agree
688555,2021-07-30 00:00:00,710401,2021-07-31 16:18:00,710000,710400,计算机,,,,left_only,only_sw
688556,2021-07-30 00:00:00,630505,2025-10-15 10:57:00,630000,630500,电力设备,688556.SH,高测股份,电力设备,both,agree
688557,2020-11-21 09:38:00,640106,2020-12-31 09:51:00,640000,640100,机械设备,688557.SH,兰剑智能,机械设备,both,agree
688558,2020-06-12 08:38:00,640101,2020-06-17 13:15:00,640000,640100,机械设备,688558.SH,国盛智科,机械设备,both,agree
688559,2021-07-30 00:00:00,640703,2025-10-15 10:57:00,640000,640700,机械设备,688559.SH,海目星,机械设备,both,agree
688560,2021-07-30 00:00:00,630504,2025-10-15 10:57:00,630000,630500,电力设备,688560.SH,明冠新材,电力设备,both,agree
688561,2021-07-30 00:00:00,710402,2023-06-01 14:03:00,710000,710400,计算机,688561.SH,奇安信-U,计算机,both,agree
688562,2023-05-04 00:00:00,710301,2023-05-04 09:15:00,710000,710300,计算机,688562.SH,航天软件,计算机,both,agree
688563,2023-06-30 00:00:00,650201,2025-10-15 10:57:00,650000,650200,国防军工,688563.SH,航材股份,国防军工,both,agree
688565,2021-07-30 00:00:00,760102,2025-10-15 10:57:00,760000,760100,环保,688565.SH,力源科技,环保,both,agree
688566,2020-04-27 08:40:00,370102,2020-05-18 11:01:00,370000,370100,医药生物,688566.SH,吉贝尔,医药生物,both,agree
688567,2021-07-30 00:00:00,630701,2025-10-15 10:57:00,630000,630700,电力设备,688567.SH,孚能科技,电力设备,both,agree
688568,2021-07-30 00:00:00,710301,2025-10-15 10:57:00,710000,710300,计算机,688568.SH,中科星图,计算机,both,agree
688569,2020-08-14 14:56:00,640501,2020-08-17 10:52:00,640000,640500,机械设备,688569.SH,铁科轨道,机械设备,both,agree
688570,2023-05-26 00:00:00,640702,2025-10-15 10:57:00,640000,640700,机械设备,688570.SH,天玛智控,机械设备,both,agree
688571,2020-11-25 14:42:00,220305,2020-12-31 09:50:00,220000,220300,基础化工,688571.SH,杭华股份,基础化工,both,agree
688573,2023-07-31 00:00:00,630703,2025-10-15 10:57:00,630000,630700,电力设备,688573.SH,信宇人,电力设备,both,agree
688575,2021-07-30 00:00:00,370504,2025-01-24 16:29:00,370000,370500,医药生物,688575.SH,亚辉龙,医药生物,both,agree
688576,2024-07-30 12:45:00,370503,2024-07-30 12:45:00,370000,370500,医药生物,688576.SH,西山科技,医药生物,both,agree
688577,2020-08-31 09:43:00,640101,2020-09-08 13:04:00,640000,640100,机械设备,688577.SH,浙海德曼,机械设备,both,agree
688578,2020-11-21 09:38:00,370102,2020-12-31 09:53:00,370000,370100,医药生物,688578.SH,艾力斯,医药生物,both,agree
688579,2021-07-30 00:00:00,710401,2021-07-31 16:18:00,710000,710400,计算机,688579.SH,地纬智能,计算机,both,agree
688580,2021-07-30 00:00:00,370502,2021-07-31 16:18:00,370000,370500,医药生物,688580.SH,伟思医疗,医药生物,both,agree
688581,2023-05-04 00:00:00,370503,2023-05-04 09:15:00,370000,370500,医药生物,688581.SH,安杰思,医药生物,both,agree
688582,2023-06-09 00:00:00,270105,2025-12-25 07:14:00,270000,270100,电子,688582.SH,芯动联科,电子,both,agree
688583,2024-12-27 16:23:00,640107,2025-05-16 17:47:00,640000,640100,机械设备,688583.SH,思看科技,机械设备,both,agree
688584,2024-01-26 00:00:00,270103,2024-07-29 11:30:00,270000,270100,电子,688584.SH,上海合晶,电子,both,agree
688585,2021-07-30 00:00:00,220504,2021-07-31 16:18:00,220000,220500,基础化工,688585.SH,上纬新材,基础化工,both,agree
688586,2020-07-21 08:27:00,650201,2020-08-17 10:54:00,650000,650200,国防军工,688586.SH,江航装备,国防军工,both,agree
688588,2021-07-30 00:00:00,710401,2021-07-31 16:18:00,710000,710400,计算机,688588.SH,凌志软件,计算机,both,agree
688589,2021-07-30 00:00:00,270104,2023-04-25 09:33:00,270000,270100,电子,688589.SH,力合微,电子,both,agree
688590,2021-07-30 00:00:00,710401,2023-12-20 10:53:00,710000,710400,计算机,688590.SH,新致软件,计算机,both,agree
688591,2023-08-21 00:00:00,270104,2023-08-21 11:01:00,270000,270100,电子,688591.SH,泰凌微,电子,both,agree
688592,2024-03-22 00:00:00,730206,2026-06-01 14:47:00,730000,730200,通信,688592.SH,司南导航,通信,both,agree
688593,2023-05-12 00:00:00,270104,2023-05-15 13:30:00,270000,270100,电子,688593.SH,新相微,电子,both,agree
688595,2022-07-29 00:00:00,270104,2024-08-22 09:08:00,270000,270100,电子,688595.SH,芯海科技,电子,both,agree
688596,2020-08-04 23:30:00,640209,2020-08-17 10:52:00,640000,640200,机械设备,688596.SH,正帆科技,机械设备,both,agree
688597,2021-07-30 00:00:00,630804,2025-10-15 10:57:00,630000,630800,电力设备,688597.SH,煜邦电力,电力设备,both,agree
688598,2026-07-01 10:24:00,220901,2026-07-01 10:24:00,220000,220900,基础化工,688598.SH,金博股份,基础化工,both,agree
688599,2021-07-30 00:00:00,630502,2025-10-15 10:57:00,630000,630500,电力设备,688599.SH,天合光能,电力设备,both,agree
688600,2025-09-26 12:13:00,640107,2025-10-17 14:23:00,640000,640100,机械设备,688600.SH,皖仪科技,机械设备,both,agree
688601,2021-07-30 00:00:00,270105,2023-04-25 09:33:00,270000,270100,电子,688601.SH,力芯微,电子,both,agree
688602,2025-04-25 11:34:00,220309,2025-04-25 12:38:00,220000,220300,基础化工,688602.SH,康鹏科技,基础化工,both,agree
688603,2023-06-30 00:00:00,270601,2024-01-02 17:04:00,270000,270600,电子,688603.SH,天承科技,电子,both,agree
688605,2024-11-22 17:17:00,270108,2025-01-08 14:36:00,270000,270100,电子,688605.SH,先锋精科,电子,both,agree
688606,2021-07-30 00:00:00,370504,2021-07-31 16:18:00,370000,370500,医药生物,688606.SH,奥泰生物,医药生物,both,agree
688607,2021-07-30 00:00:00,370502,2026-02-12 15:54:00,370000,370500,医药生物,688607.SH,康众科技,医药生物,both,agree
688608,2021-07-30 00:00:00,270104,2025-11-27 09:42:00,270000,270100,电子,688608.SH,恒玄科技,电子,both,agree
688609,2021-03-05 19:20:00,330202,2021-04-12 13:53:00,330000,330200,家用电器,688609.SH,九联科技,家用电器,both,agree
688610,2023-06-30 00:00:00,640107,2025-10-15 10:57:00,640000,640100,机械设备,688610.SH,埃科光电,机械设备,both,agree
688611,2021-07-30 00:00:00,630803,2025-10-15 10:57:00,630000,630800,电力设备,688611.SH,杭州柯林,电力设备,both,agree
688612,2023-07-14 00:00:00,280206,2025-01-08 14:36:00,280000,280200,汽车,688612.SH,威迈斯,汽车,both,agree
688613,2021-07-30 00:00:00,370503,2021-09-01 09:22:00,370000,370500,医药生物,688613.SH,奥精医疗,医药生物,both,agree
688615,2024-09-06 13:21:00,710401,2025-12-03 14:52:00,710000,710400,计算机,688615.SH,合合信息,计算机,both,agree
688616,2021-07-30 00:00:00,630804,2025-10-15 10:57:00,630000,630800,电力设备,688616.SH,西力科技,电力设备,both,agree
688617,2021-07-30 00:00:00,370503,2021-07-31 16:18:00,370000,370500,医药生物,688617.SH,惠泰医疗,医药生物,both,agree
688618,2021-07-30 00:00:00,730204,2026-06-01 14:47:00,730000,730200,通信,688618.SH,三旺通信,通信,both,agree
688619,2021-07-30 00:00:00,710102,2021-07-31 16:18:00,710000,710100,计算机,688619.SH,罗普特,计算机,both,agree
688620,2023-06-09 00:00:00,270104,2023-06-14 10:58:00,270000,270100,电子,688620.SH,安凯微,电子,both,agree
688621,2021-07-30 00:00:00,370603,2021-07-31 16:18:00,370000,370600,医药生物,688621.SH,阳光诺和,医药生物,both,agree
688622,2021-08-27 00:00:00,640107,2025-10-15 10:57:00,640000,640100,机械设备,688622.SH,*ST禾信,机械设备,both,agree
688623,2023-05-26 00:00:00,640704,2025-10-15 10:57:00,640000,640700,机械设备,688623.SH,双元科技,机械设备,both,agree
688625,2021-05-21 09:52:00,220309,2021-07-06 09:08:00,220000,220300,基础化工,688625.SH,呈和科技,基础化工,both,agree
688626,2021-07-30 00:00:00,370502,2021-07-31 16:18:00,370000,370500,医药生物,688626.SH,翔宇医疗,医药生物,both,agree
688627,2023-06-30 00:00:00,640107,2026-08-28 09:11:00,640000,640100,机械设备,688627.SH,精智达,机械设备,both,agree
688628,2021-07-30 00:00:00,640107,2025-10-15 10:57:00,640000,640100,机械设备,688628.SH,优利德,机械设备,both,agree
688629,2023-06-09 00:00:00,650501,2025-10-15 10:57:00,650000,650500,国防军工,688629.SH,华丰科技,国防军工,both,agree
688630,2021-03-19 09:03:00,640209,2021-07-01 13:17:00,640000,640200,机械设备,688630.SH,芯碁微装,机械设备,both,agree
688631,2023-06-09 00:00:00,710401,2026-02-26 16:27:00,710000,710400,计算机,688631.SH,莱斯信息,计算机,both,agree
688633,2021-03-12 20:17:00,640203,2021-04-12 13:48:00,640000,640200,机械设备,688633.SH,星球石墨,机械设备,both,agree
688635,2026-05-22 09:53:00,730205,2026-05-28 08:42:00,730000,730200,通信,688635.SH,长进光子,通信,both,agree
688636,2021-07-30 00:00:00,650501,2025-10-15 10:57:00,650000,650500,国防军工,688636.SH,智明达,国防军工,both,agree
688638,2023-06-30 00:00:00,630703,2025-10-15 10:57:00,630000,630700,电力设备,688638.SH,誉辰智能,电力设备,both,agree
688639,2021-07-30 00:00:00,220315,2026-09-22 11:03:00,220000,220300,基础化工,688639.SH,华恒生物,基础化工,both,agree
688646,2023-07-14 00:00:00,640703,2025-10-15 11:14:00,640000,640700,机械设备,688646.SH,逸飞激光,机械设备,both,agree
688648,2023-10-27 00:00:00,640209,2025-10-15 10:57:00,640000,640200,机械设备,688648.SH,中邮科技,机械设备,both,agree
688651,2023-07-14 00:00:00,710402,2025-10-15 10:57:00,710000,710400,计算机,688651.SH,盛邦安全,计算机,both,agree
688652,2023-11-17 00:00:00,270108,2024-07-29 11:30:00,270000,270100,电子,688652.SH,京仪装备,电子,both,agree
688653,2023-11-17 00:00:00,270105,2024-07-29 11:30:00,270000,270100,电子,688653.SH,康希通信,电子,both,agree
688655,2021-04-21 16:02:00,270202,2021-04-28 15:21:00,270000,270200,电子,688655.SH,迅捷兴,电子,both,agree
688656,2021-07-30 00:00:00,370504,2021-07-31 16:18:00,370000,370500,医药生物,688656.SH,浩欧博,医药生物,both,agree
688657,2023-09-15 00:00:00,710401,2023-09-18 10:17:00,710000,710400,计算机,688657.SH,浩辰软件,计算机,both,agree
688658,2020-12-14 14:45:00,370102,2024-06-21 13:48:00,370000,370100,医药生物,688658.SH,悦康药业,医药生物,both,agree
688659,2021-03-19 09:03:00,220309,2021-04-12 13:49:00,220000,220300,基础化工,688659.SH,元琛科技,基础化工,both,agree
688660,2021-07-30 00:00:00,630601,2025-10-15 10:57:00,630000,630600,电力设备,688660.SH,电气风电,电力设备,both,agree
688661,2022-08-04 00:00:00,270103,2023-04-25 09:33:00,270000,270100,电子,688661.SH,和林微纳,电子,both,agree
688662,2021-03-19 09:03:00,270401,2021-04-12 13:47:00,270000,270400,电子,688662.SH,富信科技,电子,both,agree
688663,2022-07-29 00:00:00,630803,2025-10-15 10:57:00,630000,630800,电力设备,688663.SH,新风光,电力设备,both,agree
688665,2021-07-30 00:00:00,640107,2025-10-15 10:57:00,640000,640100,机械设备,688665.SH,四方光电,机械设备,both,agree
688667,2021-07-30 00:00:00,280206,2025-01-08 14:36:00,280000,280200,汽车,688667.SH,菱电电控,汽车,both,agree
688668,2021-07-30 00:00:00,730204,2026-06-01 14:47:00,730000,730200,通信,688668.SH,鼎通科技,通信,both,agree
688669,2021-01-08 14:25:00,220503,2021-01-15 09:20:00,220000,220500,基础化工,688669.SH,聚石化学,基础化工,both,agree
688670,2021-07-30 00:00:00,370303,2023-09-27 15:23:00,370000,370300,医药生物,688670.SH,金迪克,医药生物,both,agree
688671,2023-07-31 00:00:00,760201,2025-10-15 10:57:00,760000,760200,环保,688671.SH,碧兴物联,环保,both,agree
688676,2021-07-30 00:00:00,630801,2025-10-15 10:57:00,630000,630800,电力设备,688676.SH,金盘科技,电力设备,both,agree
688677,2021-07-30 00:00:00,370502,2024-09-19 18:53:00,370000,370500,医药生物,688677.SH,海泰新光,医药生物,both,agree
688678,2021-07-30 00:00:00,270504,2023-04-25 09:33:00,270000,270500,电子,688678.SH,福立旺,电子,both,agree
688679,2021-07-30 00:00:00,760103,2025-10-15 10:57:00,760000,760100,环保,688679.SH,通源环境,环保,both,agree
688680,2021-07-30 00:00:00,630504,2025-10-15 10:57:00,630000,630500,电力设备,688680.SH,海优新材,电力设备,both,agree
688681,2021-07-30 00:00:00,630803,2025-10-15 10:57:00,630000,630800,电力设备,688681.SH,科汇股份,电力设备,both,agree
688682,2021-07-30 00:00:00,650501,2025-10-15 10:57:00,650000,650500,国防军工,688682.SH,霍莱沃,国防军工,both,agree
688683,2024-07-30 12:45:00,270601,2024-07-30 12:45:00,270000,270600,电子,688683.SH,莱尔科技,电子,both,agree
688685,2021-04-26 16:01:00,650201,2021-04-28 15:19:00,650000,650200,国防军工,688685.SH,迈信林,国防军工,both,agree
688686,2021-07-30 00:00:00,640704,2025-10-15 10:57:00,640000,640700,机械设备,688686.SH,奥普特,机械设备,both,agree
688687,2021-07-30 00:00:00,370304,2023-12-26 17:37:00,370000,370300,医药生物,688687.SH,凯因科技,医药生物,both,agree
688689,2021-01-08 14:25:00,270102,2021-01-15 09:22:00,270000,270100,电子,688689.SH,银河微电,电子,both,agree
688690,2021-06-06 21:32:00,370101,2021-07-14 09:38:00,370000,370100,医药生物,688690.SH,纳微科技,医药生物,both,agree
688691,2026-09-24 10:53:00,270104,2026-09-24 10:53:00,270000,270100,电子,688691.SH,灿芯股份,电子,both,agree
688692,2024-05-31 00:00:00,710401,2024-05-31 16:26:00,710000,710400,计算机,688692.SH,达梦数据,计算机,both,agree
688693,2023-07-31 00:00:00,270102,2023-07-31 17:08:00,270000,270100,电子,688693.SH,锴威特,电子,both,agree
688695,2024-03-01 00:00:00,710402,2024-07-29 11:30:00,710000,710400,计算机,688695.SH,中创股份,计算机,both,agree
688696,2024-07-30 12:45:00,330202,2024-07-30 12:45:00,330000,330200,家用电器,688696.SH,极米科技,家用电器,both,agree
688697,2021-09-03 00:00:00,640101,2025-10-15 10:57:00,640000,640100,机械设备,688697.SH,纽威数控,机械设备,both,agree
688698,2021-07-30 00:00:00,640702,2025-10-15 10:57:00,640000,640700,机械设备,688698.SH,伟创电气,机械设备,both,agree
688699,2021-07-30 00:00:00,270105,2023-04-25 09:33:00,270000,270100,电子,688699.SH,明微电子,电子,both,agree
688700,2021-05-29 21:11:00,640209,2021-07-13 10:12:00,640000,640200,机械设备,688700.SH,东威科技,机械设备,both,agree
688701,2021-08-27 00:00:00,760104,2025-10-15 10:57:00,760000,760100,环保,688701.SH,卓锦股份,环保,both,agree
688702,2023-09-08 00:00:00,270104,2023-09-08 15:31:00,270000,270100,电子,688702.SH,盛科通信-U,电子,both,agree
688707,2021-08-27 00:00:00,630702,2025-10-15 10:57:00,630000,630700,电力设备,688707.SH,振华新材,电力设备,both,agree
688708,2024-11-15 18:02:00,650201,2025-10-15 10:57:00,650000,650200,国防军工,688708.SH,佳驰科技,国防军工,both,agree
688709,2024-01-19 00:00:00,270104,2025-10-15 10:57:00,270000,270100,电子,688709.SH,成都华微,电子,both,agree
688710,2024-08-16 10:09:00,370603,2025-01-08 14:36:00,370000,370600,医药生物,688710.SH,益诺思,医药生物,both,agree
688711,2021-08-20 00:00:00,270102,2023-06-01 14:45:00,270000,270100,电子,688711.SH,宏微科技,电子,both,agree
688712,2026-01-16 17:12:00,370503,2026-02-03 09:20:00,370000,370500,医药生物,688712.SH,北芯生命,医药生物,both,agree
688716,2023-09-08 00:00:00,220504,2024-01-02 17:04:00,220000,220500,基础化工,688716.SH,中研股份,基础化工,both,agree
688717,2023-12-22 00:00:00,630503,2023-12-22 17:04:00,630000,630500,电力设备,688717.SH,艾罗能源,电力设备,both,agree
688718,2021-07-30 00:00:00,220505,2021-09-17 14:10:00,220000,220500,基础化工,688718.SH,唯赛勃,基础化工,both,agree
688719,2023-09-08 00:00:00,630306,2025-10-15 10:57:00,630000,630300,电力设备,688719.SH,爱科赛博,电力设备,both,agree
688720,2023-11-17 00:00:00,270103,2024-07-29 11:30:00,270000,270100,电子,688720.SH,艾森股份,电子,both,agree
688721,2024-08-02 10:19:00,270103,2025-10-28 10:25:00,270000,270100,电子,688721.SH,龙图光罩,电子,both,agree
688722,2021-09-24 00:00:00,220404,2025-06-10 10:55:00,220000,220400,基础化工,688722.SH,同益中,基础化工,both,agree
688726,2024-10-11 10:01:00,630505,2025-10-15 10:57:00,630000,630500,电力设备,688726.SH,拉普拉斯,电力设备,both,agree
688727,2025-11-07 13:55:00,270103,2026-04-27 14:53:00,270000,270100,电子,688727.SH,恒坤新材,电子,both,agree
688728,2021-08-13 00:00:00,270104,2023-04-25 09:33:00,270000,270100,电子,688728.SH,格科微,电子,both,agree
688729,2025-06-20 13:52:00,270108,2025-10-15 10:57:00,270000,270100,电子,688729.SH,屹唐股份,电子,both,agree
688733,2021-08-06 00:00:00,630702,2025-10-15 10:57:00,630000,630700,电力设备,688733.SH,壹石通,电力设备,both,agree
688737,2021-10-15 00:00:00,280205,2025-01-08 14:36:00,280000,280200,汽车,688737.SH,中自科技,汽车,both,agree
688739,2021-10-15 00:00:00,370303,2021-11-18 09:15:00,370000,370300,医药生物,688739.SH,成大生物,医药生物,both,agree
688750,2024-11-01 17:29:00,240504,2026-02-26 16:27:00,240000,240500,有色金属,688750.SH,金天钛业,有色金属,both,agree
688755,2025-04-25 11:34:00,370502,2025-10-15 10:57:00,370000,370500,医药生物,688755.SH,汉邦科技,医药生物,both,agree
688757,2025-03-07 12:05:00,460802,2025-10-15 10:57:00,460000,460800,社会服务,688757.SH,胜科纳米,社会服务,both,agree
688758,2025-01-10 13:12:00,370101,2025-01-10 13:12:00,370000,370100,医药生物,688758.SH,赛分科技,医药生物,both,agree
688759,2025-10-17 14:23:00,370102,2025-10-17 14:23:00,370000,370100,医药生物,688759.SH,必贝特-U,医药生物,both,agree
688765,2025-09-26 12:13:00,370302,2025-10-17 14:23:00,370000,370300,医药生物,688765.SH,禾元生物-U,医药生物,both,agree
688766,2021-08-13 00:00:00,270104,2023-04-25 09:33:00,270000,270100,电子,688766.SH,普冉股份,电子,both,agree
688767,2021-08-20 00:00:00,370504,2026-07-07 09:47:00,370000,370500,医药生物,688767.SH,博拓生物,医药生物,both,agree
688768,2021-07-30 00:00:00,640107,2025-10-15 10:57:00,640000,640100,机械设备,688768.SH,容知日新,机械设备,both,agree
688772,2021-09-17 00:00:00,630701,2025-10-15 10:57:00,630000,630700,电力设备,688772.SH,珠海冠宇,电力设备,both,agree
688775,2025-05-23 12:50:00,270503,2025-10-28 10:25:00,270000,270500,电子,688775.SH,影石创新,电子,both,agree
688776,2021-08-20 00:00:00,650501,2025-10-15 10:57:00,650000,650500,国防军工,688776.SH,国光电气,国防军工,both,agree
688777,2021-07-30 00:00:00,640702,2025-10-15 10:57:00,640000,640700,机械设备,688777.SH,中控技术,机械设备,both,agree
688778,2021-08-06 00:00:00,630702,2025-10-15 10:57:00,630000,630700,电力设备,688778.SH,厦钨新能,电力设备,both,agree
688779,2021-08-06 00:00:00,630702,2025-10-15 10:57:00,630000,630700,电力设备,688779.SH,五矿新能,电力设备,both,agree
688781,2026-03-23 16:17:00,270301,2026-03-23 16:17:00,270000,270300,电子,688781.SH,视涯科技-UW,电子,both,agree
688783,2025-09-26 12:13:00,270103,2025-10-17 14:23:00,270000,270100,电子,688783.SH,西安奕材-U,电子,both,agree
688785,2026-01-09 16:32:00,270108,2026-05-25 10:37:00,270000,270100,电子,688785.SH,恒运昌,电子,both,agree
688786,2022-07-29 00:00:00,240202,2025-01-08 14:36:00,240000,240200,有色金属,688786.SH,悦安新材,有色金属,both,agree
688787,2021-08-06 00:00:00,710301,2021-09-17 14:13:00,710000,710300,计算机,688787.SH,海天瑞声,计算机,both,agree
688788,2021-07-30 00:00:00,650501,2025-10-15 10:57:00,650000,650500,国防军工,688788.SH,科思科技,国防军工,both,agree
688789,2021-06-30 18:05:00,640206,2021-07-06 09:07:00,640000,640200,机械设备,688789.SH,宏华数科,机械设备,both,agree
688790,2025-12-01 14:00:00,270105,2025-12-01 14:00:00,270000,270100,电子,688790.SH,昂瑞微-UW,电子,both,agree
688793,2021-07-30 00:00:00,330303,2026-02-26 16:27:00,330000,330300,家用电器,688793.SH,倍轻松,家用电器,both,agree
688795,2025-11-14 17:16:00,270104,2025-11-14 17:16:00,270000,270100,电子,688795.SH,摩尔线程-U,电子,both,agree
688796,2025-12-01 14:00:00,370603,2026-04-27 14:53:00,370000,370600,医药生物,688796.SH,百奥赛图,医药生物,both,agree
688797,2026-06-05 13:08:00,270103,2026-06-05 13:08:00,270000,270100,电子,688797.SH,臻宝科技,电子,both,agree
688798,2021-07-30 00:00:00,270105,2023-09-27 15:24:00,270000,270100,电子,688798.SH,艾为电子,电子,both,agree
688799,2021-06-30 18:06:00,370102,2021-07-06 09:17:00,370000,370100,医药生物,688799.SH,华纳药厂,医药生物,both,agree
688800,2021-07-30 00:00:00,270401,2021-07-31 16:18:00,270000,270400,电子,688800.SH,瑞可达,电子,both,agree
688801,2026-08-28 12:56:00,270104,2026-08-28 12:56:00,270000,270100,电子,,,,left_only,only_sw
688802,2025-12-01 14:00:00,270104,2025-12-01 14:00:00,270000,270100,电子,688802.SH,沐曦股份-U,电子,both,agree
688805,2025-12-12 13:27:00,370502,2026-04-27 14:53:00,370000,370500,医药生物,688805.SH,健信超导,医药生物,both,agree
688806,2026-07-10 09:46:00,370304,2026-07-10 09:46:00,370000,370300,医药生物,688806.SH,泰诺麦博-U,医药生物,both,agree
688807,2025-12-01 14:00:00,270104,2026-04-20 10:39:00,270000,270100,电子,688807.SH,优迅股份,电子,both,agree
688808,2026-04-03 12:27:00,640107,2026-04-27 14:53:00,640000,640100,机械设备,688808.SH,联讯仪器,机械设备,both,agree
688809,2025-12-12 13:27:00,270108,2026-06-25 20:03:00,270000,270100,电子,688809.SH,强一股份,电子,both,agree
688811,2026-03-23 16:17:00,240201,2026-04-27 14:53:00,240000,240200,有色金属,688811.SH,有研复材,有色金属,both,agree
688813,2026-03-23 16:17:00,640209,2026-04-27 14:53:00,640000,640200,机械设备,688813.SH,泰金新能,机械设备,both,agree
688816,2026-01-23 16:30:00,640704,2026-04-27 14:53:00,640000,640700,机械设备,688816.SH,易思维,机械设备,both,agree
688818,2026-01-23 16:30:00,650101,2026-02-10 09:44:00,650000,650100,国防军工,688818.SH,电科蓝天,国防军工,both,agree
688819,2021-07-30 00:00:00,630705,2025-10-15 10:57:00,630000,630700,电力设备,688819.SH,天能股份,电力设备,both,agree
688820,2026-04-03 12:27:00,270107,2026-04-27 14:53:00,270000,270100,电子,688820.SH,盛合晶微,电子,both,agree
688825,2026-07-10 09:46:00,270104,2026-08-19 07:04:00,270000,270100,电子,688825.SH,长鑫科技,电子,both,agree
688826,2026-07-31 13:59:00,640703,2026-07-31 13:59:00,640000,640700,机械设备,688826.SH,频准激光,机械设备,both,agree
688828,2026-07-24 11:13:00,640107,2026-07-24 11:13:00,640000,640100,机械设备,688828.SH,国仪公司-U,机械设备,both,agree
688835,2026-08-07 13:52:00,640704,2026-08-07 13:52:00,640000,640700,机械设备,688835.SH,高凯技术,机械设备,both,agree
688836,2026-07-31 13:59:00,640701,2026-07-31 13:59:00,640000,640700,机械设备,688836.SH,宇树科技-W,机械设备,both,agree
688837,2026-08-28 12:56:00,370304,2026-08-28 12:56:00,370000,370300,医药生物,,,,left_only,only_sw
688981,2021-07-30 00:00:00,270106,2022-04-14 09:53:00,270000,270100,电子,688981.SH,中芯国际,电子,both,agree
689009,2020-10-30 20:51:00,280401,2021-04-02 10:02:00,280000,280400,汽车,689009.SH,九号公司-WD,汽车,both,agree
832317,2020-07-27 00:00:00,650201,2021-12-14 13:59:00,650000,650200,国防军工,,,,left_only,only_sw
833874,2021-07-30 00:00:00,280203,2024-10-09 16:10:00,280000,280200,汽车,,,,left_only,only_sw
833994,2020-07-27 00:00:00,270301,2021-12-14 13:59:00,270000,270300,电子,,,,left_only,only_sw
874090,2023-08-21 00:00:00,370304,2023-08-21 11:01:00,370000,370300,医药生物,,,,left_only,only_sw
920000,2021-07-30 00:00:00,280203,2025-10-10 11:17:00,280000,280200,汽车,,,,left_only,only_sw
920001,2022-12-27 00:00:00,270301,2025-10-10 11:17:00,270000,270300,电子,,,,left_only,only_sw
920002,2024-06-14 00:00:00,640108,2025-02-19 17:18:00,640000,640100,机械设备,,,,left_only,only_sw
920003,2025-11-06 12:01:00,620601,2026-04-27 14:53:00,620000,620600,建筑装饰,,,,left_only,only_sw
920005,2025-07-24 17:36:00,270504,2025-10-15 10:57:00,270000,270500,电子,,,,left_only,only_sw
920006,2023-05-30 00:00:00,650201,2025-10-10 11:17:00,650000,650200,国防军工,,,,left_only,only_sw
920007,2025-08-06 11:03:00,630504,2025-10-15 10:57:00,630000,630500,电力设备,,,,left_only,only_sw
920008,2024-08-21 09:37:00,650501,2025-02-19 17:18:00,650000,650500,国防军工,,,,left_only,only_sw
920009,2025-10-24 09:48:00,370504,2026-04-27 14:53:00,370000,370500,医药生物,,,,left_only,only_sw
920010,2020-07-27 00:00:00,410301,2025-10-10 11:17:00,410000,410300,公用事业,,,,left_only,only_sw
920011,2026-03-27 09:44:00,630101,2026-04-27 14:53:00,630000,630100,电力设备,,,,left_only,only_sw
920012,2026-04-10 15:49:00,270103,2026-04-27 14:53:00,270000,270100,电子,,,,left_only,only_sw
920014,2022-12-14 00:00:00,410301,2025-10-10 11:17:00,410000,410300,公用事业,,,,left_only,only_sw
920015,2025-09-25 15:06:00,220316,2026-04-13 09:53:00,220000,220300,基础化工,,,,left_only,only_sw
920016,2024-09-18 17:40:00,220315,2025-02-19 17:18:00,220000,220300,基础化工,,,,left_only,only_sw
920017,2023-05-30 00:00:00,370102,2025-10-10 11:17:00,370000,370100,医药生物,,,,left_only,only_sw
920018,2025-08-21 18:25:00,630805,2025-10-15 10:57:00,630000,630800,电力设备,,,,left_only,only_sw
920019,2024-09-18 17:40:00,620404,2025-02-19 17:18:00,620000,620400,建筑装饰,,,,left_only,only_sw
920020,2025-10-24 09:48:00,280204,2026-04-27 14:53:00,280000,280200,汽车,,,,left_only,only_sw
920021,2021-07-30 00:00:00,721001,2025-10-10 11:17:00,720000,721000,传媒,,,,left_only,only_sw
920022,2025-09-09 09:49:00,280203,2025-10-15 10:57:00,280000,280200,汽车,,,,left_only,only_sw
920023,2023-02-13 00:00:00,110501,2025-10-10 11:17:00,110000,110500,农林牧渔,,,,left_only,only_sw
920025,2026-09-18 14:11:00,640209,2026-09-18 14:11:00,640000,640200,机械设备,,,,left_only,only_sw
920026,2023-10-30 00:00:00,640209,2025-10-10 11:17:00,640000,640200,机械设备,,,,left_only,only_sw
920027,2025-05-27 13:37:00,640501,2025-10-15 10:57:00,640000,640500,机械设备,,,,left_only,only_sw
920028,2026-03-17 09:58:00,220501,2026-04-27 14:53:00,220000,220500,基础化工,,,,left_only,only_sw
920029,2025-03-24 10:08:00,630804,2025-10-15 10:57:00,630000,630800,电力设备,,,,left_only,only_sw
920030,2021-07-30 00:00:00,280302,2025-10-10 11:17:00,280000,280300,汽车,,,,left_only,only_sw
920033,2022-12-14 00:00:00,220309,2025-10-10 11:17:00,220000,220300,基础化工,,,,left_only,only_sw
920035,2025-11-26 17:49:00,640107,2026-04-27 14:53:00,640000,640100,机械设备,,,,left_only,only_sw
920036,2026-02-27 09:46:00,710102,2026-04-27 14:53:00,710000,710100,计算机,,,,left_only,only_sw
920037,2025-06-26 15:53:00,630805,2025-08-11 12:50:00,630000,630800,电力设备,,,,left_only,only_sw
920038,2026-08-04 17:07:00,220309,2026-08-04 17:07:00,220000,220300,基础化工,,,,left_only,only_sw
920039,2021-08-18 00:00:00,460804,2025-10-10 11:17:00,460000,460800,社会服务,,,,left_only,only_sw
920045,2025-12-29 09:22:00,730204,2025-12-29 09:22:00,730000,730200,通信,,,,left_only,only_sw
920046,2022-10-26 00:00:00,630801,2025-10-10 11:17:00,630000,630800,电力设备,,,,left_only,only_sw
920047,2021-07-30 00:00:00,370304,2025-10-10 11:17:00,370000,370300,医药生物,,,,left_only,only_sw
920050,2026-01-14 12:10:00,370503,2026-04-27 14:53:00,370000,370500,医药生物,,,,left_only,only_sw
920055,2026-03-27 09:44:00,280203,2026-04-27 14:53:00,280000,280200,汽车,,,,left_only,only_sw
920056,2025-08-21 18:25:00,220501,2025-10-15 10:57:00,220000,220500,基础化工,,,,left_only,only_sw
920057,2023-03-17 00:00:00,620401,2025-10-10 11:17:00,620000,620400,建筑装饰,,,,left_only,only_sw
920058,2023-08-16 00:00:00,280402,2025-10-10 11:17:00,280000,280400,汽车,,,,left_only,only_sw
920059,2026-08-19 13:25:00,280202,2026-08-19 13:25:00,280000,280200,汽车,,,,left_only,only_sw
920060,2024-11-12 09:55:00,270202,2025-02-19 17:18:00,270000,270200,电子,,,,left_only,only_sw
920061,2024-01-17 00:00:00,640209,2025-10-10 11:17:00,640000,640200,机械设备,,,,left_only,only_sw
920062,2022-07-17 00:00:00,630801,2025-10-10 11:17:00,630000,630800,电力设备,,,,left_only,only_sw
920065,2026-07-22 14:48:00,450602,2026-07-22 14:48:00,450000,450600,商贸零售,,,,left_only,only_sw
920066,2024-10-29 16:18:00,220503,2025-02-19 17:18:00,220000,220500,基础化工,,,,left_only,only_sw
920068,2025-05-06 17:29:00,240504,2025-10-15 10:57:00,240000,240500,有色金属,,,,left_only,only_sw
920069,2026-03-27 09:44:00,370503,2026-04-27 14:53:00,370000,370500,医药生物,,,,left_only,only_sw
920071,2026-08-19 13:25:00,240504,2026-08-19 13:25:00,240000,240500,有色金属,,,,left_only,only_sw
920072,2026-06-26 13:31:00,370503,2026-06-26 13:31:00,370000,370500,医药生物,,,,left_only,only_sw
920075,2022-12-14 00:00:00,360205,2025-10-10 11:17:00,360000,360200,轻工制造,,,,left_only,only_sw
920076,2026-01-14 12:10:00,610301,2026-04-27 14:53:00,610000,610300,建筑材料,,,,left_only,only_sw
920077,2021-08-31 00:00:00,220404,2025-10-10 11:17:00,220000,220400,基础化工,,,,left_only,only_sw
920078,2026-03-17 09:58:00,240201,2026-04-27 14:53:00,240000,240200,有色金属,,,,left_only,only_sw
920079,2026-07-08 13:02:00,280202,2026-07-08 13:02:00,280000,280200,汽车,,,,left_only,only_sw
920080,2025-09-25 15:06:00,640209,2025-10-15 10:57:00,640000,640200,机械设备,,,,left_only,only_sw
920081,2026-07-08 13:02:00,330302,2026-07-08 13:02:00,330000,330300,家用电器,,,,left_only,only_sw
920082,2024-12-24 10:48:00,640108,2025-02-19 17:18:00,640000,640100,机械设备,,,,left_only,only_sw
920083,2026-06-05 14:58:00,220901,2026-06-05 14:58:00,220000,220900,基础化工,,,,left_only,only_sw
920086,2026-01-14 12:10:00,280203,2026-04-27 14:53:00,280000,280200,汽车,,,,left_only,only_sw
920087,2022-12-06 00:00:00,110101,2025-10-10 11:17:00,110000,110100,农林牧渔,,,,left_only,only_sw
920088,2024-10-29 16:18:00,750201,2025-02-19 17:18:00,750000,750200,石油石化,,,,left_only,only_sw
920089,2021-11-09 00:00:00,220503,2025-10-10 11:17:00,220000,220500,基础化工,,,,left_only,only_sw
920090,2023-04-10 00:00:00,710103,2025-10-10 11:17:00,710000,710100,计算机,,,,left_only,only_sw
920091,2025-11-06 12:01:00,640209,2026-04-27 14:53:00,640000,640200,机械设备,,,,left_only,only_sw
920092,2023-04-10 00:00:00,710301,2025-10-10 11:17:00,710000,710300,计算机,,,,left_only,only_sw
920093,2026-08-19 13:25:00,640206,2026-08-19 13:25:00,640000,640200,机械设备,,,,left_only,only_sw
920096,2026-05-15 11:34:00,640704,2026-05-15 11:34:00,640000,640700,机械设备,,,,left_only,only_sw
920098,2024-11-25 11:14:00,220602,2025-02-19 17:18:00,220000,220600,基础化工,,,,left_only,only_sw
920099,2024-09-18 17:40:00,220309,2024-12-13 08:54:00,220000,220300,基础化工,,,,left_only,only_sw
920100,2025-09-09 09:49:00,630101,2025-10-15 10:57:00,630000,630100,电力设备,,,,left_only,only_sw
920101,2025-08-06 11:03:00,640601,2025-10-15 10:57:00,640000,640600,机械设备,,,,left_only,only_sw
920106,2024-12-24 10:48:00,280203,2025-06-19 07:29:00,280000,280200,汽车,,,,left_only,only_sw
920107,2026-08-04 17:07:00,220305,2026-08-04 17:07:00,220000,220300,基础化工,,,,left_only,only_sw
920108,2025-02-25 14:24:00,330601,2025-02-25 14:24:00,330000,330600,家用电器,,,,left_only,only_sw
920110,2022-12-06 00:00:00,630306,2025-10-10 11:17:00,630000,630300,电力设备,,,,left_only,only_sw
920111,2024-10-29 16:18:00,630802,2025-02-19 17:18:00,630000,630800,电力设备,,,,left_only,only_sw
920112,2025-08-21 18:25:00,640209,2025-10-15 10:57:00,640000,640200,机械设备,,,,left_only,only_sw
920116,2024-12-24 10:48:00,710301,2025-02-19 17:18:00,710000,710300,计算机,,,,left_only,only_sw
920117,2026-07-08 13:02:00,630703,2026-07-08 13:02:00,630000,630700,电力设备,,,,left_only,only_sw
920118,2024-08-21 09:37:00,630805,2025-02-19 17:18:00,630000,630800,电力设备,,,,left_only,only_sw
920119,2026-01-26 13:26:00,630703,2026-04-27 14:53:00,630000,630700,电力设备,,,,left_only,only_sw
920121,2025-12-29 09:22:00,360205,2026-04-27 14:53:00,360000,360200,轻工制造,,,,left_only,only_sw
920122,2022-09-30 00:00:00,460802,2025-10-10 11:17:00,460000,460800,社会服务,,,,left_only,only_sw
920123,2024-04-11 00:00:00,770201,2025-10-10 11:17:00,770000,770200,美容护理,,,,left_only,only_sw
920124,2025-11-26 17:49:00,330601,2026-04-27 14:53:00,330000,330600,家用电器,,,,left_only,only_sw
920125,2026-04-22 10:18:00,640704,2026-07-13 11:08:00,640000,640700,机械设备,,,,left_only,only_sw
920126,2026-06-05 14:58:00,640203,2026-06-05 14:58:00,640000,640200,机械设备,,,,left_only,only_sw
920128,2024-11-25 11:14:00,270203,2025-02-19 17:18:00,270000,270200,电子,,,,left_only,only_sw
920130,2023-11-20 00:00:00,710301,2025-10-10 11:17:00,710000,710300,计算机,,,,left_only,only_sw
920132,2023-11-20 00:00:00,360307,2025-10-10 11:17:00,360000,360300,轻工制造,,,,left_only,only_sw
920136,2026-06-26 13:31:00,280203,2026-06-26 13:31:00,280000,280200,汽车,,,,left_only,only_sw
920138,2026-08-04 17:07:00,270104,2026-08-04 17:07:00,270000,270100,电子,,,,left_only,only_sw
920139,2022-09-30 00:00:00,270107,2025-10-10 11:17:00,270000,270100,电子,,,,left_only,only_sw
920145,2021-11-15 00:00:00,760201,2025-10-10 11:17:00,760000,760200,环保,,,,left_only,only_sw
920146,2021-07-30 00:00:00,280203,2025-10-10 11:17:00,280000,280200,汽车,,,,left_only,only_sw
920149,2021-07-30 00:00:00,620601,2025-10-10 11:17:00,620000,620600,建筑装饰,,,,left_only,only_sw
920152,2022-08-29 00:00:00,630703,2025-11-30 10:59:00,630000,630700,电力设备,,,,left_only,only_sw
920156,2026-04-22 10:18:00,640209,2026-04-27 14:53:00,640000,640200,机械设备,,,,left_only,only_sw
920157,2026-09-18 14:11:00,730204,2026-09-18 14:11:00,730000,730200,通信,,,,left_only,only_sw
920158,2025-09-25 15:06:00,640203,2025-10-15 10:57:00,640000,640200,机械设备,,,,left_only,only_sw
920159,2026-01-26 13:26:00,220805,2026-04-27 14:53:00,220000,220800,基础化工,,,,left_only,only_sw
920160,2025-11-06 12:01:00,460802,2026-04-27 14:53:00,460000,460800,社会服务,,,,left_only,only_sw
920161,2026-05-27 11:31:00,270203,2026-05-27 11:31:00,270000,270200,电子,,,,left_only,only_sw
920163,2021-07-30 00:00:00,360206,2025-10-10 11:17:00,360000,360200,轻工制造,,,,left_only,only_sw
920165,2026-08-04 17:07:00,770201,2026-08-04 17:07:00,770000,770200,美容护理,,,,left_only,only_sw
920166,2026-02-10 14:23:00,370503,2026-04-27 14:53:00,370000,370500,医药生物,,,,left_only,only_sw
920167,2021-07-30 00:00:00,630504,2025-10-10 11:17:00,630000,630500,电力设备,,,,left_only,only_sw
920168,2026-02-10 14:23:00,280202,2026-04-27 14:53:00,280000,280200,汽车,,,,left_only,only_sw
920169,2022-04-22 00:00:00,640108,2025-10-10 11:17:00,640000,640100,机械设备,,,,left_only,only_sw
920171,2021-11-15 00:00:00,710301,2025-10-10 11:17:00,710000,710300,计算机,,,,left_only,only_sw
920174,2023-04-10 00:00:00,640601,2025-10-10 11:17:00,640000,640600,机械设备,,,,left_only,only_sw
920175,2023-07-10 00:00:00,220901,2025-10-10 11:17:00,220000,220900,基础化工,,,,left_only,only_sw
920176,2026-07-22 14:48:00,770201,2026-07-22 14:48:00,770000,770200,美容护理,,,,left_only,only_sw
920177,2026-04-10 15:49:00,640209,2026-04-27 14:53:00,640000,640200,机械设备,,,,left_only,only_sw
920178,2026-05-15 11:34:00,640704,2026-06-15 13:43:00,640000,640700,机械设备,,,,left_only,only_sw
920179,2023-04-10 00:00:00,270103,2025-10-10 11:17:00,270000,270100,电子,,,,left_only,only_sw
920180,2026-02-10 14:23:00,370503,2026-04-27 14:53:00,370000,370500,医药生物,,,,left_only,only_sw
920181,2026-04-10 15:49:00,270401,2026-04-27 14:53:00,270000,270400,电子,,,,left_only,only_sw
920183,2026-02-27 09:46:00,270503,2026-04-27 14:53:00,270000,270500,电子,,,,left_only,only_sw
920184,2023-04-10 00:00:00,710301,2025-10-10 11:17:00,710000,710300,计算机,,,,left_only,only_sw
920185,2021-07-30 00:00:00,630702,2025-10-10 11:17:00,630000,630700,电力设备,,,,left_only,only_sw
920186,2026-04-22 10:18:00,270108,2026-04-22 10:18:00,270000,270100,电子,,,,left_only,only_sw
920187,2026-02-27 09:46:00,280202,2026-04-27 14:53:00,280000,280200,汽车,,,,left_only,only_sw
920188,2026-03-17 09:58:00,220602,2026-04-27 14:53:00,220000,220600,基础化工,,,,left_only,only_sw
920189,2026-07-08 13:02:00,270103,2026-07-08 13:02:00,270000,270100,电子,,,,left_only,only_sw
920190,2022-12-27 00:00:00,710103,2025-10-10 11:17:00,710000,710100,计算机,,,,left_only,only_sw
920191,2026-04-10 15:49:00,610301,2026-04-27 14:53:00,610000,610300,建筑材料,,,,left_only,only_sw
920193,2026-06-26 13:31:00,220309,2026-06-26 13:31:00,220000,220300,基础化工,,,,left_only,only_sw
920195,2022-12-27 00:00:00,280203,2025-10-10 11:17:00,280000,280200,汽车,,,,left_only,only_sw
920198,2021-07-30 00:00:00,710102,2025-10-10 11:17:00,710000,710100,计算机,,,,left_only,only_sw
920199,2022-12-06 00:00:00,330303,2025-10-10 11:17:00,330000,330300,家用电器,,,,left_only,only_sw
920200,2026-04-22 10:18:00,630602,2026-04-27 14:53:00,630000,630600,电力设备,,,,left_only,only_sw
920201,2026-09-18 14:11:00,370503,2026-09-18 14:11:00,370000,370500,医药生物,,,,left_only,only_sw
920202,2026-09-18 14:11:00,280203,2026-09-18 14:11:00,280000,280200,汽车,,,,left_only,only_sw
920204,2021-12-30 00:00:00,360204,2025-10-10 11:17:00,360000,360200,轻工制造,,,,left_only,only_sw
920206,2026-05-27 11:31:00,220305,2026-05-27 11:31:00,220000,220300,基础化工,,,,left_only,only_sw
920207,2022-09-30 00:00:00,710401,2025-10-10 11:17:00,710000,710400,计算机,,,,left_only,only_sw
920208,2023-04-07 00:00:00,620601,2025-10-10 11:17:00,620000,620600,建筑装饰,,,,left_only,only_sw
920211,2026-05-27 11:31:00,640702,2026-05-27 11:31:00,640000,640700,机械设备,,,,left_only,only_sw
920212,2021-07-30 00:00:00,270504,2025-10-10 11:17:00,270000,270500,电子,,,,left_only,only_sw
920218,2026-05-27 11:31:00,360311,2026-05-27 11:31:00,360000,360300,轻工制造,,,,left_only,only_sw
920220,2026-05-15 11:34:00,280203,2026-05-15 11:34:00,280000,280200,汽车,,,,left_only,only_sw
920221,2023-05-30 00:00:00,280205,2025-10-10 11:17:00,280000,280200,汽车,,,,left_only,only_sw
920222,2026-06-26 13:31:00,630801,2026-06-26 13:31:00,630000,630800,电力设备,,,,left_only,only_sw
920223,2023-04-10 00:00:00,640108,2025-10-10 11:17:00,640000,640100,机械设备,,,,left_only,only_sw
920225,2021-02-25 00:00:00,220602,2025-10-10 11:17:00,220000,220600,基础化工,,,,left_only,only_sw
920227,2022-12-27 00:00:00,710301,2025-10-10 11:17:00,710000,710300,计算机,,,,left_only,only_sw
920229,2026-09-18 14:11:00,640206,2026-09-18 14:11:00,640000,640200,机械设备,,,,left_only,only_sw
920230,2022-12-06 00:00:00,370101,2025-10-10 11:17:00,370000,370100,医药生物,,,,left_only,only_sw
920237,2022-11-23 00:00:00,630701,2025-10-10 11:17:00,630000,630700,电力设备,,,,left_only,only_sw
920238,2026-07-22 14:48:00,640108,2026-07-22 14:48:00,640000,640100,机械设备,,,,left_only,only_sw
920239,2021-07-30 00:00:00,630701,2025-10-10 11:17:00,630000,630700,电力设备,,,,left_only,only_sw
920242,2021-07-30 00:00:00,280203,2025-10-10 11:17:00,280000,280200,汽车,,,,left_only,only_sw
920245,2021-12-20 00:00:00,640602,2025-10-10 11:17:00,640000,640600,机械设备,,,,left_only,only_sw
920247,2022-12-27 00:00:00,280205,2025-10-10 11:17:00,280000,280200,汽车,,,,left_only,only_sw
920249,2023-02-24 00:00:00,730206,2025-10-10 11:17:00,730000,730200,通信,,,,left_only,only_sw
920252,2022-01-09 00:00:00,630701,2025-10-10 11:17:00,630000,630700,电力设备,,,,left_only,only_sw
920258,2026-07-22 14:48:00,220309,2026-07-22 14:48:00,220000,220300,基础化工,,,,left_only,only_sw
920260,2021-11-15 00:00:00,640108,2025-10-10 11:17:00,640000,640100,机械设备,,,,left_only,only_sw
920261,2023-04-07 00:00:00,220313,2025-10-10 11:17:00,220000,220300,基础化工,,,,left_only,only_sw
920262,2022-12-27 00:00:00,350206,2025-10-10 11:17:00,350000,350200,纺织服饰,,,,left_only,only_sw
920263,2021-07-30 00:00:00,760101,2025-10-10 11:17:00,760000,760100,环保,,,,left_only,only_sw
920266,2020-07-27 00:00:00,370201,2025-10-10 11:17:00,370000,370200,医药生物,,,,left_only,only_sw
920267,2022-05-13 00:00:00,270504,2025-10-10 11:17:00,270000,270500,电子,,,,left_only,only_sw
920268,2026-09-02 16:48:00,370503,2026-09-02 16:48:00,370000,370500,医药生物,,,,left_only,only_sw
920269,2026-09-02 16:48:00,280203,2026-09-02 16:48:00,280000,280200,汽车,,,,left_only,only_sw
920270,2022-08-29 00:00:00,280202,2025-10-10 11:17:00,280000,280200,汽车,,,,left_only,only_sw
920271,2022-06-08 00:00:00,280203,2025-10-10 11:17:00,280000,280200,汽车,,,,left_only,only_sw
920273,2024-11-12 10:16:00,110504,2025-10-10 11:17:00,110000,110500,农林牧渔,,,,left_only,only_sw
920274,2023-08-16 00:00:00,360204,2025-10-10 11:17:00,360000,360200,轻工制造,,,,left_only,only_sw
920275,2021-01-25 00:00:00,110801,2025-10-10 11:17:00,110000,110800,农林牧渔,,,,left_only,only_sw
920278,2021-07-30 00:00:00,370502,2025-10-10 11:17:00,370000,370500,医药生物,,,,left_only,only_sw
920284,2023-12-20 00:00:00,640209,2025-10-10 11:17:00,640000,640200,机械设备,,,,left_only,only_sw
920288,2026-08-19 13:25:00,360103,2026-08-19 13:25:00,360000,360100,轻工制造,,,,left_only,only_sw
920289,2026-09-02 16:48:00,630703,2026-09-02 16:48:00,630000,630700,电力设备,,,,left_only,only_sw
920298,2026-09-02 16:48:00,640108,2026-09-02 16:48:00,640000,640100,机械设备,,,,left_only,only_sw
920299,2022-06-08 00:00:00,630803,2025-10-10 11:17:00,630000,630800,电力设备,,,,left_only,only_sw
920300,2022-12-06 00:00:00,370502,2025-10-10 11:17:00,370000,370500,医药生物,,,,left_only,only_sw
920304,2023-04-27 00:00:00,220204,2025-12-09 16:02:00,220000,220200,基础化工,,,,left_only,only_sw
920305,2023-04-10 00:00:00,710301,2025-10-10 11:17:00,710000,710300,计算机,,,,left_only,only_sw
920339,2022-11-23 00:00:00,330501,2025-10-10 11:17:00,330000,330500,家用电器,,,,left_only,only_sw
920344,2021-07-30 00:00:00,370304,2025-10-10 11:17:00,370000,370300,医药生物,,,,left_only,only_sw
920346,2022-02-08 00:00:00,270504,2025-10-10 11:17:00,270000,270500,电子,,,,left_only,only_sw
920351,2022-12-27 00:00:00,420805,2025-10-10 11:17:00,420000,420800,交通运输,,,,left_only,only_sw
920357,2022-11-23 00:00:00,270504,2025-10-10 11:17:00,270000,270500,电子,,,,left_only,only_sw
920363,2024-01-17 00:00:00,640107,2025-10-10 11:17:00,640000,640100,机械设备,,,,left_only,only_sw
920367,2023-02-13 00:00:00,370101,2025-10-10 11:17:00,370000,370100,医药生物,,,,left_only,only_sw
920368,2021-07-30 00:00:00,630505,2025-10-10 11:17:00,630000,630500,电力设备,,,,left_only,only_sw
920370,2021-07-30 00:00:00,760103,2025-10-10 11:17:00,760000,760100,环保,,,,left_only,only_sw
920371,2022-01-09 00:00:00,110504,2025-12-15 13:02:00,110000,110500,农林牧渔,,,,left_only,only_sw
920374,2022-12-06 00:00:00,730207,2025-10-10 11:17:00,730000,730200,通信,,,,left_only,only_sw
920375,2023-12-20 00:00:00,630803,2025-10-10 11:17:00,630000,630800,电力设备,,,,left_only,only_sw
920378,2022-06-08 00:00:00,280203,2025-10-10 11:17:00,280000,280200,汽车,,,,left_only,only_sw
920392,2022-12-27 00:00:00,360205,2025-10-10 11:17:00,360000,360200,轻工制造,,,,left_only,only_sw
920394,2023-04-12 00:00:00,360103,2025-10-10 11:17:00,360000,360100,轻工制造,,,,left_only,only_sw
920395,2022-08-29 00:00:00,640204,2025-10-10 11:17:00,640000,640200,机械设备,,,,left_only,only_sw
920396,2021-07-30 00:00:00,640704,2025-10-10 11:17:00,640000,640700,机械设备,,,,left_only,only_sw
920402,2024-11-12 10:16:00,220309,2025-10-10 11:17:00,220000,220300,基础化工,,,,left_only,only_sw
920403,2024-01-17 00:00:00,110101,2025-10-10 11:17:00,110000,110100,农林牧渔,,,,left_only,only_sw
920405,2021-11-05 00:00:00,640702,2025-10-10 11:17:00,640000,640700,机械设备,,,,left_only,only_sw
920407,2023-02-13 00:00:00,640107,2025-10-10 11:17:00,640000,640100,机械设备,,,,left_only,only_sw
920414,2022-12-06 00:00:00,630505,2025-10-10 11:17:00,630000,630500,电力设备,,,,left_only,only_sw
920415,2021-07-30 00:00:00,710401,2025-10-10 11:17:00,710000,710400,计算机,,,,left_only,only_sw
920418,2021-07-30 00:00:00,280203,2025-10-10 11:17:00,280000,280200,汽车,,,,left_only,only_sw
920419,2022-02-24 00:00:00,110404,2025-10-10 11:17:00,110000,110400,农林牧渔,,,,left_only,only_sw
920422,2023-02-24 00:00:00,220315,2025-10-10 11:17:00,220000,220300,基础化工,,,,left_only,only_sw
920425,2023-04-10 00:00:00,640702,2025-10-10 11:17:00,640000,640700,机械设备,,,,left_only,only_sw
920427,2021-07-30 00:00:00,620601,2025-10-10 11:17:00,620000,620600,建筑装饰,,,,left_only,only_sw
920429,2022-12-14 00:00:00,340407,2025-10-10 11:17:00,340000,340400,食品饮料,,,,left_only,only_sw
920433,2020-07-27 00:00:00,370201,2025-10-10 11:17:00,370000,370200,医药生物,,,,left_only,only_sw
920436,2021-11-15 00:00:00,280206,2025-10-10 11:17:00,280000,280200,汽车,,,,left_only,only_sw
920438,2024-03-12 00:00:00,270303,2025-10-10 11:17:00,270000,270300,电子,,,,left_only,only_sw
920445,2021-07-30 00:00:00,360308,2025-10-10 11:17:00,360000,360300,轻工制造,,,,left_only,only_sw
920454,2021-11-15 00:00:00,280203,2025-10-10 11:17:00,280000,280200,汽车,,,,left_only,only_sw
920455,2023-07-10 00:00:00,640209,2025-10-10 11:17:00,640000,640200,机械设备,,,,left_only,only_sw
920469,2023-09-20 00:00:00,220503,2025-10-10 11:17:00,220000,220500,基础化工,,,,left_only,only_sw
920471,2023-05-30 00:00:00,220309,2025-10-10 11:17:00,220000,220300,基础化工,,,,left_only,only_sw
920475,2020-07-27 00:00:00,640209,2025-10-10 11:17:00,640000,640200,机械设备,,,,left_only,only_sw
920476,2022-10-26 00:00:00,640107,2025-10-10 11:17:00,640000,640100,机械设备,,,,left_only,only_sw
920478,2023-02-24 00:00:00,370101,2025-10-10 11:17:00,370000,370100,医药生物,,,,left_only,only_sw
920489,2020-07-27 00:00:00,220204,2025-10-10 11:17:00,220000,220200,基础化工,,,,left_only,only_sw
920491,2023-08-09 00:00:00,270203,2025-10-10 11:17:00,270000,270200,电子,,,,left_only,only_sw
920493,2023-10-30 00:00:00,710301,2025-10-10 11:17:00,710000,710300,计算机,,,,left_only,only_sw
920496,2024-02-29 00:00:00,630801,2025-10-10 11:17:00,630000,630800,电力设备,,,,left_only,only_sw
920504,2023-08-16 00:00:00,370502,2025-10-10 11:17:00,370000,370500,医药生物,,,,left_only,only_sw
920505,2022-12-27 00:00:00,640108,2025-10-10 11:17:00,640000,640100,机械设备,,,,left_only,only_sw
920508,2023-04-10 00:00:00,630803,2025-10-10 11:17:00,630000,630800,电力设备,,,,left_only,only_sw
920509,2021-07-30 00:00:00,640107,2025-10-10 11:17:00,640000,640100,机械设备,,,,left_only,only_sw
920510,2023-04-10 00:00:00,640108,2026-08-11 18:57:00,640000,640100,机械设备,,,,left_only,only_sw
920519,2023-09-20 00:00:00,220309,2025-10-10 11:17:00,220000,220300,基础化工,,,,left_only,only_sw
920522,2023-11-20 00:00:00,630703,2025-10-10 11:17:00,630000,630700,电力设备,,,,left_only,only_sw
920523,2021-07-30 00:00:00,630701,2025-10-10 11:17:00,630000,630700,电力设备,,,,left_only,only_sw
920526,2022-12-27 00:00:00,270601,2025-10-10 11:17:00,270000,270600,电子,,,,left_only,only_sw
920527,2023-08-09 00:00:00,350105,2025-10-10 11:17:00,350000,350100,纺织服饰,,,,left_only,only_sw
920533,2023-04-10 00:00:00,280202,2025-10-10 11:17:00,280000,280200,汽车,,,,left_only,only_sw
920541,2023-02-24 00:00:00,640501,2025-10-10 11:17:00,640000,640500,机械设备,,,,left_only,only_sw
920547,2023-12-20 00:00:00,370304,2025-10-10 11:17:00,370000,370300,医药生物,,,,left_only,only_sw
920553,2023-04-10 00:00:00,640208,2025-10-10 11:17:00,640000,640200,机械设备,,,,left_only,only_sw
920556,2023-03-17 00:00:00,630804,2025-10-10 11:17:00,630000,630800,电力设备,,,,left_only,only_sw
920564,2023-04-10 00:00:00,710301,2025-10-10 11:17:00,710000,710300,计算机,,,,left_only,only_sw
920566,2021-08-13 00:00:00,370102,2025-10-10 11:17:00,370000,370100,医药生物,,,,left_only,only_sw
920570,2023-11-20 00:00:00,640106,2025-10-10 11:17:00,640000,640100,机械设备,,,,left_only,only_sw
920571,2022-12-14 00:00:00,421101,2025-10-10 11:17:00,420000,421100,交通运输,,,,left_only,only_sw
920575,2023-03-17 00:00:00,370303,2026-08-20 14:06:00,370000,370300,医药生物,,,,left_only,only_sw
920576,2023-07-10 00:00:00,240201,2025-10-10 11:17:00,240000,240200,有色金属,,,,left_only,only_sw
920578,2023-04-27 00:00:00,640701,2025-10-10 11:17:00,640000,640700,机械设备,,,,left_only,only_sw
920579,2023-12-20 00:00:00,640701,2025-10-10 11:17:00,640000,640700,机械设备,,,,left_only,only_sw
920580,2022-05-13 00:00:00,610301,2025-10-10 11:17:00,610000,610300,建筑材料,,,,left_only,only_sw
920592,2023-07-10 00:00:00,710401,2025-10-10 11:17:00,710000,710400,计算机,,,,left_only,only_sw
920593,2023-04-07 00:00:00,640701,2025-10-10 11:17:00,640000,640700,机械设备,,,,left_only,only_sw
920599,2021-07-30 00:00:00,640601,2025-10-10 11:17:00,640000,640600,机械设备,,,,left_only,only_sw
920608,2022-12-14 00:00:00,640207,2025-10-10 11:17:00,640000,640200,机械设备,,,,left_only,only_sw
920627,2023-09-20 00:00:00,630705,2025-10-10 11:17:00,630000,630700,电力设备,,,,left_only,only_sw
920634,2022-11-23 00:00:00,240303,2025-10-10 11:17:00,240000,240300,有色金属,,,,left_only,only_sw
920639,2022-07-17 00:00:00,630805,2025-10-10 11:17:00,630000,630800,电力设备,,,,left_only,only_sw
920640,2021-07-30 00:00:00,730205,2025-10-10 11:17:00,730000,730200,通信,,,,left_only,only_sw
920641,2022-12-06 00:00:00,330501,2025-10-10 11:17:00,330000,330500,家用电器,,,,left_only,only_sw
920642,2021-08-16 00:00:00,650201,2025-10-10 11:17:00,650000,650200,国防军工,,,,left_only,only_sw
920651,2023-07-10 00:00:00,640107,2025-10-10 11:17:00,640000,640100,机械设备,,,,left_only,only_sw
920656,2024-02-29 00:00:00,370101,2025-10-10 11:17:00,370000,370100,医药生物,,,,left_only,only_sw
920662,2022-11-23 00:00:00,640106,2025-10-10 11:17:00,640000,640100,机械设备,,,,left_only,only_sw
920663,2023-03-17 00:00:00,280202,2025-10-10 11:17:00,280000,280200,汽车,,,,left_only,only_sw
920665,2023-10-30 00:00:00,220602,2025-10-10 11:17:00,220000,220600,基础化工,,,,left_only,only_sw
920670,2021-07-30 00:00:00,370603,2025-10-10 11:17:00,370000,370600,医药生物,,,,left_only,only_sw
920675,2021-07-30 00:00:00,220901,2025-10-10 11:17:00,220000,220900,基础化工,,,,left_only,only_sw
920679,2023-11-20 00:00:00,640108,2025-10-10 11:17:00,640000,640100,机械设备,,,,left_only,only_sw
920680,2021-11-15 00:00:00,710401,2025-10-10 11:17:00,710000,710400,计算机,,,,left_only,only_sw
920682,2021-07-30 00:00:00,630805,2025-10-10 11:17:00,630000,630800,电力设备,,,,left_only,only_sw
920685,2022-09-30 00:00:00,640107,2025-10-10 11:17:00,640000,640100,机械设备,,,,left_only,only_sw
920689,2022-03-21 00:00:00,640106,2025-10-10 11:17:00,640000,640100,机械设备,,,,left_only,only_sw
920690,2024-01-17 00:00:00,280202,2025-10-10 11:17:00,280000,280200,汽车,,,,left_only,only_sw
920693,2023-10-30 00:00:00,640108,2025-10-10 11:17:00,640000,640100,机械设备,,,,left_only,only_sw
920694,2023-04-27 00:00:00,220602,2025-10-10 11:17:00,220000,220600,基础化工,,,,left_only,only_sw
920699,2023-05-09 00:00:00,330601,2025-10-10 11:17:00,330000,330600,家用电器,,,,left_only,only_sw
920701,2023-07-10 00:00:00,270504,2025-10-10 11:17:00,270000,270500,电子,,,,left_only,only_sw
920703,2023-12-20 00:00:00,640203,2025-10-10 11:17:00,640000,640200,机械设备,,,,left_only,only_sw
920706,2024-03-12 00:00:00,640601,2025-10-10 11:17:00,640000,640600,机械设备,,,,left_only,only_sw
920717,2023-07-10 00:00:00,640209,2025-10-10 11:17:00,640000,640200,机械设备,,,,left_only,only_sw
920718,2022-12-27 00:00:00,330601,2025-10-10 11:17:00,330000,330600,家用电器,,,,left_only,only_sw
920719,2023-05-30 00:00:00,220901,2025-10-10 11:17:00,220000,220900,基础化工,,,,left_only,only_sw
920720,2023-04-10 00:00:00,640108,2025-10-10 11:17:00,640000,640100,机械设备,,,,left_only,only_sw
920725,2022-07-17 00:00:00,640103,2025-10-10 11:17:00,640000,640100,机械设备,,,,left_only,only_sw
920726,2021-07-30 00:00:00,340901,2025-10-10 11:17:00,340000,340900,食品饮料,,,,left_only,only_sw
920729,2020-07-27 00:00:00,110801,2025-10-10 11:17:00,110000,110800,农林牧渔,,,,left_only,only_sw
920735,2021-02-19 00:00:00,370102,2025-10-10 11:17:00,370000,370100,医药生物,,,,left_only,only_sw
920748,2023-08-16 00:00:00,710301,2025-10-10 11:17:00,710000,710300,计算机,,,,left_only,only_sw
920751,2023-07-10 00:00:00,240201,2025-10-10 11:17:00,240000,240200,有色金属,,,,left_only,only_sw
920753,2022-10-26 00:00:00,460802,2025-10-10 11:17:00,460000,460800,社会服务,,,,left_only,only_sw
920765,2021-07-30 00:00:00,360308,2025-10-10 11:17:00,360000,360300,轻工制造,,,,left_only,only_sw
920768,2021-07-30 00:00:00,330601,2025-10-10 11:17:00,330000,330600,家用电器,,,,left_only,only_sw
920770,2023-02-24 00:00:00,630502,2025-10-10 11:17:00,630000,630500,电力设备,,,,left_only,only_sw
920779,2023-05-30 00:00:00,630703,2025-10-10 11:17:00,630000,630700,电力设备,,,,left_only,only_sw
920781,2022-12-27 00:00:00,640203,2025-10-10 11:17:00,640000,640200,机械设备,,,,left_only,only_sw
920786,2023-10-30 00:00:00,340702,2025-10-10 11:17:00,340000,340700,食品饮料,,,,left_only,only_sw
920790,2022-08-29 00:00:00,710301,2025-10-10 11:17:00,710000,710300,计算机,,,,left_only,only_sw
920792,2023-04-07 00:00:00,610301,2025-10-10 11:17:00,610000,610300,建筑材料,,,,left_only,only_sw
920799,2021-07-30 00:00:00,710401,2025-10-10 11:17:00,710000,710400,计算机,,,,left_only,only_sw
920802,2023-02-13 00:00:00,760101,2025-10-10 11:17:00,760000,760100,环保,,,,left_only,only_sw
920806,2024-01-17 00:00:00,710301,2025-10-10 11:17:00,710000,710300,计算机,,,,left_only,only_sw
920807,2022-12-27 00:00:00,640103,2025-10-10 11:17:00,640000,640100,机械设备,,,,left_only,only_sw
920808,2022-11-23 00:00:00,710103,2025-10-10 11:17:00,710000,710100,计算机,,,,left_only,only_sw
920809,2023-04-07 00:00:00,630702,2025-10-10 11:17:00,630000,630700,电力设备,,,,left_only,only_sw
920810,2022-12-14 00:00:00,640208,2025-10-10 11:17:00,640000,640200,机械设备,,,,left_only,only_sw
920819,2021-07-30 00:00:00,220803,2025-10-10 11:17:00,220000,220800,基础化工,,,,left_only,only_sw
920821,2022-06-22 00:00:00,270202,2025-10-10 11:17:00,270000,270200,电子,,,,left_only,only_sw
920826,2021-07-30 00:00:00,340406,2025-10-10 11:17:00,340000,340400,食品饮料,,,,left_only,only_sw
920832,2021-07-30 00:00:00,220901,2025-10-10 11:17:00,220000,220900,基础化工,,,,left_only,only_sw
920833,2023-11-20 00:00:00,640106,2025-10-10 11:17:00,640000,640100,机械设备,,,,left_only,only_sw
920834,2022-08-29 00:00:00,220602,2025-10-10 11:17:00,220000,220600,基础化工,,,,left_only,only_sw
920837,2023-04-27 00:00:00,280203,2025-10-10 11:17:00,280000,280200,汽车,,,,left_only,only_sw
920839,2021-07-30 00:00:00,640602,2025-10-10 11:17:00,640000,640600,机械设备,,,,left_only,only_sw
920855,2022-12-27 00:00:00,640209,2025-10-10 11:17:00,640000,640200,机械设备,,,,left_only,only_sw
920856,2023-04-10 00:00:00,640209,2025-10-10 11:17:00,640000,640200,机械设备,,,,left_only,only_sw
920857,2022-02-11 00:00:00,270504,2025-10-10 11:17:00,270000,270500,电子,,,,left_only,only_sw
920866,2022-12-06 00:00:00,220803,2025-10-10 11:17:00,220000,220800,基础化工,,,,left_only,only_sw
920870,2023-04-10 00:00:00,640101,2025-10-10 11:17:00,640000,640100,机械设备,,,,left_only,only_sw
920871,2022-07-17 00:00:00,280203,2025-10-10 11:17:00,280000,280200,汽车,,,,left_only,only_sw
920873,2021-11-15 00:00:00,620601,2025-10-10 11:17:00,620000,620600,建筑装饰,,,,left_only,only_sw
920876,2022-11-23 00:00:00,270504,2025-10-10 11:17:00,270000,270500,电子,,,,left_only,only_sw
920879,2022-12-27 00:00:00,640107,2025-10-10 11:17:00,640000,640100,机械设备,,,,left_only,only_sw
920885,2021-07-30 00:00:00,640702,2025-10-10 11:17:00,640000,640700,机械设备,,,,left_only,only_sw
920892,2021-10-28 00:00:00,620601,2025-10-10 11:17:00,620000,620600,建筑装饰,,,,left_only,only_sw
920895,2023-04-07 00:00:00,640207,2025-10-10 11:17:00,640000,640200,机械设备,,,,left_only,only_sw
920896,2023-04-27 00:00:00,280203,2025-10-10 11:17:00,280000,280200,汽车,,,,left_only,only_sw
920906,2023-02-24 00:00:00,280202,2025-10-10 11:17:00,280000,280200,汽车,,,,left_only,only_sw
920914,2022-11-23 00:00:00,630701,2025-10-10 11:17:00,630000,630700,电力设备,,,,left_only,only_sw
920924,2021-11-03 00:00:00,730103,2025-10-10 11:17:00,730000,730100,通信,,,,left_only,only_sw
920925,2021-10-25 00:00:00,370502,2025-10-10 11:17:00,370000,370500,医药生物,,,,left_only,only_sw
920926,2023-08-16 00:00:00,330301,2025-10-10 11:17:00,330000,330300,家用电器,,,,left_only,only_sw
920931,2024-04-11 00:00:00,640203,2025-10-10 11:17:00,640000,640200,机械设备,,,,left_only,only_sw
920932,2023-09-08 00:00:00,710401,2025-10-10 11:17:00,710000,710400,计算机,,,,left_only,only_sw
920942,2022-12-06 00:00:00,640602,2025-10-10 11:17:00,640000,640600,机械设备,,,,left_only,only_sw
920943,2022-06-22 00:00:00,640108,2025-10-10 11:17:00,640000,640100,机械设备,,,,left_only,only_sw
920946,2020-07-27 00:00:00,370101,2025-10-10 11:17:00,370000,370100,医药生物,,,,left_only,only_sw
920950,2022-01-09 00:00:00,640106,2025-10-10 11:17:00,640000,640100,机械设备,,,,left_only,only_sw
920953,2023-08-16 00:00:00,710301,2025-10-10 11:17:00,710000,710300,计算机,,,,left_only,only_sw
920957,2022-12-14 00:00:00,220309,2025-10-10 11:17:00,220000,220300,基础化工,,,,left_only,only_sw
920961,2023-04-10 00:00:00,640107,2025-10-10 11:17:00,640000,640100,机械设备,,,,left_only,only_sw
920964,2021-07-30 00:00:00,110901,2025-10-10 11:17:00,110000,110900,农林牧渔,,,,left_only,only_sw
920970,2022-05-13 00:00:00,110801,2025-10-10 11:17:00,110000,110800,农林牧渔,,,,left_only,only_sw
920971,2022-09-30 00:00:00,220901,2025-10-10 11:17:00,220000,220900,基础化工,,,,left_only,only_sw
920974,2023-02-24 00:00:00,220309,2025-10-10 11:17:00,220000,220300,基础化工,,,,left_only,only_sw
920976,2023-09-20 00:00:00,710102,2025-10-10 11:17:00,710000,710100,计算机,,,,left_only,only_sw
920978,2023-10-30 00:00:00,280203,2025-10-10 11:17:00,280000,280200,汽车,,,,left_only,only_sw
920981,2021-11-15 00:00:00,270203,2025-10-10 11:17:00,270000,270200,电子,,,,left_only,only_sw
920982,2023-07-17 00:00:00,770301,2025-10-10 11:17:00,770000,770300,美容护理,,,,left_only,only_sw
920985,2022-08-29 00:00:00,630502,2025-10-10 11:17:00,630000,630500,电力设备,,,,left_only,only_sw
920992,2022-10-26 00:00:00,370502,2025-10-10 11:17:00,370000,370500,医药生物,,,,left_only,only_sw
