code,event_id,ex_date,record_date,pay_date,cash_div_per_share,bonus_ratio,transfer_ratio,bonus_list_date,source
000006.SZ,000006.SZ_20150619_1,2015-06-19,2015-06-18,2015-06-19,0.118,,,,wind:wind_get_stock_events
000006.SZ,000006.SZ_20160617_1,2016-06-17,2016-06-16,2016-06-17,0.12,,,,wind:wind_get_stock_events
000006.SZ,000006.SZ_20170616_1,2017-06-16,2017-06-15,2017-06-16,0.18,,,,wind:wind_get_stock_events
000006.SZ,000006.SZ_20180622_1,2018-06-22,2018-06-21,2018-06-22,0.181,,,,wind:wind_get_stock_events
000006.SZ,000006.SZ_20190619_1,2019-06-19,2019-06-18,2019-06-19,0.195,,,,wind:wind_get_stock_events
000006.SZ,000006.SZ_20200618_1,2020-06-18,2020-06-17,2020-06-18,0.179,,,,wind:wind_get_stock_events
000006.SZ,000006.SZ_20210623_1,2021-06-23,2021-06-22,2021-06-23,0.193,,,,wind:wind_get_stock_events
000006.SZ,000006.SZ_20220621_1,2022-06-21,2022-06-20,2022-06-21,0.121,,,,wind:wind_get_stock_events
000006.SZ,000006.SZ_20230628_1,2023-06-28,2023-06-27,2023-06-28,0.094,,,,wind:wind_get_stock_events
000007.SZ,000007.SZ_20170522_1,2017-05-22,2017-05-19,,,,0.5,2017-05-22,wind:wind_get_stock_events
000008.SZ,000008.SZ_20150313_1,2015-03-13,2015-03-12,,,,0.45,2015-03-13,wind:wind_get_stock_events
000008.SZ,000008.SZ_20150924_1,2015-09-24,2015-09-23,,,,2,2015-09-24,wind:wind_get_stock_events
000008.SZ,000008.SZ_20170602_1,2017-06-02,2017-06-01,2017-06-02,0.01,,,,wind:wind_get_stock_events
000008.SZ,000008.SZ_20180607_1,2018-06-07,2018-06-06,2018-06-07,0.05,,,,wind:wind_get_stock_events
000008.SZ,000008.SZ_20190628_1,2019-06-28,2019-06-27,2019-06-28,0.01,,,,wind:wind_get_stock_events
000008.SZ,000008.SZ_20200529_1,2020-05-29,2020-05-28,2020-05-29,0.01,,,,wind:wind_get_stock_events
000009.SZ,000009.SZ_20150806_1,2015-08-06,2015-08-05,2015-08-06,0.02,,,,wind:wind_get_stock_events
000009.SZ,000009.SZ_20160721_1,2016-07-21,2016-07-20,2016-07-21,0.07,0.25,0.1,2016-07-21,wind:wind_get_stock_events
000009.SZ,000009.SZ_20170816_1,2017-08-16,2017-08-15,2017-08-16,0.02,,,,wind:wind_get_stock_events
000009.SZ,000009.SZ_20180727_1,2018-07-27,2018-07-26,2018-07-27,0.02,,,,wind:wind_get_stock_events
000009.SZ,000009.SZ_20190722_1,2019-07-22,2019-07-19,2019-07-22,0.02,,0.2,2019-07-22,wind:wind_get_stock_events
000009.SZ,000009.SZ_20200813_1,2020-08-13,2020-08-12,2020-08-13,0.02,,,,wind:wind_get_stock_events
000009.SZ,000009.SZ_20210826_1,2021-08-26,2021-08-25,2021-08-26,0.03,,,,wind:wind_get_stock_events
000009.SZ,000009.SZ_20220831_1,2022-08-31,2022-08-30,2022-08-31,0.035,,,,wind:wind_get_stock_events
000009.SZ,000009.SZ_20230803_1,2023-08-03,2023-08-02,2023-08-03,0.035,,,,wind:wind_get_stock_events
000009.SZ,000009.SZ_20240726_1,2024-07-26,2024-07-25,2024-07-26,0.045,,,,wind:wind_get_stock_events
000009.SZ,000009.SZ_20250827_1,2025-08-27,2025-08-26,2025-08-27,0.03,,,,wind:wind_get_stock_events
000009.SZ,000009.SZ_20260827_1,2026-08-27,2026-08-26,2026-08-27,0.03,,,,wind:wind_get_stock_events
000012.SZ,000012.SZ_20150508_1,2015-05-08,2015-05-07,2015-05-08,0.5,,,,wind:wind_get_stock_events
000012.SZ,000012.SZ_20160519_1,2016-05-19,2016-05-18,2016-05-19,0.3,,,,wind:wind_get_stock_events
000012.SZ,000012.SZ_20170719_1,2017-07-19,2017-07-18,2017-07-19,0.1,,0.15,2017-07-19,wind:wind_get_stock_events
000012.SZ,000012.SZ_20180627_1,2018-06-27,2018-06-26,2018-06-27,0.05,,0.15,2018-06-27,wind:wind_get_stock_events
000012.SZ,000012.SZ_20190626_1,2019-06-26,2019-06-25,2019-06-26,0.05,,0.1,2019-06-26,wind:wind_get_stock_events
000012.SZ,000012.SZ_20200701_1,2020-07-01,2020-06-30,2020-07-01,0.07,,,,wind:wind_get_stock_events
000012.SZ,000012.SZ_20210617_1,2021-06-17,2021-06-16,2021-06-17,0.1,,,,wind:wind_get_stock_events
000012.SZ,000012.SZ_20220624_1,2022-06-24,2022-06-23,2022-06-24,0.2,,,,wind:wind_get_stock_events
000012.SZ,000012.SZ_20230714_1,2023-07-14,2023-07-13,2023-07-14,0.15,,,,wind:wind_get_stock_events
000012.SZ,000012.SZ_20240716_1,2024-07-16,2024-07-15,2024-07-16,0.25,,,,wind:wind_get_stock_events
000012.SZ,000012.SZ_20250723_1,2025-07-23,2025-07-22,2025-07-23,0.07,,,,wind:wind_get_stock_events
000012.SZ,000012.SZ_20260723_1,2026-07-23,2026-07-22,2026-07-23,0.02,,,,wind:wind_get_stock_events
000014.SZ,000014.SZ_20150617_1,2015-06-17,2015-06-16,2015-06-17,0.019,,,,wind:wind_get_stock_events
000014.SZ,000014.SZ_20160620_1,2016-06-20,2016-06-17,2016-06-20,0.037,,,,wind:wind_get_stock_events
000014.SZ,000014.SZ_20170619_1,2017-06-19,2017-06-16,2017-06-19,0.015,,,,wind:wind_get_stock_events
000014.SZ,000014.SZ_20180622_1,2018-06-22,2018-06-21,2018-06-22,0.01,,,,wind:wind_get_stock_events
000014.SZ,000014.SZ_20190619_1,2019-06-19,2019-06-18,2019-06-19,0.066,,,,wind:wind_get_stock_events
000014.SZ,000014.SZ_20200611_1,2020-06-11,2020-06-10,2020-06-11,0.011,,,,wind:wind_get_stock_events
000014.SZ,000014.SZ_20210611_1,2021-06-11,2021-06-10,2021-06-11,0.008,,,,wind:wind_get_stock_events
000014.SZ,000014.SZ_20220527_1,2022-05-27,2022-05-26,2022-05-27,0.05,0.2,,2022-05-27,wind:wind_get_stock_events
000014.SZ,000014.SZ_20230602_1,2023-06-02,2023-06-01,2023-06-02,0.12,,,,wind:wind_get_stock_events
000014.SZ,000014.SZ_20240606_1,2024-06-06,2024-06-05,2024-06-06,0.216,,,,wind:wind_get_stock_events
000016.SZ,000016.SZ_20150720_1,2015-07-20,2015-07-17,2015-07-20,0.01,,,,wind:wind_get_stock_events
000016.SZ,000016.SZ_20150925_1,2015-09-25,2015-09-24,,,,1,2015-09-25,wind:wind_get_stock_events
000016.SZ,000016.SZ_20180606_1,2018-06-06,2018-06-05,2018-06-06,0.162,,,,wind:wind_get_stock_events
000016.SZ,000016.SZ_20190705_1,2019-07-05,2019-07-04,2019-07-05,0.1,,,,wind:wind_get_stock_events
000016.SZ,000016.SZ_20200709_1,2020-07-09,2020-07-08,2020-07-09,0.05,,,,wind:wind_get_stock_events
000016.SZ,000016.SZ_20210604_1,2021-06-04,2021-06-03,2021-06-04,0.1,,,,wind:wind_get_stock_events
000016.SZ,000016.SZ_20220610_1,2022-06-10,2022-06-09,2022-06-10,0.05,,,,wind:wind_get_stock_events
000019.SZ,000019.SZ_20160622_1,2016-06-22,2016-06-21,,,,0.5,2016-06-22,wind:wind_get_stock_events
000019.SZ,000019.SZ_20170628_1,2017-06-28,2017-06-27,2017-06-28,0.05,0.1,,2017-06-28,wind:wind_get_stock_events
000019.SZ,000019.SZ_20190620_1,2019-06-20,2019-06-19,2019-06-20,0.1,,,,wind:wind_get_stock_events
000019.SZ,000019.SZ_20200619_1,2020-06-19,2020-06-18,2020-06-19,0.2,,,,wind:wind_get_stock_events
000019.SZ,000019.SZ_20210621_1,2021-06-21,2021-06-18,2021-06-21,0.2,,,,wind:wind_get_stock_events
000019.SZ,000019.SZ_20220622_1,2022-06-22,2022-06-21,2022-06-22,0.25,,,,wind:wind_get_stock_events
000019.SZ,000019.SZ_20230626_1,2023-06-26,2023-06-21,2023-06-26,0.25,,,,wind:wind_get_stock_events
000019.SZ,000019.SZ_20240619_1,2024-06-19,2024-06-18,2024-06-19,0.2,,,,wind:wind_get_stock_events
000019.SZ,000019.SZ_20250617_1,2025-06-17,2025-06-16,2025-06-17,0.15,,,,wind:wind_get_stock_events
000019.SZ,000019.SZ_20260622_1,2026-06-22,2026-06-18,2026-06-22,0.12,,,,wind:wind_get_stock_events
000021.SZ,000021.SZ_20150618_1,2015-06-18,2015-06-17,2015-06-18,0.05,,,,wind:wind_get_stock_events
000021.SZ,000021.SZ_20160616_1,2016-06-16,2016-06-15,2016-06-16,0.05,,,,wind:wind_get_stock_events
000021.SZ,000021.SZ_20170622_1,2017-06-22,2017-06-21,2017-06-22,0.05,,,,wind:wind_get_stock_events
000021.SZ,000021.SZ_20180628_1,2018-06-28,2018-06-27,2018-06-28,0.05,,,,wind:wind_get_stock_events
000021.SZ,000021.SZ_20190627_1,2019-06-27,2019-06-26,2019-06-27,0.1,,,,wind:wind_get_stock_events
000021.SZ,000021.SZ_20200618_1,2020-06-18,2020-06-17,2020-06-18,0.06,,,,wind:wind_get_stock_events
000021.SZ,000021.SZ_20210610_1,2021-06-10,2021-06-09,2021-06-10,0.16,,,,wind:wind_get_stock_events
000021.SZ,000021.SZ_20220617_1,2022-06-17,2022-06-16,2022-06-17,0.15,,,,wind:wind_get_stock_events
000021.SZ,000021.SZ_20230726_1,2023-07-26,2023-07-25,2023-07-26,0.13,,,,wind:wind_get_stock_events
000021.SZ,000021.SZ_20240627_1,2024-06-27,2024-06-26,2024-06-27,0.13,,,,wind:wind_get_stock_events
000021.SZ,000021.SZ_20250611_1,2025-06-11,2025-06-10,2025-06-11,0.19,,,,wind:wind_get_stock_events
000021.SZ,000021.SZ_20260611_1,2026-06-11,2026-06-10,2026-06-11,0.22,,,,wind:wind_get_stock_events
000025.SZ,000025.SZ_20190515_1,2019-05-15,2019-05-14,,,,0.45,2019-05-15,wind:wind_get_stock_events
000025.SZ,000025.SZ_20200527_1,2020-05-27,2020-05-26,2020-05-27,0.042,,,,wind:wind_get_stock_events
000025.SZ,000025.SZ_20210628_1,2021-06-28,2021-06-25,2021-06-28,0.02,,,,wind:wind_get_stock_events
000025.SZ,000025.SZ_20220621_1,2022-06-21,2022-06-20,2022-06-21,0.025,,,,wind:wind_get_stock_events
000025.SZ,000025.SZ_20230712_1,2023-07-12,2023-07-11,2023-07-12,0.028,,,,wind:wind_get_stock_events
000025.SZ,000025.SZ_20240619_1,2024-06-19,2024-06-18,2024-06-19,0.031,,,,wind:wind_get_stock_events
000025.SZ,000025.SZ_20250528_1,2025-05-28,2025-05-27,2025-05-28,0.1,,,,wind:wind_get_stock_events
000025.SZ,000025.SZ_20260724_1,2026-07-24,2026-07-23,2026-07-24,0.11,,,,wind:wind_get_stock_events
000027.SZ,000027.SZ_20150625_1,2015-06-25,2015-06-24,2015-06-25,0.2,0.5,,2015-06-25,wind:wind_get_stock_events
000027.SZ,000027.SZ_20160628_1,2016-06-28,2016-06-27,2016-06-28,0.2,,,,wind:wind_get_stock_events
000027.SZ,000027.SZ_20170629_1,2017-06-29,2017-06-28,2017-06-29,0.15,,,,wind:wind_get_stock_events
000027.SZ,000027.SZ_20180622_1,2018-06-22,2018-06-21,2018-06-22,0.08,,,,wind:wind_get_stock_events
000027.SZ,000027.SZ_20190614_1,2019-06-14,2019-06-13,2019-06-14,0.05,,,,wind:wind_get_stock_events
000027.SZ,000027.SZ_20200611_1,2020-06-11,2020-06-10,2020-06-11,0.05,0.2,,2020-06-11,wind:wind_get_stock_events
000027.SZ,000027.SZ_20210618_1,2021-06-18,2021-06-17,2021-06-18,0.26,,,,wind:wind_get_stock_events
000027.SZ,000027.SZ_20220617_1,2022-06-17,2022-06-16,2022-06-17,0.175,,,,wind:wind_get_stock_events
000027.SZ,000027.SZ_20230615_1,2023-06-15,2023-06-14,2023-06-15,0.14,,,,wind:wind_get_stock_events
000027.SZ,000027.SZ_20240618_1,2024-06-18,2024-06-17,2024-06-18,0.14,,,,wind:wind_get_stock_events
000027.SZ,000027.SZ_20250613_1,2025-06-13,2025-06-12,2025-06-13,0.15,,,,wind:wind_get_stock_events
000027.SZ,000027.SZ_20260624_1,2026-06-24,2026-06-23,2026-06-24,0.16,,,,wind:wind_get_stock_events
000029.SZ,000029.SZ_20151110_1,2015-11-10,2015-11-09,2015-11-10,0.13,,,,wind:wind_get_stock_events
000029.SZ,000029.SZ_20190521_1,2019-05-21,2019-05-20,2019-05-21,0.2,,,,wind:wind_get_stock_events
000029.SZ,000029.SZ_20200521_1,2020-05-21,2020-05-20,2020-05-21,0.165,,,,wind:wind_get_stock_events
000029.SZ,000029.SZ_20210531_1,2021-05-31,2021-05-28,2021-05-31,0.087,,,,wind:wind_get_stock_events
000029.SZ,000029.SZ_20220705_1,2022-07-05,2022-07-04,2022-07-05,0.088,,,,wind:wind_get_stock_events
000029.SZ,000029.SZ_20230628_1,2023-06-28,2023-06-27,2023-06-28,0.061,,,,wind:wind_get_stock_events
000029.SZ,000029.SZ_20260615_1,2026-06-15,2026-06-12,2026-06-15,0.035,,,,wind:wind_get_stock_events
000030.SZ,000030.SZ_20150626_1,2015-06-26,2015-06-25,2015-06-26,0.1,,,,wind:wind_get_stock_events
000030.SZ,000030.SZ_20160628_1,2016-06-28,2016-06-27,2016-06-28,0.15,,,,wind:wind_get_stock_events
000030.SZ,000030.SZ_20170628_1,2017-06-28,2017-06-27,2017-06-28,0.2,,,,wind:wind_get_stock_events
000030.SZ,000030.SZ_20180726_1,2018-07-26,2018-07-25,2018-07-26,0.2,0.4,,2018-07-26,wind:wind_get_stock_events
000030.SZ,000030.SZ_20190626_1,2019-06-26,2019-06-25,2019-06-26,0.15,,,,wind:wind_get_stock_events
000030.SZ,000030.SZ_20200616_1,2020-06-16,2020-06-15,2020-06-16,0.17,,,,wind:wind_get_stock_events
000030.SZ,000030.SZ_20210617_1,2021-06-17,2021-06-16,2021-06-17,0.3,,,,wind:wind_get_stock_events
000030.SZ,000030.SZ_20220613_1,2022-06-13,2022-06-10,2022-06-13,0.3,,,,wind:wind_get_stock_events
000030.SZ,000030.SZ_20230627_1,2023-06-27,2023-06-26,2023-06-27,0.25,,,,wind:wind_get_stock_events
000030.SZ,000030.SZ_20240626_1,2024-06-26,2024-06-25,2024-06-26,0.25,,,,wind:wind_get_stock_events
000030.SZ,000030.SZ_20250630_1,2025-06-30,2025-06-27,2025-06-30,0.15,,,,wind:wind_get_stock_events
000030.SZ,000030.SZ_20260626_1,2026-06-26,2026-06-25,2026-06-26,0.15,,,,wind:wind_get_stock_events
000032.SZ,000032.SZ_20150528_1,2015-05-28,2015-05-27,2015-05-28,0.05,,,,wind:wind_get_stock_events
000032.SZ,000032.SZ_20160616_1,2016-06-16,2016-06-15,2016-06-16,0.02,,0.2,2016-06-16,wind:wind_get_stock_events
000032.SZ,000032.SZ_20170523_1,2017-05-23,2017-05-22,2017-05-23,0.02,,,,wind:wind_get_stock_events
000032.SZ,000032.SZ_20180713_1,2018-07-13,2018-07-12,2018-07-13,0.02,,,,wind:wind_get_stock_events
000032.SZ,000032.SZ_20190604_1,2019-06-04,2019-06-03,2019-06-04,0.08,,,,wind:wind_get_stock_events
000032.SZ,000032.SZ_20200604_1,2020-06-04,2020-06-03,2020-06-04,0.08,,,,wind:wind_get_stock_events
000032.SZ,000032.SZ_20220608_1,2022-06-08,2022-06-07,2022-06-08,0.1,,,,wind:wind_get_stock_events
000032.SZ,000032.SZ_20230608_1,2023-06-08,2023-06-07,2023-06-08,0.08,,,,wind:wind_get_stock_events
000032.SZ,000032.SZ_20240607_1,2024-06-07,2024-06-06,2024-06-07,0.11,,,,wind:wind_get_stock_events
000032.SZ,000032.SZ_20250530_1,2025-05-30,2025-05-29,2025-05-30,0.12,,,,wind:wind_get_stock_events
000032.SZ,000032.SZ_20260603_1,2026-06-03,2026-06-02,2026-06-03,0.025,,,,wind:wind_get_stock_events
000034.SZ,000034.SZ_20180509_1,2018-05-09,2018-05-08,2018-05-09,0.038,,,,wind:wind_get_stock_events
000034.SZ,000034.SZ_20190425_1,2019-04-25,2019-04-24,2019-04-25,0.253,,,,wind:wind_get_stock_events
000034.SZ,000034.SZ_20200430_1,2020-04-30,2020-04-29,2020-04-30,0.21,,,,wind:wind_get_stock_events
000034.SZ,000034.SZ_20210430_1,2021-04-30,2021-04-29,2021-04-30,0.1892,,,,wind:wind_get_stock_events
000034.SZ,000034.SZ_20220505_1,2022-05-05,2022-04-29,2022-05-05,0.1918,,,,wind:wind_get_stock_events
000034.SZ,000034.SZ_20230510_1,2023-05-10,2023-05-09,2023-05-10,0.4458,,,,wind:wind_get_stock_events
000034.SZ,000034.SZ_20240506_1,2024-05-06,2024-04-30,2024-05-06,0.446,,,,wind:wind_get_stock_events
000034.SZ,000034.SZ_20250512_1,2025-05-12,2025-05-09,2025-05-12,0.267,,,,wind:wind_get_stock_events
000034.SZ,000034.SZ_20260519_1,2026-05-19,2026-05-18,2026-05-19,0.073,,0.4,2026-05-19,wind:wind_get_stock_events
000036.SZ,000036.SZ_20170719_1,2017-07-19,2017-07-18,2017-07-19,0.3,,,,wind:wind_get_stock_events
000036.SZ,000036.SZ_20180629_1,2018-06-29,2018-06-28,2018-06-29,0.5,,,,wind:wind_get_stock_events
000036.SZ,000036.SZ_20190628_1,2019-06-28,2019-06-27,2019-06-28,0.6,0.3,,2019-06-28,wind:wind_get_stock_events
000036.SZ,000036.SZ_20200709_1,2020-07-09,2020-07-08,2020-07-09,0.4,,,,wind:wind_get_stock_events
000036.SZ,000036.SZ_20210714_1,2021-07-14,2021-07-13,2021-07-14,0.23,,,,wind:wind_get_stock_events
000036.SZ,000036.SZ_20220715_1,2022-07-15,2022-07-14,2022-07-15,0.068,,,,wind:wind_get_stock_events
000036.SZ,000036.SZ_20230608_1,2023-06-08,2023-06-07,2023-06-08,0.034,,,,wind:wind_get_stock_events
000037.SZ,000037.SZ_20200515_1,2020-05-15,2020-05-14,2020-05-15,0.02,,,,wind:wind_get_stock_events
000037.SZ,000037.SZ_20260622_1,2026-06-22,2026-06-18,2026-06-22,0.032,,,,wind:wind_get_stock_events
000039.SZ,000039.SZ_20150722_1,2015-07-22,2015-07-21,2015-07-22,0.31,,,,wind:wind_get_stock_events
000039.SZ,000039.SZ_20160720_1,2016-07-20,2016-07-19,2016-07-20,0.22,,,,wind:wind_get_stock_events
000039.SZ,000039.SZ_20170720_1,2017-07-20,2017-07-19,2017-07-20,0.06,,,,wind:wind_get_stock_events
000039.SZ,000039.SZ_20180720_1,2018-07-20,2018-07-19,2018-07-20,0.27,,,,wind:wind_get_stock_events
000039.SZ,000039.SZ_20190628_1,2019-06-28,2019-06-27,2019-06-28,0.55,,0.2,2019-06-28,wind:wind_get_stock_events
000039.SZ,000039.SZ_20200624_1,2020-06-24,2020-06-23,2020-06-24,0.12,,,,wind:wind_get_stock_events
000039.SZ,000039.SZ_20210720_1,2021-07-20,2021-07-19,2021-07-20,0.28,,,,wind:wind_get_stock_events
000039.SZ,000039.SZ_20220818_1,2022-08-18,2022-08-17,2022-08-18,0.69,,0.5,2022-08-18,wind:wind_get_stock_events
000039.SZ,000039.SZ_20230818_1,2023-08-18,2023-08-17,2023-08-18,0.18,,,,wind:wind_get_stock_events
000039.SZ,000039.SZ_20240816_1,2024-08-16,2024-08-15,2024-08-16,0.022,,,,wind:wind_get_stock_events
000039.SZ,000039.SZ_20250711_1,2025-07-11,2025-07-10,2025-07-11,0.176,,,,wind:wind_get_stock_events
000039.SZ,000039.SZ_20260810_1,2026-08-10,2026-08-07,2026-08-10,0.179,,,,wind:wind_get_stock_events
000042.SZ,000042.SZ_20150521_1,2015-05-21,2015-05-20,2015-05-21,0.15,,,,wind:wind_get_stock_events
000042.SZ,000042.SZ_20160620_1,2016-06-20,2016-06-17,2016-06-20,0.2001,,,,wind:wind_get_stock_events
000042.SZ,000042.SZ_20170622_1,2017-06-22,2017-06-21,2017-06-22,0.08,,,,wind:wind_get_stock_events
000042.SZ,000042.SZ_20180622_1,2018-06-22,2018-06-21,2018-06-22,0.2,,,,wind:wind_get_stock_events
000042.SZ,000042.SZ_20190613_1,2019-06-13,2019-06-12,2019-06-13,0.1,,,,wind:wind_get_stock_events
000042.SZ,000042.SZ_20200709_1,2020-07-09,2020-07-08,2020-07-09,0.12,,,,wind:wind_get_stock_events
000042.SZ,000042.SZ_20210705_1,2021-07-05,2021-07-02,2021-07-05,0.05,,,,wind:wind_get_stock_events
000042.SZ,000042.SZ_20220707_1,2022-07-07,2022-07-06,2022-07-07,0.032,,,,wind:wind_get_stock_events
000042.SZ,000042.SZ_20230621_1,2023-06-21,2023-06-20,2023-06-21,0.012,,,,wind:wind_get_stock_events
000045.SZ,000045.SZ_20210524_1,2021-05-24,2021-05-21,2021-05-24,0.03,,,,wind:wind_get_stock_events
000045.SZ,000045.SZ_20220601_1,2022-06-01,2022-05-31,2022-06-01,0.05,,,,wind:wind_get_stock_events
000045.SZ,000045.SZ_20230606_1,2023-06-06,2023-06-05,2023-06-06,0.06,,,,wind:wind_get_stock_events
000045.SZ,000045.SZ_20240613_1,2024-06-13,2024-06-12,2024-06-13,0.065,,,,wind:wind_get_stock_events
000045.SZ,000045.SZ_20250528_1,2025-05-28,2025-05-27,2025-05-28,0.071,,,,wind:wind_get_stock_events
000045.SZ,000045.SZ_20260610_1,2026-06-10,2026-06-09,2026-06-10,0.048,,,,wind:wind_get_stock_events
000048.SZ,000048.SZ_20191108_1,2019-11-08,2019-11-07,,,,0.03,2019-11-08,wind:wind_get_stock_events
000048.SZ,000048.SZ_20200720_1,2020-07-20,2020-07-17,2020-07-20,0.75,,,,wind:wind_get_stock_events
000048.SZ,000048.SZ_20210510_1,2021-05-10,2021-05-07,2021-05-10,1.5,0.3,,2021-05-10,wind:wind_get_stock_events
000048.SZ,000048.SZ_20220421_1,2022-04-21,2022-04-20,2022-04-21,1.3,,,,wind:wind_get_stock_events
000048.SZ,000048.SZ_20230510_1,2023-05-10,2023-05-09,2023-05-10,1,,,,wind:wind_get_stock_events
000048.SZ,000048.SZ_20240924_1,2024-09-24,2024-09-23,2024-09-24,0.38,,,,wind:wind_get_stock_events
000048.SZ,000048.SZ_20250430_1,2025-04-30,2025-04-29,2025-04-30,0.35,,,,wind:wind_get_stock_events
000048.SZ,000048.SZ_20250917_1,2025-09-17,2025-09-16,2025-09-17,0.38,,,,wind:wind_get_stock_events
000049.SZ,000049.SZ_20150428_1,2015-04-28,2015-04-27,2015-04-28,0.2,,,,wind:wind_get_stock_events
000049.SZ,000049.SZ_20160513_1,2016-05-13,2016-05-12,2016-05-13,0.15,,,,wind:wind_get_stock_events
000049.SZ,000049.SZ_20170511_1,2017-05-11,2017-05-10,2017-05-11,0.25,,,,wind:wind_get_stock_events
000049.SZ,000049.SZ_20180509_1,2018-05-09,2018-05-08,2018-05-09,0.25,,,,wind:wind_get_stock_events
000049.SZ,000049.SZ_20190606_1,2019-06-06,2019-06-05,2019-06-06,0.25,,,,wind:wind_get_stock_events
000049.SZ,000049.SZ_20200611_1,2020-06-11,2020-06-10,2020-06-11,0.7,,,,wind:wind_get_stock_events
000049.SZ,000049.SZ_20210511_1,2021-05-11,2021-05-10,2021-05-11,1,0.45,,2021-05-11,wind:wind_get_stock_events
000049.SZ,000049.SZ_20220518_1,2022-05-18,2022-05-17,2022-05-18,0.75,,,,wind:wind_get_stock_events
000049.SZ,000049.SZ_20230607_1,2023-06-07,2023-06-06,2023-06-07,0.65,,,,wind:wind_get_stock_events
000049.SZ,000049.SZ_20240509_1,2024-05-09,2024-05-08,2024-05-09,0.45,,,,wind:wind_get_stock_events
000049.SZ,000049.SZ_20250528_1,2025-05-28,2025-05-27,2025-05-28,0.33,,,,wind:wind_get_stock_events
000049.SZ,000049.SZ_20260528_1,2026-05-28,2026-05-27,2026-05-28,0.23,,,,wind:wind_get_stock_events
000050.SZ,000050.SZ_20150713_1,2015-07-13,2015-07-10,2015-07-13,0.1,,,,wind:wind_get_stock_events
000050.SZ,000050.SZ_20160819_1,2016-08-19,2016-08-18,2016-08-19,0.06,,,,wind:wind_get_stock_events
000050.SZ,000050.SZ_20170726_1,2017-07-26,2017-07-25,2017-07-26,0.06,,,,wind:wind_get_stock_events
000050.SZ,000050.SZ_20180403_1,2018-04-03,2018-04-02,2018-04-03,0.07,,,,wind:wind_get_stock_events
000050.SZ,000050.SZ_20190528_1,2019-05-28,2019-05-27,2019-05-28,0.07,,,,wind:wind_get_stock_events
000050.SZ,000050.SZ_20200528_1,2020-05-28,2020-05-27,2020-05-28,0.08,,,,wind:wind_get_stock_events
000050.SZ,000050.SZ_20210721_1,2021-07-21,2021-07-20,2021-07-21,0.07,,,,wind:wind_get_stock_events
000050.SZ,000050.SZ_20220527_1,2022-05-27,2022-05-26,2022-05-27,0.07,,,,wind:wind_get_stock_events
000056.SZ,000056.SZ_20160708_1,2016-07-08,2016-07-07,,,,1,2016-07-08,wind:wind_get_stock_events
000056.SZ,000056.SZ_20180815_1,2018-08-15,2018-08-14,2018-08-15,0.04,,,,wind:wind_get_stock_events
000056.SZ,000056.SZ_20190709_1,2019-07-09,2019-07-08,2019-07-09,0.01,,,,wind:wind_get_stock_events
000060.SZ,000060.SZ_20150610_1,2015-06-10,2015-06-09,2015-06-10,0.03,,,,wind:wind_get_stock_events
000060.SZ,000060.SZ_20160616_1,2016-06-16,2016-06-15,2016-06-16,0.01,,,,wind:wind_get_stock_events
000060.SZ,000060.SZ_20170511_1,2017-05-11,2017-05-10,2017-05-11,0.03,,,,wind:wind_get_stock_events
000060.SZ,000060.SZ_20171124_1,2017-11-24,2017-11-23,2017-11-24,0.03,,,,wind:wind_get_stock_events
000060.SZ,000060.SZ_20180516_1,2018-05-16,2018-05-15,2018-05-16,0.25,,0.5,2018-05-16,wind:wind_get_stock_events
000060.SZ,000060.SZ_20190516_1,2019-05-16,2019-05-15,2019-05-16,0.08,,,,wind:wind_get_stock_events
000060.SZ,000060.SZ_20200522_1,2020-05-22,2020-05-21,2020-05-22,0.072,,,,wind:wind_get_stock_events
000060.SZ,000060.SZ_20210618_1,2021-06-18,2021-06-17,2021-06-18,0.084,,,,wind:wind_get_stock_events
000060.SZ,000060.SZ_20220614_1,2022-06-14,2022-06-13,2022-06-14,0.0947,,,,wind:wind_get_stock_events
000060.SZ,000060.SZ_20230628_1,2023-06-28,2023-06-27,2023-06-28,0.1,,,,wind:wind_get_stock_events
000060.SZ,000060.SZ_20240709_1,2024-07-09,2024-07-08,2024-07-09,0.056,,,,wind:wind_get_stock_events
000060.SZ,000060.SZ_20250626_1,2025-06-26,2025-06-25,2025-06-26,0.087,,,,wind:wind_get_stock_events
000060.SZ,000060.SZ_20260709_1,2026-07-09,2026-07-08,2026-07-09,0.055,,,,wind:wind_get_stock_events
000061.SZ,000061.SZ_20150629_1,2015-06-29,2015-06-26,2015-06-29,0.05,,,,wind:wind_get_stock_events
000061.SZ,000061.SZ_20160627_1,2016-06-27,2016-06-24,2016-06-27,0.05,,,,wind:wind_get_stock_events
000061.SZ,000061.SZ_20170630_1,2017-06-30,2017-06-29,2017-06-30,0.05,,,,wind:wind_get_stock_events
000061.SZ,000061.SZ_20180625_1,2018-06-25,2018-06-22,2018-06-25,0.05,,,,wind:wind_get_stock_events
000061.SZ,000061.SZ_20190618_1,2019-06-18,2019-06-17,2019-06-18,0.01,,,,wind:wind_get_stock_events
000061.SZ,000061.SZ_20200618_1,2020-06-18,2020-06-17,2020-06-18,0.06,,,,wind:wind_get_stock_events
000061.SZ,000061.SZ_20210624_1,2021-06-24,2021-06-23,2021-06-24,0.06,,,,wind:wind_get_stock_events
000061.SZ,000061.SZ_20220622_1,2022-06-22,2022-06-21,2022-06-22,0.07,,,,wind:wind_get_stock_events
000061.SZ,000061.SZ_20230626_1,2023-06-26,2023-06-21,2023-06-26,0.04,,,,wind:wind_get_stock_events
000061.SZ,000061.SZ_20240618_1,2024-06-18,2024-06-17,2024-06-18,0.11,,,,wind:wind_get_stock_events
000061.SZ,000061.SZ_20250612_1,2025-06-12,2025-06-11,2025-06-12,0.07,,,,wind:wind_get_stock_events
000061.SZ,000061.SZ_20260626_1,2026-06-26,2026-06-25,2026-06-26,0.06,,,,wind:wind_get_stock_events
000062.SZ,000062.SZ_20150708_1,2015-07-08,2015-07-07,2015-07-08,0.05,,,,wind:wind_get_stock_events
000062.SZ,000062.SZ_20160513_1,2016-05-13,2016-05-12,2016-05-13,0.1,,,,wind:wind_get_stock_events
000062.SZ,000062.SZ_20170512_1,2017-05-12,2017-05-11,2017-05-12,0.2,,,,wind:wind_get_stock_events
000062.SZ,000062.SZ_20180509_1,2018-05-09,2018-05-08,2018-05-09,0.35,,,,wind:wind_get_stock_events
000062.SZ,000062.SZ_20190510_1,2019-05-10,2019-05-09,2019-05-10,0.25,,0.45,2019-05-10,wind:wind_get_stock_events
000062.SZ,000062.SZ_20200508_1,2020-05-08,2020-05-07,2020-05-08,0.15,,,,wind:wind_get_stock_events
000062.SZ,000062.SZ_20210423_1,2021-04-23,2021-04-22,2021-04-23,0.2,,,,wind:wind_get_stock_events
000062.SZ,000062.SZ_20220511_1,2022-05-11,2022-05-10,2022-05-11,0.3,,,,wind:wind_get_stock_events
000062.SZ,000062.SZ_20230427_1,2023-04-27,2023-04-26,2023-04-27,0.3,,,,wind:wind_get_stock_events
000062.SZ,000062.SZ_20231207_1,2023-12-07,2023-12-06,2023-12-07,0.05,,,,wind:wind_get_stock_events
000062.SZ,000062.SZ_20240530_1,2024-05-30,2024-05-29,2024-05-30,0.2,,,,wind:wind_get_stock_events
000062.SZ,000062.SZ_20241205_1,2024-12-05,2024-12-04,2024-12-05,0.25,,,,wind:wind_get_stock_events
000062.SZ,000062.SZ_20250508_1,2025-05-08,2025-05-07,2025-05-08,0.18,,,,wind:wind_get_stock_events
000062.SZ,000062.SZ_20250925_1,2025-09-25,2025-09-24,2025-09-25,0.2,,,,wind:wind_get_stock_events
000062.SZ,000062.SZ_20251127_1,2025-11-27,2025-11-26,2025-11-27,0.2,,,,wind:wind_get_stock_events
000062.SZ,000062.SZ_20260429_1,2026-04-29,2026-04-28,2026-04-29,0.1,,,,wind:wind_get_stock_events
000062.SZ,000062.SZ_20260930_1,2026-09-30,2026-09-29,2026-09-30,0.3,,,,wind:wind_get_stock_events
000065.SZ,000065.SZ_20150507_1,2015-05-07,2015-05-06,2015-05-07,0.08,,,,wind:wind_get_stock_events
000065.SZ,000065.SZ_20160624_1,2016-06-24,2016-06-23,2016-06-24,0.08,,,,wind:wind_get_stock_events
000065.SZ,000065.SZ_20161019_1,2016-10-19,2016-10-18,,,,0.5,2016-10-19,wind:wind_get_stock_events
000065.SZ,000065.SZ_20170627_1,2017-06-27,2017-06-26,2017-06-27,0.09,,,,wind:wind_get_stock_events
000065.SZ,000065.SZ_20180601_1,2018-06-01,2018-05-31,2018-06-01,0.12,,0.5,2018-06-01,wind:wind_get_stock_events
000065.SZ,000065.SZ_20190627_1,2019-06-27,2019-06-26,2019-06-27,0.08,,,,wind:wind_get_stock_events
000065.SZ,000065.SZ_20200603_1,2020-06-03,2020-06-02,2020-06-03,0.092,,,,wind:wind_get_stock_events
000065.SZ,000065.SZ_20210625_1,2021-06-25,2021-06-24,2021-06-25,0.0974,,,,wind:wind_get_stock_events
000065.SZ,000065.SZ_20220711_1,2022-07-11,2022-07-08,2022-07-11,0.0623,,,,wind:wind_get_stock_events
000065.SZ,000065.SZ_20230707_1,2023-07-07,2023-07-06,2023-07-07,0.0635,,,,wind:wind_get_stock_events
000065.SZ,000065.SZ_20240621_1,2024-06-21,2024-06-20,2024-06-21,0.092,,,,wind:wind_get_stock_events
000065.SZ,000065.SZ_20250623_1,2025-06-23,2025-06-20,2025-06-23,0.1479,,,,wind:wind_get_stock_events
000065.SZ,000065.SZ_20260617_1,2026-06-17,2026-06-16,2026-06-17,0.137,,,,wind:wind_get_stock_events
000066.SZ,000066.SZ_20180720_1,2018-07-20,2018-07-19,2018-07-20,0.06,,,,wind:wind_get_stock_events
000066.SZ,000066.SZ_20190717_1,2019-07-17,2019-07-16,2019-07-17,0.05,,,,wind:wind_get_stock_events
000066.SZ,000066.SZ_20200717_1,2020-07-17,2020-07-16,2020-07-17,0.087,,,,wind:wind_get_stock_events
000066.SZ,000066.SZ_20210716_1,2021-07-16,2021-07-15,2021-07-16,0.0865,,,,wind:wind_get_stock_events
000066.SZ,000066.SZ_20220720_1,2022-07-20,2022-07-19,2022-07-20,0.0472,,,,wind:wind_get_stock_events
000066.SZ,000066.SZ_20230719_1,2023-07-19,2023-07-18,2023-07-19,0.007,,,,wind:wind_get_stock_events
000069.SZ,000069.SZ_20150707_1,2015-07-07,2015-07-06,2015-07-07,0.07,,,,wind:wind_get_stock_events
000069.SZ,000069.SZ_20160617_1,2016-06-17,2016-06-16,2016-06-17,0.07,,,,wind:wind_get_stock_events
000069.SZ,000069.SZ_20170619_1,2017-06-19,2017-06-16,2017-06-19,0.1,,,,wind:wind_get_stock_events
000069.SZ,000069.SZ_20180705_1,2018-07-05,2018-07-04,2018-07-05,0.3,,,,wind:wind_get_stock_events
000069.SZ,000069.SZ_20190521_1,2019-05-21,2019-05-20,2019-05-21,0.3,,,,wind:wind_get_stock_events
000069.SZ,000069.SZ_20200619_1,2020-06-19,2020-06-18,2020-06-19,0.3046,,,,wind:wind_get_stock_events
000069.SZ,000069.SZ_20210609_1,2021-06-09,2021-06-08,2021-06-09,0.4,,,,wind:wind_get_stock_events
000069.SZ,000069.SZ_20220616_1,2022-06-16,2022-06-15,2022-06-16,0.1,,,,wind:wind_get_stock_events
000078.SZ,000078.SZ_20160527_1,2016-05-27,2016-05-26,,,,1.5,2016-05-27,wind:wind_get_stock_events
000078.SZ,000078.SZ_20180228_1,2018-02-28,2018-02-27,2018-02-28,0.07,,,,wind:wind_get_stock_events
000078.SZ,000078.SZ_20190716_1,2019-07-16,2019-07-15,2019-07-16,0.02,,,,wind:wind_get_stock_events
000089.SZ,000089.SZ_20150710_1,2015-07-10,2015-07-09,2015-07-10,0.028,,,,wind:wind_get_stock_events
000089.SZ,000089.SZ_20160701_1,2016-07-01,2016-06-30,2016-07-01,0.058,,,,wind:wind_get_stock_events
000089.SZ,000089.SZ_20170810_1,2017-08-10,2017-08-09,2017-08-10,0.095,,,,wind:wind_get_stock_events
000089.SZ,000089.SZ_20180614_1,2018-06-14,2018-06-13,2018-06-14,0.11,,,,wind:wind_get_stock_events
000089.SZ,000089.SZ_20190726_1,2019-07-26,2019-07-25,2019-07-26,0.086,,,,wind:wind_get_stock_events
000089.SZ,000089.SZ_20200610_1,2020-06-10,2020-06-09,2020-06-10,0.08,,,,wind:wind_get_stock_events
000089.SZ,000089.SZ_20220817_1,2022-08-17,2022-08-16,2022-08-17,0.03,,,,wind:wind_get_stock_events
000089.SZ,000089.SZ_20240628_1,2024-06-28,2024-06-27,2024-06-28,0.1,,,,wind:wind_get_stock_events
000089.SZ,000089.SZ_20250627_1,2025-06-27,2025-06-26,2025-06-27,0.12,,,,wind:wind_get_stock_events
000089.SZ,000089.SZ_20260626_1,2026-06-26,2026-06-25,2026-06-26,0.16,,,,wind:wind_get_stock_events
000090.SZ,000090.SZ_20150703_1,2015-07-03,2015-07-02,2015-07-03,0.23,,,,wind:wind_get_stock_events
000090.SZ,000090.SZ_20160617_1,2016-06-17,2016-06-16,2016-06-17,0.2,,0.4,2016-06-17,wind:wind_get_stock_events
000090.SZ,000090.SZ_20170626_1,2017-06-26,2017-06-23,2017-06-26,0.2,,,,wind:wind_get_stock_events
000090.SZ,000090.SZ_20180629_1,2018-06-29,2018-06-28,2018-06-29,0.2,,0.2,2018-06-29,wind:wind_get_stock_events
000090.SZ,000090.SZ_20190620_1,2019-06-20,2019-06-19,2019-06-20,0.25,,0.3,2019-06-20,wind:wind_get_stock_events
000090.SZ,000090.SZ_20200529_1,2020-05-29,2020-05-28,2020-05-29,0.38,,,,wind:wind_get_stock_events
000090.SZ,000090.SZ_20210602_1,2021-06-02,2021-06-01,2021-06-02,0.38,,,,wind:wind_get_stock_events
000090.SZ,000090.SZ_20220708_1,2022-07-08,2022-07-07,2022-07-08,0.33,,,,wind:wind_get_stock_events
000090.SZ,000090.SZ_20230714_1,2023-07-14,2023-07-13,2023-07-14,0.32,,,,wind:wind_get_stock_events
000090.SZ,000090.SZ_20240719_1,2024-07-19,2024-07-18,2024-07-19,0.25,,,,wind:wind_get_stock_events
000090.SZ,000090.SZ_20250711_1,2025-07-11,2025-07-10,2025-07-11,0.1,,,,wind:wind_get_stock_events
000090.SZ,000090.SZ_20260721_1,2026-07-21,2026-07-20,2026-07-21,0.036,,,,wind:wind_get_stock_events
000100.SZ,000100.SZ_20150409_1,2015-04-09,2015-04-08,2015-04-09,0.08,,,,wind:wind_get_stock_events
000100.SZ,000100.SZ_20160427_1,2016-04-27,2016-04-26,2016-04-27,0.08,,,,wind:wind_get_stock_events
000100.SZ,000100.SZ_20170601_1,2017-06-01,2017-05-31,2017-06-01,0.08,,,,wind:wind_get_stock_events
000100.SZ,000100.SZ_20180531_1,2018-05-31,2018-05-30,2018-05-31,0.1,,,,wind:wind_get_stock_events
000100.SZ,000100.SZ_20190418_1,2019-04-18,2019-04-17,2019-04-18,0.1,,,,wind:wind_get_stock_events
000100.SZ,000100.SZ_20200430_1,2020-04-30,2020-04-29,2020-04-30,0.1,,,,wind:wind_get_stock_events
000100.SZ,000100.SZ_20210519_1,2021-05-19,2021-05-18,2021-05-19,0.12,,,,wind:wind_get_stock_events
000100.SZ,000100.SZ_20220602_1,2022-06-02,2022-06-01,2022-06-02,0.15,,,,wind:wind_get_stock_events
000100.SZ,000100.SZ_20230508_1,2023-05-08,2023-05-05,,,,0.1,2023-05-08,wind:wind_get_stock_events
000100.SZ,000100.SZ_20240604_1,2024-06-04,2024-06-03,2024-06-04,0.08,,,,wind:wind_get_stock_events
000100.SZ,000100.SZ_20250718_1,2025-07-18,2025-07-17,2025-07-18,0.05,,,,wind:wind_get_stock_events
000100.SZ,000100.SZ_20260611_1,2026-06-11,2026-06-10,2026-06-11,0.09,,,,wind:wind_get_stock_events
000151.SZ,000151.SZ_20150527_1,2015-05-27,2015-05-26,2015-05-27,0.4,,,,wind:wind_get_stock_events
000151.SZ,000151.SZ_20160616_1,2016-06-16,2016-06-15,2016-06-16,0.4,,,,wind:wind_get_stock_events
000151.SZ,000151.SZ_20170616_1,2017-06-16,2017-06-15,2017-06-16,0.3,,,,wind:wind_get_stock_events
000151.SZ,000151.SZ_20180614_1,2018-06-14,2018-06-13,2018-06-14,0.25,,,,wind:wind_get_stock_events
000151.SZ,000151.SZ_20190620_1,2019-06-20,2019-06-19,2019-06-20,0.2,,,,wind:wind_get_stock_events
000151.SZ,000151.SZ_20200611_1,2020-06-11,2020-06-10,2020-06-11,0.02,,,,wind:wind_get_stock_events
000155.SZ,000155.SZ_20241014_1,2024-10-14,2024-10-11,2024-10-14,0.16,,,,wind:wind_get_stock_events
000155.SZ,000155.SZ_20251014_1,2025-10-14,2025-10-13,2025-10-14,0.17,,,,wind:wind_get_stock_events
000155.SZ,000155.SZ_20260922_1,2026-09-22,2026-09-21,2026-09-22,0.26,,,,wind:wind_get_stock_events
000156.SZ,000156.SZ_20160810_1,2016-08-10,2016-08-09,2016-08-10,0.035,,,,wind:wind_get_stock_events
000156.SZ,000156.SZ_20170818_1,2017-08-18,2017-08-17,2017-08-18,0.14,,,,wind:wind_get_stock_events
000156.SZ,000156.SZ_20180821_1,2018-08-21,2018-08-20,2018-08-21,0.2,,,,wind:wind_get_stock_events
000156.SZ,000156.SZ_20190823_1,2019-08-23,2019-08-22,2019-08-23,0.22,,,,wind:wind_get_stock_events
000156.SZ,000156.SZ_20200715_1,2020-07-15,2020-07-14,2020-07-15,0.63,,,,wind:wind_get_stock_events
000156.SZ,000156.SZ_20210719_1,2021-07-19,2021-07-16,2021-07-19,0.17,,,,wind:wind_get_stock_events
000156.SZ,000156.SZ_20220825_1,2022-08-25,2022-08-24,2022-08-25,0.2,,,,wind:wind_get_stock_events
000156.SZ,000156.SZ_20230825_1,2023-08-25,2023-08-24,2023-08-25,0.22,,,,wind:wind_get_stock_events
000156.SZ,000156.SZ_20240826_1,2024-08-26,2024-08-23,2024-08-26,0.22,,,,wind:wind_get_stock_events
000156.SZ,000156.SZ_20250829_1,2025-08-29,2025-08-28,2025-08-29,0.18,,,,wind:wind_get_stock_events
000156.SZ,000156.SZ_20260828_1,2026-08-28,2026-08-27,2026-08-28,0.16,,,,wind:wind_get_stock_events
000157.SZ,000157.SZ_20150807_1,2015-08-07,2015-08-06,2015-08-07,0.05,,,,wind:wind_get_stock_events
000157.SZ,000157.SZ_20160826_1,2016-08-26,2016-08-25,2016-08-26,0.15,,,,wind:wind_get_stock_events
000157.SZ,000157.SZ_20170825_1,2017-08-25,2017-08-24,2017-08-25,0.15,,,,wind:wind_get_stock_events
000157.SZ,000157.SZ_20180824_1,2018-08-24,2018-08-23,2018-08-24,0.2,,,,wind:wind_get_stock_events
000157.SZ,000157.SZ_20190805_1,2019-08-05,2019-08-02,2019-08-05,0.25,,,,wind:wind_get_stock_events
000157.SZ,000157.SZ_20201027_1,2020-10-27,2020-10-26,2020-10-27,0.21,,,,wind:wind_get_stock_events
000157.SZ,000157.SZ_20210707_1,2021-07-07,2021-07-06,2021-07-07,0.32,,,,wind:wind_get_stock_events
000157.SZ,000157.SZ_20220708_1,2022-07-08,2022-07-07,2022-07-08,0.32,,,,wind:wind_get_stock_events
000157.SZ,000157.SZ_20230721_1,2023-07-21,2023-07-20,2023-07-21,0.32,,,,wind:wind_get_stock_events
000157.SZ,000157.SZ_20240726_1,2024-07-26,2024-07-25,2024-07-26,0.32,,,,wind:wind_get_stock_events
000157.SZ,000157.SZ_20250725_1,2025-07-25,2025-07-24,2025-07-25,0.3,,,,wind:wind_get_stock_events
000157.SZ,000157.SZ_20260109_1,2026-01-09,2026-01-08,2026-01-09,0.2,,,,wind:wind_get_stock_events
000157.SZ,000157.SZ_20260722_1,2026-07-22,2026-07-21,2026-07-22,0.2,,,,wind:wind_get_stock_events
000159.SZ,000159.SZ_20150629_1,2015-06-29,2015-06-26,2015-06-29,0.03,,,,wind:wind_get_stock_events
000159.SZ,000159.SZ_20151113_1,2015-11-13,2015-11-12,2015-11-13,0.03,,,,wind:wind_get_stock_events
000159.SZ,000159.SZ_20160608_1,2016-06-08,2016-06-07,2016-06-08,0.03,,,,wind:wind_get_stock_events
000159.SZ,000159.SZ_20161208_1,2016-12-08,2016-12-07,2016-12-08,0.03,,,,wind:wind_get_stock_events
000159.SZ,000159.SZ_20170707_1,2017-07-07,2017-07-06,2017-07-07,0.03,,,,wind:wind_get_stock_events
000159.SZ,000159.SZ_20171215_1,2017-12-15,2017-12-14,2017-12-15,0.03,,,,wind:wind_get_stock_events
000159.SZ,000159.SZ_20190708_1,2019-07-08,2019-07-05,2019-07-08,0.03,,,,wind:wind_get_stock_events
000159.SZ,000159.SZ_20200720_1,2020-07-20,2020-07-17,2020-07-20,0.02,,,,wind:wind_get_stock_events
000159.SZ,000159.SZ_20210709_1,2021-07-09,2021-07-08,2021-07-09,0.02,,,,wind:wind_get_stock_events
000159.SZ,000159.SZ_20260707_1,2026-07-07,2026-07-06,2026-07-07,0.02,,,,wind:wind_get_stock_events
000166.SZ,000166.SZ_20160706_1,2016-07-06,2016-07-05,2016-07-06,0.15,0.35,,2016-07-06,wind:wind_get_stock_events
000166.SZ,000166.SZ_20170616_1,2017-06-16,2017-06-15,2017-06-16,0.1,,,,wind:wind_get_stock_events
000166.SZ,000166.SZ_20180627_1,2018-06-27,2018-06-26,2018-06-27,0.05,,,,wind:wind_get_stock_events
000166.SZ,000166.SZ_20190517_1,2019-05-17,2019-05-16,2019-05-17,0.05,,,,wind:wind_get_stock_events
000166.SZ,000166.SZ_20200820_1,2020-08-20,2020-08-19,2020-08-20,0.08,,,,wind:wind_get_stock_events
000166.SZ,000166.SZ_20210723_1,2021-07-23,2021-07-22,2021-07-23,0.1,,,,wind:wind_get_stock_events
000166.SZ,000166.SZ_20220805_1,2022-08-05,2022-08-04,2022-08-05,0.1,,,,wind:wind_get_stock_events
000166.SZ,000166.SZ_20230811_1,2023-08-11,2023-08-10,2023-08-11,0.03,,,,wind:wind_get_stock_events
000166.SZ,000166.SZ_20240820_1,2024-08-20,2024-08-19,2024-08-20,0.056,,,,wind:wind_get_stock_events
000166.SZ,000166.SZ_20241218_1,2024-12-18,2024-12-17,2024-12-18,0.017,,,,wind:wind_get_stock_events
000166.SZ,000166.SZ_20250813_1,2025-08-13,2025-08-12,2025-08-13,0.046,,,,wind:wind_get_stock_events
000166.SZ,000166.SZ_20251224_1,2025-12-24,2025-12-23,2025-12-24,0.035,,,,wind:wind_get_stock_events
000166.SZ,000166.SZ_20260819_1,2026-08-19,2026-08-18,2026-08-19,0.075,,,,wind:wind_get_stock_events
000301.SZ,000301.SZ_20150706_1,2015-07-06,2015-07-03,2015-07-06,0.05,,,,wind:wind_get_stock_events
000301.SZ,000301.SZ_20160706_1,2016-07-06,2016-07-05,2016-07-06,0.05,,,,wind:wind_get_stock_events
000301.SZ,000301.SZ_20170622_1,2017-06-22,2017-06-21,2017-06-22,0.05,,,,wind:wind_get_stock_events
000301.SZ,000301.SZ_20180419_1,2018-04-19,2018-04-18,2018-04-19,0.1,,,,wind:wind_get_stock_events
000301.SZ,000301.SZ_20190621_1,2019-06-21,2019-06-20,2019-06-21,0.1,,,,wind:wind_get_stock_events
000301.SZ,000301.SZ_20200514_1,2020-05-14,2020-05-13,2020-05-14,0.1,,,,wind:wind_get_stock_events
000301.SZ,000301.SZ_20210618_1,2021-06-18,2021-06-17,2021-06-18,0.1,,,,wind:wind_get_stock_events
000301.SZ,000301.SZ_20220527_1,2022-05-27,2022-05-26,2022-05-27,0.15,,,,wind:wind_get_stock_events
000301.SZ,000301.SZ_20230522_1,2023-05-22,2023-05-19,2023-05-22,0.1,,,,wind:wind_get_stock_events
000301.SZ,000301.SZ_20240607_1,2024-06-07,2024-06-06,2024-06-07,0.1,,,,wind:wind_get_stock_events
000338.SZ,000338.SZ_20150820_1,2015-08-20,2015-08-19,2015-08-20,0.15,,1,2015-08-20,wind:wind_get_stock_events
000338.SZ,000338.SZ_20151020_1,2015-10-20,2015-10-19,2015-10-20,0.1,,,,wind:wind_get_stock_events
000338.SZ,000338.SZ_20160729_1,2016-07-29,2016-07-28,2016-07-29,0.1,,,,wind:wind_get_stock_events
000338.SZ,000338.SZ_20161020_1,2016-10-20,2016-10-19,2016-10-20,0.1,,,,wind:wind_get_stock_events
000338.SZ,000338.SZ_20170721_1,2017-07-21,2017-07-20,2017-07-21,0.25,1,,2017-07-21,wind:wind_get_stock_events
000338.SZ,000338.SZ_20171020_1,2017-10-20,2017-10-19,2017-10-20,0.15,,,,wind:wind_get_stock_events
000338.SZ,000338.SZ_20180731_1,2018-07-31,2018-07-30,2018-07-31,0.25,,,,wind:wind_get_stock_events
000338.SZ,000338.SZ_20181023_1,2018-10-23,2018-10-22,2018-10-23,0.18,,,,wind:wind_get_stock_events
000338.SZ,000338.SZ_20190731_1,2019-07-31,2019-07-30,2019-07-31,0.28,,,,wind:wind_get_stock_events
000338.SZ,000338.SZ_20191025_1,2019-10-25,2019-10-24,2019-10-25,0.15,,,,wind:wind_get_stock_events
000338.SZ,000338.SZ_20200818_1,2020-08-18,2020-08-17,2020-08-18,0.136,,,,wind:wind_get_stock_events
000338.SZ,000338.SZ_20201016_1,2020-10-16,2020-10-15,2020-10-16,0.15,,,,wind:wind_get_stock_events
000338.SZ,000338.SZ_20210827_1,2021-08-27,2021-08-26,2021-08-27,0.233,,,,wind:wind_get_stock_events
000338.SZ,000338.SZ_20211022_1,2021-10-22,2021-10-21,2021-10-22,0.185,,,,wind:wind_get_stock_events
000338.SZ,000338.SZ_20220826_1,2022-08-26,2022-08-25,2022-08-26,0.185,,,,wind:wind_get_stock_events
000338.SZ,000338.SZ_20221021_1,2022-10-21,2022-10-20,2022-10-21,0.096,,,,wind:wind_get_stock_events
000338.SZ,000338.SZ_20230825_1,2023-08-25,2023-08-24,2023-08-25,0.158,,,,wind:wind_get_stock_events
000338.SZ,000338.SZ_20231027_1,2023-10-27,2023-10-26,2023-10-27,0.226,,,,wind:wind_get_stock_events
000338.SZ,000338.SZ_20240628_1,2024-06-28,2024-06-27,2024-06-28,0.293,,,,wind:wind_get_stock_events
000338.SZ,000338.SZ_20241018_1,2024-10-18,2024-10-17,2024-10-18,0.372,,,,wind:wind_get_stock_events
000338.SZ,000338.SZ_20250725_1,2025-07-25,2025-07-24,2025-07-25,0.347,,,,wind:wind_get_stock_events
000338.SZ,000338.SZ_20251024_1,2025-10-24,2025-10-23,2025-10-24,0.358,,,,wind:wind_get_stock_events
000338.SZ,000338.SZ_20260813_1,2026-08-13,2026-08-12,2026-08-13,0.374,,,,wind:wind_get_stock_events
000400.SZ,000400.SZ_20150715_1,2015-07-15,2015-07-14,2015-07-15,0.1,,,,wind:wind_get_stock_events
000400.SZ,000400.SZ_20160624_1,2016-06-24,2016-06-23,2016-06-24,0.1,,,,wind:wind_get_stock_events
000400.SZ,000400.SZ_20170706_1,2017-07-06,2017-07-05,2017-07-06,0.1,,,,wind:wind_get_stock_events
000400.SZ,000400.SZ_20180614_1,2018-06-14,2018-06-13,2018-06-14,0.02,,,,wind:wind_get_stock_events
000400.SZ,000400.SZ_20190627_1,2019-06-27,2019-06-26,2019-06-27,0.048,,,,wind:wind_get_stock_events
000400.SZ,000400.SZ_20200619_1,2020-06-19,2020-06-18,2020-06-19,0.06,,,,wind:wind_get_stock_events
000400.SZ,000400.SZ_20210616_1,2021-06-16,2021-06-15,2021-06-16,0.1,,,,wind:wind_get_stock_events
000400.SZ,000400.SZ_20220629_1,2022-06-29,2022-06-28,2022-06-29,0.1,,,,wind:wind_get_stock_events
000400.SZ,000400.SZ_20230620_1,2023-06-20,2023-06-19,2023-06-20,0.14,,,,wind:wind_get_stock_events
000400.SZ,000400.SZ_20240613_1,2024-06-13,2024-06-12,2024-06-13,0.296,,,,wind:wind_get_stock_events
000400.SZ,000400.SZ_20241024_1,2024-10-24,2024-10-23,2024-10-24,0.186,,,,wind:wind_get_stock_events
000400.SZ,000400.SZ_20250110_1,2025-01-10,2025-01-09,2025-01-10,0.083,,,,wind:wind_get_stock_events
000400.SZ,000400.SZ_20250709_1,2025-07-09,2025-07-08,2025-07-09,0.15,,,,wind:wind_get_stock_events
000400.SZ,000400.SZ_20251017_1,2025-10-17,2025-10-16,2025-10-17,0.238,,,,wind:wind_get_stock_events
000400.SZ,000400.SZ_20260626_1,2026-06-26,2026-06-25,2026-06-26,0.221,,,,wind:wind_get_stock_events
000400.SZ,000400.SZ_20260928_1,2026-09-28,2026-09-24,2026-09-28,0.164,,,,wind:wind_get_stock_events
000401.SZ,000401.SZ_20150727_1,2015-07-27,2015-07-24,2015-07-27,0.05,,,,wind:wind_get_stock_events
000401.SZ,000401.SZ_20190528_1,2019-05-28,2019-05-27,2019-05-28,0.4,,,,wind:wind_get_stock_events
000401.SZ,000401.SZ_20200528_1,2020-05-28,2020-05-27,2020-05-28,0.5,,,,wind:wind_get_stock_events
000401.SZ,000401.SZ_20210602_1,2021-06-02,2021-06-01,2021-06-02,0.5,,,,wind:wind_get_stock_events
000401.SZ,000401.SZ_20220527_1,2022-05-27,2022-05-26,2022-05-27,0.75,,,,wind:wind_get_stock_events
000401.SZ,000401.SZ_20230531_1,2023-05-31,2023-05-30,2023-05-31,0.15,,,,wind:wind_get_stock_events
000401.SZ,000401.SZ_20250626_1,2025-06-26,2025-06-25,2025-06-26,0.1,,,,wind:wind_get_stock_events
000401.SZ,000401.SZ_20260529_1,2026-05-29,2026-05-28,2026-05-29,0.1,,,,wind:wind_get_stock_events
000403.SZ,000403.SZ_20200727_1,2020-07-27,2020-07-24,2020-07-27,0.1202,0.3974,0.3974,2020-07-27,wind:wind_get_stock_events
000403.SZ,000403.SZ_20220715_1,2022-07-15,2022-07-14,2022-07-15,0.056,,,,wind:wind_get_stock_events
000403.SZ,000403.SZ_20230720_1,2023-07-20,2023-07-19,2023-07-20,0.0802,,,,wind:wind_get_stock_events
000403.SZ,000403.SZ_20240628_1,2024-06-28,2024-06-27,2024-06-28,0.1999,,,,wind:wind_get_stock_events
000403.SZ,000403.SZ_20241217_1,2024-12-17,2024-12-16,2024-12-17,0.15,,,,wind:wind_get_stock_events
000403.SZ,000403.SZ_20250604_1,2025-06-04,2025-06-03,2025-06-04,0.35,,0.3,2025-06-04,wind:wind_get_stock_events
000404.SZ,000404.SZ_20150521_1,2015-05-21,2015-05-20,2015-05-21,0.06,,,,wind:wind_get_stock_events
000404.SZ,000404.SZ_20160701_1,2016-07-01,2016-06-30,2016-07-01,0.08,,,,wind:wind_get_stock_events
000404.SZ,000404.SZ_20170512_1,2017-05-12,2017-05-11,2017-05-12,0.04,,,,wind:wind_get_stock_events
000404.SZ,000404.SZ_20180613_1,2018-06-13,2018-06-12,2018-06-13,0.026,,,,wind:wind_get_stock_events
000404.SZ,000404.SZ_20190531_1,2019-05-31,2019-05-30,2019-05-31,0.02,,,,wind:wind_get_stock_events
000404.SZ,000404.SZ_20200527_1,2020-05-27,2020-05-26,2020-05-27,0.02,,,,wind:wind_get_stock_events
000404.SZ,000404.SZ_20210618_1,2021-06-18,2021-06-17,2021-06-18,0.1,,,,wind:wind_get_stock_events
000404.SZ,000404.SZ_20220616_1,2022-06-16,2022-06-15,2022-06-16,0.15,,,,wind:wind_get_stock_events
000404.SZ,000404.SZ_20230616_1,2023-06-16,2023-06-15,2023-06-16,0.2,,,,wind:wind_get_stock_events
000404.SZ,000404.SZ_20240626_1,2024-06-26,2024-06-25,2024-06-26,0.25,,,,wind:wind_get_stock_events
000404.SZ,000404.SZ_20250710_1,2025-07-10,2025-07-09,2025-07-10,0.3,,,,wind:wind_get_stock_events
000404.SZ,000404.SZ_20260618_1,2026-06-18,2026-06-17,2026-06-18,0.33,,,,wind:wind_get_stock_events
000407.SZ,000407.SZ_20160725_1,2016-07-25,2016-07-22,2016-07-25,0.02,,,,wind:wind_get_stock_events
000407.SZ,000407.SZ_20200619_1,2020-06-19,2020-06-18,2020-06-19,0.035,,,,wind:wind_get_stock_events
000407.SZ,000407.SZ_20210630_1,2021-06-30,2021-06-29,2021-06-30,0.02,,,,wind:wind_get_stock_events
000407.SZ,000407.SZ_20220715_1,2022-07-15,2022-07-14,2022-07-15,0.035,,,,wind:wind_get_stock_events
000407.SZ,000407.SZ_20230714_1,2023-07-14,2023-07-13,2023-07-14,0.02,,,,wind:wind_get_stock_events
000407.SZ,000407.SZ_20240725_1,2024-07-25,2024-07-24,2024-07-25,0.055,,,,wind:wind_get_stock_events
000407.SZ,000407.SZ_20250707_1,2025-07-07,2025-07-04,2025-07-07,0.042,,,,wind:wind_get_stock_events
000407.SZ,000407.SZ_20260210_1,2026-02-10,2026-02-09,2026-02-10,0.015,,,,wind:wind_get_stock_events
000407.SZ,000407.SZ_20260710_1,2026-07-10,2026-07-09,2026-07-10,0.045,,,,wind:wind_get_stock_events
000408.SZ,000408.SZ_20171114_1,2017-11-14,2017-11-13,2017-11-14,0.3,,,,wind:wind_get_stock_events
000408.SZ,000408.SZ_20220819_1,2022-08-19,2022-08-18,2022-08-19,1.898,,,,wind:wind_get_stock_events
000408.SZ,000408.SZ_20230413_1,2023-04-13,2023-04-12,2023-04-13,0.96,,,,wind:wind_get_stock_events
000408.SZ,000408.SZ_20230824_1,2023-08-24,2023-08-23,2023-08-24,0.8,,,,wind:wind_get_stock_events
000408.SZ,000408.SZ_20240419_1,2024-04-19,2024-04-18,2024-04-19,0.8,,,,wind:wind_get_stock_events
000408.SZ,000408.SZ_20240905_1,2024-09-05,2024-09-04,2024-09-05,0.26,,,,wind:wind_get_stock_events
000408.SZ,000408.SZ_20250905_1,2025-09-05,2025-09-04,2025-09-05,1,,,,wind:wind_get_stock_events
000408.SZ,000408.SZ_20260417_1,2026-04-17,2026-04-16,2026-04-17,1.5,,,,wind:wind_get_stock_events
000408.SZ,000408.SZ_20260904_1,2026-09-04,2026-09-03,2026-09-04,1,,,,wind:wind_get_stock_events
000410.SZ,000410.SZ_20150605_1,2015-06-05,2015-06-04,2015-06-05,0.02,,,,wind:wind_get_stock_events
000411.SZ,000411.SZ_20190527_1,2019-05-27,2019-05-24,2019-05-27,0.13,,,,wind:wind_get_stock_events
000411.SZ,000411.SZ_20200619_1,2020-06-19,2020-06-18,2020-06-19,0.061,,,,wind:wind_get_stock_events
000411.SZ,000411.SZ_20210527_1,2021-05-27,2021-05-26,2021-05-27,0.065,,,,wind:wind_get_stock_events
000411.SZ,000411.SZ_20220617_1,2022-06-17,2022-06-16,2022-06-17,0.2,,0.2,2022-06-17,wind:wind_get_stock_events
000411.SZ,000411.SZ_20230608_1,2023-06-08,2023-06-07,2023-06-08,0.126,,,,wind:wind_get_stock_events
000411.SZ,000411.SZ_20240529_1,2024-05-29,2024-05-28,2024-05-29,0.3045,,,,wind:wind_get_stock_events
000411.SZ,000411.SZ_20250605_1,2025-06-05,2025-06-04,2025-06-05,0.3832,,,,wind:wind_get_stock_events
000411.SZ,000411.SZ_20260710_1,2026-07-10,2026-07-09,2026-07-10,0.354,,,,wind:wind_get_stock_events
000415.SZ,000415.SZ_20150603_1,2015-06-03,2015-06-02,2015-06-03,0.1,,1,2015-06-03,wind:wind_get_stock_events
000415.SZ,000415.SZ_20170714_1,2017-07-14,2017-07-13,2017-07-14,0.05,,,,wind:wind_get_stock_events
000415.SZ,000415.SZ_20180719_1,2018-07-19,2018-07-18,2018-07-19,0.06,,,,wind:wind_get_stock_events
000417.SZ,000417.SZ_20150625_1,2015-06-25,2015-06-24,2015-06-25,0.18,,,,wind:wind_get_stock_events
000417.SZ,000417.SZ_20160623_1,2016-06-23,2016-06-22,2016-06-23,0.12,,,,wind:wind_get_stock_events
000417.SZ,000417.SZ_20170622_1,2017-06-22,2017-06-21,2017-06-22,0.15,,,,wind:wind_get_stock_events
000417.SZ,000417.SZ_20180622_1,2018-06-22,2018-06-21,2018-06-22,0.15,,,,wind:wind_get_stock_events
000417.SZ,000417.SZ_20190621_1,2019-06-21,2019-06-20,2019-06-21,0.15,,,,wind:wind_get_stock_events
000417.SZ,000417.SZ_20200616_1,2020-06-16,2020-06-15,2020-06-16,0.08,,,,wind:wind_get_stock_events
000417.SZ,000417.SZ_20210616_1,2021-06-16,2021-06-15,2021-06-16,0.06,,,,wind:wind_get_stock_events
000417.SZ,000417.SZ_20220616_1,2022-06-16,2022-06-15,2022-06-16,0.06,,,,wind:wind_get_stock_events
000417.SZ,000417.SZ_20230628_1,2023-06-28,2023-06-27,2023-06-28,0.07,,,,wind:wind_get_stock_events
000417.SZ,000417.SZ_20240711_1,2024-07-11,2024-07-10,2024-07-11,0.11,,,,wind:wind_get_stock_events
000417.SZ,000417.SZ_20250711_1,2025-07-11,2025-07-10,2025-07-11,0.11,,,,wind:wind_get_stock_events
000417.SZ,000417.SZ_20260710_1,2026-07-10,2026-07-09,2026-07-10,0.065,,,,wind:wind_get_stock_events
000419.SZ,000419.SZ_20150807_1,2015-08-07,2015-08-06,2015-08-07,0.1,,,,wind:wind_get_stock_events
000419.SZ,000419.SZ_20170720_1,2017-07-20,2017-07-19,2017-07-20,0.12,,,,wind:wind_get_stock_events
000419.SZ,000419.SZ_20190823_1,2019-08-23,2019-08-22,2019-08-23,0.16,,,,wind:wind_get_stock_events
000419.SZ,000419.SZ_20210810_1,2021-08-10,2021-08-09,2021-08-10,0.15,,,,wind:wind_get_stock_events
000419.SZ,000419.SZ_20220811_1,2022-08-11,2022-08-10,2022-08-11,0.16,,,,wind:wind_get_stock_events
000419.SZ,000419.SZ_20230804_1,2023-08-04,2023-08-03,2023-08-04,0.15,,,,wind:wind_get_stock_events
000419.SZ,000419.SZ_20240809_1,2024-08-09,2024-08-08,2024-08-09,0.12,,,,wind:wind_get_stock_events
000419.SZ,000419.SZ_20250808_1,2025-08-08,2025-08-07,2025-08-08,0.15,,,,wind:wind_get_stock_events
000419.SZ,000419.SZ_20260812_1,2026-08-12,2026-08-11,2026-08-12,0.13,,,,wind:wind_get_stock_events
000420.SZ,000420.SZ_20161012_1,2016-10-12,2016-10-11,,,,1,2016-10-12,wind:wind_get_stock_events
000421.SZ,000421.SZ_20150618_1,2015-06-18,2015-06-17,2015-06-18,0.08,,,,wind:wind_get_stock_events
000421.SZ,000421.SZ_20160804_1,2016-08-04,2016-08-03,2016-08-04,0.1,,,,wind:wind_get_stock_events
000421.SZ,000421.SZ_20170707_1,2017-07-07,2017-07-06,2017-07-07,0.1,,,,wind:wind_get_stock_events
000421.SZ,000421.SZ_20180614_1,2018-06-14,2018-06-13,2018-06-14,0.05,,,,wind:wind_get_stock_events
000421.SZ,000421.SZ_20190705_1,2019-07-05,2019-07-04,2019-07-05,0.1,,,,wind:wind_get_stock_events
000421.SZ,000421.SZ_20200814_1,2020-08-14,2020-08-13,2020-08-14,0.065,,,,wind:wind_get_stock_events
000421.SZ,000421.SZ_20210709_1,2021-07-09,2021-07-08,2021-07-09,0.065,,,,wind:wind_get_stock_events
000421.SZ,000421.SZ_20220630_1,2022-06-30,2022-06-29,2022-06-30,0.1,,,,wind:wind_get_stock_events
000421.SZ,000421.SZ_20230607_1,2023-06-07,2023-06-06,2023-06-07,0.1,,,,wind:wind_get_stock_events
000421.SZ,000421.SZ_20240628_1,2024-06-28,2024-06-27,2024-06-28,0.1,,,,wind:wind_get_stock_events
000421.SZ,000421.SZ_20250516_1,2025-05-16,2025-05-15,2025-05-16,0.06,,,,wind:wind_get_stock_events
000421.SZ,000421.SZ_20260610_1,2026-06-10,2026-06-09,2026-06-10,0.06,,,,wind:wind_get_stock_events
000422.SZ,000422.SZ_20150703_1,2015-07-03,2015-07-02,2015-07-03,0.01,,,,wind:wind_get_stock_events
000422.SZ,000422.SZ_20160715_1,2016-07-15,2016-07-14,2016-07-15,0.01,,,,wind:wind_get_stock_events
000422.SZ,000422.SZ_20230522_1,2023-05-22,2023-05-19,2023-05-22,0.1,,,,wind:wind_get_stock_events
000422.SZ,000422.SZ_20240614_1,2024-06-14,2024-06-13,2024-06-14,0.32,,,,wind:wind_get_stock_events
000422.SZ,000422.SZ_20250612_1,2025-06-12,2025-06-11,2025-06-12,0.2,,,,wind:wind_get_stock_events
000422.SZ,000422.SZ_20260615_1,2026-06-15,2026-06-12,2026-06-15,0.25,,,,wind:wind_get_stock_events
000425.SZ,000425.SZ_20150617_1,2015-06-17,2015-06-16,2015-06-17,0.06,,,,wind:wind_get_stock_events
000425.SZ,000425.SZ_20150923_1,2015-09-23,2015-09-22,,,,2,2015-09-23,wind:wind_get_stock_events
000425.SZ,000425.SZ_20170607_1,2017-06-07,2017-06-06,2017-06-07,0.015,,,,wind:wind_get_stock_events
000425.SZ,000425.SZ_20180530_1,2018-05-30,2018-05-29,2018-05-30,0.04,,,,wind:wind_get_stock_events
000425.SZ,000425.SZ_20190627_1,2019-06-27,2019-06-26,2019-06-27,0.06,,,,wind:wind_get_stock_events
000425.SZ,000425.SZ_20200703_1,2020-07-03,2020-07-02,2020-07-03,0.06,,,,wind:wind_get_stock_events
000425.SZ,000425.SZ_20210714_1,2021-07-14,2021-07-13,2021-07-14,0.1,,,,wind:wind_get_stock_events
000425.SZ,000425.SZ_20220928_1,2022-09-28,2022-09-27,2022-09-28,0.23,,,,wind:wind_get_stock_events
000425.SZ,000425.SZ_20230614_1,2023-06-14,2023-06-13,2023-06-14,0.15,,,,wind:wind_get_stock_events
000425.SZ,000425.SZ_20240703_1,2024-07-03,2024-07-02,2024-07-03,0.18,,,,wind:wind_get_stock_events
000425.SZ,000425.SZ_20250709_1,2025-07-09,2025-07-08,2025-07-09,0.18,,,,wind:wind_get_stock_events
000425.SZ,000425.SZ_20260703_1,2026-07-03,2026-07-02,2026-07-03,0.2,,,,wind:wind_get_stock_events
000429.SZ,000429.SZ_20150610_1,2015-06-10,2015-06-09,2015-06-10,0.1,,,,wind:wind_get_stock_events
000429.SZ,000429.SZ_20160518_1,2016-05-18,2016-05-17,2016-05-18,0.15,,,,wind:wind_get_stock_events
000429.SZ,000429.SZ_20170609_1,2017-06-09,2017-06-08,2017-06-09,0.336,,,,wind:wind_get_stock_events
000429.SZ,000429.SZ_20180607_1,2018-06-07,2018-06-06,2018-06-07,0.506,,,,wind:wind_get_stock_events
000429.SZ,000429.SZ_20190613_1,2019-06-13,2019-06-12,2019-06-13,0.562,,,,wind:wind_get_stock_events
000429.SZ,000429.SZ_20200806_1,2020-08-06,2020-08-05,2020-08-06,0.422,,,,wind:wind_get_stock_events
000429.SZ,000429.SZ_20210715_1,2021-07-15,2021-07-14,2021-07-15,0.291,,,,wind:wind_get_stock_events
000429.SZ,000429.SZ_20220707_1,2022-07-07,2022-07-06,2022-07-07,0.57,,,,wind:wind_get_stock_events
000429.SZ,000429.SZ_20230714_1,2023-07-14,2023-07-13,2023-07-14,0.428,,,,wind:wind_get_stock_events
000429.SZ,000429.SZ_20240715_1,2024-07-15,2024-07-12,2024-07-15,0.547,,,,wind:wind_get_stock_events
000429.SZ,000429.SZ_20250714_1,2025-07-14,2025-07-11,2025-07-14,0.523,,,,wind:wind_get_stock_events
000429.SZ,000429.SZ_20260810_1,2026-08-10,2026-08-07,2026-08-10,0.604,,,,wind:wind_get_stock_events
000498.SZ,000498.SZ_20180719_1,2018-07-19,2018-07-18,2018-07-19,0.06,,,,wind:wind_get_stock_events
000498.SZ,000498.SZ_20190620_1,2019-06-20,2019-06-19,2019-06-20,0.075,,,,wind:wind_get_stock_events
000498.SZ,000498.SZ_20200619_1,2020-06-19,2020-06-18,2020-06-19,0.08,,,,wind:wind_get_stock_events
000498.SZ,000498.SZ_20210702_1,2021-07-02,2021-07-01,2021-07-02,0.1,,,,wind:wind_get_stock_events
000498.SZ,000498.SZ_20220629_1,2022-06-29,2022-06-28,2022-06-29,0.125,,,,wind:wind_get_stock_events
000498.SZ,000498.SZ_20230629_1,2023-06-29,2023-06-28,2023-06-29,0.16,,,,wind:wind_get_stock_events
000498.SZ,000498.SZ_20240716_1,2024-07-16,2024-07-15,2024-07-16,0.18,,,,wind:wind_get_stock_events
000498.SZ,000498.SZ_20241023_1,2024-10-23,2024-10-22,2024-10-23,0.02,,,,wind:wind_get_stock_events
000498.SZ,000498.SZ_20241225_1,2024-12-25,2024-12-24,2024-12-25,0.01,,,,wind:wind_get_stock_events
000498.SZ,000498.SZ_20250717_1,2025-07-17,2025-07-16,2025-07-17,0.17,,,,wind:wind_get_stock_events
000498.SZ,000498.SZ_20251024_1,2025-10-24,2025-10-23,2025-10-24,0.023,,,,wind:wind_get_stock_events
000498.SZ,000498.SZ_20251224_1,2025-12-24,2025-12-23,2025-12-24,0.012,,,,wind:wind_get_stock_events
000498.SZ,000498.SZ_20260706_1,2026-07-06,2026-07-03,2026-07-06,0.187,,,,wind:wind_get_stock_events
000505.SZ,000505.SZ_20240612_1,2024-06-12,2024-06-11,2024-06-12,0.071,,,,wind:wind_get_stock_events
000505.SZ,000505.SZ_20250611_1,2025-06-11,2025-06-10,2025-06-11,0.018,,,,wind:wind_get_stock_events
000507.SZ,000507.SZ_20150630_1,2015-06-30,2015-06-29,2015-06-30,0.015,,,,wind:wind_get_stock_events
000507.SZ,000507.SZ_20160713_1,2016-07-13,2016-07-12,2016-07-13,0.02,,,,wind:wind_get_stock_events
000507.SZ,000507.SZ_20170608_1,2017-06-08,2017-06-07,2017-06-08,0.02,,,,wind:wind_get_stock_events
000507.SZ,000507.SZ_20180425_1,2018-04-25,2018-04-24,2018-04-25,0.036,,,,wind:wind_get_stock_events
000507.SZ,000507.SZ_20190626_1,2019-06-26,2019-06-25,2019-06-26,0.0424,,,,wind:wind_get_stock_events
000507.SZ,000507.SZ_20200612_1,2020-06-12,2020-06-11,2020-06-12,0.05,,,,wind:wind_get_stock_events
000507.SZ,000507.SZ_20210629_1,2021-06-29,2021-06-28,2021-06-29,0.0605,,,,wind:wind_get_stock_events
000507.SZ,000507.SZ_20220727_1,2022-07-27,2022-07-26,2022-07-27,0.12,,,,wind:wind_get_stock_events
000507.SZ,000507.SZ_20230627_1,2023-06-27,2023-06-26,2023-06-27,0.0708,,,,wind:wind_get_stock_events
000507.SZ,000507.SZ_20240529_1,2024-05-29,2024-05-28,2024-05-29,0.012,,,,wind:wind_get_stock_events
000507.SZ,000507.SZ_20250620_1,2025-06-20,2025-06-19,2025-06-20,0.065,,,,wind:wind_get_stock_events
000507.SZ,000507.SZ_20260626_1,2026-06-26,2026-06-25,2026-06-26,0.054,,,,wind:wind_get_stock_events
000513.SZ,000513.SZ_20150814_1,2015-08-14,2015-08-13,2015-08-14,0.1,,0.3,2015-08-14,wind:wind_get_stock_events
000513.SZ,000513.SZ_20160615_1,2016-06-15,2016-06-14,2016-06-15,0.5,,,,wind:wind_get_stock_events
000513.SZ,000513.SZ_20170707_1,2017-07-07,2017-07-06,2017-07-07,0.5,,0.3,2017-07-07,wind:wind_get_stock_events
000513.SZ,000513.SZ_20180622_1,2018-06-22,2018-06-21,2018-06-22,2,,0.3,2018-06-22,wind:wind_get_stock_events
000513.SZ,000513.SZ_20190703_1,2019-07-03,2019-07-02,2019-07-03,1.2,,0.3,2019-07-03,wind:wind_get_stock_events
000513.SZ,000513.SZ_20200604_1,2020-06-04,2020-06-03,2020-06-04,1.1501,,,,wind:wind_get_stock_events
000513.SZ,000513.SZ_20210601_1,2021-06-01,2021-05-31,2021-06-01,1.25,,,,wind:wind_get_stock_events
000513.SZ,000513.SZ_20220531_1,2022-05-31,2022-05-30,2022-05-31,1.3,,,,wind:wind_get_stock_events
000513.SZ,000513.SZ_20230704_1,2023-07-04,2023-07-03,2023-07-04,1.6,,,,wind:wind_get_stock_events
000513.SZ,000513.SZ_20240708_1,2024-07-08,2024-07-05,2024-07-08,1.35,,,,wind:wind_get_stock_events
000513.SZ,000513.SZ_20250613_1,2025-06-13,2025-06-12,2025-06-13,1.1,,,,wind:wind_get_stock_events
000513.SZ,000513.SZ_20260616_1,2026-06-16,2026-06-15,2026-06-16,1.43,,,,wind:wind_get_stock_events
000514.SZ,000514.SZ_20150608_1,2015-06-08,2015-06-05,2015-06-08,0.02,,,,wind:wind_get_stock_events
000514.SZ,000514.SZ_20170607_1,2017-06-07,2017-06-06,2017-06-07,0.02,,,,wind:wind_get_stock_events
000514.SZ,000514.SZ_20180614_1,2018-06-14,2018-06-13,2018-06-14,0.02,,,,wind:wind_get_stock_events
000514.SZ,000514.SZ_20200819_1,2020-08-19,2020-08-18,2020-08-19,0.03,,,,wind:wind_get_stock_events
000514.SZ,000514.SZ_20210809_1,2021-08-09,2021-08-06,2021-08-09,0.025,,,,wind:wind_get_stock_events
000514.SZ,000514.SZ_20220728_1,2022-07-28,2022-07-27,2022-07-28,0.02,,,,wind:wind_get_stock_events
000514.SZ,000514.SZ_20230612_1,2023-06-12,2023-06-09,2023-06-12,0.02,,,,wind:wind_get_stock_events
000514.SZ,000514.SZ_20240826_1,2024-08-26,2024-08-23,2024-08-26,0.012,,,,wind:wind_get_stock_events
000514.SZ,000514.SZ_20260629_1,2026-06-29,2026-06-26,2026-06-29,0.01,,,,wind:wind_get_stock_events
000517.SZ,000517.SZ_20150602_1,2015-06-02,2015-06-01,2015-06-02,0.1,,,,wind:wind_get_stock_events
000517.SZ,000517.SZ_20150911_1,2015-09-11,2015-09-10,2015-09-11,0.05,0.2,1.8,2015-09-11,wind:wind_get_stock_events
000517.SZ,000517.SZ_20160420_1,2016-04-20,2016-04-19,2016-04-20,0.03,,,,wind:wind_get_stock_events
000517.SZ,000517.SZ_20180622_1,2018-06-22,2018-06-21,2018-06-22,0.02,,,,wind:wind_get_stock_events
000517.SZ,000517.SZ_20200605_1,2020-06-05,2020-06-04,2020-06-05,0.1,,,,wind:wind_get_stock_events
000517.SZ,000517.SZ_20210519_1,2021-05-19,2021-05-18,2021-05-19,0.035,,,,wind:wind_get_stock_events
000517.SZ,000517.SZ_20220602_1,2022-06-02,2022-06-01,2022-06-02,0.16,,,,wind:wind_get_stock_events
000517.SZ,000517.SZ_20230720_1,2023-07-20,2023-07-19,2023-07-20,0.32,,,,wind:wind_get_stock_events
000517.SZ,000517.SZ_20240827_1,2024-08-27,2024-08-26,2024-08-27,0.32,,,,wind:wind_get_stock_events
000521.SZ,000521.SZ_20150610_1,2015-06-10,2015-06-09,2015-06-10,0.06,,,,wind:wind_get_stock_events
000521.SZ,000521.SZ_20160516_1,2016-05-16,2016-05-13,2016-05-16,0.06,,,,wind:wind_get_stock_events
000521.SZ,000521.SZ_20170607_1,2017-06-07,2017-06-06,2017-06-07,0.06,,,,wind:wind_get_stock_events
000521.SZ,000521.SZ_20180704_1,2018-07-04,2018-07-03,2018-07-04,0.06,,,,wind:wind_get_stock_events
000521.SZ,000521.SZ_20190624_1,2019-06-24,2019-06-21,2019-06-24,0.06,,,,wind:wind_get_stock_events
000521.SZ,000521.SZ_20200618_1,2020-06-18,2020-06-17,2020-06-18,0.05,,,,wind:wind_get_stock_events
000521.SZ,000521.SZ_20210611_1,2021-06-11,2021-06-10,2021-06-11,0.05,,,,wind:wind_get_stock_events
000521.SZ,000521.SZ_20220624_1,2022-06-24,2022-06-23,2022-06-24,0.05,,,,wind:wind_get_stock_events
000521.SZ,000521.SZ_20230616_1,2023-06-16,2023-06-15,2023-06-16,0.09,,,,wind:wind_get_stock_events
000521.SZ,000521.SZ_20240613_1,2024-06-13,2024-06-12,2024-06-13,0.3,,,,wind:wind_get_stock_events
000521.SZ,000521.SZ_20250611_1,2025-06-11,2025-06-10,2025-06-11,0.33,,,,wind:wind_get_stock_events
000521.SZ,000521.SZ_20260623_1,2026-06-23,2026-06-22,2026-06-23,0.21,,,,wind:wind_get_stock_events
000523.SZ,000523.SZ_20150630_1,2015-06-30,2015-06-29,2015-06-30,0.02,,,,wind:wind_get_stock_events
000523.SZ,000523.SZ_20160805_1,2016-08-05,2016-08-04,2016-08-05,0.02,,,,wind:wind_get_stock_events
000523.SZ,000523.SZ_20170828_1,2017-08-28,2017-08-25,2017-08-28,0.02,,,,wind:wind_get_stock_events
000523.SZ,000523.SZ_20180824_1,2018-08-24,2018-08-23,2018-08-24,0.02,,0.2,2018-08-24,wind:wind_get_stock_events
000523.SZ,000523.SZ_20190828_1,2019-08-28,2019-08-27,2019-08-28,0.02,,,,wind:wind_get_stock_events
000523.SZ,000523.SZ_20200824_1,2020-08-24,2020-08-21,2020-08-24,0.02,,,,wind:wind_get_stock_events
000524.SZ,000524.SZ_20160620_1,2016-06-20,2016-06-17,2016-06-20,0.037,,,,wind:wind_get_stock_events
000524.SZ,000524.SZ_20180702_1,2018-07-02,2018-06-29,2018-07-02,0.273,,,,wind:wind_get_stock_events
000524.SZ,000524.SZ_20190627_1,2019-06-27,2019-06-26,2019-06-27,0.225,,,,wind:wind_get_stock_events
000524.SZ,000524.SZ_20200701_1,2020-07-01,2020-06-30,2020-07-01,0.119,,,,wind:wind_get_stock_events
000524.SZ,000524.SZ_20250619_1,2025-06-19,2025-06-18,2025-06-19,0.08,,,,wind:wind_get_stock_events
000524.SZ,000524.SZ_20260618_1,2026-06-18,2026-06-17,2026-06-18,0.051,,,,wind:wind_get_stock_events
000528.SZ,000528.SZ_20150612_1,2015-06-12,2015-06-11,2015-06-12,0.15,,,,wind:wind_get_stock_events
000528.SZ,000528.SZ_20160617_1,2016-06-17,2016-06-16,2016-06-17,0.1,,,,wind:wind_get_stock_events
000528.SZ,000528.SZ_20170621_1,2017-06-21,2017-06-20,2017-06-21,0.1,,,,wind:wind_get_stock_events
000528.SZ,000528.SZ_20180615_1,2018-06-15,2018-06-14,2018-06-15,0.15,,,,wind:wind_get_stock_events
000528.SZ,000528.SZ_20181026_1,2018-10-26,2018-10-25,,,,0.3,2018-10-26,wind:wind_get_stock_events
000528.SZ,000528.SZ_20190528_1,2019-05-28,2019-05-27,2019-05-28,0.15,,,,wind:wind_get_stock_events
000528.SZ,000528.SZ_20200618_1,2020-06-18,2020-06-17,2020-06-18,0.15,,,,wind:wind_get_stock_events
000528.SZ,000528.SZ_20210618_1,2021-06-18,2021-06-17,2021-06-18,0.28,,,,wind:wind_get_stock_events
000528.SZ,000528.SZ_20220708_1,2022-07-08,2022-07-07,2022-07-08,0.16,,,,wind:wind_get_stock_events
000528.SZ,000528.SZ_20230621_1,2023-06-21,2023-06-20,2023-06-21,0.1,,,,wind:wind_get_stock_events
000528.SZ,000528.SZ_20240620_1,2024-06-20,2024-06-19,2024-06-20,0.1987,,,,wind:wind_get_stock_events
000528.SZ,000528.SZ_20250626_1,2025-06-26,2025-06-25,2025-06-26,0.273,,,,wind:wind_get_stock_events
000528.SZ,000528.SZ_20260604_1,2026-06-04,2026-06-03,2026-06-04,0.325,,,,wind:wind_get_stock_events
000530.SZ,000530.SZ_20150625_1,2015-06-25,2015-06-24,2015-06-25,0.15,,,,wind:wind_get_stock_events
000530.SZ,000530.SZ_20160503_1,2016-05-03,2016-04-29,2016-05-03,0.1,,0.5,2016-05-03,wind:wind_get_stock_events
000530.SZ,000530.SZ_20170612_1,2017-06-12,2017-06-09,2017-06-12,0.1,,0.4,2017-06-12,wind:wind_get_stock_events
000530.SZ,000530.SZ_20180712_1,2018-07-12,2018-07-11,2018-07-12,0.05,,,,wind:wind_get_stock_events
000530.SZ,000530.SZ_20190715_1,2019-07-15,2019-07-12,2019-07-15,0.05,,,,wind:wind_get_stock_events
000530.SZ,000530.SZ_20200710_1,2020-07-10,2020-07-09,2020-07-10,0.03,,,,wind:wind_get_stock_events
000530.SZ,000530.SZ_20210708_1,2021-07-08,2021-07-07,2021-07-08,0.01,,,,wind:wind_get_stock_events
000530.SZ,000530.SZ_20220708_1,2022-07-08,2022-07-07,2022-07-08,0.01,,,,wind:wind_get_stock_events
000530.SZ,000530.SZ_20230707_1,2023-07-07,2023-07-06,2023-07-07,0.01,,,,wind:wind_get_stock_events
000530.SZ,000530.SZ_20240712_1,2024-07-12,2024-07-11,2024-07-12,0.03,,,,wind:wind_get_stock_events
000530.SZ,000530.SZ_20250711_1,2025-07-11,2025-07-10,2025-07-11,0.05,,,,wind:wind_get_stock_events
000530.SZ,000530.SZ_20260710_1,2026-07-10,2026-07-09,2026-07-10,0.05,,,,wind:wind_get_stock_events
000531.SZ,000531.SZ_20150529_1,2015-05-29,2015-05-28,2015-05-29,0.22,,,,wind:wind_get_stock_events
000531.SZ,000531.SZ_20160623_1,2016-06-23,2016-06-22,2016-06-23,0.15,,,,wind:wind_get_stock_events
000531.SZ,000531.SZ_20170626_1,2017-06-26,2017-06-23,2017-06-26,0.25,,,,wind:wind_get_stock_events
000531.SZ,000531.SZ_20180627_1,2018-06-27,2018-06-26,2018-06-27,0.1,,,,wind:wind_get_stock_events
000531.SZ,000531.SZ_20190617_1,2019-06-17,2019-06-14,2019-06-17,0.21,,,,wind:wind_get_stock_events
000531.SZ,000531.SZ_20200707_1,2020-07-07,2020-07-06,2020-07-07,0.1,,,,wind:wind_get_stock_events
000531.SZ,000531.SZ_20210621_1,2021-06-21,2021-06-18,2021-06-21,0.25,,,,wind:wind_get_stock_events
000531.SZ,000531.SZ_20220621_1,2022-06-21,2022-06-20,2022-06-21,0.18,,0.2,2022-06-21,wind:wind_get_stock_events
000531.SZ,000531.SZ_20230626_1,2023-06-26,2023-06-21,2023-06-26,0.07,,,,wind:wind_get_stock_events
000531.SZ,000531.SZ_20240712_1,2024-07-12,2024-07-11,2024-07-12,0.1,,,,wind:wind_get_stock_events
000531.SZ,000531.SZ_20250619_1,2025-06-19,2025-06-18,2025-06-19,0.08,,,,wind:wind_get_stock_events
000531.SZ,000531.SZ_20251231_1,2025-12-31,2025-12-30,2025-12-31,0.06,,,,wind:wind_get_stock_events
000531.SZ,000531.SZ_20260630_1,2026-06-30,2026-06-29,2026-06-30,0.05,,,,wind:wind_get_stock_events
000532.SZ,000532.SZ_20150617_1,2015-06-17,2015-06-16,2015-06-17,0.03,,,,wind:wind_get_stock_events
000532.SZ,000532.SZ_20160621_1,2016-06-21,2016-06-20,2016-06-21,0.03,,,,wind:wind_get_stock_events
000532.SZ,000532.SZ_20170703_1,2017-07-03,2017-06-30,2017-07-03,0.06,,,,wind:wind_get_stock_events
000532.SZ,000532.SZ_20180712_1,2018-07-12,2018-07-11,2018-07-12,0.03,,,,wind:wind_get_stock_events
000532.SZ,000532.SZ_20190620_1,2019-06-20,2019-06-19,2019-06-20,0.03,,,,wind:wind_get_stock_events
000532.SZ,000532.SZ_20200612_1,2020-06-12,2020-06-11,2020-06-12,0.03,,,,wind:wind_get_stock_events
000532.SZ,000532.SZ_20210611_1,2021-06-11,2021-06-10,2021-06-11,0.06,,,,wind:wind_get_stock_events
000532.SZ,000532.SZ_20220610_1,2022-06-10,2022-06-09,2022-06-10,0.06,,,,wind:wind_get_stock_events
000532.SZ,000532.SZ_20230608_1,2023-06-08,2023-06-07,2023-06-08,0.06,,,,wind:wind_get_stock_events
000532.SZ,000532.SZ_20240607_1,2024-06-07,2024-06-06,2024-06-07,0.065,,,,wind:wind_get_stock_events
000532.SZ,000532.SZ_20250613_1,2025-06-13,2025-06-12,2025-06-13,0.06,,,,wind:wind_get_stock_events
000532.SZ,000532.SZ_20260702_1,2026-07-02,2026-07-01,2026-07-02,0.1,,,,wind:wind_get_stock_events
000533.SZ,000533.SZ_20150703_1,2015-07-03,2015-07-02,2015-07-03,0.05,,,,wind:wind_get_stock_events
000533.SZ,000533.SZ_20170707_1,2017-07-07,2017-07-06,2017-07-07,0.05,,,,wind:wind_get_stock_events
000533.SZ,000533.SZ_20180705_1,2018-07-05,2018-07-04,2018-07-05,0.015,,,,wind:wind_get_stock_events
000534.SZ,000534.SZ_20150519_1,2015-05-19,2015-05-18,2015-05-19,0.05,,,,wind:wind_get_stock_events
000534.SZ,000534.SZ_20160608_1,2016-06-08,2016-06-07,2016-06-08,0.05,,,,wind:wind_get_stock_events
000534.SZ,000534.SZ_20170622_1,2017-06-22,2017-06-21,2017-06-22,0.05,,,,wind:wind_get_stock_events
000534.SZ,000534.SZ_20180720_1,2018-07-20,2018-07-19,2018-07-20,0.05,,,,wind:wind_get_stock_events
000534.SZ,000534.SZ_20190716_1,2019-07-16,2019-07-15,2019-07-16,0.05,,,,wind:wind_get_stock_events
000534.SZ,000534.SZ_20200827_1,2020-08-27,2020-08-26,2020-08-27,0.05,,,,wind:wind_get_stock_events
000534.SZ,000534.SZ_20210827_1,2021-08-27,2021-08-26,2021-08-27,0.06,,,,wind:wind_get_stock_events
000534.SZ,000534.SZ_20220829_1,2022-08-29,2022-08-26,2022-08-29,0.05,,,,wind:wind_get_stock_events
000534.SZ,000534.SZ_20230829_1,2023-08-29,2023-08-28,2023-08-29,0.05,,,,wind:wind_get_stock_events
000534.SZ,000534.SZ_20240827_1,2024-08-27,2024-08-26,2024-08-27,0.12,,,,wind:wind_get_stock_events
000534.SZ,000534.SZ_20250814_1,2025-08-14,2025-08-13,2025-08-14,0.05,,,,wind:wind_get_stock_events
000537.SZ,000537.SZ_20170707_1,2017-07-07,2017-07-06,2017-07-07,0.06,,,,wind:wind_get_stock_events
000537.SZ,000537.SZ_20180607_1,2018-06-07,2018-06-06,2018-06-07,0.13,,,,wind:wind_get_stock_events
000537.SZ,000537.SZ_20190709_1,2019-07-09,2019-07-08,2019-07-09,0.13,,,,wind:wind_get_stock_events
000537.SZ,000537.SZ_20200710_1,2020-07-10,2020-07-09,2020-07-10,0.3,,,,wind:wind_get_stock_events
000537.SZ,000537.SZ_20210713_1,2021-07-13,2021-07-12,2021-07-13,0.25,,,,wind:wind_get_stock_events
000537.SZ,000537.SZ_20220705_1,2022-07-05,2022-07-04,2022-07-05,0.1,,,,wind:wind_get_stock_events
000537.SZ,000537.SZ_20230606_1,2023-06-06,2023-06-05,2023-06-06,0.1,,,,wind:wind_get_stock_events
000537.SZ,000537.SZ_20240709_1,2024-07-09,2024-07-08,2024-07-09,0.18,,,,wind:wind_get_stock_events
000537.SZ,000537.SZ_20250625_1,2025-06-25,2025-06-24,2025-06-25,0.2,,,,wind:wind_get_stock_events
000537.SZ,000537.SZ_20251028_1,2025-10-28,2025-10-27,2025-10-28,0.045,,,,wind:wind_get_stock_events
000537.SZ,000537.SZ_20260626_1,2026-06-26,2026-06-25,2026-06-26,0.12,,,,wind:wind_get_stock_events
000539.SZ,000539.SZ_20150626_1,2015-06-26,2015-06-25,2015-06-26,0.2,0.2,,2015-06-26,wind:wind_get_stock_events
000539.SZ,000539.SZ_20160628_1,2016-06-28,2016-06-27,2016-06-28,0.23,,,,wind:wind_get_stock_events
000539.SZ,000539.SZ_20170628_1,2017-06-28,2017-06-27,2017-06-28,0.08,,,,wind:wind_get_stock_events
000539.SZ,000539.SZ_20180627_1,2018-06-27,2018-06-26,2018-06-27,0.08,,,,wind:wind_get_stock_events
000539.SZ,000539.SZ_20190701_1,2019-07-01,2019-06-28,2019-07-01,0.06,,,,wind:wind_get_stock_events
000539.SZ,000539.SZ_20200624_1,2020-06-24,2020-06-23,2020-06-24,0.12,,,,wind:wind_get_stock_events
000539.SZ,000539.SZ_20210624_1,2021-06-24,2021-06-23,2021-06-24,0.12,,,,wind:wind_get_stock_events
000539.SZ,000539.SZ_20240614_1,2024-06-14,2024-06-13,2024-06-14,0.02,,,,wind:wind_get_stock_events
000539.SZ,000539.SZ_20250626_1,2025-06-26,2025-06-25,2025-06-26,0.02,,,,wind:wind_get_stock_events
000539.SZ,000539.SZ_20260721_1,2026-07-21,2026-07-20,2026-07-21,0.02,,,,wind:wind_get_stock_events
000543.SZ,000543.SZ_20150729_1,2015-07-29,2015-07-28,2015-07-29,0.18,,,,wind:wind_get_stock_events
000543.SZ,000543.SZ_20151120_1,2015-11-20,2015-11-19,2015-11-20,0.023,0.2,0.5,2015-11-20,wind:wind_get_stock_events
000543.SZ,000543.SZ_20160628_1,2016-06-28,2016-06-27,2016-06-28,0.3,,,,wind:wind_get_stock_events
000543.SZ,000543.SZ_20170628_1,2017-06-28,2017-06-27,2017-06-28,0.05,,,,wind:wind_get_stock_events
000543.SZ,000543.SZ_20180611_1,2018-06-11,2018-06-08,2018-06-11,0.01,,,,wind:wind_get_stock_events
000543.SZ,000543.SZ_20190531_1,2019-05-31,2019-05-30,2019-05-31,0.044,,,,wind:wind_get_stock_events
000543.SZ,000543.SZ_20200707_1,2020-07-07,2020-07-06,2020-07-07,0.119,,,,wind:wind_get_stock_events
000543.SZ,000543.SZ_20210528_1,2021-05-28,2021-05-27,2021-05-28,0.076,,,,wind:wind_get_stock_events
000543.SZ,000543.SZ_20230620_1,2023-06-20,2023-06-19,2023-06-20,0.048,,,,wind:wind_get_stock_events
000543.SZ,000543.SZ_20240530_1,2024-05-30,2024-05-29,2024-05-30,0.221,,,,wind:wind_get_stock_events
000543.SZ,000543.SZ_20250625_1,2025-06-25,2025-06-24,2025-06-25,0.319,,,,wind:wind_get_stock_events
000543.SZ,000543.SZ_20260716_1,2026-07-16,2026-07-15,2026-07-16,0.379,,,,wind:wind_get_stock_events
000545.SZ,000545.SZ_20150326_1,2015-03-26,2015-03-25,,,,0.3,2015-03-26,wind:wind_get_stock_events
000545.SZ,000545.SZ_20150827_1,2015-08-27,2015-08-26,,,,1,2015-08-27,wind:wind_get_stock_events
000545.SZ,000545.SZ_20160531_1,2016-05-31,2016-05-30,2016-05-31,0.03,,,,wind:wind_get_stock_events
000545.SZ,000545.SZ_20170315_1,2017-03-15,2017-03-14,2017-03-15,0.03,,,,wind:wind_get_stock_events
000545.SZ,000545.SZ_20180531_1,2018-05-31,2018-05-30,2018-05-31,0.05,,,,wind:wind_get_stock_events
000545.SZ,000545.SZ_20200722_1,2020-07-22,2020-07-21,2020-07-22,0.02,,,,wind:wind_get_stock_events
000546.SZ,000546.SZ_20170606_1,2017-06-06,2017-06-05,2017-06-06,0.5,,,,wind:wind_get_stock_events
000546.SZ,000546.SZ_20180614_1,2018-06-14,2018-06-13,2018-06-14,0.05,,,,wind:wind_get_stock_events
000546.SZ,000546.SZ_20190717_1,2019-07-17,2019-07-16,2019-07-17,0.05,,,,wind:wind_get_stock_events
000546.SZ,000546.SZ_20200702_1,2020-07-02,2020-07-01,2020-07-02,0.08,,,,wind:wind_get_stock_events
000546.SZ,000546.SZ_20210709_1,2021-07-09,2021-07-08,2021-07-09,0.06,,,,wind:wind_get_stock_events
000546.SZ,000546.SZ_20220616_1,2022-06-16,2022-06-15,2022-06-16,0.02,,,,wind:wind_get_stock_events
000547.SZ,000547.SZ_20160608_1,2016-06-08,2016-06-07,2016-06-08,0.045,,,,wind:wind_get_stock_events
000547.SZ,000547.SZ_20170619_1,2017-06-19,2017-06-16,2017-06-19,0.055,,,,wind:wind_get_stock_events
000547.SZ,000547.SZ_20200630_1,2020-06-30,2020-06-29,2020-06-30,0.088,,,,wind:wind_get_stock_events
000547.SZ,000547.SZ_20210708_1,2021-07-08,2021-07-07,2021-07-08,0.035,,,,wind:wind_get_stock_events
000547.SZ,000547.SZ_20220701_1,2022-07-01,2022-06-30,2022-07-01,0.024,,,,wind:wind_get_stock_events
000547.SZ,000547.SZ_20230630_1,2023-06-30,2023-06-29,2023-06-30,0.0351,,,,wind:wind_get_stock_events
000548.SZ,000548.SZ_20150630_1,2015-06-30,2015-06-29,2015-06-30,0.05,,,,wind:wind_get_stock_events
000548.SZ,000548.SZ_20170706_1,2017-07-06,2017-07-05,2017-07-06,0.05,,,,wind:wind_get_stock_events
000548.SZ,000548.SZ_20180628_1,2018-06-28,2018-06-27,2018-06-28,0.05,,,,wind:wind_get_stock_events
000548.SZ,000548.SZ_20190529_1,2019-05-29,2019-05-28,2019-05-29,0.02,,,,wind:wind_get_stock_events
000548.SZ,000548.SZ_20210609_1,2021-06-09,2021-06-08,2021-06-09,0.02,,,,wind:wind_get_stock_events
000548.SZ,000548.SZ_20220713_1,2022-07-13,2022-07-12,2022-07-13,0.02,,,,wind:wind_get_stock_events
000548.SZ,000548.SZ_20230614_1,2023-06-14,2023-06-13,2023-06-14,0.02,,,,wind:wind_get_stock_events
000548.SZ,000548.SZ_20240613_1,2024-06-13,2024-06-12,2024-06-13,0.09,,,,wind:wind_get_stock_events
000548.SZ,000548.SZ_20250613_1,2025-06-13,2025-06-12,2025-06-13,0.05,,,,wind:wind_get_stock_events
000548.SZ,000548.SZ_20260622_1,2026-06-22,2026-06-18,2026-06-22,0.03,,,,wind:wind_get_stock_events
000551.SZ,000551.SZ_20150611_1,2015-06-11,2015-06-10,2015-06-11,0.1,,,,wind:wind_get_stock_events
000551.SZ,000551.SZ_20180615_1,2018-06-15,2018-06-14,2018-06-15,0.1,,,,wind:wind_get_stock_events
000551.SZ,000551.SZ_20210615_1,2021-06-15,2021-06-11,2021-06-15,0.1,,,,wind:wind_get_stock_events
000551.SZ,000551.SZ_20230728_1,2023-07-28,2023-07-27,2023-07-28,0.07,,,,wind:wind_get_stock_events
000551.SZ,000551.SZ_20240704_1,2024-07-04,2024-07-03,2024-07-04,0.07,,,,wind:wind_get_stock_events
000551.SZ,000551.SZ_20250704_1,2025-07-04,2025-07-03,2025-07-04,0.1,,0.2,2025-07-04,wind:wind_get_stock_events
000551.SZ,000551.SZ_20260703_1,2026-07-03,2026-07-02,2026-07-03,0.06,,,,wind:wind_get_stock_events
000552.SZ,000552.SZ_20150611_1,2015-06-11,2015-06-10,2015-06-11,0.03,,,,wind:wind_get_stock_events
000552.SZ,000552.SZ_20160512_1,2016-05-12,2016-05-11,2016-05-12,0.04,0.1,0.9,2016-05-12,wind:wind_get_stock_events
000552.SZ,000552.SZ_20170608_1,2017-06-08,2017-06-07,2017-06-08,0.02,,,,wind:wind_get_stock_events
000552.SZ,000552.SZ_20180427_1,2018-04-27,2018-04-26,2018-04-27,0.1,,,,wind:wind_get_stock_events
000552.SZ,000552.SZ_20190612_1,2019-06-12,2019-06-11,2019-06-12,0.1,,,,wind:wind_get_stock_events
000552.SZ,000552.SZ_20200528_1,2020-05-28,2020-05-27,2020-05-28,0.1,,,,wind:wind_get_stock_events
000552.SZ,000552.SZ_20210603_1,2021-06-03,2021-06-02,2021-06-03,0.1,,,,wind:wind_get_stock_events
000552.SZ,000552.SZ_20211012_1,2021-10-12,2021-10-11,2021-10-12,0.1,,,,wind:wind_get_stock_events
000552.SZ,000552.SZ_20220411_1,2022-04-11,2022-04-08,2022-04-11,0.05,,,,wind:wind_get_stock_events
000552.SZ,000552.SZ_20230704_1,2023-07-04,2023-07-03,2023-07-04,0.14,,,,wind:wind_get_stock_events
000552.SZ,000552.SZ_20240621_1,2024-06-21,2024-06-20,2024-06-21,0.1,,,,wind:wind_get_stock_events
000552.SZ,000552.SZ_20250710_1,2025-07-10,2025-07-09,2025-07-10,0.068,,,,wind:wind_get_stock_events
000553.SZ,000553.SZ_20150427_1,2015-04-27,2015-04-24,2015-04-27,0.1,,,,wind:wind_get_stock_events
000553.SZ,000553.SZ_20160615_1,2016-06-15,2016-06-14,2016-06-15,0.025,,,,wind:wind_get_stock_events
000553.SZ,000553.SZ_20180815_1,2018-08-15,2018-08-14,2018-08-15,0.063,,,,wind:wind_get_stock_events
000553.SZ,000553.SZ_20190724_1,2019-07-24,2019-07-23,2019-07-24,0.097,,,,wind:wind_get_stock_events
000553.SZ,000553.SZ_20200630_1,2020-06-30,2020-06-29,2020-06-30,0.012,,,,wind:wind_get_stock_events
000553.SZ,000553.SZ_20210709_1,2021-07-09,2021-07-08,2021-07-09,0.016,,,,wind:wind_get_stock_events
000553.SZ,000553.SZ_20220607_1,2022-06-07,2022-06-06,2022-06-07,0.008,,,,wind:wind_get_stock_events
000553.SZ,000553.SZ_20230606_1,2023-06-06,2023-06-05,2023-06-06,0.027,,,,wind:wind_get_stock_events
000554.SZ,000554.SZ_20150706_1,2015-07-06,2015-07-03,2015-07-06,0.01,,,,wind:wind_get_stock_events
000554.SZ,000554.SZ_20180803_1,2018-08-03,2018-08-02,2018-08-03,0.01,,,,wind:wind_get_stock_events
000554.SZ,000554.SZ_20210727_1,2021-07-27,2021-07-26,2021-07-27,0.01,,,,wind:wind_get_stock_events
000554.SZ,000554.SZ_20230727_1,2023-07-27,2023-07-26,2023-07-27,0.015,,,,wind:wind_get_stock_events
000554.SZ,000554.SZ_20240626_1,2024-06-26,2024-06-25,2024-06-26,0.023,,,,wind:wind_get_stock_events
000554.SZ,000554.SZ_20240924_1,2024-09-24,2024-09-23,2024-09-24,0.02,,,,wind:wind_get_stock_events
000554.SZ,000554.SZ_20250625_1,2025-06-25,2025-06-24,2025-06-25,0.084,,,,wind:wind_get_stock_events
000554.SZ,000554.SZ_20251024_1,2025-10-24,2025-10-23,2025-10-24,0.062,,,,wind:wind_get_stock_events
000554.SZ,000554.SZ_20260807_1,2026-08-07,2026-08-06,2026-08-07,0.0856,,,,wind:wind_get_stock_events
000557.SZ,000557.SZ_20250711_1,2025-07-11,2025-07-10,2025-07-11,0.05,,,,wind:wind_get_stock_events
000557.SZ,000557.SZ_20260715_1,2026-07-15,2026-07-14,2026-07-15,0.02,,,,wind:wind_get_stock_events
000558.SZ,000558.SZ_20150601_1,2015-06-01,2015-05-29,2015-06-01,0.021,,,,wind:wind_get_stock_events
000558.SZ,000558.SZ_20170605_1,2017-06-05,2017-06-02,,,,0.5,2017-06-05,wind:wind_get_stock_events
000559.SZ,000559.SZ_20150429_1,2015-04-29,2015-04-28,2015-04-29,0.3,,0.2,2015-04-29,wind:wind_get_stock_events
000559.SZ,000559.SZ_20160504_1,2016-05-04,2016-05-03,2016-05-04,0.25,,,,wind:wind_get_stock_events
000559.SZ,000559.SZ_20170511_1,2017-05-11,2017-05-10,2017-05-11,0.1,0.2,,2017-05-11,wind:wind_get_stock_events
000559.SZ,000559.SZ_20180509_1,2018-05-09,2018-05-08,2018-05-09,0.2,,,,wind:wind_get_stock_events
000559.SZ,000559.SZ_20190517_1,2019-05-17,2019-05-16,2019-05-17,0.2,,,,wind:wind_get_stock_events
000559.SZ,000559.SZ_20200528_1,2020-05-28,2020-05-27,2020-05-28,0.06,,,,wind:wind_get_stock_events
000559.SZ,000559.SZ_20210708_1,2021-07-08,2021-07-07,2021-07-08,0.2,,,,wind:wind_get_stock_events
000559.SZ,000559.SZ_20220602_1,2022-06-02,2022-06-01,2022-06-02,0.18,,,,wind:wind_get_stock_events
000559.SZ,000559.SZ_20230516_1,2023-05-16,2023-05-15,2023-05-16,0.27,,,,wind:wind_get_stock_events
000559.SZ,000559.SZ_20240618_1,2024-06-18,2024-06-17,2024-06-18,0.15,,,,wind:wind_get_stock_events
000559.SZ,000559.SZ_20250610_1,2025-06-10,2025-06-09,2025-06-10,0.18,,,,wind:wind_get_stock_events
000559.SZ,000559.SZ_20260519_1,2026-05-19,2026-05-18,2026-05-19,0.2,,,,wind:wind_get_stock_events
000560.SZ,000560.SZ_20150619_1,2015-06-19,2015-06-18,2015-06-19,0.03,,,,wind:wind_get_stock_events
000560.SZ,000560.SZ_20150911_1,2015-09-11,2015-09-10,,,,1.5143,2015-09-11,wind:wind_get_stock_events
000560.SZ,000560.SZ_20160713_1,2016-07-13,2016-07-12,2016-07-13,0.005,,,,wind:wind_get_stock_events
000560.SZ,000560.SZ_20170727_1,2017-07-27,2017-07-26,2017-07-27,0.014,,,,wind:wind_get_stock_events
000560.SZ,000560.SZ_20180627_1,2018-06-27,2018-06-26,2018-06-27,0.01,,0.3,2018-06-27,wind:wind_get_stock_events
000560.SZ,000560.SZ_20190619_1,2019-06-19,2019-06-18,2019-06-19,0.07,,,,wind:wind_get_stock_events
000560.SZ,000560.SZ_20200807_1,2020-08-07,2020-08-06,2020-08-07,0.07,,,,wind:wind_get_stock_events
000560.SZ,000560.SZ_20210625_1,2021-06-25,2021-06-24,2021-06-25,0.013,,,,wind:wind_get_stock_events
000560.SZ,000560.SZ_20220707_1,2022-07-07,2022-07-06,2022-07-07,0.008,,,,wind:wind_get_stock_events
000560.SZ,000560.SZ_20250703_1,2025-07-03,2025-07-02,2025-07-03,0.0043,,,,wind:wind_get_stock_events
000561.SZ,000561.SZ_20241022_1,2024-10-22,2024-10-21,2024-10-22,0.01,,,,wind:wind_get_stock_events
000563.SZ,000563.SZ_20150625_1,2015-06-25,2015-06-24,2015-06-25,0.03,,,,wind:wind_get_stock_events
000563.SZ,000563.SZ_20160406_1,2016-04-06,2016-04-05,2016-04-06,0.03,,1,2016-04-06,wind:wind_get_stock_events
000563.SZ,000563.SZ_20170517_1,2017-05-17,2017-05-16,2017-05-17,0.02,,,,wind:wind_get_stock_events
000563.SZ,000563.SZ_20180523_1,2018-05-23,2018-05-22,2018-05-23,0.02,,,,wind:wind_get_stock_events
000563.SZ,000563.SZ_20190621_1,2019-06-21,2019-06-20,2019-06-21,0.02,,,,wind:wind_get_stock_events
000563.SZ,000563.SZ_20200619_1,2020-06-19,2020-06-18,2020-06-19,0.03,,,,wind:wind_get_stock_events
000563.SZ,000563.SZ_20210622_1,2021-06-22,2021-06-21,2021-06-22,0.03,,,,wind:wind_get_stock_events
000563.SZ,000563.SZ_20220531_1,2022-05-31,2022-05-30,2022-05-31,0.03,,,,wind:wind_get_stock_events
000563.SZ,000563.SZ_20230609_1,2023-06-09,2023-06-08,2023-06-09,0.03,,,,wind:wind_get_stock_events
000563.SZ,000563.SZ_20240528_1,2024-05-28,2024-05-27,2024-05-28,0.07,,,,wind:wind_get_stock_events
000563.SZ,000563.SZ_20241023_1,2024-10-23,2024-10-22,2024-10-23,0.01,,,,wind:wind_get_stock_events
000563.SZ,000563.SZ_20241213_1,2024-12-13,2024-12-12,2024-12-13,0.03,,,,wind:wind_get_stock_events
000563.SZ,000563.SZ_20250604_1,2025-06-04,2025-06-03,2025-06-04,0.05,,,,wind:wind_get_stock_events
000563.SZ,000563.SZ_20251022_1,2025-10-22,2025-10-21,2025-10-22,0.01,,,,wind:wind_get_stock_events
000563.SZ,000563.SZ_20251216_1,2025-12-16,2025-12-15,2025-12-16,0.02,,,,wind:wind_get_stock_events
000563.SZ,000563.SZ_20260428_1,2026-04-28,2026-04-27,2026-04-28,0.06,,,,wind:wind_get_stock_events
000565.SZ,000565.SZ_20150716_1,2015-07-16,2015-07-15,2015-07-16,0.05,,,,wind:wind_get_stock_events
000565.SZ,000565.SZ_20150831_1,2015-08-31,2015-08-28,2015-08-31,0.08,0.7,0.8,2015-08-31,wind:wind_get_stock_events
000565.SZ,000565.SZ_20160715_1,2016-07-15,2016-07-14,2016-07-15,0.01,,,,wind:wind_get_stock_events
000565.SZ,000565.SZ_20170428_1,2017-04-28,2017-04-27,2017-04-28,0.05,,,,wind:wind_get_stock_events
000565.SZ,000565.SZ_20180622_1,2018-06-22,2018-06-21,2018-06-22,0.02,,,,wind:wind_get_stock_events
000565.SZ,000565.SZ_20190530_1,2019-05-30,2019-05-29,2019-05-30,0.013,,,,wind:wind_get_stock_events
000565.SZ,000565.SZ_20200619_1,2020-06-19,2020-06-18,2020-06-19,0.015,,,,wind:wind_get_stock_events
000565.SZ,000565.SZ_20210525_1,2021-05-25,2021-05-24,2021-05-25,0.025,,,,wind:wind_get_stock_events
000565.SZ,000565.SZ_20220510_1,2022-05-10,2022-05-09,2022-05-10,0.025,,,,wind:wind_get_stock_events
000565.SZ,000565.SZ_20230607_1,2023-06-07,2023-06-06,2023-06-07,0.015,,,,wind:wind_get_stock_events
000565.SZ,000565.SZ_20240607_1,2024-06-07,2024-06-06,2024-06-07,0.015,,,,wind:wind_get_stock_events
000565.SZ,000565.SZ_20250704_1,2025-07-04,2025-07-03,2025-07-04,0.015,,,,wind:wind_get_stock_events
000565.SZ,000565.SZ_20260706_1,2026-07-06,2026-07-03,2026-07-06,0.015,,,,wind:wind_get_stock_events
000566.SZ,000566.SZ_20150629_1,2015-06-29,2015-06-26,2015-06-29,0.03,,,,wind:wind_get_stock_events
000566.SZ,000566.SZ_20160531_1,2016-05-31,2016-05-30,,,,1,2016-05-31,wind:wind_get_stock_events
000566.SZ,000566.SZ_20170707_1,2017-07-07,2017-07-06,2017-07-07,0.15,,,,wind:wind_get_stock_events
000566.SZ,000566.SZ_20180815_1,2018-08-15,2018-08-14,2018-08-15,0.1,,,,wind:wind_get_stock_events
000567.SZ,000567.SZ_20190613_1,2019-06-13,2019-06-12,2019-06-13,0.048,,0.45,2019-06-13,wind:wind_get_stock_events
000567.SZ,000567.SZ_20220530_1,2022-05-30,2022-05-27,2022-05-30,0.447,,0.45,2022-05-30,wind:wind_get_stock_events
000567.SZ,000567.SZ_20230614_1,2023-06-14,2023-06-13,2023-06-14,0.6145,,0.45,2023-06-14,wind:wind_get_stock_events
000567.SZ,000567.SZ_20240614_1,2024-06-14,2024-06-13,2024-06-14,0.425,,0.45,2024-06-14,wind:wind_get_stock_events
000568.SZ,000568.SZ_20150821_1,2015-08-21,2015-08-20,2015-08-21,0.8,,,,wind:wind_get_stock_events
000568.SZ,000568.SZ_20160812_1,2016-08-12,2016-08-11,2016-08-12,0.8,,,,wind:wind_get_stock_events
000568.SZ,000568.SZ_20170619_1,2017-06-19,2017-06-16,2017-06-19,0.96,,,,wind:wind_get_stock_events
000568.SZ,000568.SZ_20180716_1,2018-07-16,2018-07-13,2018-07-16,1.25,,,,wind:wind_get_stock_events
000568.SZ,000568.SZ_20190822_1,2019-08-22,2019-08-21,2019-08-22,1.55,,,,wind:wind_get_stock_events
000568.SZ,000568.SZ_20200824_1,2020-08-24,2020-08-21,2020-08-24,1.59,,,,wind:wind_get_stock_events
000568.SZ,000568.SZ_20210820_1,2021-08-20,2021-08-19,2021-08-20,2.051,,,,wind:wind_get_stock_events
000568.SZ,000568.SZ_20220826_1,2022-08-26,2022-08-25,2022-08-26,3.244,,,,wind:wind_get_stock_events
000568.SZ,000568.SZ_20230828_1,2023-08-28,2023-08-25,2023-08-28,4.225,,,,wind:wind_get_stock_events
000568.SZ,000568.SZ_20240823_1,2024-08-23,2024-08-22,2024-08-23,5.4001,,,,wind:wind_get_stock_events
000568.SZ,000568.SZ_20250124_1,2025-01-24,2025-01-23,2025-01-24,1.358,,,,wind:wind_get_stock_events
000568.SZ,000568.SZ_20250808_1,2025-08-08,2025-08-07,2025-08-08,4.592,,,,wind:wind_get_stock_events
000568.SZ,000568.SZ_20260130_1,2026-01-30,2026-01-29,2026-01-30,1.358,,,,wind:wind_get_stock_events
000568.SZ,000568.SZ_20260828_1,2026-08-28,2026-08-27,2026-08-28,4.4171,,,,wind:wind_get_stock_events
000570.SZ,000570.SZ_20150625_1,2015-06-25,2015-06-24,2015-06-25,0.02,,,,wind:wind_get_stock_events
000570.SZ,000570.SZ_20160623_1,2016-06-23,2016-06-22,2016-06-23,0.023,,,,wind:wind_get_stock_events
000570.SZ,000570.SZ_20170623_1,2017-06-23,2017-06-22,2017-06-23,0.03,,,,wind:wind_get_stock_events
000570.SZ,000570.SZ_20180615_1,2018-06-15,2018-06-14,2018-06-15,0.03,,,,wind:wind_get_stock_events
000570.SZ,000570.SZ_20190619_1,2019-06-19,2019-06-18,2019-06-19,0.025,,,,wind:wind_get_stock_events
000570.SZ,000570.SZ_20220615_1,2022-06-15,2022-06-14,2022-06-15,0.026,,,,wind:wind_get_stock_events
000570.SZ,000570.SZ_20230629_1,2023-06-29,2023-06-28,2023-06-29,0.01,,,,wind:wind_get_stock_events
000570.SZ,000570.SZ_20240522_1,2024-05-22,2024-05-21,2024-05-22,0.047,,,,wind:wind_get_stock_events
000570.SZ,000570.SZ_20250521_1,2025-05-21,2025-05-20,2025-05-21,0.01,,,,wind:wind_get_stock_events
000570.SZ,000570.SZ_20260520_1,2026-05-20,2026-05-19,2026-05-20,0.022,,,,wind:wind_get_stock_events
000571.SZ,000571.SZ_20160721_1,2016-07-21,2016-07-20,2016-07-21,0.03,,,,wind:wind_get_stock_events
000571.SZ,000571.SZ_20170821_1,2017-08-21,2017-08-18,2017-08-21,0.03,,,,wind:wind_get_stock_events
000581.SZ,000581.SZ_20150626_1,2015-06-26,2015-06-25,2015-06-26,0.4,,,,wind:wind_get_stock_events
000581.SZ,000581.SZ_20160714_1,2016-07-14,2016-07-13,2016-07-14,0.5,,,,wind:wind_get_stock_events
000581.SZ,000581.SZ_20170705_1,2017-07-05,2017-07-04,2017-07-05,0.6,,,,wind:wind_get_stock_events
000581.SZ,000581.SZ_20180718_1,2018-07-18,2018-07-17,2018-07-18,1.2,,,,wind:wind_get_stock_events
000581.SZ,000581.SZ_20190626_1,2019-06-26,2019-06-25,2019-06-26,1.2,,,,wind:wind_get_stock_events
000581.SZ,000581.SZ_20200624_1,2020-06-24,2020-06-23,2020-06-24,1.1,,,,wind:wind_get_stock_events
000581.SZ,000581.SZ_20210609_1,2021-06-09,2021-06-08,2021-06-09,1.5,,,,wind:wind_get_stock_events
000581.SZ,000581.SZ_20220610_1,2022-06-10,2022-06-09,2022-06-10,1.6,,,,wind:wind_get_stock_events
000581.SZ,000581.SZ_20230630_1,2023-06-30,2023-06-29,2023-06-30,0.1,,,,wind:wind_get_stock_events
000581.SZ,000581.SZ_20240620_1,2024-06-20,2024-06-19,2024-06-20,1,,,,wind:wind_get_stock_events
000581.SZ,000581.SZ_20241015_1,2024-10-15,2024-10-14,2024-10-15,0.22,,,,wind:wind_get_stock_events
000581.SZ,000581.SZ_20250618_1,2025-06-18,2025-06-17,2025-06-18,0.9,,,,wind:wind_get_stock_events
000581.SZ,000581.SZ_20251015_1,2025-10-15,2025-10-14,2025-10-15,0.1,,,,wind:wind_get_stock_events
000581.SZ,000581.SZ_20260715_1,2026-07-15,2026-07-14,2026-07-15,0.7,,,,wind:wind_get_stock_events
000582.SZ,000582.SZ_20150511_1,2015-05-11,2015-05-08,2015-05-11,0.072,,,,wind:wind_get_stock_events
000582.SZ,000582.SZ_20160606_1,2016-06-06,2016-06-03,2016-06-06,0.062,,,,wind:wind_get_stock_events
000582.SZ,000582.SZ_20170522_1,2017-05-22,2017-05-19,2017-05-22,0.139,,0.3,2017-05-22,wind:wind_get_stock_events
000582.SZ,000582.SZ_20180504_1,2018-05-04,2018-05-03,2018-05-04,0.115,,,,wind:wind_get_stock_events
000582.SZ,000582.SZ_20190610_1,2019-06-10,2019-06-06,2019-06-10,0.1142,,,,wind:wind_get_stock_events
000582.SZ,000582.SZ_20200616_1,2020-06-16,2020-06-15,2020-06-16,0.177,,,,wind:wind_get_stock_events
000582.SZ,000582.SZ_20210601_1,2021-06-01,2021-05-31,2021-06-01,0.1861,,,,wind:wind_get_stock_events
000582.SZ,000582.SZ_20220520_1,2022-05-20,2022-05-19,2022-05-20,0.184,,,,wind:wind_get_stock_events
000582.SZ,000582.SZ_20230517_1,2023-05-17,2023-05-16,2023-05-17,0.173,,,,wind:wind_get_stock_events
000582.SZ,000582.SZ_20240606_1,2024-06-06,2024-06-05,2024-06-06,0.1953,,,,wind:wind_get_stock_events
000582.SZ,000582.SZ_20241122_1,2024-11-22,2024-11-21,2024-11-22,0.151,,,,wind:wind_get_stock_events
000582.SZ,000582.SZ_20250528_1,2025-05-28,2025-05-27,2025-05-28,0.047,,,,wind:wind_get_stock_events
000582.SZ,000582.SZ_20251022_1,2025-10-22,2025-10-21,2025-10-22,0.081,,,,wind:wind_get_stock_events
000582.SZ,000582.SZ_20260527_1,2026-05-27,2026-05-26,2026-05-27,0.08,,,,wind:wind_get_stock_events
000589.SZ,000589.SZ_20150915_1,2015-09-15,2015-09-14,2015-09-15,0.04,,,,wind:wind_get_stock_events
000589.SZ,000589.SZ_20200709_1,2020-07-09,2020-07-08,2020-07-09,0.04,,,,wind:wind_get_stock_events
000589.SZ,000589.SZ_20210611_1,2021-06-11,2021-06-10,2021-06-11,0.15,,,,wind:wind_get_stock_events
000589.SZ,000589.SZ_20220412_1,2022-04-12,2022-04-11,2022-04-12,0.1,,0.2,2022-04-12,wind:wind_get_stock_events
000589.SZ,000589.SZ_20230608_1,2023-06-08,2023-06-07,2023-06-08,0.2,,,,wind:wind_get_stock_events
000589.SZ,000589.SZ_20240529_1,2024-05-29,2024-05-28,2024-05-29,0.2,,,,wind:wind_get_stock_events
000589.SZ,000589.SZ_20250707_1,2025-07-07,2025-07-04,2025-07-07,0.13,,,,wind:wind_get_stock_events
000589.SZ,000589.SZ_20251205_1,2025-12-05,2025-12-04,2025-12-05,0.04,,,,wind:wind_get_stock_events
000589.SZ,000589.SZ_20260615_1,2026-06-15,2026-06-12,2026-06-15,0.09,,,,wind:wind_get_stock_events
000591.SZ,000591.SZ_20170605_1,2017-06-05,2017-06-02,2017-06-05,0.052,0.2,1,2017-06-05,wind:wind_get_stock_events
000591.SZ,000591.SZ_20180606_1,2018-06-06,2018-06-05,2018-06-06,0.073,,,,wind:wind_get_stock_events
000591.SZ,000591.SZ_20190618_1,2019-06-18,2019-06-17,2019-06-18,0.104,,,,wind:wind_get_stock_events
000591.SZ,000591.SZ_20200706_1,2020-07-06,2020-07-03,2020-07-06,0.11,,,,wind:wind_get_stock_events
000591.SZ,000591.SZ_20210721_1,2021-07-21,2021-07-20,2021-07-21,0.124,,,,wind:wind_get_stock_events
000591.SZ,000591.SZ_20221026_1,2022-10-26,2022-10-25,2022-10-26,0.109,,,,wind:wind_get_stock_events
000591.SZ,000591.SZ_20230628_1,2023-06-28,2023-06-27,2023-06-28,0.128,,,,wind:wind_get_stock_events
000591.SZ,000591.SZ_20240705_1,2024-07-05,2024-07-04,2024-07-05,0.1458,,,,wind:wind_get_stock_events
000591.SZ,000591.SZ_20250106_1,2025-01-06,2025-01-03,2025-01-06,0.0569,,,,wind:wind_get_stock_events
000591.SZ,000591.SZ_20250711_1,2025-07-11,2025-07-10,2025-07-11,0.056,,,,wind:wind_get_stock_events
000591.SZ,000591.SZ_20260108_1,2026-01-08,2026-01-07,2026-01-08,0.0631,,,,wind:wind_get_stock_events
000591.SZ,000591.SZ_20260708_1,2026-07-08,2026-07-07,2026-07-08,0.013,,,,wind:wind_get_stock_events
000592.SZ,000592.SZ_20160613_1,2016-06-13,2016-06-08,,,,1,2016-06-13,wind:wind_get_stock_events
000595.SZ,000595.SZ_20161220_1,2016-12-20,2016-12-19,,,,1,2016-12-20,wind:wind_get_stock_events
000596.SZ,000596.SZ_20150713_1,2015-07-13,2015-07-10,2015-07-13,0.2,,,,wind:wind_get_stock_events
000596.SZ,000596.SZ_20160627_1,2016-06-27,2016-06-24,2016-06-27,0.1,,,,wind:wind_get_stock_events
000596.SZ,000596.SZ_20170629_1,2017-06-29,2017-06-28,2017-06-29,0.6,,,,wind:wind_get_stock_events
000596.SZ,000596.SZ_20180607_1,2018-06-07,2018-06-06,2018-06-07,1,,,,wind:wind_get_stock_events
000596.SZ,000596.SZ_20190621_1,2019-06-21,2019-06-20,2019-06-21,1.5,,,,wind:wind_get_stock_events
000596.SZ,000596.SZ_20200709_1,2020-07-09,2020-07-08,2020-07-09,1.5,,,,wind:wind_get_stock_events
000596.SZ,000596.SZ_20210609_1,2021-06-09,2021-06-08,2021-06-09,1.5,,,,wind:wind_get_stock_events
000596.SZ,000596.SZ_20220613_1,2022-06-13,2022-06-10,2022-06-13,2.2,,,,wind:wind_get_stock_events
000596.SZ,000596.SZ_20230713_1,2023-07-13,2023-07-12,2023-07-13,3,,,,wind:wind_get_stock_events
000596.SZ,000596.SZ_20240620_1,2024-06-20,2024-06-19,2024-06-20,4.5,,,,wind:wind_get_stock_events
000596.SZ,000596.SZ_20250124_1,2025-01-24,2025-01-23,2025-01-24,1,,,,wind:wind_get_stock_events
000596.SZ,000596.SZ_20250626_1,2025-06-26,2025-06-25,2025-06-26,5,,,,wind:wind_get_stock_events
000596.SZ,000596.SZ_20260210_1,2026-02-10,2026-02-09,2026-02-10,1,,,,wind:wind_get_stock_events
000596.SZ,000596.SZ_20260717_1,2026-07-17,2026-07-16,2026-07-17,3.4,,,,wind:wind_get_stock_events
000598.SZ,000598.SZ_20150515_1,2015-05-15,2015-05-14,2015-05-15,0.025,,,,wind:wind_get_stock_events
000598.SZ,000598.SZ_20160415_1,2016-04-15,2016-04-14,2016-04-15,0.0415,,,,wind:wind_get_stock_events
000598.SZ,000598.SZ_20170517_1,2017-05-17,2017-05-16,2017-05-17,0.0585,,,,wind:wind_get_stock_events
000598.SZ,000598.SZ_20180629_1,2018-06-29,2018-06-28,2018-06-29,0.078,,,,wind:wind_get_stock_events
000598.SZ,000598.SZ_20190517_1,2019-05-17,2019-05-16,2019-05-17,0.066,,,,wind:wind_get_stock_events
000598.SZ,000598.SZ_20200616_1,2020-06-16,2020-06-15,2020-06-16,0.09,,,,wind:wind_get_stock_events
000598.SZ,000598.SZ_20210706_1,2021-07-06,2021-07-05,2021-07-06,0.1,,,,wind:wind_get_stock_events
000598.SZ,000598.SZ_20220711_1,2022-07-11,2022-07-08,2022-07-11,0.102,,,,wind:wind_get_stock_events
000598.SZ,000598.SZ_20230628_1,2023-06-28,2023-06-27,2023-06-28,0.112,,,,wind:wind_get_stock_events
000598.SZ,000598.SZ_20240626_1,2024-06-26,2024-06-25,2024-06-26,0.17,,,,wind:wind_get_stock_events
000598.SZ,000598.SZ_20250619_1,2025-06-19,2025-06-18,2025-06-19,0.187,,,,wind:wind_get_stock_events
000598.SZ,000598.SZ_20260714_1,2026-07-14,2026-07-13,2026-07-14,0.2352,,,,wind:wind_get_stock_events
000599.SZ,000599.SZ_20150813_1,2015-08-13,2015-08-12,2015-08-13,0.01,,,,wind:wind_get_stock_events
000599.SZ,000599.SZ_20160630_1,2016-06-30,2016-06-29,2016-06-30,0.01,,,,wind:wind_get_stock_events
000599.SZ,000599.SZ_20170816_1,2017-08-16,2017-08-15,2017-08-16,0.02,,,,wind:wind_get_stock_events
000599.SZ,000599.SZ_20180820_1,2018-08-20,2018-08-17,2018-08-20,0.02,,,,wind:wind_get_stock_events
000599.SZ,000599.SZ_20190813_1,2019-08-13,2019-08-12,2019-08-13,0.0101,,,,wind:wind_get_stock_events
000599.SZ,000599.SZ_20200715_1,2020-07-15,2020-07-14,2020-07-15,0.0101,,,,wind:wind_get_stock_events
000599.SZ,000599.SZ_20210624_1,2021-06-24,2021-06-23,2021-06-24,0.0101,,,,wind:wind_get_stock_events
000599.SZ,000599.SZ_20220715_1,2022-07-15,2022-07-14,2022-07-15,0.01,,,,wind:wind_get_stock_events
000600.SZ,000600.SZ_20150619_1,2015-06-19,2015-06-18,2015-06-19,0.25,,,,wind:wind_get_stock_events
000600.SZ,000600.SZ_20160512_1,2016-05-12,2016-05-11,2016-05-12,0.45,,,,wind:wind_get_stock_events
000600.SZ,000600.SZ_20170526_1,2017-05-26,2017-05-25,2017-05-26,0.4,,,,wind:wind_get_stock_events
000600.SZ,000600.SZ_20180516_1,2018-05-16,2018-05-15,2018-05-16,0.08,,,,wind:wind_get_stock_events
000600.SZ,000600.SZ_20190605_1,2019-06-05,2019-06-04,2019-06-05,0.1,,,,wind:wind_get_stock_events
000600.SZ,000600.SZ_20200515_1,2020-05-15,2020-05-14,2020-05-15,0.12,,,,wind:wind_get_stock_events
000600.SZ,000600.SZ_20210521_1,2021-05-21,2021-05-20,2021-05-21,0.17,,,,wind:wind_get_stock_events
000600.SZ,000600.SZ_20230629_1,2023-06-29,2023-06-28,2023-06-29,0.03,,,,wind:wind_get_stock_events
000600.SZ,000600.SZ_20240626_1,2024-06-26,2024-06-25,2024-06-26,0.08,,,,wind:wind_get_stock_events
000600.SZ,000600.SZ_20250618_1,2025-06-18,2025-06-17,2025-06-18,0.13,,,,wind:wind_get_stock_events
000600.SZ,000600.SZ_20260107_1,2026-01-07,2026-01-06,2026-01-07,0.1,,,,wind:wind_get_stock_events
000600.SZ,000600.SZ_20260603_1,2026-06-03,2026-06-02,2026-06-03,0.22,,,,wind:wind_get_stock_events
000601.SZ,000601.SZ_20150807_1,2015-08-07,2015-08-06,2015-08-07,0.1,,,,wind:wind_get_stock_events
000601.SZ,000601.SZ_20160715_1,2016-07-15,2016-07-14,2016-07-15,0.15,,,,wind:wind_get_stock_events
000601.SZ,000601.SZ_20170720_1,2017-07-20,2017-07-19,2017-07-20,0.2,,,,wind:wind_get_stock_events
000601.SZ,000601.SZ_20180817_1,2018-08-17,2018-08-16,2018-08-17,0.22,,,,wind:wind_get_stock_events
000601.SZ,000601.SZ_20190809_1,2019-08-09,2019-08-08,2019-08-09,0.15,,,,wind:wind_get_stock_events
000601.SZ,000601.SZ_20200828_1,2020-08-28,2020-08-27,2020-08-28,0.25,,,,wind:wind_get_stock_events
000601.SZ,000601.SZ_20210827_1,2021-08-27,2021-08-26,2021-08-27,0.05,,,,wind:wind_get_stock_events
000601.SZ,000601.SZ_20220829_1,2022-08-29,2022-08-26,2022-08-29,0.05,,,,wind:wind_get_stock_events
000601.SZ,000601.SZ_20250313_1,2025-03-13,2025-03-12,2025-03-13,0.2,,,,wind:wind_get_stock_events
000601.SZ,000601.SZ_20260821_1,2026-08-21,2026-08-20,2026-08-21,0.05,,,,wind:wind_get_stock_events
000605.SZ,000605.SZ_20180711_1,2018-07-11,2018-07-10,2018-07-11,0.05,,0.4,2018-07-11,wind:wind_get_stock_events
000605.SZ,000605.SZ_20190718_1,2019-07-18,2019-07-17,2019-07-18,0.02,,,,wind:wind_get_stock_events
000605.SZ,000605.SZ_20200616_1,2020-06-16,2020-06-15,2020-06-16,0.02,,,,wind:wind_get_stock_events
000605.SZ,000605.SZ_20210716_1,2021-07-16,2021-07-15,2021-07-16,0.02,,,,wind:wind_get_stock_events
000605.SZ,000605.SZ_20220714_1,2022-07-14,2022-07-13,2022-07-14,0.02,,,,wind:wind_get_stock_events
000605.SZ,000605.SZ_20230705_1,2023-07-05,2023-07-04,2023-07-05,0.02,,,,wind:wind_get_stock_events
000605.SZ,000605.SZ_20240709_1,2024-07-09,2024-07-08,2024-07-09,0.02,,,,wind:wind_get_stock_events
000605.SZ,000605.SZ_20250625_1,2025-06-25,2025-06-24,2025-06-25,0.02,,,,wind:wind_get_stock_events
000605.SZ,000605.SZ_20260629_1,2026-06-29,2026-06-26,2026-06-29,0.012,,,,wind:wind_get_stock_events
000609.SZ,000609.SZ_20170920_1,2017-09-20,2017-09-19,2017-09-20,0.1,,,,wind:wind_get_stock_events
000612.SZ,000612.SZ_20160926_1,2016-09-26,2016-09-23,2016-09-26,0.2522,,,,wind:wind_get_stock_events
000612.SZ,000612.SZ_20180614_1,2018-06-14,2018-06-13,2018-06-14,0.05,,,,wind:wind_get_stock_events
000612.SZ,000612.SZ_20200527_1,2020-05-27,2020-05-26,2020-05-27,0.01,,,,wind:wind_get_stock_events
000612.SZ,000612.SZ_20210421_1,2021-04-21,2021-04-20,2021-04-21,0.05,,,,wind:wind_get_stock_events
000612.SZ,000612.SZ_20220628_1,2022-06-28,2022-06-27,2022-06-28,0.09,,,,wind:wind_get_stock_events
000612.SZ,000612.SZ_20230627_1,2023-06-27,2023-06-26,2023-06-27,0.07,,,,wind:wind_get_stock_events
000612.SZ,000612.SZ_20240619_1,2024-06-19,2024-06-18,2024-06-19,0.14,,,,wind:wind_get_stock_events
000612.SZ,000612.SZ_20250527_1,2025-05-27,2025-05-26,2025-05-27,0.13,,,,wind:wind_get_stock_events
000612.SZ,000612.SZ_20260526_1,2026-05-26,2026-05-25,2026-05-26,0.325,,,,wind:wind_get_stock_events
000617.SZ,000617.SZ_20180703_1,2018-07-03,2018-07-02,2018-07-03,0.228,,,,wind:wind_get_stock_events
000617.SZ,000617.SZ_20190703_1,2019-07-03,2019-07-02,2019-07-03,0.241,,,,wind:wind_get_stock_events
000617.SZ,000617.SZ_20200709_1,2020-07-09,2020-07-08,2020-07-09,0.259,,0.4,2020-07-09,wind:wind_get_stock_events
000617.SZ,000617.SZ_20210706_1,2021-07-06,2021-07-05,2021-07-06,0.187,,,,wind:wind_get_stock_events
000617.SZ,000617.SZ_20220707_1,2022-07-07,2022-07-06,2022-07-07,0.132,,,,wind:wind_get_stock_events
000617.SZ,000617.SZ_20230711_1,2023-07-11,2023-07-10,2023-07-11,0.117,,,,wind:wind_get_stock_events
000617.SZ,000617.SZ_20240711_1,2024-07-11,2024-07-10,2024-07-11,0.117,,,,wind:wind_get_stock_events
000617.SZ,000617.SZ_20250108_1,2025-01-08,2025-01-07,2025-01-08,0.06,,,,wind:wind_get_stock_events
000617.SZ,000617.SZ_20250703_1,2025-07-03,2025-07-02,2025-07-03,0.057,,,,wind:wind_get_stock_events
000617.SZ,000617.SZ_20260107_1,2026-01-07,2026-01-06,2026-01-07,0.055,,,,wind:wind_get_stock_events
000617.SZ,000617.SZ_20260624_1,2026-06-24,2026-06-23,2026-06-24,0.047,,,,wind:wind_get_stock_events
000619.SZ,000619.SZ_20150615_1,2015-06-15,2015-06-12,2015-06-15,0.1,,,,wind:wind_get_stock_events
000619.SZ,000619.SZ_20160617_1,2016-06-17,2016-06-16,2016-06-17,0.1,,,,wind:wind_get_stock_events
000619.SZ,000619.SZ_20170620_1,2017-06-20,2017-06-19,2017-06-20,0.1,,,,wind:wind_get_stock_events
000619.SZ,000619.SZ_20200617_1,2020-06-17,2020-06-16,2020-06-17,0.03,,,,wind:wind_get_stock_events
000619.SZ,000619.SZ_20210611_1,2021-06-11,2021-06-10,2021-06-11,0.05,,,,wind:wind_get_stock_events
000623.SZ,000623.SZ_20150617_1,2015-06-17,2015-06-16,2015-06-17,0.2,,,,wind:wind_get_stock_events
000623.SZ,000623.SZ_20160616_1,2016-06-16,2016-06-15,2016-06-16,0.3,,,,wind:wind_get_stock_events
000623.SZ,000623.SZ_20170619_1,2017-06-19,2017-06-16,2017-06-19,0.3,0.3,,2017-06-19,wind:wind_get_stock_events
000623.SZ,000623.SZ_20180622_1,2018-06-22,2018-06-21,2018-06-22,0.3,,,,wind:wind_get_stock_events
000623.SZ,000623.SZ_20190619_1,2019-06-19,2019-06-18,2019-06-19,0.2,,,,wind:wind_get_stock_events
000623.SZ,000623.SZ_20200713_1,2020-07-13,2020-07-10,2020-07-13,0.2,,,,wind:wind_get_stock_events
000623.SZ,000623.SZ_20210709_1,2021-07-09,2021-07-08,2021-07-09,0.2,,,,wind:wind_get_stock_events
000623.SZ,000623.SZ_20220616_1,2022-06-16,2022-06-15,2022-06-16,0.3,,,,wind:wind_get_stock_events
000623.SZ,000623.SZ_20230707_1,2023-07-07,2023-07-06,2023-07-07,0.3,,,,wind:wind_get_stock_events
000623.SZ,000623.SZ_20240709_1,2024-07-09,2024-07-08,2024-07-09,0.6,,,,wind:wind_get_stock_events
000623.SZ,000623.SZ_20241108_1,2024-11-08,2024-11-07,2024-11-08,0.2,,,,wind:wind_get_stock_events
000623.SZ,000623.SZ_20250709_1,2025-07-09,2025-07-08,2025-07-09,0.3,,,,wind:wind_get_stock_events
000623.SZ,000623.SZ_20251022_1,2025-10-22,2025-10-21,2025-10-22,0.2,,,,wind:wind_get_stock_events
000623.SZ,000623.SZ_20260708_1,2026-07-08,2026-07-07,2026-07-08,0.3,,,,wind:wind_get_stock_events
000625.SZ,000625.SZ_20150626_1,2015-06-26,2015-06-25,2015-06-26,0.25,,,,wind:wind_get_stock_events
000625.SZ,000625.SZ_20160628_1,2016-06-28,2016-06-27,2016-06-28,0.64,,,,wind:wind_get_stock_events
000625.SZ,000625.SZ_20170607_1,2017-06-07,2017-06-06,2017-06-07,0.642,,,,wind:wind_get_stock_events
000625.SZ,000625.SZ_20180706_1,2018-07-06,2018-07-05,2018-07-06,0.446,,,,wind:wind_get_stock_events
000625.SZ,000625.SZ_20190726_1,2019-07-26,2019-07-25,2019-07-26,0.018,,,,wind:wind_get_stock_events
000625.SZ,000625.SZ_20210701_1,2021-07-01,2021-06-30,2021-07-01,0.306,,0.4,2021-07-01,wind:wind_get_stock_events
000625.SZ,000625.SZ_20220627_1,2022-06-27,2022-06-24,2022-06-27,0.233,,0.3,2022-06-27,wind:wind_get_stock_events
000625.SZ,000625.SZ_20230712_1,2023-07-12,2023-07-11,2023-07-12,0.236,,,,wind:wind_get_stock_events
000625.SZ,000625.SZ_20240524_1,2024-05-24,2024-05-23,2024-05-24,0.343,,,,wind:wind_get_stock_events
000625.SZ,000625.SZ_20250723_1,2025-07-23,2025-07-22,2025-07-23,0.295,,,,wind:wind_get_stock_events
000625.SZ,000625.SZ_20251128_1,2025-11-28,2025-11-27,2025-11-28,0.05,,,,wind:wind_get_stock_events
000625.SZ,000625.SZ_20260716_1,2026-07-16,2026-07-15,2026-07-16,0.1168,,,,wind:wind_get_stock_events
000626.SZ,000626.SZ_20161021_1,2016-10-21,2016-10-20,2016-10-21,0.333,,1,2016-10-21,wind:wind_get_stock_events
000626.SZ,000626.SZ_20171018_1,2017-10-18,2017-10-17,2017-10-18,0.16,,,,wind:wind_get_stock_events
000626.SZ,000626.SZ_20260917_1,2026-09-17,2026-09-16,2026-09-17,0.22,,,,wind:wind_get_stock_events
000628.SZ,000628.SZ_20210708_1,2021-07-08,2021-07-07,2021-07-08,0.117,,,,wind:wind_get_stock_events
000628.SZ,000628.SZ_20220721_1,2022-07-21,2022-07-20,2022-07-21,0.03,,,,wind:wind_get_stock_events
000628.SZ,000628.SZ_20230606_1,2023-06-06,2023-06-05,2023-06-06,0.025,,,,wind:wind_get_stock_events
000628.SZ,000628.SZ_20240823_1,2024-08-23,2024-08-22,2024-08-23,0.152,,,,wind:wind_get_stock_events
000628.SZ,000628.SZ_20250731_1,2025-07-31,2025-07-30,2025-07-31,0.055,,,,wind:wind_get_stock_events
000628.SZ,000628.SZ_20260724_1,2026-07-24,2026-07-23,2026-07-24,0.1,,,,wind:wind_get_stock_events
000631.SZ,000631.SZ_20150430_1,2015-04-30,2015-04-29,2015-04-30,0.1,0.4,,2015-04-30,wind:wind_get_stock_events
000631.SZ,000631.SZ_20160510_1,2016-05-10,2016-05-09,2016-05-10,0.1,0.38,0.1,2016-05-10,wind:wind_get_stock_events
000631.SZ,000631.SZ_20170428_1,2017-04-28,2017-04-27,2017-04-28,0.1,,,,wind:wind_get_stock_events
000631.SZ,000631.SZ_20180511_1,2018-05-11,2018-05-10,2018-05-11,0.31,,,,wind:wind_get_stock_events
000631.SZ,000631.SZ_20190430_1,2019-04-30,2019-04-29,2019-04-30,0.2,,,,wind:wind_get_stock_events
000631.SZ,000631.SZ_20200427_1,2020-04-27,2020-04-24,2020-04-27,0.019,,,,wind:wind_get_stock_events
000631.SZ,000631.SZ_20230517_1,2023-05-17,2023-05-16,2023-05-17,0.275,,,,wind:wind_get_stock_events
000631.SZ,000631.SZ_20240705_1,2024-07-05,2024-07-04,2024-07-05,0.1,,,,wind:wind_get_stock_events
000631.SZ,000631.SZ_20260527_1,2026-05-27,2026-05-26,2026-05-27,0.015,,,,wind:wind_get_stock_events
000635.SZ,000635.SZ_20150611_1,2015-06-11,2015-06-10,2015-06-11,0.02,,,,wind:wind_get_stock_events
000635.SZ,000635.SZ_20160617_1,2016-06-17,2016-06-16,2016-06-17,0.03,,,,wind:wind_get_stock_events
000635.SZ,000635.SZ_20181016_1,2018-10-16,2018-10-15,2018-10-16,1.2,,,,wind:wind_get_stock_events
000635.SZ,000635.SZ_20190523_1,2019-05-23,2019-05-22,2019-05-23,0.08,,,,wind:wind_get_stock_events
000635.SZ,000635.SZ_20200520_1,2020-05-20,2020-05-19,2020-05-20,0.15,,,,wind:wind_get_stock_events
000635.SZ,000635.SZ_20210623_1,2021-06-23,2021-06-22,2021-06-23,0.14,,,,wind:wind_get_stock_events
000636.SZ,000636.SZ_20150713_1,2015-07-13,2015-07-10,2015-07-13,0.02,,,,wind:wind_get_stock_events
000636.SZ,000636.SZ_20160613_1,2016-06-13,2016-06-08,2016-06-13,0.03,,,,wind:wind_get_stock_events
000636.SZ,000636.SZ_20170526_1,2017-05-26,2017-05-25,2017-05-26,0.02,,,,wind:wind_get_stock_events
000636.SZ,000636.SZ_20180608_1,2018-06-08,2018-06-07,2018-06-08,0.07,,,,wind:wind_get_stock_events
000636.SZ,000636.SZ_20190521_1,2019-05-21,2019-05-20,2019-05-21,0.3,,,,wind:wind_get_stock_events
000636.SZ,000636.SZ_20210625_1,2021-06-25,2021-06-24,2021-06-25,0.05,,,,wind:wind_get_stock_events
000636.SZ,000636.SZ_20220720_1,2022-07-20,2022-07-19,2022-07-20,0.116,,,,wind:wind_get_stock_events
000636.SZ,000636.SZ_20221118_1,2022-11-18,2022-11-17,2022-11-18,0.1144,,,,wind:wind_get_stock_events
000636.SZ,000636.SZ_20230621_1,2023-06-21,2023-06-20,2023-06-21,0.1,,,,wind:wind_get_stock_events
000636.SZ,000636.SZ_20240705_1,2024-07-05,2024-07-04,2024-07-05,0.05,,,,wind:wind_get_stock_events
000636.SZ,000636.SZ_20250711_1,2025-07-11,2025-07-10,2025-07-11,0.15,,,,wind:wind_get_stock_events
000636.SZ,000636.SZ_20260710_1,2026-07-10,2026-07-09,2026-07-10,0.1,,,,wind:wind_get_stock_events
000637.SZ,000637.SZ_20150626_1,2015-06-26,2015-06-25,2015-06-26,0.09,,,,wind:wind_get_stock_events
000637.SZ,000637.SZ_20160623_1,2016-06-23,2016-06-22,2016-06-23,0.13,,,,wind:wind_get_stock_events
000637.SZ,000637.SZ_20170612_1,2017-06-12,2017-06-09,2017-06-12,0.1,,,,wind:wind_get_stock_events
000637.SZ,000637.SZ_20180706_1,2018-07-06,2018-07-05,2018-07-06,0.15,,,,wind:wind_get_stock_events
000637.SZ,000637.SZ_20190710_1,2019-07-10,2019-07-09,2019-07-10,0.06,,,,wind:wind_get_stock_events
000637.SZ,000637.SZ_20200710_1,2020-07-10,2020-07-09,2020-07-10,0.1,,,,wind:wind_get_stock_events
000637.SZ,000637.SZ_20230721_1,2023-07-21,2023-07-20,2023-07-21,0.03,,,,wind:wind_get_stock_events
000651.SZ,000651.SZ_20150703_1,2015-07-03,2015-07-02,2015-07-03,3,,1,2015-07-03,wind:wind_get_stock_events
000651.SZ,000651.SZ_20160707_1,2016-07-07,2016-07-06,2016-07-07,1.5,,,,wind:wind_get_stock_events
000651.SZ,000651.SZ_20170705_1,2017-07-05,2017-07-04,2017-07-05,1.8,,,,wind:wind_get_stock_events
000651.SZ,000651.SZ_20190225_1,2019-02-25,2019-02-22,2019-02-25,0.6,,,,wind:wind_get_stock_events
000651.SZ,000651.SZ_20190806_1,2019-08-06,2019-08-05,2019-08-06,1.5,,,,wind:wind_get_stock_events
000651.SZ,000651.SZ_20200611_1,2020-06-11,2020-06-10,2020-06-11,1.2,,,,wind:wind_get_stock_events
000651.SZ,000651.SZ_20201112_1,2020-11-12,2020-11-11,2020-11-12,1,,,,wind:wind_get_stock_events
000651.SZ,000651.SZ_20210823_1,2021-08-23,2021-08-20,2021-08-23,3,,,,wind:wind_get_stock_events
000651.SZ,000651.SZ_20220408_1,2022-04-08,2022-04-07,2022-04-08,1,,,,wind:wind_get_stock_events
000651.SZ,000651.SZ_20220805_1,2022-08-05,2022-08-04,2022-08-05,2,,,,wind:wind_get_stock_events
000651.SZ,000651.SZ_20230227_1,2023-02-27,2023-02-24,2023-02-27,1,,,,wind:wind_get_stock_events
000651.SZ,000651.SZ_20230809_1,2023-08-09,2023-08-08,2023-08-09,1,,,,wind:wind_get_stock_events
000651.SZ,000651.SZ_20240828_1,2024-08-28,2024-08-27,2024-08-28,2.38,,,,wind:wind_get_stock_events
000651.SZ,000651.SZ_20250515_1,2025-05-15,2025-05-14,2025-05-15,1,,,,wind:wind_get_stock_events
000651.SZ,000651.SZ_20250829_1,2025-08-29,2025-08-28,2025-08-29,2,,,,wind:wind_get_stock_events
000651.SZ,000651.SZ_20260123_1,2026-01-23,2026-01-22,2026-01-23,1,,,,wind:wind_get_stock_events
000651.SZ,000651.SZ_20260827_1,2026-08-27,2026-08-26,2026-08-27,2,,,,wind:wind_get_stock_events
000655.SZ,000655.SZ_20210604_1,2021-06-04,2021-06-03,2021-06-04,0.1,,,,wind:wind_get_stock_events
000655.SZ,000655.SZ_20220606_1,2022-06-06,2022-06-02,2022-06-06,0.05,,,,wind:wind_get_stock_events
000655.SZ,000655.SZ_20230525_1,2023-05-25,2023-05-24,2023-05-25,0.05,,,,wind:wind_get_stock_events
000655.SZ,000655.SZ_20240621_1,2024-06-21,2024-06-20,2024-06-21,0.12,,,,wind:wind_get_stock_events
000655.SZ,000655.SZ_20240930_1,2024-09-30,2024-09-27,2024-09-30,0.02,,,,wind:wind_get_stock_events
000655.SZ,000655.SZ_20241213_1,2024-12-13,2024-12-12,2024-12-13,0.05,,,,wind:wind_get_stock_events
000655.SZ,000655.SZ_20250723_1,2025-07-23,2025-07-22,2025-07-23,0.11,,,,wind:wind_get_stock_events
000655.SZ,000655.SZ_20251017_1,2025-10-17,2025-10-16,2025-10-17,0.05,,,,wind:wind_get_stock_events
000655.SZ,000655.SZ_20251127_1,2025-11-27,2025-11-26,2025-11-27,0.05,,,,wind:wind_get_stock_events
000655.SZ,000655.SZ_20260625_1,2026-06-25,2026-06-24,2026-06-25,0.126,,,,wind:wind_get_stock_events
000657.SZ,000657.SZ_20180702_1,2018-07-02,2018-06-29,,,,0.4,2018-07-02,wind:wind_get_stock_events
000657.SZ,000657.SZ_20221019_1,2022-10-19,2022-10-18,2022-10-19,0.13,,,,wind:wind_get_stock_events
000657.SZ,000657.SZ_20230609_1,2023-06-09,2023-06-08,,,,0.3,2023-06-09,wind:wind_get_stock_events
000657.SZ,000657.SZ_20231017_1,2023-10-17,2023-10-16,2023-10-17,0.12,,,,wind:wind_get_stock_events
000657.SZ,000657.SZ_20240531_1,2024-05-31,2024-05-30,2024-05-31,0.13,,,,wind:wind_get_stock_events
000657.SZ,000657.SZ_20250619_1,2025-06-19,2025-06-18,2025-06-19,0.16,,,,wind:wind_get_stock_events
000657.SZ,000657.SZ_20260706_1,2026-07-06,2026-07-03,2026-07-06,0.23,,,,wind:wind_get_stock_events
000665.SZ,000665.SZ_20150703_1,2015-07-03,2015-07-02,2015-07-03,0.08,,,,wind:wind_get_stock_events
000665.SZ,000665.SZ_20160615_1,2016-06-15,2016-06-14,2016-06-15,0.1,,,,wind:wind_get_stock_events
000665.SZ,000665.SZ_20170615_1,2017-06-15,2017-06-14,2017-06-15,0.08,,,,wind:wind_get_stock_events
000665.SZ,000665.SZ_20180525_1,2018-05-25,2018-05-24,2018-05-25,0.08,,,,wind:wind_get_stock_events
000665.SZ,000665.SZ_20190712_1,2019-07-12,2019-07-11,2019-07-12,0.06,,0.4,2019-07-12,wind:wind_get_stock_events
000665.SZ,000665.SZ_20200717_1,2020-07-17,2020-07-16,2020-07-17,0.03,,,,wind:wind_get_stock_events
000672.SZ,000672.SZ_20150714_1,2015-07-14,2015-07-13,2015-07-14,0.05,,,,wind:wind_get_stock_events
000672.SZ,000672.SZ_20160621_1,2016-06-21,2016-06-20,2016-06-21,0.03,,,,wind:wind_get_stock_events
000672.SZ,000672.SZ_20170612_1,2017-06-12,2017-06-09,2017-06-12,0.03,,,,wind:wind_get_stock_events
000672.SZ,000672.SZ_20180529_1,2018-05-29,2018-05-28,2018-05-29,0.1,,,,wind:wind_get_stock_events
000672.SZ,000672.SZ_20190520_1,2019-05-20,2019-05-17,2019-05-20,0.4,,,,wind:wind_get_stock_events
000672.SZ,000672.SZ_20200518_1,2020-05-18,2020-05-15,2020-05-18,0.9,,,,wind:wind_get_stock_events
000672.SZ,000672.SZ_20210531_1,2021-05-31,2021-05-28,2021-05-31,0.85,,,,wind:wind_get_stock_events
000672.SZ,000672.SZ_20220530_1,2022-05-30,2022-05-27,2022-05-30,0.8,0.2,,2022-05-30,wind:wind_get_stock_events
000672.SZ,000672.SZ_20230523_1,2023-05-23,2023-05-22,2023-05-23,0.35,,,,wind:wind_get_stock_events
000672.SZ,000672.SZ_20240607_1,2024-06-07,2024-06-06,2024-06-07,0.4,,,,wind:wind_get_stock_events
000672.SZ,000672.SZ_20250527_1,2025-05-27,2025-05-26,2025-05-27,0.63,,,,wind:wind_get_stock_events
000672.SZ,000672.SZ_20260529_1,2026-05-29,2026-05-28,2026-05-29,0.48,,,,wind:wind_get_stock_events
000672.SZ,000672.SZ_20260908_1,2026-09-08,2026-09-07,2026-09-08,0.157,,,,wind:wind_get_stock_events
000676.SZ,000676.SZ_20180703_1,2018-07-03,2018-07-02,2018-07-03,0.03,,,,wind:wind_get_stock_events
000676.SZ,000676.SZ_20190705_1,2019-07-05,2019-07-04,2019-07-05,0.03,0.1,0.2,2019-07-05,wind:wind_get_stock_events
000676.SZ,000676.SZ_20200713_1,2020-07-13,2020-07-10,2020-07-13,0.023,,,,wind:wind_get_stock_events
000679.SZ,000679.SZ_20150717_1,2015-07-17,2015-07-16,2015-07-17,0.05,,,,wind:wind_get_stock_events
000679.SZ,000679.SZ_20170711_1,2017-07-11,2017-07-10,2017-07-11,0.1,,,,wind:wind_get_stock_events
000680.SZ,000680.SZ_20190725_1,2019-07-25,2019-07-24,2019-07-25,0.02,,,,wind:wind_get_stock_events
000680.SZ,000680.SZ_20211021_1,2021-10-21,2021-10-20,2021-10-21,0.01,,,,wind:wind_get_stock_events
000680.SZ,000680.SZ_20220715_1,2022-07-15,2022-07-14,2022-07-15,0.015,,,,wind:wind_get_stock_events
000680.SZ,000680.SZ_20230628_1,2023-06-28,2023-06-27,2023-06-28,0.076,,,,wind:wind_get_stock_events
000680.SZ,000680.SZ_20240625_1,2024-06-25,2024-06-24,2024-06-25,0.15,,,,wind:wind_get_stock_events
000680.SZ,000680.SZ_20250108_1,2025-01-08,2025-01-07,2025-01-08,0.03,,,,wind:wind_get_stock_events
000680.SZ,000680.SZ_20250715_1,2025-07-15,2025-07-14,2025-07-15,0.06,,,,wind:wind_get_stock_events
000680.SZ,000680.SZ_20250926_1,2025-09-26,2025-09-25,2025-09-26,0.035,,,,wind:wind_get_stock_events
000680.SZ,000680.SZ_20260609_1,2026-06-09,2026-06-08,2026-06-09,0.1,,,,wind:wind_get_stock_events
000681.SZ,000681.SZ_20180614_1,2018-06-14,2018-06-13,2018-06-14,0.042,,,,wind:wind_get_stock_events
000681.SZ,000681.SZ_20190723_1,2019-07-23,2019-07-22,2019-07-23,0.046,,,,wind:wind_get_stock_events
000681.SZ,000681.SZ_20200819_1,2020-08-19,2020-08-18,2020-08-19,0.032,,,,wind:wind_get_stock_events
000681.SZ,000681.SZ_20210621_1,2021-06-21,2021-06-18,2021-06-21,0.021,,,,wind:wind_get_stock_events
000681.SZ,000681.SZ_20220809_1,2022-08-09,2022-08-08,2022-08-09,0.022,,,,wind:wind_get_stock_events
000681.SZ,000681.SZ_20230807_1,2023-08-07,2023-08-04,2023-08-07,0.015,,,,wind:wind_get_stock_events
000681.SZ,000681.SZ_20240802_1,2024-08-02,2024-08-01,2024-08-02,0.021,,,,wind:wind_get_stock_events
000681.SZ,000681.SZ_20240926_1,2024-09-26,2024-09-25,2024-09-26,0.008,,,,wind:wind_get_stock_events
000681.SZ,000681.SZ_20250815_1,2025-08-15,2025-08-14,2025-08-15,0.013,,,,wind:wind_get_stock_events
000681.SZ,000681.SZ_20250925_1,2025-09-25,2025-09-24,2025-09-25,0.011,,,,wind:wind_get_stock_events
000681.SZ,000681.SZ_20260803_1,2026-08-03,2026-07-31,2026-08-03,0.004,,,,wind:wind_get_stock_events
000681.SZ,000681.SZ_20260907_1,2026-09-07,2026-09-04,2026-09-07,0.006,,,,wind:wind_get_stock_events
000682.SZ,000682.SZ_20200703_1,2020-07-03,2020-07-02,2020-07-03,0.038,,,,wind:wind_get_stock_events
000682.SZ,000682.SZ_20220711_1,2022-07-11,2022-07-08,2022-07-11,0.06,,,,wind:wind_get_stock_events
000682.SZ,000682.SZ_20230711_1,2023-07-11,2023-07-10,2023-07-11,0.075,,,,wind:wind_get_stock_events
000682.SZ,000682.SZ_20240709_1,2024-07-09,2024-07-08,2024-07-09,0.08,,,,wind:wind_get_stock_events
000682.SZ,000682.SZ_20241210_1,2024-12-10,2024-12-09,2024-12-10,0.037,,,,wind:wind_get_stock_events
000682.SZ,000682.SZ_20250709_1,2025-07-09,2025-07-08,2025-07-09,0.045,,,,wind:wind_get_stock_events
000682.SZ,000682.SZ_20250910_1,2025-09-10,2025-09-09,2025-09-10,0.037,,,,wind:wind_get_stock_events
000682.SZ,000682.SZ_20260708_1,2026-07-08,2026-07-07,2026-07-08,0.05,,,,wind:wind_get_stock_events
000682.SZ,000682.SZ_20260915_1,2026-09-15,2026-09-14,2026-09-15,0.037,,,,wind:wind_get_stock_events
000683.SZ,000683.SZ_20150626_1,2015-06-26,2015-06-25,2015-06-26,0.02,,,,wind:wind_get_stock_events
000683.SZ,000683.SZ_20160512_1,2016-05-12,2016-05-11,,,,0.8,2016-05-12,wind:wind_get_stock_events
000683.SZ,000683.SZ_20180404_1,2018-04-04,2018-04-03,2018-04-04,0.02,,,,wind:wind_get_stock_events
000683.SZ,000683.SZ_20220509_1,2022-05-09,2022-05-06,2022-05-09,0.1,,,,wind:wind_get_stock_events
000683.SZ,000683.SZ_20230519_1,2023-05-19,2023-05-18,2023-05-19,0.15,,,,wind:wind_get_stock_events
000683.SZ,000683.SZ_20240530_1,2024-05-30,2024-05-29,2024-05-30,0.3,,,,wind:wind_get_stock_events
000683.SZ,000683.SZ_20250617_1,2025-06-17,2025-06-16,2025-06-17,0.3,,,,wind:wind_get_stock_events
000683.SZ,000683.SZ_20260707_1,2026-07-07,2026-07-06,2026-07-07,0.3,,,,wind:wind_get_stock_events
000685.SZ,000685.SZ_20150707_1,2015-07-07,2015-07-06,2015-07-07,0.3,,0.8,2015-07-07,wind:wind_get_stock_events
000685.SZ,000685.SZ_20160617_1,2016-06-17,2016-06-16,2016-06-17,0.3,,,,wind:wind_get_stock_events
000685.SZ,000685.SZ_20170718_1,2017-07-18,2017-07-17,2017-07-18,0.2,,,,wind:wind_get_stock_events
000685.SZ,000685.SZ_20180824_1,2018-08-24,2018-08-23,2018-08-24,0.22,,,,wind:wind_get_stock_events
000685.SZ,000685.SZ_20190712_1,2019-07-12,2019-07-11,2019-07-12,0.139,,,,wind:wind_get_stock_events
000685.SZ,000685.SZ_20200810_1,2020-08-10,2020-08-07,2020-08-10,0.25,,,,wind:wind_get_stock_events
000685.SZ,000685.SZ_20210719_1,2021-07-19,2021-07-16,2021-07-19,0.28,,,,wind:wind_get_stock_events
000685.SZ,000685.SZ_20220721_1,2022-07-21,2022-07-20,2022-07-21,0.3,,,,wind:wind_get_stock_events
000685.SZ,000685.SZ_20230818_1,2023-08-18,2023-08-17,2023-08-18,0.22,,,,wind:wind_get_stock_events
000685.SZ,000685.SZ_20240725_1,2024-07-25,2024-07-24,2024-07-25,0.2,,,,wind:wind_get_stock_events
000685.SZ,000685.SZ_20250115_1,2025-01-15,2025-01-14,2025-01-15,0.35,,,,wind:wind_get_stock_events
000685.SZ,000685.SZ_20250716_1,2025-07-16,2025-07-15,2025-07-16,0.082,,,,wind:wind_get_stock_events
000685.SZ,000685.SZ_20260715_1,2026-07-15,2026-07-14,2026-07-15,0.385,,,,wind:wind_get_stock_events
000686.SZ,000686.SZ_20150603_1,2015-06-03,2015-06-02,2015-06-03,0.06,,,,wind:wind_get_stock_events
000686.SZ,000686.SZ_20160629_1,2016-06-29,2016-06-28,2016-06-29,0.2,,,,wind:wind_get_stock_events
000686.SZ,000686.SZ_20170712_1,2017-07-12,2017-07-11,2017-07-12,0.1,,,,wind:wind_get_stock_events
000686.SZ,000686.SZ_20180613_1,2018-06-13,2018-06-12,2018-06-13,0.1,,,,wind:wind_get_stock_events
000686.SZ,000686.SZ_20190627_1,2019-06-27,2019-06-26,2019-06-27,0.1,,,,wind:wind_get_stock_events
000686.SZ,000686.SZ_20200629_1,2020-06-29,2020-06-24,2020-06-29,0.1,,,,wind:wind_get_stock_events
000686.SZ,000686.SZ_20210531_1,2021-05-31,2021-05-28,2021-05-31,0.1,,,,wind:wind_get_stock_events
000686.SZ,000686.SZ_20220526_1,2022-05-26,2022-05-25,2022-05-26,0.1,,,,wind:wind_get_stock_events
000686.SZ,000686.SZ_20230531_1,2023-05-31,2023-05-30,2023-05-31,0.1,,,,wind:wind_get_stock_events
000686.SZ,000686.SZ_20240522_1,2024-05-22,2024-05-21,2024-05-22,0.1,,,,wind:wind_get_stock_events
000686.SZ,000686.SZ_20250124_1,2025-01-24,2025-01-23,2025-01-24,0.05,,,,wind:wind_get_stock_events
000686.SZ,000686.SZ_20250530_1,2025-05-30,2025-05-29,2025-05-30,0.07,,,,wind:wind_get_stock_events
000686.SZ,000686.SZ_20251112_1,2025-11-12,2025-11-11,2025-11-12,0.1,,,,wind:wind_get_stock_events
000686.SZ,000686.SZ_20260528_1,2026-05-28,2026-05-27,2026-05-28,0.15,,,,wind:wind_get_stock_events
000688.SZ,000688.SZ_20180628_1,2018-06-28,2018-06-27,2018-06-28,0.1,,,,wind:wind_get_stock_events
000688.SZ,000688.SZ_20210630_1,2021-06-30,2021-06-29,2021-06-30,0.014,,,,wind:wind_get_stock_events
000688.SZ,000688.SZ_20230731_1,2023-07-31,2023-07-28,2023-07-31,0.035,,,,wind:wind_get_stock_events
000688.SZ,000688.SZ_20240726_1,2024-07-26,2024-07-25,2024-07-26,0.018,,,,wind:wind_get_stock_events
000688.SZ,000688.SZ_20260424_1,2026-04-24,2026-04-23,2026-04-24,0.13,,,,wind:wind_get_stock_events
000690.SZ,000690.SZ_20150407_1,2015-04-07,2015-04-03,2015-04-07,0.3,,,,wind:wind_get_stock_events
000690.SZ,000690.SZ_20160603_1,2016-06-03,2016-06-02,2016-06-03,0.2,,,,wind:wind_get_stock_events
000690.SZ,000690.SZ_20170712_1,2017-07-12,2017-07-11,2017-07-12,0.033,,,,wind:wind_get_stock_events
000690.SZ,000690.SZ_20180621_1,2018-06-21,2018-06-20,2018-06-21,0.03,,,,wind:wind_get_stock_events
000690.SZ,000690.SZ_20190605_1,2019-06-05,2019-06-04,2019-06-05,0.1,,,,wind:wind_get_stock_events
000690.SZ,000690.SZ_20200521_1,2020-05-21,2020-05-20,2020-05-21,0.2,,,,wind:wind_get_stock_events
000690.SZ,000690.SZ_20210304_1,2021-03-04,2021-03-03,2021-03-04,0.3,,,,wind:wind_get_stock_events
000690.SZ,000690.SZ_20220518_1,2022-05-18,2022-05-17,2022-05-18,0.05,,,,wind:wind_get_stock_events
000690.SZ,000690.SZ_20230704_1,2023-07-04,2023-07-03,2023-07-04,0.03,,,,wind:wind_get_stock_events
000690.SZ,000690.SZ_20240514_1,2024-05-14,2024-05-13,2024-05-14,0.3,,,,wind:wind_get_stock_events
000690.SZ,000690.SZ_20250529_1,2025-05-29,2025-05-28,2025-05-29,0.15,,,,wind:wind_get_stock_events
000690.SZ,000690.SZ_20250917_1,2025-09-17,2025-09-16,2025-09-17,0.05,,,,wind:wind_get_stock_events
000690.SZ,000690.SZ_20260522_1,2026-05-22,2026-05-21,2026-05-22,0.2,,,,wind:wind_get_stock_events
000692.SZ,000692.SZ_20170713_1,2017-07-13,2017-07-12,2017-07-13,0.036,,,,wind:wind_get_stock_events
000697.SZ,000697.SZ_20150602_1,2015-06-02,2015-06-01,2015-06-02,0.02,,,,wind:wind_get_stock_events
000697.SZ,000697.SZ_20160520_1,2016-05-20,2016-05-19,2016-05-20,0.015,,,,wind:wind_get_stock_events
000697.SZ,000697.SZ_20251128_1,2025-11-28,2025-11-27,,,,0.599,2025-11-28,wind:wind_get_stock_events
000700.SZ,000700.SZ_20150714_1,2015-07-14,2015-07-13,2015-07-14,0.13,,,,wind:wind_get_stock_events
000700.SZ,000700.SZ_20160622_1,2016-06-22,2016-06-21,2016-06-22,0.1,,1,2016-06-22,wind:wind_get_stock_events
000700.SZ,000700.SZ_20170523_1,2017-05-23,2017-05-22,2017-05-23,0.11,,,,wind:wind_get_stock_events
000700.SZ,000700.SZ_20180625_1,2018-06-25,2018-06-22,2018-06-25,0.12,,,,wind:wind_get_stock_events
000700.SZ,000700.SZ_20190725_1,2019-07-25,2019-07-24,2019-07-25,0.13,,,,wind:wind_get_stock_events
000700.SZ,000700.SZ_20200821_1,2020-08-21,2020-08-20,2020-08-21,0.13,,,,wind:wind_get_stock_events
000700.SZ,000700.SZ_20210715_1,2021-07-15,2021-07-14,2021-07-15,0.218,,,,wind:wind_get_stock_events
000700.SZ,000700.SZ_20231219_1,2023-12-19,2023-12-18,2023-12-19,0.217,,,,wind:wind_get_stock_events
000700.SZ,000700.SZ_20241126_1,2024-11-26,2024-11-25,2024-11-26,0.109,,,,wind:wind_get_stock_events
000700.SZ,000700.SZ_20250122_1,2025-01-22,2025-01-21,2025-01-22,0.217,,,,wind:wind_get_stock_events
000700.SZ,000700.SZ_20260108_1,2026-01-08,2026-01-07,2026-01-08,0.3268,,,,wind:wind_get_stock_events
000700.SZ,000700.SZ_20260930_1,2026-09-30,2026-09-29,2026-09-30,0.1634,,,,wind:wind_get_stock_events
000703.SZ,000703.SZ_20170421_1,2017-04-21,2017-04-20,2017-04-21,0.1,,,,wind:wind_get_stock_events
000703.SZ,000703.SZ_20180524_1,2018-05-24,2018-05-23,2018-05-24,0.2,,0.4,2018-05-24,wind:wind_get_stock_events
000703.SZ,000703.SZ_20190611_1,2019-06-11,2019-06-10,2019-06-11,0.3,,,,wind:wind_get_stock_events
000703.SZ,000703.SZ_20200528_1,2020-05-28,2020-05-27,2020-05-28,0.4,,0.3,2020-05-28,wind:wind_get_stock_events
000703.SZ,000703.SZ_20210706_1,2021-07-06,2021-07-05,2021-07-06,0.3,,,,wind:wind_get_stock_events
000703.SZ,000703.SZ_20220707_1,2022-07-07,2022-07-06,2022-07-07,0.2,,,,wind:wind_get_stock_events
000703.SZ,000703.SZ_20240626_1,2024-06-26,2024-06-25,2024-06-26,0.1,,,,wind:wind_get_stock_events
000703.SZ,000703.SZ_20250620_1,2025-06-20,2025-06-19,2025-06-20,0.05,,,,wind:wind_get_stock_events
000703.SZ,000703.SZ_20260615_1,2026-06-15,2026-06-12,2026-06-15,0.05,,,,wind:wind_get_stock_events
000703.SZ,000703.SZ_20260918_1,2026-09-18,2026-09-17,2026-09-18,0.9,,,,wind:wind_get_stock_events
000705.SZ,000705.SZ_20160728_1,2016-07-28,2016-07-27,2016-07-28,0.025,,,,wind:wind_get_stock_events
000705.SZ,000705.SZ_20170615_1,2017-06-15,2017-06-14,2017-06-15,0.02,,,,wind:wind_get_stock_events
000705.SZ,000705.SZ_20190619_1,2019-06-19,2019-06-18,2019-06-19,0.03,,,,wind:wind_get_stock_events
000705.SZ,000705.SZ_20200806_1,2020-08-06,2020-08-05,2020-08-06,0.06,,,,wind:wind_get_stock_events
000705.SZ,000705.SZ_20210728_1,2021-07-28,2021-07-27,2021-07-28,0.07,,,,wind:wind_get_stock_events
000705.SZ,000705.SZ_20220615_1,2022-06-15,2022-06-14,2022-06-15,0.06,,,,wind:wind_get_stock_events
000705.SZ,000705.SZ_20230808_1,2023-08-08,2023-08-07,2023-08-08,0.06,,,,wind:wind_get_stock_events
000705.SZ,000705.SZ_20240607_1,2024-06-07,2024-06-06,2024-06-07,0.06,,,,wind:wind_get_stock_events
000705.SZ,000705.SZ_20250627_1,2025-06-27,2025-06-26,2025-06-27,0.06,,,,wind:wind_get_stock_events
000708.SZ,000708.SZ_20150619_1,2015-06-19,2015-06-18,2015-06-19,0.2,,,,wind:wind_get_stock_events
000708.SZ,000708.SZ_20160607_1,2016-06-07,2016-06-06,2016-06-07,0.15,,,,wind:wind_get_stock_events
000708.SZ,000708.SZ_20170619_1,2017-06-19,2017-06-16,2017-06-19,0.2,,,,wind:wind_get_stock_events
000708.SZ,000708.SZ_20180614_1,2018-06-14,2018-06-13,2018-06-14,0.3,,,,wind:wind_get_stock_events
000708.SZ,000708.SZ_20190522_1,2019-05-22,2019-05-21,2019-05-22,0.8,,,,wind:wind_get_stock_events
000708.SZ,000708.SZ_20200430_1,2020-04-30,2020-04-29,2020-04-30,1,,0.7,2020-04-30,wind:wind_get_stock_events
000708.SZ,000708.SZ_20210401_1,2021-04-01,2021-03-31,2021-04-01,0.7,,,,wind:wind_get_stock_events
000708.SZ,000708.SZ_20220413_1,2022-04-13,2022-04-12,2022-04-13,0.8,,,,wind:wind_get_stock_events
000708.SZ,000708.SZ_20230420_1,2023-04-20,2023-04-19,2023-04-20,0.7,,,,wind:wind_get_stock_events
000708.SZ,000708.SZ_20240510_1,2024-05-10,2024-05-09,2024-05-10,0.5647,,,,wind:wind_get_stock_events
000708.SZ,000708.SZ_20250509_1,2025-05-09,2025-05-08,2025-05-09,0.5072,,,,wind:wind_get_stock_events
000708.SZ,000708.SZ_20251015_1,2025-10-15,2025-10-14,2025-10-15,0.2,,,,wind:wind_get_stock_events
000708.SZ,000708.SZ_20260521_1,2026-05-21,2026-05-20,2026-05-21,0.4458,,,,wind:wind_get_stock_events
000708.SZ,000708.SZ_20260916_1,2026-09-16,2026-09-15,2026-09-16,0.2,,,,wind:wind_get_stock_events
000712.SZ,000712.SZ_20150727_1,2015-07-27,2015-07-24,2015-07-27,0.1,,,,wind:wind_get_stock_events
000712.SZ,000712.SZ_20160613_1,2016-06-13,2016-06-08,2016-06-13,0.1,,,,wind:wind_get_stock_events
000712.SZ,000712.SZ_20170717_1,2017-07-17,2017-07-14,2017-07-17,0.1,,,,wind:wind_get_stock_events
000712.SZ,000712.SZ_20180813_1,2018-08-13,2018-08-10,2018-08-13,0.1,,,,wind:wind_get_stock_events
000712.SZ,000712.SZ_20220826_1,2022-08-26,2022-08-25,2022-08-26,0.01,,,,wind:wind_get_stock_events
000715.SZ,000715.SZ_20150812_1,2015-08-12,2015-08-11,2015-08-12,0.07,,,,wind:wind_get_stock_events
000715.SZ,000715.SZ_20160722_1,2016-07-22,2016-07-21,2016-07-22,0.07,,,,wind:wind_get_stock_events
000715.SZ,000715.SZ_20170620_1,2017-06-20,2017-06-19,2017-06-20,0.07,,,,wind:wind_get_stock_events
000715.SZ,000715.SZ_20180813_1,2018-08-13,2018-08-10,2018-08-13,0.08,,,,wind:wind_get_stock_events
000715.SZ,000715.SZ_20190708_1,2019-07-08,2019-07-05,2019-07-08,0.08,,,,wind:wind_get_stock_events
000715.SZ,000715.SZ_20190927_1,2019-09-27,2019-09-26,,,,0.49,2019-09-27,wind:wind_get_stock_events
000715.SZ,000715.SZ_20200701_1,2020-07-01,2020-06-30,2020-07-01,0.08,,,,wind:wind_get_stock_events
000715.SZ,000715.SZ_20210716_1,2021-07-16,2021-07-15,2021-07-16,0.05,,,,wind:wind_get_stock_events
000715.SZ,000715.SZ_20220526_1,2022-05-26,2022-05-25,2022-05-26,0.05,,,,wind:wind_get_stock_events
000715.SZ,000715.SZ_20240524_1,2024-05-24,2024-05-23,2024-05-24,0.05,,,,wind:wind_get_stock_events
000715.SZ,000715.SZ_20250529_1,2025-05-29,2025-05-28,2025-05-29,0.1,,0.3,2025-05-29,wind:wind_get_stock_events
000715.SZ,000715.SZ_20260610_1,2026-06-10,2026-06-09,2026-06-10,0.065,,,,wind:wind_get_stock_events
000716.SZ,000716.SZ_20150629_1,2015-06-29,2015-06-26,2015-06-29,0.06,,,,wind:wind_get_stock_events
000716.SZ,000716.SZ_20160624_1,2016-06-24,2016-06-23,2016-06-24,0.1,,1,2016-06-24,wind:wind_get_stock_events
000716.SZ,000716.SZ_20180817_1,2018-08-17,2018-08-16,2018-08-17,0.072,,,,wind:wind_get_stock_events
000716.SZ,000716.SZ_20200824_1,2020-08-24,2020-08-21,2020-08-24,0.02,,,,wind:wind_get_stock_events
000716.SZ,000716.SZ_20240822_1,2024-08-22,2024-08-21,2024-08-22,0.05,,,,wind:wind_get_stock_events
000716.SZ,000716.SZ_20250815_1,2025-08-15,2025-08-14,2025-08-15,0.05,,,,wind:wind_get_stock_events
000719.SZ,000719.SZ_20150616_1,2015-06-16,2015-06-15,2015-06-16,0.15,,,,wind:wind_get_stock_events
000719.SZ,000719.SZ_20160603_1,2016-06-03,2016-06-02,2016-06-03,0.18,,0.3,2016-06-03,wind:wind_get_stock_events
000719.SZ,000719.SZ_20170517_1,2017-05-17,2017-05-16,2017-05-17,0.18,,,,wind:wind_get_stock_events
000719.SZ,000719.SZ_20180507_1,2018-05-07,2018-05-04,2018-05-07,0.18,,,,wind:wind_get_stock_events
000719.SZ,000719.SZ_20190506_1,2019-05-06,2019-04-30,2019-05-06,0.25,,,,wind:wind_get_stock_events
000719.SZ,000719.SZ_20200713_1,2020-07-13,2020-07-10,2020-07-13,0.28,,,,wind:wind_get_stock_events
000719.SZ,000719.SZ_20210701_1,2021-07-01,2021-06-30,2021-07-01,0.31,,,,wind:wind_get_stock_events
000719.SZ,000719.SZ_20220711_1,2022-07-11,2022-07-08,2022-07-11,0.33,,,,wind:wind_get_stock_events
000719.SZ,000719.SZ_20230710_1,2023-07-10,2023-07-07,2023-07-10,0.38,,,,wind:wind_get_stock_events
000719.SZ,000719.SZ_20240626_1,2024-06-26,2024-06-25,2024-06-26,0.42,,,,wind:wind_get_stock_events
000719.SZ,000719.SZ_20250630_1,2025-06-30,2025-06-27,2025-06-30,0.6,,,,wind:wind_get_stock_events
000719.SZ,000719.SZ_20260701_1,2026-07-01,2026-06-30,2026-07-01,0.66,,,,wind:wind_get_stock_events
000722.SZ,000722.SZ_20170525_1,2017-05-25,2017-05-24,2017-05-25,0.05,,,,wind:wind_get_stock_events
000722.SZ,000722.SZ_20180529_1,2018-05-29,2018-05-28,2018-05-29,0.05,,,,wind:wind_get_stock_events
000722.SZ,000722.SZ_20190515_1,2019-05-15,2019-05-14,2019-05-15,0.05,,,,wind:wind_get_stock_events
000722.SZ,000722.SZ_20200608_1,2020-06-08,2020-06-05,2020-06-08,0.05,,,,wind:wind_get_stock_events
000722.SZ,000722.SZ_20210527_1,2021-05-27,2021-05-26,2021-05-27,0.1,,,,wind:wind_get_stock_events
000722.SZ,000722.SZ_20220602_1,2022-06-02,2022-06-01,2022-06-02,0.1,,,,wind:wind_get_stock_events
000722.SZ,000722.SZ_20240614_1,2024-06-14,2024-06-13,2024-06-14,0.05,,,,wind:wind_get_stock_events
000722.SZ,000722.SZ_20250618_1,2025-06-18,2025-06-17,2025-06-18,0.05,,,,wind:wind_get_stock_events
000722.SZ,000722.SZ_20260507_1,2026-05-07,2026-05-06,2026-05-07,0.05,,,,wind:wind_get_stock_events
000723.SZ,000723.SZ_20150706_1,2015-07-06,2015-07-03,2015-07-06,0.005,,,,wind:wind_get_stock_events
000723.SZ,000723.SZ_20170616_1,2017-06-16,2017-06-15,2017-06-16,0.1,,0.8,2017-06-16,wind:wind_get_stock_events
000723.SZ,000723.SZ_20181026_1,2018-10-26,2018-10-25,2018-10-26,0.2,,,,wind:wind_get_stock_events
000723.SZ,000723.SZ_20220609_1,2022-06-09,2022-06-08,2022-06-09,0.2,,,,wind:wind_get_stock_events
000725.SZ,000725.SZ_20151104_1,2015-11-04,2015-11-03,2015-11-04,0.01,,,,wind:wind_get_stock_events
000725.SZ,000725.SZ_20160628_1,2016-06-28,2016-06-27,2016-06-28,0.01,,,,wind:wind_get_stock_events
000725.SZ,000725.SZ_20170714_1,2017-07-14,2017-07-13,2017-07-14,0.03,,,,wind:wind_get_stock_events
000725.SZ,000725.SZ_20180626_1,2018-06-26,2018-06-25,2018-06-26,0.05,,,,wind:wind_get_stock_events
000725.SZ,000725.SZ_20190531_1,2019-05-31,2019-05-30,2019-05-31,0.03,,,,wind:wind_get_stock_events
000725.SZ,000725.SZ_20200706_1,2020-07-06,2020-07-03,2020-07-06,0.02,,,,wind:wind_get_stock_events
000725.SZ,000725.SZ_20210604_1,2021-06-04,2021-06-03,2021-06-04,0.1,,,,wind:wind_get_stock_events
000725.SZ,000725.SZ_20220530_1,2022-05-30,2022-05-27,2022-05-30,0.21,,,,wind:wind_get_stock_events
000725.SZ,000725.SZ_20230607_1,2023-06-07,2023-06-06,2023-06-07,0.061,,,,wind:wind_get_stock_events
000725.SZ,000725.SZ_20240619_1,2024-06-19,2024-06-18,2024-06-19,0.03,,,,wind:wind_get_stock_events
000725.SZ,000725.SZ_20250625_1,2025-06-25,2025-06-24,2025-06-25,0.05,,,,wind:wind_get_stock_events
000725.SZ,000725.SZ_20260618_1,2026-06-18,2026-06-17,2026-06-18,0.056,,,,wind:wind_get_stock_events
000728.SZ,000728.SZ_20150527_1,2015-05-27,2015-05-26,2015-05-27,0.1,,,,wind:wind_get_stock_events
000728.SZ,000728.SZ_20160831_1,2016-08-31,2016-08-30,2016-08-31,0.25,,,,wind:wind_get_stock_events
000728.SZ,000728.SZ_20160921_1,2016-09-21,2016-09-20,2016-09-21,0.15,,,,wind:wind_get_stock_events
000728.SZ,000728.SZ_20170523_1,2017-05-23,2017-05-22,2017-05-23,0.3,,0.5,2017-05-23,wind:wind_get_stock_events
000728.SZ,000728.SZ_20180702_1,2018-07-02,2018-06-29,2018-07-02,0.15,,,,wind:wind_get_stock_events
000728.SZ,000728.SZ_20190710_1,2019-07-10,2019-07-09,2019-07-10,0.15,,,,wind:wind_get_stock_events
000728.SZ,000728.SZ_20191112_1,2019-11-12,2019-11-11,2019-11-12,0.1,,,,wind:wind_get_stock_events
000728.SZ,000728.SZ_20200512_1,2020-05-12,2020-05-11,2020-05-12,0.15,,,,wind:wind_get_stock_events
000728.SZ,000728.SZ_20210520_1,2021-05-20,2021-05-19,2021-05-20,0.1,,,,wind:wind_get_stock_events
000728.SZ,000728.SZ_20211109_1,2021-11-09,2021-11-08,2021-11-09,0.1,,,,wind:wind_get_stock_events
000728.SZ,000728.SZ_20220519_1,2022-05-19,2022-05-18,2022-05-19,0.18,,,,wind:wind_get_stock_events
000728.SZ,000728.SZ_20230523_1,2023-05-23,2023-05-22,2023-05-23,0.15,,,,wind:wind_get_stock_events
000728.SZ,000728.SZ_20240530_1,2024-05-30,2024-05-29,2024-05-30,0.15,,,,wind:wind_get_stock_events
000728.SZ,000728.SZ_20250121_1,2025-01-21,2025-01-20,2025-01-21,0.06,,,,wind:wind_get_stock_events
000728.SZ,000728.SZ_20250627_1,2025-06-27,2025-06-26,2025-06-27,0.1,,,,wind:wind_get_stock_events
000728.SZ,000728.SZ_20251112_1,2025-11-12,2025-11-11,2025-11-12,0.08,,,,wind:wind_get_stock_events
000728.SZ,000728.SZ_20260626_1,2026-06-26,2026-06-25,2026-06-26,0.1,,,,wind:wind_get_stock_events
000729.SZ,000729.SZ_20150624_1,2015-06-24,2015-06-23,2015-06-24,0.08,,,,wind:wind_get_stock_events
000729.SZ,000729.SZ_20160721_1,2016-07-21,2016-07-20,2016-07-21,0.07,,,,wind:wind_get_stock_events
000729.SZ,000729.SZ_20170711_1,2017-07-11,2017-07-10,2017-07-11,0.036,,,,wind:wind_get_stock_events
000729.SZ,000729.SZ_20180713_1,2018-07-13,2018-07-12,2018-07-13,0.02,,,,wind:wind_get_stock_events
000729.SZ,000729.SZ_20190715_1,2019-07-15,2019-07-12,2019-07-15,0.022,,,,wind:wind_get_stock_events
000729.SZ,000729.SZ_20200710_1,2020-07-10,2020-07-09,2020-07-10,0.022,,,,wind:wind_get_stock_events
000729.SZ,000729.SZ_20210714_1,2021-07-14,2021-07-13,2021-07-14,0.022,,,,wind:wind_get_stock_events
000729.SZ,000729.SZ_20220714_1,2022-07-14,2022-07-13,2022-07-14,0.04,,,,wind:wind_get_stock_events
000729.SZ,000729.SZ_20230704_1,2023-07-04,2023-07-03,2023-07-04,0.08,,,,wind:wind_get_stock_events
000729.SZ,000729.SZ_20240724_1,2024-07-24,2024-07-23,2024-07-24,0.1,,,,wind:wind_get_stock_events
000729.SZ,000729.SZ_20250729_1,2025-07-29,2025-07-28,2025-07-29,0.19,,,,wind:wind_get_stock_events
000729.SZ,000729.SZ_20251229_1,2025-12-29,2025-12-26,2025-12-29,0.1,,,,wind:wind_get_stock_events
000729.SZ,000729.SZ_20260720_1,2026-07-20,2026-07-17,2026-07-20,0.2,,,,wind:wind_get_stock_events
000731.SZ,000731.SZ_20180522_1,2018-05-22,2018-05-21,2018-05-22,0.08,,,,wind:wind_get_stock_events
000731.SZ,000731.SZ_20190619_1,2019-06-19,2019-06-18,2019-06-19,0.15,,,,wind:wind_get_stock_events
000731.SZ,000731.SZ_20200619_1,2020-06-19,2020-06-18,2020-06-19,0.05,,,,wind:wind_get_stock_events
000731.SZ,000731.SZ_20220624_1,2022-06-24,2022-06-23,2022-06-24,0.17,,,,wind:wind_get_stock_events
000731.SZ,000731.SZ_20230714_1,2023-07-14,2023-07-13,2023-07-14,0.1721,,,,wind:wind_get_stock_events
000731.SZ,000731.SZ_20240617_1,2024-06-17,2024-06-14,2024-06-17,0.1702,,,,wind:wind_get_stock_events
000731.SZ,000731.SZ_20241017_1,2024-10-17,2024-10-16,2024-10-17,0.1,,,,wind:wind_get_stock_events
000731.SZ,000731.SZ_20250616_1,2025-06-16,2025-06-13,2025-06-16,0.17,,,,wind:wind_get_stock_events
000731.SZ,000731.SZ_20251020_1,2025-10-20,2025-10-17,2025-10-20,0.1,,,,wind:wind_get_stock_events
000733.SZ,000733.SZ_20150728_1,2015-07-28,2015-07-27,2015-07-28,0.03,,,,wind:wind_get_stock_events
000733.SZ,000733.SZ_20160630_1,2016-06-30,2016-06-29,2016-06-30,0.03,,,,wind:wind_get_stock_events
000733.SZ,000733.SZ_20170525_1,2017-05-25,2017-05-24,2017-05-25,0.04,,,,wind:wind_get_stock_events
000733.SZ,000733.SZ_20180705_1,2018-07-05,2018-07-04,2018-07-05,0.05,,,,wind:wind_get_stock_events
000733.SZ,000733.SZ_20190606_1,2019-06-06,2019-06-05,2019-06-06,0.05,,,,wind:wind_get_stock_events
000733.SZ,000733.SZ_20200707_1,2020-07-07,2020-07-06,2020-07-07,0.05,,,,wind:wind_get_stock_events
000733.SZ,000733.SZ_20210714_1,2021-07-14,2021-07-13,2021-07-14,0.15,,,,wind:wind_get_stock_events
000733.SZ,000733.SZ_20220714_1,2022-07-14,2022-07-13,2022-07-14,0.3,,,,wind:wind_get_stock_events
000733.SZ,000733.SZ_20230609_1,2023-06-09,2023-06-08,2023-06-09,1.145,,,,wind:wind_get_stock_events
000733.SZ,000733.SZ_20240628_1,2024-06-28,2024-06-27,2024-06-28,1.114,,,,wind:wind_get_stock_events
000733.SZ,000733.SZ_20250619_1,2025-06-19,2025-06-18,2025-06-19,0.18,,,,wind:wind_get_stock_events
000733.SZ,000733.SZ_20260630_1,2026-06-30,2026-06-29,2026-06-30,0.38,,,,wind:wind_get_stock_events
000735.SZ,000735.SZ_20150326_1,2015-03-26,2015-03-25,2015-03-26,0.02,,,,wind:wind_get_stock_events
000735.SZ,000735.SZ_20171123_1,2017-11-23,2017-11-22,2017-11-23,0.02,,,,wind:wind_get_stock_events
000735.SZ,000735.SZ_20190711_1,2019-07-11,2019-07-10,2019-07-11,0.02,,,,wind:wind_get_stock_events
000735.SZ,000735.SZ_20200710_1,2020-07-10,2020-07-09,2020-07-10,0.02,,,,wind:wind_get_stock_events
000735.SZ,000735.SZ_20230607_1,2023-06-07,2023-06-06,2023-06-07,0.02,,,,wind:wind_get_stock_events
000735.SZ,000735.SZ_20240618_1,2024-06-18,2024-06-17,2024-06-18,0.02,,,,wind:wind_get_stock_events
000735.SZ,000735.SZ_20250718_1,2025-07-18,2025-07-17,2025-07-18,0.02,,,,wind:wind_get_stock_events
000735.SZ,000735.SZ_20260521_1,2026-05-21,2026-05-20,2026-05-21,0.035,,,,wind:wind_get_stock_events
000736.SZ,000736.SZ_20150515_1,2015-05-15,2015-05-14,2015-05-15,0.02,,,,wind:wind_get_stock_events
000736.SZ,000736.SZ_20160603_1,2016-06-03,2016-06-02,2016-06-03,0.02,,,,wind:wind_get_stock_events
000736.SZ,000736.SZ_20170712_1,2017-07-12,2017-07-11,2017-07-12,0.02,,,,wind:wind_get_stock_events
000736.SZ,000736.SZ_20180622_1,2018-06-22,2018-06-21,2018-06-22,0.52,0.5,,2018-06-22,wind:wind_get_stock_events
000736.SZ,000736.SZ_20190627_1,2019-06-27,2019-06-26,2019-06-27,0.19,0.2,,2019-06-27,wind:wind_get_stock_events
000736.SZ,000736.SZ_20200618_1,2020-06-18,2020-06-17,2020-06-18,0.11,0.1,0.2,2020-06-18,wind:wind_get_stock_events
000736.SZ,000736.SZ_20210630_1,2021-06-30,2021-06-29,2021-06-30,0.05,,,,wind:wind_get_stock_events
000736.SZ,000736.SZ_20220630_1,2022-06-30,2022-06-29,2022-06-30,0.04,,,,wind:wind_get_stock_events
000736.SZ,000736.SZ_20230616_1,2023-06-16,2023-06-15,2023-06-16,0.01,,,,wind:wind_get_stock_events
000738.SZ,000738.SZ_20150714_1,2015-07-14,2015-07-13,2015-07-14,0.017,,,,wind:wind_get_stock_events
000738.SZ,000738.SZ_20160707_1,2016-07-07,2016-07-06,2016-07-07,0.02,,,,wind:wind_get_stock_events
000738.SZ,000738.SZ_20170526_1,2017-05-26,2017-05-25,2017-05-26,0.02,,,,wind:wind_get_stock_events
000738.SZ,000738.SZ_20180702_1,2018-07-02,2018-06-29,2018-07-02,0.035,,,,wind:wind_get_stock_events
000738.SZ,000738.SZ_20190628_1,2019-06-28,2019-06-27,2019-06-28,0.04,,,,wind:wind_get_stock_events
000738.SZ,000738.SZ_20200630_1,2020-06-30,2020-06-29,2020-06-30,0.04,,,,wind:wind_get_stock_events
000738.SZ,000738.SZ_20210630_1,2021-06-30,2021-06-29,2021-06-30,0.045,,,,wind:wind_get_stock_events
000738.SZ,000738.SZ_20220623_1,2022-06-23,2022-06-22,2022-06-23,0.045,,,,wind:wind_get_stock_events
000738.SZ,000738.SZ_20230620_1,2023-06-20,2023-06-19,2023-06-20,0.053,,,,wind:wind_get_stock_events
000738.SZ,000738.SZ_20240628_1,2024-06-28,2024-06-27,2024-06-28,0.166,,,,wind:wind_get_stock_events
000738.SZ,000738.SZ_20250626_1,2025-06-26,2025-06-25,2025-06-26,0.172,,,,wind:wind_get_stock_events
000738.SZ,000738.SZ_20260626_1,2026-06-26,2026-06-25,2026-06-26,0.077,,,,wind:wind_get_stock_events
000739.SZ,000739.SZ_20150717_1,2015-07-17,2015-07-16,2015-07-17,0.085,,,,wind:wind_get_stock_events
000739.SZ,000739.SZ_20160621_1,2016-06-21,2016-06-20,2016-06-21,0.055,,,,wind:wind_get_stock_events
000739.SZ,000739.SZ_20170626_1,2017-06-26,2017-06-23,2017-06-26,0.069,,,,wind:wind_get_stock_events
000739.SZ,000739.SZ_20180523_1,2018-05-23,2018-05-22,2018-05-23,0.065,,,,wind:wind_get_stock_events
000739.SZ,000739.SZ_20190517_1,2019-05-17,2019-05-16,2019-05-17,0.11,,,,wind:wind_get_stock_events
000739.SZ,000739.SZ_20200519_1,2020-05-19,2020-05-18,2020-05-19,0.165,,,,wind:wind_get_stock_events
000739.SZ,000739.SZ_20210429_1,2021-04-29,2021-04-28,2021-04-29,0.243,,,,wind:wind_get_stock_events
000739.SZ,000739.SZ_20220418_1,2022-04-18,2022-04-15,2022-04-18,0.285,,,,wind:wind_get_stock_events
000739.SZ,000739.SZ_20230522_1,2023-05-22,2023-05-19,2023-05-22,0.297,,,,wind:wind_get_stock_events
000739.SZ,000739.SZ_20240523_1,2024-05-23,2024-05-22,2024-05-23,0.3169,,,,wind:wind_get_stock_events
000739.SZ,000739.SZ_20250522_1,2025-05-22,2025-05-21,2025-05-22,0.3561,,,,wind:wind_get_stock_events
000739.SZ,000739.SZ_20250917_1,2025-09-17,2025-09-16,2025-09-17,0.3484,,,,wind:wind_get_stock_events
000739.SZ,000739.SZ_20260429_1,2026-04-29,2026-04-28,2026-04-29,0.238,,,,wind:wind_get_stock_events
000751.SZ,000751.SZ_20241014_1,2024-10-14,2024-10-11,2024-10-14,0.03,,,,wind:wind_get_stock_events
000751.SZ,000751.SZ_20260601_1,2026-06-01,2026-05-29,2026-06-01,0.01,,,,wind:wind_get_stock_events
000752.SZ,000752.SZ_20150731_1,2015-07-31,2015-07-30,2015-07-31,0.01,,,,wind:wind_get_stock_events
000752.SZ,000752.SZ_20160819_1,2016-08-19,2016-08-18,2016-08-19,0.05,,,,wind:wind_get_stock_events
000752.SZ,000752.SZ_20170824_1,2017-08-24,2017-08-23,2017-08-24,0.02,,,,wind:wind_get_stock_events
000752.SZ,000752.SZ_20180802_1,2018-08-02,2018-08-01,2018-08-02,0.01,,,,wind:wind_get_stock_events
000755.SZ,000755.SZ_20240724_1,2024-07-24,2024-07-23,2024-07-24,0.045,,,,wind:wind_get_stock_events
000755.SZ,000755.SZ_20250619_1,2025-06-19,2025-06-18,2025-06-19,0.2,,,,wind:wind_get_stock_events
000755.SZ,000755.SZ_20260624_1,2026-06-24,2026-06-23,2026-06-24,0.2,,,,wind:wind_get_stock_events
000762.SZ,000762.SZ_20231113_1,2023-11-13,2023-11-10,2023-11-13,0.4806,,,,wind:wind_get_stock_events
000762.SZ,000762.SZ_20240712_1,2024-07-12,2024-07-11,2024-07-12,0.1,,,,wind:wind_get_stock_events
000762.SZ,000762.SZ_20250619_1,2025-06-19,2025-06-18,2025-06-19,0.05,,,,wind:wind_get_stock_events
000762.SZ,000762.SZ_20260924_1,2026-09-24,2026-09-23,2026-09-24,0.1,,,,wind:wind_get_stock_events
000768.SZ,000768.SZ_20150616_1,2015-06-16,2015-06-15,2015-06-16,0.1,,,,wind:wind_get_stock_events
000768.SZ,000768.SZ_20160616_1,2016-06-16,2016-06-15,2016-06-16,0.1,,,,wind:wind_get_stock_events
000768.SZ,000768.SZ_20170616_1,2017-06-16,2017-06-15,2017-06-16,0.05,,,,wind:wind_get_stock_events
000768.SZ,000768.SZ_20180619_1,2018-06-19,2018-06-15,2018-06-19,0.085,,,,wind:wind_get_stock_events
000768.SZ,000768.SZ_20190620_1,2019-06-20,2019-06-19,2019-06-20,0.1,,,,wind:wind_get_stock_events
000768.SZ,000768.SZ_20200622_1,2020-06-22,2020-06-19,2020-06-22,0.12,,,,wind:wind_get_stock_events
000768.SZ,000768.SZ_20210624_1,2021-06-24,2021-06-23,2021-06-24,0.085,,,,wind:wind_get_stock_events
000768.SZ,000768.SZ_20220623_1,2022-06-23,2022-06-22,2022-06-23,0.085,,,,wind:wind_get_stock_events
000768.SZ,000768.SZ_20230629_1,2023-06-29,2023-06-28,2023-06-29,0.1,,,,wind:wind_get_stock_events
000768.SZ,000768.SZ_20240621_1,2024-06-21,2024-06-20,2024-06-21,0.1,,,,wind:wind_get_stock_events
000768.SZ,000768.SZ_20250623_1,2025-06-23,2025-06-20,2025-06-23,0.12,,,,wind:wind_get_stock_events
000768.SZ,000768.SZ_20260623_1,2026-06-23,2026-06-22,2026-06-23,0.15,,,,wind:wind_get_stock_events
000776.SZ,000776.SZ_20150508_1,2015-05-08,2015-05-07,2015-05-08,0.2,,,,wind:wind_get_stock_events
000776.SZ,000776.SZ_20160824_1,2016-08-24,2016-08-23,2016-08-24,0.8,,,,wind:wind_get_stock_events
000776.SZ,000776.SZ_20170705_1,2017-07-05,2017-07-04,2017-07-05,0.35,,,,wind:wind_get_stock_events
000776.SZ,000776.SZ_20180815_1,2018-08-15,2018-08-14,2018-08-15,0.4,,,,wind:wind_get_stock_events
000776.SZ,000776.SZ_20191213_1,2019-12-13,2019-12-12,2019-12-13,0.2,,,,wind:wind_get_stock_events
000776.SZ,000776.SZ_20200805_1,2020-08-05,2020-08-04,2020-08-05,0.35,,,,wind:wind_get_stock_events
000776.SZ,000776.SZ_20210707_1,2021-07-07,2021-07-06,2021-07-07,0.45,,,,wind:wind_get_stock_events
000776.SZ,000776.SZ_20220713_1,2022-07-13,2022-07-12,2022-07-13,0.5,,,,wind:wind_get_stock_events
000776.SZ,000776.SZ_20230811_1,2023-08-11,2023-08-10,2023-08-11,0.35,,,,wind:wind_get_stock_events
000776.SZ,000776.SZ_20240703_1,2024-07-03,2024-07-02,2024-07-03,0.3,,,,wind:wind_get_stock_events
000776.SZ,000776.SZ_20241128_1,2024-11-28,2024-11-27,2024-11-28,0.1,,,,wind:wind_get_stock_events
000776.SZ,000776.SZ_20250630_1,2025-06-30,2025-06-27,2025-06-30,0.4,,,,wind:wind_get_stock_events
000776.SZ,000776.SZ_20251022_1,2025-10-22,2025-10-21,2025-10-22,0.1,,,,wind:wind_get_stock_events
000776.SZ,000776.SZ_20260807_1,2026-08-07,2026-08-06,2026-08-07,0.5,,,,wind:wind_get_stock_events
000777.SZ,000777.SZ_20150626_1,2015-06-26,2015-06-25,2015-06-26,0.05,,,,wind:wind_get_stock_events
000777.SZ,000777.SZ_20160608_1,2016-06-08,2016-06-07,2016-06-08,0.06,,,,wind:wind_get_stock_events
000777.SZ,000777.SZ_20170621_1,2017-06-21,2017-06-20,2017-06-21,0.08,,,,wind:wind_get_stock_events
000777.SZ,000777.SZ_20180629_1,2018-06-29,2018-06-28,2018-06-29,0.04,,,,wind:wind_get_stock_events
000777.SZ,000777.SZ_20190621_1,2019-06-21,2019-06-20,2019-06-21,0.09,,,,wind:wind_get_stock_events
000777.SZ,000777.SZ_20200710_1,2020-07-10,2020-07-09,2020-07-10,0.107,,,,wind:wind_get_stock_events
000777.SZ,000777.SZ_20210723_1,2021-07-23,2021-07-22,2021-07-23,0.082,,,,wind:wind_get_stock_events
000777.SZ,000777.SZ_20220720_1,2022-07-20,2022-07-19,2022-07-20,0.094,,,,wind:wind_get_stock_events
000777.SZ,000777.SZ_20230725_1,2023-07-25,2023-07-24,2023-07-25,0.121,,,,wind:wind_get_stock_events
000777.SZ,000777.SZ_20240711_1,2024-07-11,2024-07-10,2024-07-11,0.187,,,,wind:wind_get_stock_events
000777.SZ,000777.SZ_20241126_1,2024-11-26,2024-11-25,2024-11-26,0.02,,,,wind:wind_get_stock_events
000777.SZ,000777.SZ_20250708_1,2025-07-08,2025-07-07,2025-07-08,0.174,,,,wind:wind_get_stock_events
000777.SZ,000777.SZ_20251113_1,2025-11-13,2025-11-12,2025-11-13,0.021,,,,wind:wind_get_stock_events
000777.SZ,000777.SZ_20260715_1,2026-07-15,2026-07-14,2026-07-15,0.112,,,,wind:wind_get_stock_events
000778.SZ,000778.SZ_20150715_1,2015-07-15,2015-07-14,2015-07-15,0.04,,,,wind:wind_get_stock_events
000778.SZ,000778.SZ_20160718_1,2016-07-18,2016-07-15,2016-07-18,0.03,,,,wind:wind_get_stock_events
000778.SZ,000778.SZ_20170714_1,2017-07-14,2017-07-13,2017-07-14,0.03,,,,wind:wind_get_stock_events
000778.SZ,000778.SZ_20180706_1,2018-07-06,2018-07-05,2018-07-06,0.15,,,,wind:wind_get_stock_events
000778.SZ,000778.SZ_20190729_1,2019-07-29,2019-07-26,2019-07-29,0.2,,,,wind:wind_get_stock_events
000778.SZ,000778.SZ_20200727_1,2020-07-27,2020-07-24,2020-07-27,0.15,,,,wind:wind_get_stock_events
000778.SZ,000778.SZ_20210630_1,2021-06-30,2021-06-29,2021-06-30,0.15,,,,wind:wind_get_stock_events
000778.SZ,000778.SZ_20220718_1,2022-07-18,2022-07-15,2022-07-18,0.15,,,,wind:wind_get_stock_events
000778.SZ,000778.SZ_20230707_1,2023-07-07,2023-07-06,2023-07-07,0.13,,,,wind:wind_get_stock_events
000778.SZ,000778.SZ_20240712_1,2024-07-12,2024-07-11,2024-07-12,0.06,,,,wind:wind_get_stock_events
000778.SZ,000778.SZ_20250704_1,2025-07-04,2025-07-03,2025-07-04,0.02,,,,wind:wind_get_stock_events
000778.SZ,000778.SZ_20260708_1,2026-07-08,2026-07-07,2026-07-08,0.075,,,,wind:wind_get_stock_events
000779.SZ,000779.SZ_20210604_1,2021-06-04,2021-06-03,2021-06-04,0.2,,,,wind:wind_get_stock_events
000779.SZ,000779.SZ_20220621_1,2022-06-21,2022-06-20,2022-06-21,0.15,,,,wind:wind_get_stock_events
000779.SZ,000779.SZ_20240725_1,2024-07-25,2024-07-24,2024-07-25,0.08,,,,wind:wind_get_stock_events
000779.SZ,000779.SZ_20250613_1,2025-06-13,2025-06-12,2025-06-13,0.08,,,,wind:wind_get_stock_events
000779.SZ,000779.SZ_20260624_1,2026-06-24,2026-06-23,2026-06-24,0.04,,,,wind:wind_get_stock_events
000782.SZ,000782.SZ_20150730_1,2015-07-30,2015-07-29,2015-07-30,0.02,,,,wind:wind_get_stock_events
000782.SZ,000782.SZ_20160817_1,2016-08-17,2016-08-16,2016-08-17,0.02,,,,wind:wind_get_stock_events
000782.SZ,000782.SZ_20170821_1,2017-08-21,2017-08-18,2017-08-21,0.02,,,,wind:wind_get_stock_events
000782.SZ,000782.SZ_20180807_1,2018-08-07,2018-08-06,2018-08-07,0.04,,,,wind:wind_get_stock_events
000782.SZ,000782.SZ_20190809_1,2019-08-09,2019-08-08,2019-08-09,0.02,,,,wind:wind_get_stock_events
000782.SZ,000782.SZ_20200811_1,2020-08-11,2020-08-10,2020-08-11,0.02,,,,wind:wind_get_stock_events
000782.SZ,000782.SZ_20210806_1,2021-08-06,2021-08-05,2021-08-06,0.02,,,,wind:wind_get_stock_events
000782.SZ,000782.SZ_20220824_1,2022-08-24,2022-08-23,2022-08-24,0.03,,,,wind:wind_get_stock_events
000782.SZ,000782.SZ_20230620_1,2023-06-20,2023-06-19,2023-06-20,0.03,,,,wind:wind_get_stock_events
000783.SZ,000783.SZ_20150618_1,2015-06-18,2015-06-17,2015-06-18,0.15,,,,wind:wind_get_stock_events
000783.SZ,000783.SZ_20160429_1,2016-04-29,2016-04-28,2016-04-29,0.35,,,,wind:wind_get_stock_events
000783.SZ,000783.SZ_20170609_1,2017-06-09,2017-06-08,2017-06-09,0.15,,,,wind:wind_get_stock_events
000783.SZ,000783.SZ_20180717_1,2018-07-17,2018-07-16,2018-07-17,0.15,,,,wind:wind_get_stock_events
000783.SZ,000783.SZ_20190715_1,2019-07-15,2019-07-12,2019-07-15,0.02,,,,wind:wind_get_stock_events
000783.SZ,000783.SZ_20200602_1,2020-06-02,2020-06-01,2020-06-02,0.15,,,,wind:wind_get_stock_events
000783.SZ,000783.SZ_20210720_1,2021-07-20,2021-07-19,2021-07-20,0.15,,,,wind:wind_get_stock_events
000783.SZ,000783.SZ_20220707_1,2022-07-07,2022-07-06,2022-07-07,0.3,,,,wind:wind_get_stock_events
000783.SZ,000783.SZ_20230713_1,2023-07-13,2023-07-12,2023-07-13,0.12,,,,wind:wind_get_stock_events
000783.SZ,000783.SZ_20240626_1,2024-06-26,2024-06-25,2024-06-26,0.12,,,,wind:wind_get_stock_events
000783.SZ,000783.SZ_20250612_1,2025-06-12,2025-06-11,2025-06-12,0.15,,,,wind:wind_get_stock_events
000783.SZ,000783.SZ_20260615_1,2026-06-15,2026-06-12,2026-06-15,0.3,,,,wind:wind_get_stock_events
000786.SZ,000786.SZ_20150611_1,2015-06-11,2015-06-10,2015-06-11,0.425,,1,2015-06-11,wind:wind_get_stock_events
000786.SZ,000786.SZ_20160513_1,2016-05-13,2016-05-12,2016-05-13,0.175,,,,wind:wind_get_stock_events
000786.SZ,000786.SZ_20170516_1,2017-05-16,2017-05-15,2017-05-16,0.18,,,,wind:wind_get_stock_events
000786.SZ,000786.SZ_20180607_1,2018-06-07,2018-06-06,2018-06-07,0.355,,,,wind:wind_get_stock_events
000786.SZ,000786.SZ_20190620_1,2019-06-20,2019-06-19,2019-06-20,0.46,,,,wind:wind_get_stock_events
000786.SZ,000786.SZ_20200611_1,2020-06-11,2020-06-10,2020-06-11,0.082,,,,wind:wind_get_stock_events
000786.SZ,000786.SZ_20210611_1,2021-06-11,2021-06-10,2021-06-11,0.55,,,,wind:wind_get_stock_events
000786.SZ,000786.SZ_20220609_1,2022-06-09,2022-06-08,2022-06-09,0.655,,,,wind:wind_get_stock_events
000786.SZ,000786.SZ_20230609_1,2023-06-09,2023-06-08,2023-06-09,0.655,,,,wind:wind_get_stock_events
000786.SZ,000786.SZ_20240619_1,2024-06-19,2024-06-18,2024-06-19,0.835,,,,wind:wind_get_stock_events
000786.SZ,000786.SZ_20250613_1,2025-06-13,2025-06-12,2025-06-13,0.865,,,,wind:wind_get_stock_events
000786.SZ,000786.SZ_20260612_1,2026-06-12,2026-06-11,2026-06-12,0.685,,,,wind:wind_get_stock_events
000788.SZ,000788.SZ_20180620_1,2018-06-20,2018-06-19,2018-06-20,0.013,,,,wind:wind_get_stock_events
000788.SZ,000788.SZ_20190529_1,2019-05-29,2019-05-28,2019-05-29,0.02,,,,wind:wind_get_stock_events
000788.SZ,000788.SZ_20220617_1,2022-06-17,2022-06-16,2022-06-17,0.023,,,,wind:wind_get_stock_events
000788.SZ,000788.SZ_20240716_1,2024-07-16,2024-07-15,2024-07-16,0.026,,,,wind:wind_get_stock_events
000788.SZ,000788.SZ_20241127_1,2024-11-27,2024-11-26,2024-11-27,0.05,,,,wind:wind_get_stock_events
000788.SZ,000788.SZ_20250617_1,2025-06-17,2025-06-16,2025-06-17,0.03,,,,wind:wind_get_stock_events
000788.SZ,000788.SZ_20251013_1,2025-10-13,2025-10-10,2025-10-13,0.03,,,,wind:wind_get_stock_events
000788.SZ,000788.SZ_20260310_1,2026-03-10,2026-03-09,2026-03-10,0.168,,,,wind:wind_get_stock_events
000790.SZ,000790.SZ_20150528_1,2015-05-28,2015-05-27,2015-05-28,0.03,0.12,,2015-05-28,wind:wind_get_stock_events
000790.SZ,000790.SZ_20180410_1,2018-04-10,2018-04-09,2018-04-10,0.08,0.3,,2018-04-10,wind:wind_get_stock_events
000790.SZ,000790.SZ_20190509_1,2019-05-09,2019-05-08,2019-05-09,0.03,0.1,,2019-05-09,wind:wind_get_stock_events
000790.SZ,000790.SZ_20200629_1,2020-06-29,2020-06-24,2020-06-29,0.01,,,,wind:wind_get_stock_events
000790.SZ,000790.SZ_20210618_1,2021-06-18,2021-06-17,2021-06-18,0.01,,,,wind:wind_get_stock_events
000790.SZ,000790.SZ_20220714_1,2022-07-14,2022-07-13,2022-07-14,0.01,,,,wind:wind_get_stock_events
000790.SZ,000790.SZ_20230613_1,2023-06-13,2023-06-12,2023-06-13,0.01,,,,wind:wind_get_stock_events
000790.SZ,000790.SZ_20240726_1,2024-07-26,2024-07-25,2024-07-26,0.01,,,,wind:wind_get_stock_events
000791.SZ,000791.SZ_20150629_1,2015-06-29,2015-06-26,2015-06-29,0.055,,,,wind:wind_get_stock_events
000791.SZ,000791.SZ_20160617_1,2016-06-17,2016-06-16,2016-06-17,0.02,,,,wind:wind_get_stock_events
000791.SZ,000791.SZ_20170614_1,2017-06-14,2017-06-13,2017-06-14,0.02,,,,wind:wind_get_stock_events
000791.SZ,000791.SZ_20180601_1,2018-06-01,2018-05-31,2018-06-01,0.077,,,,wind:wind_get_stock_events
000791.SZ,000791.SZ_20190424_1,2019-04-24,2019-04-23,2019-04-24,0.15,,0.4,2019-04-24,wind:wind_get_stock_events
000791.SZ,000791.SZ_20200522_1,2020-05-22,2020-05-21,2020-05-22,0.1,,,,wind:wind_get_stock_events
000791.SZ,000791.SZ_20210427_1,2021-04-27,2021-04-26,2021-04-27,0.13,,,,wind:wind_get_stock_events
000791.SZ,000791.SZ_20220519_1,2022-05-19,2022-05-18,2022-05-19,0.04,,,,wind:wind_get_stock_events
000791.SZ,000791.SZ_20230601_1,2023-06-01,2023-05-31,2023-06-01,0.06,,,,wind:wind_get_stock_events
000791.SZ,000791.SZ_20240516_1,2024-05-16,2024-05-15,2024-05-16,0.11,,,,wind:wind_get_stock_events
000791.SZ,000791.SZ_20250604_1,2025-06-04,2025-06-03,2025-06-04,0.18,,,,wind:wind_get_stock_events
000791.SZ,000791.SZ_20260522_1,2026-05-22,2026-05-21,2026-05-22,0.23,,,,wind:wind_get_stock_events
000797.SZ,000797.SZ_20150709_1,2015-07-09,2015-07-08,2015-07-09,0.05,,,,wind:wind_get_stock_events
000797.SZ,000797.SZ_20170626_1,2017-06-26,2017-06-23,2017-06-26,0.1,,1,2017-06-26,wind:wind_get_stock_events
000797.SZ,000797.SZ_20180801_1,2018-08-01,2018-07-31,2018-08-01,0.06,,0.3001,2018-08-01,wind:wind_get_stock_events
000797.SZ,000797.SZ_20190718_1,2019-07-18,2019-07-17,2019-07-18,0.06,,0.2,2019-07-18,wind:wind_get_stock_events
000797.SZ,000797.SZ_20200717_1,2020-07-17,2020-07-16,2020-07-17,0.05,,,,wind:wind_get_stock_events
000797.SZ,000797.SZ_20210714_1,2021-07-14,2021-07-13,2021-07-14,0.06,,,,wind:wind_get_stock_events
000797.SZ,000797.SZ_20220630_1,2022-06-30,2022-06-29,2022-06-30,0.01,,,,wind:wind_get_stock_events
000797.SZ,000797.SZ_20230616_1,2023-06-16,2023-06-15,2023-06-16,0.01,,,,wind:wind_get_stock_events
000797.SZ,000797.SZ_20240621_1,2024-06-21,2024-06-20,2024-06-21,0.01,,,,wind:wind_get_stock_events
000798.SZ,000798.SZ_20150731_1,2015-07-31,2015-07-30,2015-07-31,0.04,,,,wind:wind_get_stock_events
000799.SZ,000799.SZ_20170523_1,2017-05-23,2017-05-22,2017-05-23,0.11,,,,wind:wind_get_stock_events
000799.SZ,000799.SZ_20180515_1,2018-05-15,2018-05-14,2018-05-15,0.15,,,,wind:wind_get_stock_events
000799.SZ,000799.SZ_20190612_1,2019-06-12,2019-06-11,2019-06-12,0.15,,,,wind:wind_get_stock_events
000799.SZ,000799.SZ_20200612_1,2020-06-12,2020-06-11,2020-06-12,0.2,,,,wind:wind_get_stock_events
000799.SZ,000799.SZ_20210709_1,2021-07-09,2021-07-08,2021-07-09,0.7,,,,wind:wind_get_stock_events
000799.SZ,000799.SZ_20220729_1,2022-07-29,2022-07-28,2022-07-29,1.3,,,,wind:wind_get_stock_events
000799.SZ,000799.SZ_20230811_1,2023-08-11,2023-08-10,2023-08-11,1.3,,,,wind:wind_get_stock_events
000799.SZ,000799.SZ_20240731_1,2024-07-31,2024-07-30,2024-07-31,1,,,,wind:wind_get_stock_events
000799.SZ,000799.SZ_20250731_1,2025-07-31,2025-07-30,2025-07-31,0.6,,,,wind:wind_get_stock_events
000799.SZ,000799.SZ_20260731_1,2026-07-31,2026-07-30,2026-07-31,0.3,,,,wind:wind_get_stock_events
000801.SZ,000801.SZ_20150611_1,2015-06-11,2015-06-10,2015-06-11,0.06,,,,wind:wind_get_stock_events
000801.SZ,000801.SZ_20160614_1,2016-06-14,2016-06-13,2016-06-14,0.1,,1,2016-06-14,wind:wind_get_stock_events
000801.SZ,000801.SZ_20170623_1,2017-06-23,2017-06-22,2017-06-23,0.02,,,,wind:wind_get_stock_events
000801.SZ,000801.SZ_20180531_1,2018-05-31,2018-05-30,2018-05-31,0.02,,,,wind:wind_get_stock_events
000801.SZ,000801.SZ_20190621_1,2019-06-21,2019-06-20,2019-06-21,0.02,,,,wind:wind_get_stock_events
000801.SZ,000801.SZ_20210604_1,2021-06-04,2021-06-03,2021-06-04,0.026,,,,wind:wind_get_stock_events
000801.SZ,000801.SZ_20220613_1,2022-06-13,2022-06-10,2022-06-13,0.051,,,,wind:wind_get_stock_events
000801.SZ,000801.SZ_20230714_1,2023-07-14,2023-07-13,2023-07-14,0.1,,,,wind:wind_get_stock_events
000801.SZ,000801.SZ_20240621_1,2024-06-21,2024-06-20,2024-06-21,0.1,,,,wind:wind_get_stock_events
000801.SZ,000801.SZ_20250612_1,2025-06-12,2025-06-11,2025-06-12,0.1,,,,wind:wind_get_stock_events
000801.SZ,000801.SZ_20260624_1,2026-06-24,2026-06-23,2026-06-24,0.02,,,,wind:wind_get_stock_events
000802.SZ,000802.SZ_20150512_1,2015-05-12,2015-05-11,2015-05-12,0.02,,,,wind:wind_get_stock_events
000802.SZ,000802.SZ_20170512_1,2017-05-12,2017-05-11,2017-05-12,0.077,,,,wind:wind_get_stock_events
000802.SZ,000802.SZ_20180523_1,2018-05-23,2018-05-22,2018-05-23,0.041,,,,wind:wind_get_stock_events
000802.SZ,000802.SZ_20190613_1,2019-06-13,2019-06-12,2019-06-13,0.06,,,,wind:wind_get_stock_events
000803.SZ,000803.SZ_20220413_1,2022-04-13,2022-04-12,,,,0.4,2022-04-13,wind:wind_get_stock_events
000803.SZ,000803.SZ_20230713_1,2023-07-13,2023-07-12,,,,0.4,2023-07-13,wind:wind_get_stock_events
000807.SZ,000807.SZ_20180524_1,2018-05-24,2018-05-23,2018-05-24,0.07,,,,wind:wind_get_stock_events
000807.SZ,000807.SZ_20220623_1,2022-06-23,2022-06-22,2022-06-23,0.113,,,,wind:wind_get_stock_events
000807.SZ,000807.SZ_20230630_1,2023-06-30,2023-06-29,2023-06-30,0.16,,,,wind:wind_get_stock_events
000807.SZ,000807.SZ_20240620_1,2024-06-20,2024-06-19,2024-06-20,0.23,,,,wind:wind_get_stock_events
000807.SZ,000807.SZ_20240930_1,2024-09-30,2024-09-27,2024-09-30,0.23,,,,wind:wind_get_stock_events
000807.SZ,000807.SZ_20250626_1,2025-06-26,2025-06-25,2025-06-26,0.18,,,,wind:wind_get_stock_events
000807.SZ,000807.SZ_20251028_1,2025-10-28,2025-10-27,2025-10-28,0.32,,,,wind:wind_get_stock_events
000807.SZ,000807.SZ_20260610_1,2026-06-10,2026-06-09,2026-06-10,0.379,,,,wind:wind_get_stock_events
000809.SZ,000809.SZ_20151020_1,2015-10-20,2015-10-19,2015-10-20,0.1,0.5,,2015-10-20,wind:wind_get_stock_events
000816.SZ,000816.SZ_20150616_1,2015-06-16,2015-06-15,2015-06-16,0.01,,,,wind:wind_get_stock_events
000816.SZ,000816.SZ_20160622_1,2016-06-22,2016-06-21,2016-06-22,0.01,,,,wind:wind_get_stock_events
000816.SZ,000816.SZ_20190606_1,2019-06-06,2019-06-05,2019-06-06,0.01,,,,wind:wind_get_stock_events
000818.SZ,000818.SZ_20170628_1,2017-06-28,2017-06-27,2017-06-28,0.047,,,,wind:wind_get_stock_events
000818.SZ,000818.SZ_20180517_1,2018-05-17,2018-05-16,2018-05-17,0.08,,,,wind:wind_get_stock_events
000818.SZ,000818.SZ_20190705_1,2019-07-05,2019-07-04,2019-07-05,0.15,,,,wind:wind_get_stock_events
000818.SZ,000818.SZ_20200624_1,2020-06-24,2020-06-23,2020-06-24,0.05,,,,wind:wind_get_stock_events
000818.SZ,000818.SZ_20210609_1,2021-06-09,2021-06-08,2021-06-09,0.13,,,,wind:wind_get_stock_events
000818.SZ,000818.SZ_20210916_1,2021-09-16,2021-09-15,2021-09-16,0.12,,,,wind:wind_get_stock_events
000818.SZ,000818.SZ_20220608_1,2022-06-08,2022-06-07,2022-06-08,0.1,,,,wind:wind_get_stock_events
000818.SZ,000818.SZ_20230616_1,2023-06-16,2023-06-15,2023-06-16,0.06,,,,wind:wind_get_stock_events
000818.SZ,000818.SZ_20240524_1,2024-05-24,2024-05-23,2024-05-24,0.05,,,,wind:wind_get_stock_events
000821.SZ,000821.SZ_20160629_1,2016-06-29,2016-06-28,2016-06-29,0.01,,,,wind:wind_get_stock_events
000821.SZ,000821.SZ_20170613_1,2017-06-13,2017-06-12,2017-06-13,0.02,,,,wind:wind_get_stock_events
000821.SZ,000821.SZ_20180710_1,2018-07-10,2018-07-09,2018-07-10,0.03,,,,wind:wind_get_stock_events
000821.SZ,000821.SZ_20240628_1,2024-06-28,2024-06-27,2024-06-28,0.087,,,,wind:wind_get_stock_events
000821.SZ,000821.SZ_20250708_1,2025-07-08,2025-07-07,2025-07-08,0.07,,,,wind:wind_get_stock_events
000821.SZ,000821.SZ_20260703_1,2026-07-03,2026-07-02,2026-07-03,0.033,,,,wind:wind_get_stock_events
000822.SZ,000822.SZ_20180502_1,2018-05-02,2018-04-27,2018-05-02,0.05,,,,wind:wind_get_stock_events
000822.SZ,000822.SZ_20190522_1,2019-05-22,2019-05-21,2019-05-22,0.2,,,,wind:wind_get_stock_events
000822.SZ,000822.SZ_20200521_1,2020-05-21,2020-05-20,2020-05-21,0.09,,,,wind:wind_get_stock_events
000822.SZ,000822.SZ_20210903_1,2021-09-03,2021-09-02,2021-09-03,0.11,,,,wind:wind_get_stock_events
000822.SZ,000822.SZ_20220610_1,2022-06-10,2022-06-09,2022-06-10,0.05,,,,wind:wind_get_stock_events
000822.SZ,000822.SZ_20230512_1,2023-05-12,2023-05-11,2023-05-12,0.1,,,,wind:wind_get_stock_events
000822.SZ,000822.SZ_20240515_1,2024-05-15,2024-05-14,2024-05-15,0.1,,,,wind:wind_get_stock_events
000823.SZ,000823.SZ_20150625_1,2015-06-25,2015-06-24,2015-06-25,0.1,,,,wind:wind_get_stock_events
000823.SZ,000823.SZ_20160628_1,2016-06-28,2016-06-27,2016-06-28,0.02,,,,wind:wind_get_stock_events
000823.SZ,000823.SZ_20170620_1,2017-06-20,2017-06-19,2017-06-20,0.1,,,,wind:wind_get_stock_events
000823.SZ,000823.SZ_20180621_1,2018-06-21,2018-06-20,2018-06-21,0.08,,,,wind:wind_get_stock_events
000823.SZ,000823.SZ_20190625_1,2019-06-25,2019-06-24,2019-06-25,0.1,,,,wind:wind_get_stock_events
000823.SZ,000823.SZ_20200616_1,2020-06-16,2020-06-15,2020-06-16,0.1,,,,wind:wind_get_stock_events
000823.SZ,000823.SZ_20210607_1,2021-06-07,2021-06-04,2021-06-07,0.13,,,,wind:wind_get_stock_events
000823.SZ,000823.SZ_20220628_1,2022-06-28,2022-06-27,2022-06-28,0.1,,,,wind:wind_get_stock_events
000823.SZ,000823.SZ_20230629_1,2023-06-29,2023-06-28,2023-06-29,0.1,,,,wind:wind_get_stock_events
000823.SZ,000823.SZ_20240530_1,2024-05-30,2024-05-29,2024-05-30,0.1,,,,wind:wind_get_stock_events
000823.SZ,000823.SZ_20250422_1,2025-04-22,2025-04-21,2025-04-22,0.2,,,,wind:wind_get_stock_events
000823.SZ,000823.SZ_20260512_1,2026-05-12,2026-05-11,2026-05-12,0.2,,,,wind:wind_get_stock_events
000825.SZ,000825.SZ_20170627_1,2017-06-27,2017-06-26,2017-06-27,0.02,,,,wind:wind_get_stock_events
000825.SZ,000825.SZ_20180710_1,2018-07-10,2018-07-09,2018-07-10,0.243,,,,wind:wind_get_stock_events
000825.SZ,000825.SZ_20190603_1,2019-06-03,2019-05-31,2019-06-03,0.1,,,,wind:wind_get_stock_events
000825.SZ,000825.SZ_20200528_1,2020-05-28,2020-05-27,2020-05-28,0.1,,,,wind:wind_get_stock_events
000825.SZ,000825.SZ_20210602_1,2021-06-02,2021-06-01,2021-06-02,0.153,,,,wind:wind_get_stock_events
000825.SZ,000825.SZ_20211125_1,2021-11-25,2021-11-24,2021-11-25,0.586,,,,wind:wind_get_stock_events
000825.SZ,000825.SZ_20220629_1,2022-06-29,2022-06-28,2022-06-29,0.0596,,,,wind:wind_get_stock_events
000825.SZ,000825.SZ_20230601_1,2023-06-01,2023-05-31,2023-06-01,0.025,,,,wind:wind_get_stock_events
000825.SZ,000825.SZ_20260609_1,2026-06-09,2026-06-08,2026-06-09,0.009,,,,wind:wind_get_stock_events
000826.SZ,000826.SZ_20150612_1,2015-06-12,2015-06-11,2015-06-12,0.1,,,,wind:wind_get_stock_events
000826.SZ,000826.SZ_20160628_1,2016-06-28,2016-06-27,2016-06-28,0.15,,,,wind:wind_get_stock_events
000826.SZ,000826.SZ_20170524_1,2017-05-24,2017-05-23,2017-05-24,0.2,,,,wind:wind_get_stock_events
000826.SZ,000826.SZ_20180529_1,2018-05-29,2018-05-28,2018-05-29,0.4,,0.4,2018-05-29,wind:wind_get_stock_events
000826.SZ,000826.SZ_20190717_1,2019-07-17,2019-07-16,2019-07-17,0.03,,,,wind:wind_get_stock_events
000828.SZ,000828.SZ_20150630_1,2015-06-30,2015-06-29,2015-06-30,0.25,,,,wind:wind_get_stock_events
000828.SZ,000828.SZ_20160525_1,2016-05-25,2016-05-24,2016-05-25,0.3,,,,wind:wind_get_stock_events
000828.SZ,000828.SZ_20170615_1,2017-06-15,2017-06-14,2017-06-15,0.3,,,,wind:wind_get_stock_events
000828.SZ,000828.SZ_20180626_1,2018-06-26,2018-06-25,2018-06-26,0.25,,,,wind:wind_get_stock_events
000828.SZ,000828.SZ_20190712_1,2019-07-12,2019-07-11,2019-07-12,0.27,,,,wind:wind_get_stock_events
000828.SZ,000828.SZ_20200609_1,2020-06-09,2020-06-08,2020-06-09,0.3,,,,wind:wind_get_stock_events
000828.SZ,000828.SZ_20210608_1,2021-06-08,2021-06-07,2021-06-08,0.25,,,,wind:wind_get_stock_events
000828.SZ,000828.SZ_20220616_1,2022-06-16,2022-06-15,2022-06-16,0.27,,,,wind:wind_get_stock_events
000828.SZ,000828.SZ_20230630_1,2023-06-30,2023-06-29,2023-06-30,0.25,,,,wind:wind_get_stock_events
000828.SZ,000828.SZ_20240529_1,2024-05-29,2024-05-28,2024-05-29,0.325,,,,wind:wind_get_stock_events
000828.SZ,000828.SZ_20240927_1,2024-09-27,2024-09-26,2024-09-27,0.15,,,,wind:wind_get_stock_events
000828.SZ,000828.SZ_20250514_1,2025-05-14,2025-05-13,2025-05-14,0.325,,,,wind:wind_get_stock_events
000828.SZ,000828.SZ_20250924_1,2025-09-24,2025-09-23,2025-09-24,0.15,,,,wind:wind_get_stock_events
000828.SZ,000828.SZ_20260519_1,2026-05-19,2026-05-18,2026-05-19,0.325,,,,wind:wind_get_stock_events
000828.SZ,000828.SZ_20260929_1,2026-09-29,2026-09-28,2026-09-29,0.15,,,,wind:wind_get_stock_events
000829.SZ,000829.SZ_20180601_1,2018-06-01,2018-05-31,2018-06-01,0.022,,,,wind:wind_get_stock_events
000829.SZ,000829.SZ_20200623_1,2020-06-23,2020-06-22,2020-06-23,0.03,,,,wind:wind_get_stock_events
000829.SZ,000829.SZ_20210611_1,2021-06-11,2021-06-10,2021-06-11,0.055,,,,wind:wind_get_stock_events
000829.SZ,000829.SZ_20220610_1,2022-06-10,2022-06-09,2022-06-10,0.061,,,,wind:wind_get_stock_events
000829.SZ,000829.SZ_20230613_1,2023-06-13,2023-06-12,2023-06-13,0.032,,,,wind:wind_get_stock_events
000829.SZ,000829.SZ_20240619_1,2024-06-19,2024-06-18,2024-06-19,0.025,,,,wind:wind_get_stock_events
000829.SZ,000829.SZ_20250620_1,2025-06-20,2025-06-19,2025-06-20,0.01,,,,wind:wind_get_stock_events
000830.SZ,000830.SZ_20150709_1,2015-07-09,2015-07-08,2015-07-09,0.3,,,,wind:wind_get_stock_events
000830.SZ,000830.SZ_20180614_1,2018-06-14,2018-06-13,2018-06-14,0.3,,,,wind:wind_get_stock_events
000830.SZ,000830.SZ_20190524_1,2019-05-24,2019-05-23,2019-05-24,0.5,,,,wind:wind_get_stock_events
000830.SZ,000830.SZ_20200515_1,2020-05-15,2020-05-14,2020-05-15,0.5,,,,wind:wind_get_stock_events
000830.SZ,000830.SZ_20210430_1,2021-04-30,2021-04-29,2021-04-30,0.5,,,,wind:wind_get_stock_events
000830.SZ,000830.SZ_20220715_1,2022-07-15,2022-07-14,2022-07-15,2,,,,wind:wind_get_stock_events
000830.SZ,000830.SZ_20230720_1,2023-07-20,2023-07-19,2023-07-20,0.65,,,,wind:wind_get_stock_events
000830.SZ,000830.SZ_20240606_1,2024-06-06,2024-06-05,2024-06-06,0.13,,,,wind:wind_get_stock_events
000830.SZ,000830.SZ_20250619_1,2025-06-19,2025-06-18,2025-06-19,0.35,,,,wind:wind_get_stock_events
000830.SZ,000830.SZ_20260626_1,2026-06-26,2026-06-25,2026-06-26,0.2,,,,wind:wind_get_stock_events
000831.SZ,000831.SZ_20201023_1,2020-10-23,2020-10-22,2020-10-23,0.04,,,,wind:wind_get_stock_events
000831.SZ,000831.SZ_20210716_1,2021-07-16,2021-07-15,2021-07-16,0.05,,,,wind:wind_get_stock_events
000831.SZ,000831.SZ_20230620_1,2023-06-20,2023-06-19,2023-06-20,0.04,,,,wind:wind_get_stock_events
000831.SZ,000831.SZ_20240625_1,2024-06-25,2024-06-24,2024-06-25,0.08,,,,wind:wind_get_stock_events
000831.SZ,000831.SZ_20260703_1,2026-07-03,2026-07-02,2026-07-03,0.029,,,,wind:wind_get_stock_events
000837.SZ,000837.SZ_20231027_1,2023-10-27,2023-10-26,2023-10-27,0.03,,,,wind:wind_get_stock_events
000837.SZ,000837.SZ_20251219_1,2025-12-19,2025-12-18,2025-12-19,0.03,,,,wind:wind_get_stock_events
000839.SZ,000839.SZ_20150708_1,2015-07-08,2015-07-07,2015-07-08,0.2,,,,wind:wind_get_stock_events
000839.SZ,000839.SZ_20160729_1,2016-07-29,2016-07-28,2016-07-29,0.1,0.3,1.2,2016-07-29,wind:wind_get_stock_events
000839.SZ,000839.SZ_20170818_1,2017-08-18,2017-08-17,2017-08-18,0.05,,,,wind:wind_get_stock_events
000839.SZ,000839.SZ_20180827_1,2018-08-27,2018-08-24,2018-08-27,0.05,,,,wind:wind_get_stock_events
000850.SZ,000850.SZ_20150710_1,2015-07-10,2015-07-09,2015-07-10,0.05,,,,wind:wind_get_stock_events
000850.SZ,000850.SZ_20160621_1,2016-06-21,2016-06-20,2016-06-21,0.1,,,,wind:wind_get_stock_events
000850.SZ,000850.SZ_20170628_1,2017-06-28,2017-06-27,2017-06-28,0.05,,,,wind:wind_get_stock_events
000850.SZ,000850.SZ_20180816_1,2018-08-16,2018-08-15,2018-08-16,0.05,,,,wind:wind_get_stock_events
000850.SZ,000850.SZ_20190826_1,2019-08-26,2019-08-23,2019-08-26,0.05,,,,wind:wind_get_stock_events
000850.SZ,000850.SZ_20200807_1,2020-08-07,2020-08-06,2020-08-07,0.05,,,,wind:wind_get_stock_events
000850.SZ,000850.SZ_20210819_1,2021-08-19,2021-08-18,2021-08-19,0.05,,,,wind:wind_get_stock_events
000850.SZ,000850.SZ_20220714_1,2022-07-14,2022-07-13,2022-07-14,0.05,,,,wind:wind_get_stock_events
000850.SZ,000850.SZ_20230628_1,2023-06-28,2023-06-27,2023-06-28,0.2,,,,wind:wind_get_stock_events
000850.SZ,000850.SZ_20240726_1,2024-07-26,2024-07-25,2024-07-26,0.1,,,,wind:wind_get_stock_events
000850.SZ,000850.SZ_20250806_1,2025-08-06,2025-08-05,2025-08-06,0.1,,,,wind:wind_get_stock_events
000850.SZ,000850.SZ_20260722_1,2026-07-22,2026-07-21,2026-07-22,0.1,,,,wind:wind_get_stock_events
000852.SZ,000852.SZ_20160705_1,2016-07-05,2016-07-04,,,,0.3,2016-07-05,wind:wind_get_stock_events
000852.SZ,000852.SZ_20190718_1,2019-07-18,2019-07-17,,,,0.3,2019-07-18,wind:wind_get_stock_events
000858.SZ,000858.SZ_20150619_1,2015-06-19,2015-06-18,2015-06-19,0.6,,,,wind:wind_get_stock_events
000858.SZ,000858.SZ_20160725_1,2016-07-25,2016-07-22,2016-07-25,0.8,,,,wind:wind_get_stock_events
000858.SZ,000858.SZ_20170512_1,2017-05-12,2017-05-11,2017-05-12,0.9,,,,wind:wind_get_stock_events
000858.SZ,000858.SZ_20180706_1,2018-07-06,2018-07-05,2018-07-06,1.3,,,,wind:wind_get_stock_events
000858.SZ,000858.SZ_20190606_1,2019-06-06,2019-06-05,2019-06-06,1.7,,,,wind:wind_get_stock_events
000858.SZ,000858.SZ_20200622_1,2020-06-22,2020-06-19,2020-06-22,2.2,,,,wind:wind_get_stock_events
000858.SZ,000858.SZ_20210709_1,2021-07-09,2021-07-08,2021-07-09,2.58,,,,wind:wind_get_stock_events
000858.SZ,000858.SZ_20220629_1,2022-06-29,2022-06-28,2022-06-29,3.023,,,,wind:wind_get_stock_events
000858.SZ,000858.SZ_20230627_1,2023-06-27,2023-06-26,2023-06-27,3.782,,,,wind:wind_get_stock_events
000858.SZ,000858.SZ_20240712_1,2024-07-12,2024-07-11,2024-07-12,4.67,,,,wind:wind_get_stock_events
000858.SZ,000858.SZ_20250123_1,2025-01-23,2025-01-22,2025-01-23,2.576,,,,wind:wind_get_stock_events
000858.SZ,000858.SZ_20250718_1,2025-07-18,2025-07-17,2025-07-18,3.169,,,,wind:wind_get_stock_events
000858.SZ,000858.SZ_20251218_1,2025-12-18,2025-12-17,2025-12-18,2.578,,,,wind:wind_get_stock_events
000858.SZ,000858.SZ_20260716_1,2026-07-16,2026-07-15,2026-07-16,2.5797,,,,wind:wind_get_stock_events
000859.SZ,000859.SZ_20150512_1,2015-05-12,2015-05-11,,,,0.3,2015-05-12,wind:wind_get_stock_events
000859.SZ,000859.SZ_20170517_1,2017-05-17,2017-05-16,2017-05-17,0.01,,,,wind:wind_get_stock_events
000859.SZ,000859.SZ_20180704_1,2018-07-04,2018-07-03,2018-07-04,0.01,,,,wind:wind_get_stock_events
000859.SZ,000859.SZ_20190701_1,2019-07-01,2019-06-28,2019-07-01,0.01,,,,wind:wind_get_stock_events
000859.SZ,000859.SZ_20200624_1,2020-06-24,2020-06-23,2020-06-24,0.015,,,,wind:wind_get_stock_events
000859.SZ,000859.SZ_20210701_1,2021-07-01,2021-06-30,2021-07-01,0.03,,,,wind:wind_get_stock_events
000859.SZ,000859.SZ_20220616_1,2022-06-16,2022-06-15,2022-06-16,0.02,,,,wind:wind_get_stock_events
000859.SZ,000859.SZ_20230616_1,2023-06-16,2023-06-15,2023-06-16,0.02,,,,wind:wind_get_stock_events
000863.SZ,000863.SZ_20150820_1,2015-08-20,2015-08-19,2015-08-20,0.0971,,,,wind:wind_get_stock_events
000863.SZ,000863.SZ_20161021_1,2016-10-21,2016-10-20,2016-10-21,0.1004,,,,wind:wind_get_stock_events
000863.SZ,000863.SZ_20171101_1,2017-11-01,2017-10-31,2017-11-01,0.2,,,,wind:wind_get_stock_events
000863.SZ,000863.SZ_20180726_1,2018-07-26,2018-07-25,2018-07-26,0.2015,,,,wind:wind_get_stock_events
000863.SZ,000863.SZ_20200825_1,2020-08-25,2020-08-24,2020-08-25,0.4,,,,wind:wind_get_stock_events
000863.SZ,000863.SZ_20210601_1,2021-06-01,2021-05-31,2021-06-01,0.4,,,,wind:wind_get_stock_events
000863.SZ,000863.SZ_20220513_1,2022-05-13,2022-05-12,2022-05-13,0.1,,,,wind:wind_get_stock_events
000868.SZ,000868.SZ_20160805_1,2016-08-05,2016-08-04,2016-08-05,0.02,,,,wind:wind_get_stock_events
000875.SZ,000875.SZ_20231027_1,2023-10-27,2023-10-26,2023-10-27,0.11,,,,wind:wind_get_stock_events
000875.SZ,000875.SZ_20240812_1,2024-08-12,2024-08-09,2024-08-12,0.117,,,,wind:wind_get_stock_events
000875.SZ,000875.SZ_20250619_1,2025-06-19,2025-06-18,2025-06-19,0.016,,,,wind:wind_get_stock_events
000875.SZ,000875.SZ_20250918_1,2025-09-18,2025-09-17,2025-09-18,0.02,,,,wind:wind_get_stock_events
000875.SZ,000875.SZ_20251125_1,2025-11-25,2025-11-24,2025-11-25,0.021,,,,wind:wind_get_stock_events
000875.SZ,000875.SZ_20260609_1,2026-06-09,2026-06-08,2026-06-09,0.016,,,,wind:wind_get_stock_events
000875.SZ,000875.SZ_20260922_1,2026-09-22,2026-09-21,2026-09-22,0.022,,,,wind:wind_get_stock_events
000876.SZ,000876.SZ_20150717_1,2015-07-17,2015-07-16,2015-07-17,0.25,,,,wind:wind_get_stock_events
000876.SZ,000876.SZ_20160628_1,2016-06-28,2016-06-27,2016-06-28,0.55,,1,2016-06-28,wind:wind_get_stock_events
000876.SZ,000876.SZ_20170808_1,2017-08-08,2017-08-07,2017-08-08,0.5,,,,wind:wind_get_stock_events
000876.SZ,000876.SZ_20180713_1,2018-07-13,2018-07-12,2018-07-13,0.15,,,,wind:wind_get_stock_events
000876.SZ,000876.SZ_20190621_1,2019-06-21,2019-06-20,2019-06-21,0.03,,,,wind:wind_get_stock_events
000876.SZ,000876.SZ_20200619_1,2020-06-19,2020-06-18,2020-06-19,0.15,,,,wind:wind_get_stock_events
000876.SZ,000876.SZ_20250725_1,2025-07-25,2025-07-24,2025-07-25,0.0241,,,,wind:wind_get_stock_events
000877.SZ,000877.SZ_20150619_1,2015-06-19,2015-06-18,2015-06-19,0.087,,,,wind:wind_get_stock_events
000877.SZ,000877.SZ_20170518_1,2017-05-18,2017-05-17,2017-05-18,0.036,,,,wind:wind_get_stock_events
000877.SZ,000877.SZ_20180524_1,2018-05-24,2018-05-23,2018-05-24,0.08,,,,wind:wind_get_stock_events
000877.SZ,000877.SZ_20190529_1,2019-05-29,2019-05-28,2019-05-29,0.38,,,,wind:wind_get_stock_events
000877.SZ,000877.SZ_20200605_1,2020-06-05,2020-06-04,2020-06-05,0.51,,,,wind:wind_get_stock_events
000877.SZ,000877.SZ_20210526_1,2021-05-26,2021-05-25,2021-05-26,0.48,,,,wind:wind_get_stock_events
000877.SZ,000877.SZ_20220608_1,2022-06-08,2022-06-07,2022-06-08,0.33,,,,wind:wind_get_stock_events
000877.SZ,000877.SZ_20230602_1,2023-06-02,2023-06-01,2023-06-02,0.27,,,,wind:wind_get_stock_events
000877.SZ,000877.SZ_20240529_1,2024-05-29,2024-05-28,2024-05-29,0.114,,,,wind:wind_get_stock_events
000880.SZ,000880.SZ_20171109_1,2017-11-09,2017-11-08,2017-11-09,0.02,,,,wind:wind_get_stock_events
000880.SZ,000880.SZ_20180817_1,2018-08-17,2018-08-16,2018-08-17,0.02,,,,wind:wind_get_stock_events
000880.SZ,000880.SZ_20190809_1,2019-08-09,2019-08-08,2019-08-09,0.02,,,,wind:wind_get_stock_events
000880.SZ,000880.SZ_20200814_1,2020-08-14,2020-08-13,2020-08-14,0.02,,,,wind:wind_get_stock_events
000880.SZ,000880.SZ_20210527_1,2021-05-27,2021-05-26,2021-05-27,0.05,,0.2,2021-05-27,wind:wind_get_stock_events
000880.SZ,000880.SZ_20220819_1,2022-08-19,2022-08-18,2022-08-19,0.025,,,,wind:wind_get_stock_events
000880.SZ,000880.SZ_20230814_1,2023-08-14,2023-08-11,2023-08-14,0.15,,,,wind:wind_get_stock_events
000880.SZ,000880.SZ_20240709_1,2024-07-09,2024-07-08,2024-07-09,0.18,,,,wind:wind_get_stock_events
000880.SZ,000880.SZ_20250124_1,2025-01-24,2025-01-23,2025-01-24,0.03,,,,wind:wind_get_stock_events
000880.SZ,000880.SZ_20250819_1,2025-08-19,2025-08-18,2025-08-19,0.17,,,,wind:wind_get_stock_events
000880.SZ,000880.SZ_20250919_1,2025-09-19,2025-09-18,2025-09-19,0.09,,0.4,2025-09-19,wind:wind_get_stock_events
000880.SZ,000880.SZ_20260818_1,2026-08-18,2026-08-17,2026-08-18,0.116,,,,wind:wind_get_stock_events
000881.SZ,000881.SZ_20170615_1,2017-06-15,2017-06-14,2017-06-15,0.03,,,,wind:wind_get_stock_events
000881.SZ,000881.SZ_20180703_1,2018-07-03,2018-07-02,2018-07-03,0.037,,,,wind:wind_get_stock_events
000881.SZ,000881.SZ_20191029_1,2019-10-29,2019-10-28,2019-10-29,0.032,,,,wind:wind_get_stock_events
000881.SZ,000881.SZ_20200624_1,2020-06-24,2020-06-23,2020-06-24,0.022,,,,wind:wind_get_stock_events
000881.SZ,000881.SZ_20210701_1,2021-07-01,2021-06-30,2021-07-01,0.033,,,,wind:wind_get_stock_events
000881.SZ,000881.SZ_20220629_1,2022-06-29,2022-06-28,2022-06-29,0.035,,,,wind:wind_get_stock_events
000881.SZ,000881.SZ_20230607_1,2023-06-07,2023-06-06,2023-06-07,0.04,,,,wind:wind_get_stock_events
000882.SZ,000882.SZ_20150716_1,2015-07-16,2015-07-15,2015-07-16,0.028,,,,wind:wind_get_stock_events
000882.SZ,000882.SZ_20160519_1,2016-05-19,2016-05-18,2016-05-19,0.064,,,,wind:wind_get_stock_events
000882.SZ,000882.SZ_20170719_1,2017-07-19,2017-07-18,2017-07-19,0.031,,,,wind:wind_get_stock_events
000882.SZ,000882.SZ_20180710_1,2018-07-10,2018-07-09,2018-07-10,0.003,,,,wind:wind_get_stock_events
000882.SZ,000882.SZ_20190710_1,2019-07-10,2019-07-09,2019-07-10,0.004,,,,wind:wind_get_stock_events
000882.SZ,000882.SZ_20200717_1,2020-07-17,2020-07-16,2020-07-17,0.005,,,,wind:wind_get_stock_events
000882.SZ,000882.SZ_20210716_1,2021-07-16,2021-07-15,2021-07-16,0.003,,,,wind:wind_get_stock_events
000883.SZ,000883.SZ_20150617_1,2015-06-17,2015-06-16,2015-06-17,0.054,,,,wind:wind_get_stock_events
000883.SZ,000883.SZ_20151118_1,2015-11-18,2015-11-17,2015-11-18,0.0253,,,,wind:wind_get_stock_events
000883.SZ,000883.SZ_20160819_1,2016-08-19,2016-08-18,2016-08-19,0.091,,,,wind:wind_get_stock_events
000883.SZ,000883.SZ_20170718_1,2017-07-18,2017-07-17,2017-07-18,0.091,,,,wind:wind_get_stock_events
000883.SZ,000883.SZ_20180727_1,2018-07-27,2018-07-26,2018-07-27,0.1,,,,wind:wind_get_stock_events
000883.SZ,000883.SZ_20190701_1,2019-07-01,2019-06-28,2019-07-01,0.11,,,,wind:wind_get_stock_events
000883.SZ,000883.SZ_20200723_1,2020-07-23,2020-07-22,2020-07-23,0.1,,,,wind:wind_get_stock_events
000883.SZ,000883.SZ_20210716_1,2021-07-16,2021-07-15,2021-07-16,0.12,,,,wind:wind_get_stock_events
000883.SZ,000883.SZ_20220715_1,2022-07-15,2022-07-14,2022-07-15,0.15,,,,wind:wind_get_stock_events
000883.SZ,000883.SZ_20230816_1,2023-08-16,2023-08-15,2023-08-16,0.06,,,,wind:wind_get_stock_events
000883.SZ,000883.SZ_20240808_1,2024-08-08,2024-08-07,2024-08-08,0.09,,,,wind:wind_get_stock_events
000883.SZ,000883.SZ_20250620_1,2025-06-20,2025-06-19,2025-06-20,0.1,,,,wind:wind_get_stock_events
000883.SZ,000883.SZ_20260722_1,2026-07-22,2026-07-21,2026-07-22,0.15,,,,wind:wind_get_stock_events
000886.SZ,000886.SZ_20180712_1,2018-07-12,2018-07-11,2018-07-12,0.05,,,,wind:wind_get_stock_events
000886.SZ,000886.SZ_20190704_1,2019-07-04,2019-07-03,2019-07-04,0.05,,,,wind:wind_get_stock_events
000886.SZ,000886.SZ_20201113_1,2020-11-13,2020-11-12,2020-11-13,0.05,,,,wind:wind_get_stock_events
000886.SZ,000886.SZ_20210719_1,2021-07-19,2021-07-16,2021-07-19,0.05,,,,wind:wind_get_stock_events
000886.SZ,000886.SZ_20220713_1,2022-07-13,2022-07-12,2022-07-13,0.05,,,,wind:wind_get_stock_events
000886.SZ,000886.SZ_20230630_1,2023-06-30,2023-06-29,2023-06-30,0.05,,,,wind:wind_get_stock_events
000886.SZ,000886.SZ_20240621_1,2024-06-21,2024-06-20,2024-06-21,0.05,,,,wind:wind_get_stock_events
000886.SZ,000886.SZ_20241213_1,2024-12-13,2024-12-12,2024-12-13,0.02,,,,wind:wind_get_stock_events
000887.SZ,000887.SZ_20150629_1,2015-06-29,2015-06-26,2015-06-29,0.04,,,,wind:wind_get_stock_events
000887.SZ,000887.SZ_20160615_1,2016-06-15,2016-06-14,2016-06-15,0.08,,,,wind:wind_get_stock_events
000887.SZ,000887.SZ_20170619_1,2017-06-19,2017-06-16,2017-06-19,0.1,,,,wind:wind_get_stock_events
000887.SZ,000887.SZ_20180704_1,2018-07-04,2018-07-03,2018-07-04,0.3,,,,wind:wind_get_stock_events
000887.SZ,000887.SZ_20190531_1,2019-05-31,2019-05-30,2019-05-31,0.2,,,,wind:wind_get_stock_events
000887.SZ,000887.SZ_20200729_1,2020-07-29,2020-07-28,2020-07-29,0.2,,,,wind:wind_get_stock_events
000887.SZ,000887.SZ_20210607_1,2021-06-07,2021-06-04,2021-06-07,0.2,,,,wind:wind_get_stock_events
000887.SZ,000887.SZ_20220617_1,2022-06-17,2022-06-16,2022-06-17,0.2,,,,wind:wind_get_stock_events
000887.SZ,000887.SZ_20230619_1,2023-06-19,2023-06-16,2023-06-19,0.2,,,,wind:wind_get_stock_events
000887.SZ,000887.SZ_20240625_1,2024-06-25,2024-06-24,2024-06-25,0.2,,,,wind:wind_get_stock_events
000887.SZ,000887.SZ_20250627_1,2025-06-27,2025-06-26,2025-06-27,0.15,,,,wind:wind_get_stock_events
000887.SZ,000887.SZ_20250930_1,2025-09-30,2025-09-29,2025-09-30,0.05,,,,wind:wind_get_stock_events
000887.SZ,000887.SZ_20260603_1,2026-06-03,2026-06-02,2026-06-03,0.15,,,,wind:wind_get_stock_events
000890.SZ,000890.SZ_20160615_1,2016-06-15,2016-06-14,2016-06-15,0.01,,,,wind:wind_get_stock_events
000890.SZ,000890.SZ_20170607_1,2017-06-07,2017-06-06,2017-06-07,0.1,,,,wind:wind_get_stock_events
000895.SZ,000895.SZ_20150520_1,2015-05-20,2015-05-19,2015-05-20,1.42,,0.5,2015-05-20,wind:wind_get_stock_events
000895.SZ,000895.SZ_20160428_1,2016-04-28,2016-04-27,2016-04-28,1.25,,,,wind:wind_get_stock_events
000895.SZ,000895.SZ_20160926_1,2016-09-26,2016-09-23,2016-09-26,0.9,,,,wind:wind_get_stock_events
000895.SZ,000895.SZ_20170511_1,2017-05-11,2017-05-10,2017-05-11,1.2,,,,wind:wind_get_stock_events
000895.SZ,000895.SZ_20180427_1,2018-04-27,2018-04-26,2018-04-27,1.1,,,,wind:wind_get_stock_events
000895.SZ,000895.SZ_20181207_1,2018-12-07,2018-12-06,2018-12-07,0.9,,,,wind:wind_get_stock_events
000895.SZ,000895.SZ_20190422_1,2019-04-22,2019-04-19,2019-04-22,0.55,,,,wind:wind_get_stock_events
000895.SZ,000895.SZ_20200610_1,2020-06-10,2020-06-09,2020-06-10,1,,,,wind:wind_get_stock_events
000895.SZ,000895.SZ_20201125_1,2020-11-25,2020-11-24,2020-11-25,0.64,,,,wind:wind_get_stock_events
000895.SZ,000895.SZ_20210521_1,2021-05-21,2021-05-20,2021-05-21,1.68,,,,wind:wind_get_stock_events
000895.SZ,000895.SZ_20220429_1,2022-04-29,2022-04-28,2022-04-29,1.298,,,,wind:wind_get_stock_events
000895.SZ,000895.SZ_20220915_1,2022-09-15,2022-09-14,2022-09-15,0.6,,,,wind:wind_get_stock_events
000895.SZ,000895.SZ_20230427_1,2023-04-27,2023-04-26,2023-04-27,1,,,,wind:wind_get_stock_events
000895.SZ,000895.SZ_20230911_1,2023-09-11,2023-09-08,2023-09-11,0.75,,,,wind:wind_get_stock_events
000895.SZ,000895.SZ_20240426_1,2024-04-26,2024-04-25,2024-04-26,0.7,,,,wind:wind_get_stock_events
000895.SZ,000895.SZ_20240911_1,2024-09-11,2024-09-10,2024-09-11,0.66,,,,wind:wind_get_stock_events
000895.SZ,000895.SZ_20250430_1,2025-04-30,2025-04-29,2025-04-30,0.75,,,,wind:wind_get_stock_events
000895.SZ,000895.SZ_20250822_1,2025-08-22,2025-08-21,2025-08-22,0.65,,,,wind:wind_get_stock_events
000895.SZ,000895.SZ_20260429_1,2026-04-29,2026-04-28,2026-04-29,0.8,,,,wind:wind_get_stock_events
000897.SZ,000897.SZ_20250728_1,2025-07-28,2025-07-25,2025-07-28,0.095,,,,wind:wind_get_stock_events
000898.SZ,000898.SZ_20150630_1,2015-06-30,2015-06-29,2015-06-30,0.045,,,,wind:wind_get_stock_events
000898.SZ,000898.SZ_20170630_1,2017-06-30,2017-06-29,2017-06-30,0.067,,,,wind:wind_get_stock_events
000898.SZ,000898.SZ_20180629_1,2018-06-29,2018-06-28,2018-06-29,0.232,,,,wind:wind_get_stock_events
000898.SZ,000898.SZ_20190628_1,2019-06-28,2019-06-27,2019-06-28,0.22,,0.3,2019-06-28,wind:wind_get_stock_events
000898.SZ,000898.SZ_20200630_1,2020-06-30,2020-06-29,2020-06-30,0.057,,,,wind:wind_get_stock_events
000898.SZ,000898.SZ_20210623_1,2021-06-23,2021-06-22,2021-06-23,0.084,,,,wind:wind_get_stock_events
000898.SZ,000898.SZ_20220623_1,2022-06-23,2022-06-22,2022-06-23,0.221,,,,wind:wind_get_stock_events
000898.SZ,000898.SZ_20230627_1,2023-06-27,2023-06-26,2023-06-27,0.0068,,,,wind:wind_get_stock_events
000899.SZ,000899.SZ_20150605_1,2015-06-05,2015-06-04,2015-06-05,0.1,,,,wind:wind_get_stock_events
000899.SZ,000899.SZ_20160607_1,2016-06-07,2016-06-06,2016-06-07,0.4,,,,wind:wind_get_stock_events
000899.SZ,000899.SZ_20170522_1,2017-05-22,2017-05-19,2017-05-22,0.3,,,,wind:wind_get_stock_events
000899.SZ,000899.SZ_20190516_1,2019-05-16,2019-05-15,2019-05-16,0.12,,,,wind:wind_get_stock_events
000899.SZ,000899.SZ_20200605_1,2020-06-05,2020-06-04,2020-06-05,0.1,,,,wind:wind_get_stock_events
000899.SZ,000899.SZ_20210615_1,2021-06-15,2021-06-11,2021-06-15,0.1,,,,wind:wind_get_stock_events
000899.SZ,000899.SZ_20240614_1,2024-06-14,2024-06-13,2024-06-14,0.151,,,,wind:wind_get_stock_events
000899.SZ,000899.SZ_20250616_1,2025-06-16,2025-06-13,2025-06-16,0.33,,,,wind:wind_get_stock_events
000899.SZ,000899.SZ_20260615_1,2026-06-15,2026-06-12,2026-06-15,0.567,,,,wind:wind_get_stock_events
000902.SZ,000902.SZ_20160531_1,2016-05-31,2016-05-30,2016-05-31,0.3,,1,2016-05-31,wind:wind_get_stock_events
000902.SZ,000902.SZ_20170524_1,2017-05-24,2017-05-23,2017-05-24,0.15,,,,wind:wind_get_stock_events
000902.SZ,000902.SZ_20180510_1,2018-05-10,2018-05-09,2018-05-10,0.2,,,,wind:wind_get_stock_events
000902.SZ,000902.SZ_20190522_1,2019-05-22,2019-05-21,2019-05-22,0.2,,,,wind:wind_get_stock_events
000902.SZ,000902.SZ_20200602_1,2020-06-02,2020-06-01,2020-06-02,0.2,,,,wind:wind_get_stock_events
000902.SZ,000902.SZ_20210511_1,2021-05-11,2021-05-10,2021-05-11,0.2,,,,wind:wind_get_stock_events
000902.SZ,000902.SZ_20220517_1,2022-05-17,2022-05-16,2022-05-17,0.2,,,,wind:wind_get_stock_events
000902.SZ,000902.SZ_20230523_1,2023-05-23,2023-05-22,2023-05-23,0.2,,,,wind:wind_get_stock_events
000902.SZ,000902.SZ_20240521_1,2024-05-21,2024-05-20,2024-05-21,0.3,,,,wind:wind_get_stock_events
000902.SZ,000902.SZ_20250520_1,2025-05-20,2025-05-19,2025-05-20,0.3,,,,wind:wind_get_stock_events
000902.SZ,000902.SZ_20260528_1,2026-05-28,2026-05-27,2026-05-28,0.2,,,,wind:wind_get_stock_events
000902.SZ,000902.SZ_20260826_1,2026-08-26,2026-08-25,2026-08-26,0.1,,,,wind:wind_get_stock_events
000903.SZ,000903.SZ_20150710_1,2015-07-10,2015-07-09,2015-07-10,0.06,,,,wind:wind_get_stock_events
000903.SZ,000903.SZ_20160520_1,2016-05-20,2016-05-19,2016-05-20,0.07,,,,wind:wind_get_stock_events
000903.SZ,000903.SZ_20170612_1,2017-06-12,2017-06-09,2017-06-12,0.08,0.3,0.7,2017-06-12,wind:wind_get_stock_events
000903.SZ,000903.SZ_20180709_1,2018-07-09,2018-07-06,2018-07-09,0.045,,,,wind:wind_get_stock_events
000903.SZ,000903.SZ_20190620_1,2019-06-20,2019-06-19,2019-06-20,0.045,,,,wind:wind_get_stock_events
000903.SZ,000903.SZ_20200624_1,2020-06-24,2020-06-23,2020-06-24,0.03,,,,wind:wind_get_stock_events
000903.SZ,000903.SZ_20210729_1,2021-07-29,2021-07-28,2021-07-29,0.035,,,,wind:wind_get_stock_events
000903.SZ,000903.SZ_20220629_1,2022-06-29,2022-06-28,2022-06-29,0.015,,,,wind:wind_get_stock_events
000905.SZ,000905.SZ_20150605_1,2015-06-05,2015-06-04,2015-06-05,0.05,,,,wind:wind_get_stock_events
000905.SZ,000905.SZ_20160603_1,2016-06-03,2016-06-02,2016-06-03,0.041,,,,wind:wind_get_stock_events
000905.SZ,000905.SZ_20170607_1,2017-06-07,2017-06-06,2017-06-07,0.052,,,,wind:wind_get_stock_events
000905.SZ,000905.SZ_20180425_1,2018-04-25,2018-04-24,2018-04-25,0.02,,,,wind:wind_get_stock_events
000905.SZ,000905.SZ_20190523_1,2019-05-23,2019-05-22,2019-05-23,0.01,,,,wind:wind_get_stock_events
000905.SZ,000905.SZ_20200605_1,2020-06-05,2020-06-04,2020-06-05,0.015,,,,wind:wind_get_stock_events
000905.SZ,000905.SZ_20210604_1,2021-06-04,2021-06-03,2021-06-04,0.018,,,,wind:wind_get_stock_events
000905.SZ,000905.SZ_20220419_1,2022-04-19,2022-04-18,2022-04-19,0.055,,,,wind:wind_get_stock_events
000905.SZ,000905.SZ_20230612_1,2023-06-12,2023-06-09,2023-06-12,0.06,,,,wind:wind_get_stock_events
000905.SZ,000905.SZ_20240617_1,2024-06-17,2024-06-14,2024-06-17,0.1,,,,wind:wind_get_stock_events
000905.SZ,000905.SZ_20241021_1,2024-10-21,2024-10-18,2024-10-21,0.053,,,,wind:wind_get_stock_events
000905.SZ,000905.SZ_20250616_1,2025-06-16,2025-06-13,2025-06-16,0.055,,,,wind:wind_get_stock_events
000905.SZ,000905.SZ_20251023_1,2025-10-23,2025-10-22,2025-10-23,0.055,,,,wind:wind_get_stock_events
000905.SZ,000905.SZ_20260306_1,2026-03-06,2026-03-05,2026-03-06,0.03,,,,wind:wind_get_stock_events
000905.SZ,000905.SZ_20260522_1,2026-05-22,2026-05-21,2026-05-22,0.04,,,,wind:wind_get_stock_events
000905.SZ,000905.SZ_20260907_1,2026-09-07,2026-09-04,2026-09-07,0.106,,,,wind:wind_get_stock_events
000908.SZ,000908.SZ_20160623_1,2016-06-23,2016-06-22,2016-06-23,0.1,,0.1,2016-06-23,wind:wind_get_stock_events
000908.SZ,000908.SZ_20180823_1,2018-08-23,2018-08-22,2018-08-23,0.01,,,,wind:wind_get_stock_events
000908.SZ,000908.SZ_20260311_1,2026-03-11,2026-03-10,,,,1,2026-03-11,wind:wind_get_stock_events
000909.SZ,000909.SZ_20150618_1,2015-06-18,2015-06-17,2015-06-18,0.1,,,,wind:wind_get_stock_events
000909.SZ,000909.SZ_20170808_1,2017-08-08,2017-08-07,2017-08-08,0.039,,,,wind:wind_get_stock_events
000909.SZ,000909.SZ_20180628_1,2018-06-28,2018-06-27,2018-06-28,0.035,,,,wind:wind_get_stock_events
000909.SZ,000909.SZ_20210707_1,2021-07-07,2021-07-06,2021-07-07,0.035,,,,wind:wind_get_stock_events
000910.SZ,000910.SZ_20150723_1,2015-07-23,2015-07-22,2015-07-23,0.03,,,,wind:wind_get_stock_events
000910.SZ,000910.SZ_20160526_1,2016-05-26,2016-05-25,2016-05-26,0.05,,,,wind:wind_get_stock_events
000910.SZ,000910.SZ_20170428_1,2017-04-28,2017-04-27,2017-04-28,0.12,,,,wind:wind_get_stock_events
000910.SZ,000910.SZ_20180418_1,2018-04-18,2018-04-17,2018-04-18,0.12,,,,wind:wind_get_stock_events
000910.SZ,000910.SZ_20190425_1,2019-04-25,2019-04-24,2019-04-25,0.13,,,,wind:wind_get_stock_events
000910.SZ,000910.SZ_20200609_1,2020-06-09,2020-06-08,2020-06-09,0.13,,,,wind:wind_get_stock_events
000910.SZ,000910.SZ_20210428_1,2021-04-28,2021-04-27,2021-04-28,0.16,,,,wind:wind_get_stock_events
000910.SZ,000910.SZ_20220530_1,2022-05-30,2022-05-27,2022-05-30,0.16,,,,wind:wind_get_stock_events
000910.SZ,000910.SZ_20230517_1,2023-05-17,2023-05-16,2023-05-17,0.16,,,,wind:wind_get_stock_events
000910.SZ,000910.SZ_20240515_1,2024-05-15,2024-05-14,2024-05-15,0.19,,,,wind:wind_get_stock_events
000910.SZ,000910.SZ_20250515_1,2025-05-15,2025-05-14,2025-05-15,0.19,,,,wind:wind_get_stock_events
000910.SZ,000910.SZ_20260515_1,2026-05-15,2026-05-14,2026-05-15,0.19,,,,wind:wind_get_stock_events
000915.SZ,000915.SZ_20150508_1,2015-05-08,2015-05-07,2015-05-08,0.1,,,,wind:wind_get_stock_events
000915.SZ,000915.SZ_20160708_1,2016-07-08,2016-07-07,2016-07-08,0.1,,,,wind:wind_get_stock_events
000915.SZ,000915.SZ_20170616_1,2017-06-16,2017-06-15,2017-06-16,0.15,0.3,,2017-06-16,wind:wind_get_stock_events
000915.SZ,000915.SZ_20180718_1,2018-07-18,2018-07-17,2018-07-18,0.25,,,,wind:wind_get_stock_events
000915.SZ,000915.SZ_20190621_1,2019-06-21,2019-06-20,2019-06-21,0.3,,,,wind:wind_get_stock_events
000915.SZ,000915.SZ_20200624_1,2020-06-24,2020-06-23,2020-06-24,0.3,,,,wind:wind_get_stock_events
000915.SZ,000915.SZ_20210601_1,2021-06-01,2021-05-31,2021-06-01,0.35,,,,wind:wind_get_stock_events
000915.SZ,000915.SZ_20220427_1,2022-04-27,2022-04-26,2022-04-27,0.8,,,,wind:wind_get_stock_events
000915.SZ,000915.SZ_20230512_1,2023-05-12,2023-05-11,2023-05-12,0.8,,,,wind:wind_get_stock_events
000915.SZ,000915.SZ_20240516_1,2024-05-16,2024-05-15,2024-05-16,2,,,,wind:wind_get_stock_events
000915.SZ,000915.SZ_20240927_1,2024-09-27,2024-09-26,2024-09-27,0.5,,,,wind:wind_get_stock_events
000915.SZ,000915.SZ_20250611_1,2025-06-11,2025-06-10,2025-06-11,2,,,,wind:wind_get_stock_events
000915.SZ,000915.SZ_20251017_1,2025-10-17,2025-10-16,2025-10-17,0.5,,,,wind:wind_get_stock_events
000915.SZ,000915.SZ_20260701_1,2026-07-01,2026-06-30,2026-07-01,2,,,,wind:wind_get_stock_events
000917.SZ,000917.SZ_20150715_1,2015-07-15,2015-07-14,2015-07-15,0.06,,,,wind:wind_get_stock_events
000917.SZ,000917.SZ_20160711_1,2016-07-11,2016-07-08,2016-07-11,0.04,,,,wind:wind_get_stock_events
000917.SZ,000917.SZ_20170707_1,2017-07-07,2017-07-06,2017-07-07,0.03,,,,wind:wind_get_stock_events
000917.SZ,000917.SZ_20190719_1,2019-07-19,2019-07-18,2019-07-19,0.018,,,,wind:wind_get_stock_events
000917.SZ,000917.SZ_20200723_1,2020-07-23,2020-07-22,2020-07-23,0.015,,,,wind:wind_get_stock_events
000917.SZ,000917.SZ_20220728_1,2022-07-28,2022-07-27,2022-07-28,0.02,,,,wind:wind_get_stock_events
000917.SZ,000917.SZ_20230718_1,2023-07-18,2023-07-17,2023-07-18,0.02,,,,wind:wind_get_stock_events
000917.SZ,000917.SZ_20240730_1,2024-07-30,2024-07-29,2024-07-30,0.02,,,,wind:wind_get_stock_events
000917.SZ,000917.SZ_20250725_1,2025-07-25,2025-07-24,2025-07-25,0.02,,,,wind:wind_get_stock_events
000917.SZ,000917.SZ_20260707_1,2026-07-07,2026-07-06,2026-07-07,0.03,,,,wind:wind_get_stock_events
000919.SZ,000919.SZ_20150626_1,2015-06-26,2015-06-25,2015-06-26,0.17,,,,wind:wind_get_stock_events
000919.SZ,000919.SZ_20160715_1,2016-07-15,2016-07-14,2016-07-15,0.17,,,,wind:wind_get_stock_events
000919.SZ,000919.SZ_20170727_1,2017-07-27,2017-07-26,2017-07-27,0.17,,,,wind:wind_get_stock_events
000919.SZ,000919.SZ_20180712_1,2018-07-12,2018-07-11,2018-07-12,0.17,,,,wind:wind_get_stock_events
000919.SZ,000919.SZ_20190815_1,2019-08-15,2019-08-14,2019-08-15,0.17,,,,wind:wind_get_stock_events
000919.SZ,000919.SZ_20200813_1,2020-08-13,2020-08-12,2020-08-13,0.17,,,,wind:wind_get_stock_events
000919.SZ,000919.SZ_20210812_1,2021-08-12,2021-08-11,2021-08-12,0.1,,,,wind:wind_get_stock_events
000919.SZ,000919.SZ_20220811_1,2022-08-11,2022-08-10,2022-08-11,0.1,,,,wind:wind_get_stock_events
000919.SZ,000919.SZ_20230714_1,2023-07-14,2023-07-13,2023-07-14,0.1,,,,wind:wind_get_stock_events
000919.SZ,000919.SZ_20240531_1,2024-05-31,2024-05-30,2024-05-31,0.1,,,,wind:wind_get_stock_events
000919.SZ,000919.SZ_20250708_1,2025-07-08,2025-07-07,2025-07-08,0.1,,,,wind:wind_get_stock_events
000919.SZ,000919.SZ_20260617_1,2026-06-17,2026-06-16,2026-06-17,0.1,,,,wind:wind_get_stock_events
000920.SZ,000920.SZ_20160607_1,2016-06-07,2016-06-06,2016-06-07,0.03,,,,wind:wind_get_stock_events
000920.SZ,000920.SZ_20170609_1,2017-06-09,2017-06-08,2017-06-09,0.03,,,,wind:wind_get_stock_events
000920.SZ,000920.SZ_20180615_1,2018-06-15,2018-06-14,2018-06-15,0.05,,,,wind:wind_get_stock_events
000920.SZ,000920.SZ_20190614_1,2019-06-14,2019-06-13,2019-06-14,0.03,,,,wind:wind_get_stock_events
000920.SZ,000920.SZ_20200617_1,2020-06-17,2020-06-16,2020-06-17,0.077,,,,wind:wind_get_stock_events
000920.SZ,000920.SZ_20210617_1,2021-06-17,2021-06-16,2021-06-17,0.088,,,,wind:wind_get_stock_events
000920.SZ,000920.SZ_20220704_1,2022-07-04,2022-07-01,2022-07-04,0.101,,,,wind:wind_get_stock_events
000920.SZ,000920.SZ_20230629_1,2023-06-29,2023-06-28,2023-06-29,0.108,,,,wind:wind_get_stock_events
000920.SZ,000920.SZ_20240619_1,2024-06-19,2024-06-18,2024-06-19,0.123,,,,wind:wind_get_stock_events
000920.SZ,000920.SZ_20240930_1,2024-09-30,2024-09-27,2024-09-30,0.05,,,,wind:wind_get_stock_events
000920.SZ,000920.SZ_20250619_1,2025-06-19,2025-06-18,2025-06-19,0.147,,,,wind:wind_get_stock_events
000920.SZ,000920.SZ_20251021_1,2025-10-21,2025-10-20,2025-10-21,0.06,,,,wind:wind_get_stock_events
000920.SZ,000920.SZ_20260616_1,2026-06-16,2026-06-15,2026-06-16,0.164,,,,wind:wind_get_stock_events
000920.SZ,000920.SZ_20260922_1,2026-09-22,2026-09-21,2026-09-22,0.065,,,,wind:wind_get_stock_events
000921.SZ,000921.SZ_20160706_1,2016-07-06,2016-07-05,2016-07-06,0.15,,,,wind:wind_get_stock_events
000921.SZ,000921.SZ_20170712_1,2017-07-12,2017-07-11,2017-07-12,0.3,,,,wind:wind_get_stock_events
000921.SZ,000921.SZ_20180712_1,2018-07-12,2018-07-11,2018-07-12,0.44,,,,wind:wind_get_stock_events
000921.SZ,000921.SZ_20190712_1,2019-07-12,2019-07-11,2019-07-12,0.303,,,,wind:wind_get_stock_events
000921.SZ,000921.SZ_20200710_1,2020-07-10,2020-07-09,2020-07-10,0.395,,,,wind:wind_get_stock_events
000921.SZ,000921.SZ_20210709_1,2021-07-09,2021-07-08,2021-07-09,0.347,,,,wind:wind_get_stock_events
000921.SZ,000921.SZ_20220712_1,2022-07-12,2022-07-11,2022-07-12,0.214,,,,wind:wind_get_stock_events
000921.SZ,000921.SZ_20230717_1,2023-07-17,2023-07-14,2023-07-17,0.5171,,,,wind:wind_get_stock_events
000921.SZ,000921.SZ_20240815_1,2024-08-15,2024-08-14,2024-08-15,1.013,,,,wind:wind_get_stock_events
000921.SZ,000921.SZ_20250815_1,2025-08-15,2025-08-14,2025-08-15,1.23,,,,wind:wind_get_stock_events
000921.SZ,000921.SZ_20260814_1,2026-08-14,2026-08-13,2026-08-14,1.265,,,,wind:wind_get_stock_events
000922.SZ,000922.SZ_20200525_1,2020-05-25,2020-05-22,2020-05-25,0.08,,0.2,2020-05-25,wind:wind_get_stock_events
000922.SZ,000922.SZ_20210527_1,2021-05-27,2021-05-26,2021-05-27,0.16,,,,wind:wind_get_stock_events
000922.SZ,000922.SZ_20220531_1,2022-05-31,2022-05-30,2022-05-31,0.08,,,,wind:wind_get_stock_events
000922.SZ,000922.SZ_20230613_1,2023-06-13,2023-06-12,2023-06-13,0.12,,,,wind:wind_get_stock_events
000922.SZ,000922.SZ_20240604_1,2024-06-04,2024-06-03,2024-06-04,0.202,,,,wind:wind_get_stock_events
000922.SZ,000922.SZ_20250520_1,2025-05-20,2025-05-19,2025-05-20,0.111,,,,wind:wind_get_stock_events
000922.SZ,000922.SZ_20260521_1,2026-05-21,2026-05-20,2026-05-21,0.11,,0.2,2026-05-21,wind:wind_get_stock_events
000923.SZ,000923.SZ_20190614_1,2019-06-14,2019-06-13,2019-06-14,0.01,,,,wind:wind_get_stock_events
000923.SZ,000923.SZ_20200804_1,2020-08-04,2020-08-03,2020-08-04,0.1,,,,wind:wind_get_stock_events
000923.SZ,000923.SZ_20210713_1,2021-07-13,2021-07-12,2021-07-13,0.1,,,,wind:wind_get_stock_events
000923.SZ,000923.SZ_20220610_1,2022-06-10,2022-06-09,2022-06-10,0.3,,,,wind:wind_get_stock_events
000923.SZ,000923.SZ_20230628_1,2023-06-28,2023-06-27,2023-06-28,0.3,,,,wind:wind_get_stock_events
000923.SZ,000923.SZ_20240603_1,2024-06-03,2024-05-31,2024-06-03,0.6,,,,wind:wind_get_stock_events
000923.SZ,000923.SZ_20250625_1,2025-06-25,2025-06-24,2025-06-25,0.5,,,,wind:wind_get_stock_events
000923.SZ,000923.SZ_20260615_1,2026-06-15,2026-06-12,2026-06-15,0.6,,,,wind:wind_get_stock_events
000925.SZ,000925.SZ_20180621_1,2018-06-21,2018-06-20,,,,0.4,2018-06-21,wind:wind_get_stock_events
000925.SZ,000925.SZ_20220623_1,2022-06-23,2022-06-22,2022-06-23,0.05,,,,wind:wind_get_stock_events
000925.SZ,000925.SZ_20241014_1,2024-10-14,2024-10-11,2024-10-14,0.015,,,,wind:wind_get_stock_events
000925.SZ,000925.SZ_20260713_1,2026-07-13,2026-07-10,2026-07-13,0.015,,,,wind:wind_get_stock_events
000927.SZ,000927.SZ_20240802_1,2024-08-02,2024-08-01,2024-08-02,0.01,,,,wind:wind_get_stock_events
000927.SZ,000927.SZ_20250627_1,2025-06-27,2025-06-26,2025-06-27,0.027,,,,wind:wind_get_stock_events
000927.SZ,000927.SZ_20260624_1,2026-06-24,2026-06-23,2026-06-24,0.043,,,,wind:wind_get_stock_events
000928.SZ,000928.SZ_20170519_1,2017-05-19,2017-05-18,2017-05-19,0.05,,0.8,2017-05-19,wind:wind_get_stock_events
000928.SZ,000928.SZ_20180518_1,2018-05-18,2018-05-17,2018-05-18,0.12,,,,wind:wind_get_stock_events
000928.SZ,000928.SZ_20190612_1,2019-06-12,2019-06-11,2019-06-12,0.12,,,,wind:wind_get_stock_events
000928.SZ,000928.SZ_20200612_1,2020-06-12,2020-06-11,2020-06-12,0.13,,,,wind:wind_get_stock_events
000928.SZ,000928.SZ_20210430_1,2021-04-30,2021-04-29,2021-04-30,0.144,,,,wind:wind_get_stock_events
000928.SZ,000928.SZ_20210924_1,2021-09-24,2021-09-23,2021-09-24,0.1,,,,wind:wind_get_stock_events
000928.SZ,000928.SZ_20220520_1,2022-05-20,2022-05-19,2022-05-20,0.152,,,,wind:wind_get_stock_events
000928.SZ,000928.SZ_20221019_1,2022-10-19,2022-10-18,2022-10-19,0.102,,,,wind:wind_get_stock_events
000928.SZ,000928.SZ_20230606_1,2023-06-06,2023-06-05,2023-06-06,0.2451,,,,wind:wind_get_stock_events
000928.SZ,000928.SZ_20240606_1,2024-06-06,2024-06-05,2024-06-06,0.266,,,,wind:wind_get_stock_events
000928.SZ,000928.SZ_20250613_1,2025-06-13,2025-06-12,2025-06-13,0.299,,,,wind:wind_get_stock_events
000928.SZ,000928.SZ_20260605_1,2026-06-05,2026-06-04,2026-06-05,0.21,,,,wind:wind_get_stock_events
000931.SZ,000931.SZ_20260612_1,2026-06-12,2026-06-11,2026-06-12,0.02,,,,wind:wind_get_stock_events
000932.SZ,000932.SZ_20190613_1,2019-06-13,2019-06-12,,,,0.4,2019-06-13,wind:wind_get_stock_events
000932.SZ,000932.SZ_20200518_1,2020-05-18,2020-05-15,2020-05-18,0.25,,,,wind:wind_get_stock_events
000932.SZ,000932.SZ_20210510_1,2021-05-10,2021-05-07,2021-05-10,0.21,,,,wind:wind_get_stock_events
000932.SZ,000932.SZ_20220602_1,2022-06-02,2022-06-01,2022-06-02,0.29,,,,wind:wind_get_stock_events
000932.SZ,000932.SZ_20230630_1,2023-06-30,2023-06-29,2023-06-30,0.24,,,,wind:wind_get_stock_events
000932.SZ,000932.SZ_20240613_1,2024-06-13,2024-06-12,2024-06-13,0.23,,,,wind:wind_get_stock_events
000932.SZ,000932.SZ_20250627_1,2025-06-27,2025-06-26,2025-06-27,0.1,,,,wind:wind_get_stock_events
000932.SZ,000932.SZ_20260626_1,2026-06-26,2026-06-25,2026-06-26,0.16,,,,wind:wind_get_stock_events
000935.SZ,000935.SZ_20150528_1,2015-05-28,2015-05-27,2015-05-28,0.05,,,,wind:wind_get_stock_events
000935.SZ,000935.SZ_20180518_1,2018-05-18,2018-05-17,2018-05-18,0.175,,,,wind:wind_get_stock_events
000935.SZ,000935.SZ_20200602_1,2020-06-02,2020-06-01,2020-06-02,0.096,,,,wind:wind_get_stock_events
000935.SZ,000935.SZ_20210611_1,2021-06-11,2021-06-10,2021-06-11,0.21,,,,wind:wind_get_stock_events
000935.SZ,000935.SZ_20220610_1,2022-06-10,2022-06-09,2022-06-10,0.24,,,,wind:wind_get_stock_events
000935.SZ,000935.SZ_20240606_1,2024-06-06,2024-06-05,2024-06-06,0.3406,,,,wind:wind_get_stock_events
000936.SZ,000936.SZ_20150617_1,2015-06-17,2015-06-16,2015-06-17,0.02,,,,wind:wind_get_stock_events
000936.SZ,000936.SZ_20160419_1,2016-04-19,2016-04-18,2016-04-19,0.03,,,,wind:wind_get_stock_events
000936.SZ,000936.SZ_20170512_1,2017-05-12,2017-05-11,2017-05-12,0.12,,,,wind:wind_get_stock_events
000936.SZ,000936.SZ_20180706_1,2018-07-06,2018-07-05,2018-07-06,0.03,,,,wind:wind_get_stock_events
000936.SZ,000936.SZ_20190710_1,2019-07-10,2019-07-09,2019-07-10,0.05,,,,wind:wind_get_stock_events
000936.SZ,000936.SZ_20200709_1,2020-07-09,2020-07-08,2020-07-09,0.05,,,,wind:wind_get_stock_events
000936.SZ,000936.SZ_20210709_1,2021-07-09,2021-07-08,2021-07-09,0.05,,,,wind:wind_get_stock_events
000936.SZ,000936.SZ_20220713_1,2022-07-13,2022-07-12,2022-07-13,0.05,,,,wind:wind_get_stock_events
000936.SZ,000936.SZ_20230705_1,2023-07-05,2023-07-04,2023-07-05,0.02,,,,wind:wind_get_stock_events
000936.SZ,000936.SZ_20240704_1,2024-07-04,2024-07-03,2024-07-04,0.02,,,,wind:wind_get_stock_events
000936.SZ,000936.SZ_20240926_1,2024-09-26,2024-09-25,2024-09-26,0.02,,,,wind:wind_get_stock_events
000936.SZ,000936.SZ_20250626_1,2025-06-26,2025-06-25,2025-06-26,0.02,,,,wind:wind_get_stock_events
000936.SZ,000936.SZ_20250925_1,2025-09-25,2025-09-24,2025-09-25,0.02,,,,wind:wind_get_stock_events
000936.SZ,000936.SZ_20260707_1,2026-07-07,2026-07-06,2026-07-07,0.02,,,,wind:wind_get_stock_events
000938.SZ,000938.SZ_20150709_1,2015-07-09,2015-07-08,2015-07-09,0.1,,,,wind:wind_get_stock_events
000938.SZ,000938.SZ_20160707_1,2016-07-07,2016-07-06,2016-07-07,0.02,,,,wind:wind_get_stock_events
000938.SZ,000938.SZ_20170707_1,2017-07-07,2017-07-06,2017-07-07,0.1,,,,wind:wind_get_stock_events
000938.SZ,000938.SZ_20180705_1,2018-07-05,2018-07-04,2018-07-05,0.2,,0.4,2018-07-05,wind:wind_get_stock_events
000938.SZ,000938.SZ_20190527_1,2019-05-27,2019-05-24,2019-05-27,0.15,,0.4,2019-05-27,wind:wind_get_stock_events
000938.SZ,000938.SZ_20200825_1,2020-08-25,2020-08-24,2020-08-25,0.15,,0.4,2020-08-25,wind:wind_get_stock_events
000938.SZ,000938.SZ_20210604_1,2021-06-04,2021-06-03,2021-06-04,0.1,,,,wind:wind_get_stock_events
000938.SZ,000938.SZ_20220808_1,2022-08-08,2022-08-05,2022-08-08,0.1,,,,wind:wind_get_stock_events
000938.SZ,000938.SZ_20240619_1,2024-06-19,2024-06-18,2024-06-19,0.14,,,,wind:wind_get_stock_events
000938.SZ,000938.SZ_20250613_1,2025-06-13,2025-06-12,2025-06-13,0.075,,,,wind:wind_get_stock_events
000938.SZ,000938.SZ_20260612_1,2026-06-12,2026-06-11,2026-06-12,0.065,,,,wind:wind_get_stock_events
000949.SZ,000949.SZ_20150512_1,2015-05-12,2015-05-11,2015-05-12,0.03,,,,wind:wind_get_stock_events
000949.SZ,000949.SZ_20160512_1,2016-05-12,2016-05-11,2016-05-12,0.03,,,,wind:wind_get_stock_events
000949.SZ,000949.SZ_20170607_1,2017-06-07,2017-06-06,2017-06-07,0.03,,,,wind:wind_get_stock_events
000949.SZ,000949.SZ_20180607_1,2018-06-07,2018-06-06,2018-06-07,0.01,,,,wind:wind_get_stock_events
000949.SZ,000949.SZ_20190524_1,2019-05-24,2019-05-23,2019-05-24,0.01,,,,wind:wind_get_stock_events
000949.SZ,000949.SZ_20200615_1,2020-06-15,2020-06-12,2020-06-15,0.01,,,,wind:wind_get_stock_events
000949.SZ,000949.SZ_20210512_1,2021-05-12,2021-05-11,2021-05-12,0.01,,,,wind:wind_get_stock_events
000949.SZ,000949.SZ_20220513_1,2022-05-13,2022-05-12,2022-05-13,0.1,,,,wind:wind_get_stock_events
000949.SZ,000949.SZ_20241224_1,2024-12-24,2024-12-23,2024-12-24,0.03,,,,wind:wind_get_stock_events
000949.SZ,000949.SZ_20260603_1,2026-06-03,2026-06-02,2026-06-03,0.02,,,,wind:wind_get_stock_events
000950.SZ,000950.SZ_20200518_1,2020-05-18,2020-05-15,2020-05-18,0.05,,,,wind:wind_get_stock_events
000950.SZ,000950.SZ_20211018_1,2021-10-18,2021-10-15,2021-10-18,0.04,,,,wind:wind_get_stock_events
000950.SZ,000950.SZ_20220628_1,2022-06-28,2022-06-27,2022-06-28,0.065,,,,wind:wind_get_stock_events
000950.SZ,000950.SZ_20230711_1,2023-07-11,2023-07-10,2023-07-11,0.06,,,,wind:wind_get_stock_events
000950.SZ,000950.SZ_20240606_1,2024-06-06,2024-06-05,2024-06-06,0.05,,,,wind:wind_get_stock_events
000950.SZ,000950.SZ_20241118_1,2024-11-18,2024-11-15,2024-11-18,0.03,,,,wind:wind_get_stock_events
000950.SZ,000950.SZ_20250620_1,2025-06-20,2025-06-19,2025-06-20,0.03,,,,wind:wind_get_stock_events
000950.SZ,000950.SZ_20260116_1,2026-01-16,2026-01-15,2026-01-16,0.03,,,,wind:wind_get_stock_events
000950.SZ,000950.SZ_20260618_1,2026-06-18,2026-06-17,2026-06-18,0.03,,,,wind:wind_get_stock_events
000951.SZ,000951.SZ_20150610_1,2015-06-10,2015-06-09,2015-06-10,0.3,,,,wind:wind_get_stock_events
000951.SZ,000951.SZ_20160513_1,2016-05-13,2016-05-12,2016-05-13,0.2,,0.6,2016-05-13,wind:wind_get_stock_events
000951.SZ,000951.SZ_20170526_1,2017-05-26,2017-05-25,2017-05-26,0.23,,,,wind:wind_get_stock_events
000951.SZ,000951.SZ_20180518_1,2018-05-18,2018-05-17,2018-05-18,0.68,,,,wind:wind_get_stock_events
000951.SZ,000951.SZ_20190628_1,2019-06-28,2019-06-27,2019-06-28,0.46,,,,wind:wind_get_stock_events
000951.SZ,000951.SZ_20200623_1,2020-06-23,2020-06-22,2020-06-23,0.55,,,,wind:wind_get_stock_events
000951.SZ,000951.SZ_20210527_1,2021-05-27,2021-05-26,2021-05-27,0.68,,,,wind:wind_get_stock_events
000951.SZ,000951.SZ_20210929_1,2021-09-29,2021-09-28,,,,0.4,2021-09-29,wind:wind_get_stock_events
000951.SZ,000951.SZ_20220531_1,2022-05-31,2022-05-30,2022-05-31,0.3,,,,wind:wind_get_stock_events
000951.SZ,000951.SZ_20230629_1,2023-06-29,2023-06-28,2023-06-29,0.082,,,,wind:wind_get_stock_events
000951.SZ,000951.SZ_20240528_1,2024-05-28,2024-05-27,2024-05-28,0.462,,,,wind:wind_get_stock_events
000951.SZ,000951.SZ_20241029_1,2024-10-29,2024-10-28,2024-10-29,0.291,,,,wind:wind_get_stock_events
000951.SZ,000951.SZ_20250627_1,2025-06-27,2025-06-26,2025-06-27,0.405,,,,wind:wind_get_stock_events
000951.SZ,000951.SZ_20251114_1,2025-11-14,2025-11-13,2025-11-14,0.315,,,,wind:wind_get_stock_events
000951.SZ,000951.SZ_20260626_1,2026-06-26,2026-06-25,2026-06-26,0.512,,,,wind:wind_get_stock_events
000959.SZ,000959.SZ_20150819_1,2015-08-19,2015-08-18,2015-08-19,0.01,,,,wind:wind_get_stock_events
000959.SZ,000959.SZ_20211208_1,2021-12-08,2021-12-07,2021-12-08,0.1,,,,wind:wind_get_stock_events
000959.SZ,000959.SZ_20220927_1,2022-09-27,2022-09-26,2022-09-27,0.08,,,,wind:wind_get_stock_events
000959.SZ,000959.SZ_20240717_1,2024-07-17,2024-07-16,2024-07-17,0.03,,,,wind:wind_get_stock_events
000959.SZ,000959.SZ_20250620_1,2025-06-20,2025-06-19,2025-06-20,0.022,,,,wind:wind_get_stock_events
000959.SZ,000959.SZ_20260710_1,2026-07-10,2026-07-09,2026-07-10,0.04,,,,wind:wind_get_stock_events
000963.SZ,000963.SZ_20150508_1,2015-05-08,2015-05-07,2015-05-08,0.92,,,,wind:wind_get_stock_events
000963.SZ,000963.SZ_20160616_1,2016-06-16,2016-06-15,2016-06-16,1.25,,,,wind:wind_get_stock_events
000963.SZ,000963.SZ_20170524_1,2017-05-24,2017-05-23,2017-05-24,1.35,,1,2017-05-24,wind:wind_get_stock_events
000963.SZ,000963.SZ_20180613_1,2018-06-13,2018-06-12,2018-06-13,0.72,,0.5,2018-06-13,wind:wind_get_stock_events
000963.SZ,000963.SZ_20190621_1,2019-06-21,2019-06-20,2019-06-21,0.33,,0.2,2019-06-21,wind:wind_get_stock_events
000963.SZ,000963.SZ_20200617_1,2020-06-17,2020-06-16,2020-06-17,0.28,,,,wind:wind_get_stock_events
000963.SZ,000963.SZ_20210609_1,2021-06-09,2021-06-08,2021-06-09,0.23,,,,wind:wind_get_stock_events
000963.SZ,000963.SZ_20220613_1,2022-06-13,2022-06-10,2022-06-13,0.29,,,,wind:wind_get_stock_events
000963.SZ,000963.SZ_20230614_1,2023-06-14,2023-06-13,2023-06-14,0.29,,,,wind:wind_get_stock_events
000963.SZ,000963.SZ_20240528_1,2024-05-28,2024-05-27,2024-05-28,0.58,,,,wind:wind_get_stock_events
000963.SZ,000963.SZ_20240920_1,2024-09-20,2024-09-19,2024-09-20,0.35,,,,wind:wind_get_stock_events
000963.SZ,000963.SZ_20250605_1,2025-06-05,2025-06-04,2025-06-05,0.58,,,,wind:wind_get_stock_events
000963.SZ,000963.SZ_20250918_1,2025-09-18,2025-09-17,2025-09-18,0.35,,,,wind:wind_get_stock_events
000963.SZ,000963.SZ_20260610_1,2026-06-10,2026-06-09,2026-06-10,0.58,,,,wind:wind_get_stock_events
000963.SZ,000963.SZ_20260918_1,2026-09-18,2026-09-17,2026-09-18,0.35,,,,wind:wind_get_stock_events
000966.SZ,000966.SZ_20160623_1,2016-06-23,2016-06-22,2016-06-23,0.26,,1,2016-06-23,wind:wind_get_stock_events
000966.SZ,000966.SZ_20170622_1,2017-06-22,2017-06-21,2017-06-22,0.09,,,,wind:wind_get_stock_events
000966.SZ,000966.SZ_20190705_1,2019-07-05,2019-07-04,2019-07-05,0.06,,,,wind:wind_get_stock_events
000966.SZ,000966.SZ_20200709_1,2020-07-09,2020-07-08,2020-07-09,0.16,,,,wind:wind_get_stock_events
000966.SZ,000966.SZ_20210608_1,2021-06-08,2021-06-07,2021-06-08,0.05,,,,wind:wind_get_stock_events
000966.SZ,000966.SZ_20230620_1,2023-06-20,2023-06-19,2023-06-20,0.014,,,,wind:wind_get_stock_events
000966.SZ,000966.SZ_20240613_1,2024-06-13,2024-06-12,2024-06-13,0.039,,,,wind:wind_get_stock_events
000966.SZ,000966.SZ_20250715_1,2025-07-15,2025-07-14,2025-07-15,0.072,,,,wind:wind_get_stock_events
000967.SZ,000967.SZ_20150529_1,2015-05-29,2015-05-28,2015-05-29,0.06,,,,wind:wind_get_stock_events
000967.SZ,000967.SZ_20160705_1,2016-07-05,2016-07-04,2016-07-05,0.04,,0.5,2016-07-05,wind:wind_get_stock_events
000967.SZ,000967.SZ_20170623_1,2017-06-23,2017-06-22,2017-06-23,0.0399,,0.4986,2017-06-23,wind:wind_get_stock_events
000967.SZ,000967.SZ_20180629_1,2018-06-29,2018-06-28,2018-06-29,0.09,,,,wind:wind_get_stock_events
000967.SZ,000967.SZ_20190712_1,2019-07-12,2019-07-11,2019-07-12,0.1,,,,wind:wind_get_stock_events
000967.SZ,000967.SZ_20200710_1,2020-07-10,2020-07-09,2020-07-10,0.11,,,,wind:wind_get_stock_events
000967.SZ,000967.SZ_20210708_1,2021-07-08,2021-07-07,2021-07-08,0.12,,,,wind:wind_get_stock_events
000967.SZ,000967.SZ_20220720_1,2022-07-20,2022-07-19,2022-07-20,0.1,,,,wind:wind_get_stock_events
000967.SZ,000967.SZ_20230718_1,2023-07-18,2023-07-17,2023-07-18,0.11,,,,wind:wind_get_stock_events
000967.SZ,000967.SZ_20240716_1,2024-07-16,2024-07-15,2024-07-16,0.125,,,,wind:wind_get_stock_events
000967.SZ,000967.SZ_20250728_1,2025-07-28,2025-07-25,2025-07-28,0.189,,,,wind:wind_get_stock_events
000967.SZ,000967.SZ_20260713_1,2026-07-13,2026-07-10,2026-07-13,0.13,,,,wind:wind_get_stock_events
000968.SZ,000968.SZ_20191016_1,2019-10-16,2019-10-15,2019-10-16,0.05,,,,wind:wind_get_stock_events
000968.SZ,000968.SZ_20200619_1,2020-06-19,2020-06-18,2020-06-19,0.05,,,,wind:wind_get_stock_events
000968.SZ,000968.SZ_20210624_1,2021-06-24,2021-06-23,2021-06-24,0.05,,,,wind:wind_get_stock_events
000968.SZ,000968.SZ_20220715_1,2022-07-15,2022-07-14,2022-07-15,0.05,,,,wind:wind_get_stock_events
000968.SZ,000968.SZ_20230714_1,2023-07-14,2023-07-13,2023-07-14,0.06,,,,wind:wind_get_stock_events
000968.SZ,000968.SZ_20240711_1,2024-07-11,2024-07-10,2024-07-11,0.17,,,,wind:wind_get_stock_events
000968.SZ,000968.SZ_20250711_1,2025-07-11,2025-07-10,2025-07-11,0.03,,,,wind:wind_get_stock_events
000968.SZ,000968.SZ_20260626_1,2026-06-26,2026-06-25,2026-06-26,0.05,,,,wind:wind_get_stock_events
000969.SZ,000969.SZ_20180702_1,2018-07-02,2018-06-29,2018-07-02,0.03,,,,wind:wind_get_stock_events
000969.SZ,000969.SZ_20210608_1,2021-06-08,2021-06-07,2021-06-08,0.02,,,,wind:wind_get_stock_events
000969.SZ,000969.SZ_20230530_1,2023-05-30,2023-05-29,2023-05-30,0.12,,,,wind:wind_get_stock_events
000969.SZ,000969.SZ_20240627_1,2024-06-27,2024-06-26,2024-06-27,0.08,,,,wind:wind_get_stock_events
000969.SZ,000969.SZ_20250618_1,2025-06-18,2025-06-17,2025-06-18,0.2,,,,wind:wind_get_stock_events
000969.SZ,000969.SZ_20260618_1,2026-06-18,2026-06-17,2026-06-18,0.2,,,,wind:wind_get_stock_events
000975.SZ,000975.SZ_20150508_1,2015-05-08,2015-05-07,2015-05-08,0.21,,,,wind:wind_get_stock_events
000975.SZ,000975.SZ_20160317_1,2016-03-17,2016-03-16,2016-03-17,0.2,,,,wind:wind_get_stock_events
000975.SZ,000975.SZ_20180601_1,2018-06-01,2018-05-31,2018-06-01,0.2,,0.4,2018-06-01,wind:wind_get_stock_events
000975.SZ,000975.SZ_20190614_1,2019-06-14,2019-06-13,2019-06-14,0.2,,,,wind:wind_get_stock_events
000975.SZ,000975.SZ_20200429_1,2020-04-29,2020-04-28,2020-04-29,0.2,,,,wind:wind_get_stock_events
000975.SZ,000975.SZ_20200924_1,2020-09-24,2020-09-23,,,,0.4,2020-09-24,wind:wind_get_stock_events
000975.SZ,000975.SZ_20210430_1,2021-04-30,2021-04-29,2021-04-30,0.25,,,,wind:wind_get_stock_events
000975.SZ,000975.SZ_20220513_1,2022-05-13,2022-05-12,2022-05-13,0.25,,,,wind:wind_get_stock_events
000975.SZ,000975.SZ_20230330_1,2023-03-30,2023-03-29,2023-03-30,0.28,,,,wind:wind_get_stock_events
000975.SZ,000975.SZ_20240510_1,2024-05-10,2024-05-09,2024-05-10,0.28,,,,wind:wind_get_stock_events
000975.SZ,000975.SZ_20250520_1,2025-05-20,2025-05-19,2025-05-20,0.365,,,,wind:wind_get_stock_events
000975.SZ,000975.SZ_20260424_1,2026-04-24,2026-04-23,2026-04-24,0.4804,,,,wind:wind_get_stock_events
000977.SZ,000977.SZ_20150427_1,2015-04-27,2015-04-24,2015-04-27,0.08,0.3,0.7,2015-04-27,wind:wind_get_stock_events
000977.SZ,000977.SZ_20160519_1,2016-05-19,2016-05-18,2016-05-19,0.05,,,,wind:wind_get_stock_events
000977.SZ,000977.SZ_20170531_1,2017-05-31,2017-05-26,2017-05-31,0.03,,,,wind:wind_get_stock_events
000977.SZ,000977.SZ_20180518_1,2018-05-18,2018-05-17,2018-05-18,0.04,,,,wind:wind_get_stock_events
000977.SZ,000977.SZ_20190430_1,2019-04-30,2019-04-29,2019-04-30,0.06,,,,wind:wind_get_stock_events
000977.SZ,000977.SZ_20200520_1,2020-05-20,2020-05-19,2020-05-20,0.07,,,,wind:wind_get_stock_events
000977.SZ,000977.SZ_20210526_1,2021-05-26,2021-05-25,2021-05-26,0.11,,,,wind:wind_get_stock_events
000977.SZ,000977.SZ_20220520_1,2022-05-20,2022-05-19,2022-05-20,0.14,,,,wind:wind_get_stock_events
000977.SZ,000977.SZ_20230628_1,2023-06-28,2023-06-27,2023-06-28,0.1491,,,,wind:wind_get_stock_events
000977.SZ,000977.SZ_20240621_1,2024-06-21,2024-06-20,2024-06-21,0.13,,,,wind:wind_get_stock_events
000977.SZ,000977.SZ_20250117_1,2025-01-17,2025-01-16,2025-01-17,0.045,,,,wind:wind_get_stock_events
000977.SZ,000977.SZ_20250523_1,2025-05-23,2025-05-22,2025-05-23,0.115,,,,wind:wind_get_stock_events
000977.SZ,000977.SZ_20260520_1,2026-05-20,2026-05-19,2026-05-20,0.04,,,,wind:wind_get_stock_events
000978.SZ,000978.SZ_20150612_1,2015-06-12,2015-06-11,2015-06-12,0.045,,,,wind:wind_get_stock_events
000978.SZ,000978.SZ_20160617_1,2016-06-17,2016-06-16,2016-06-17,0.05,,,,wind:wind_get_stock_events
000978.SZ,000978.SZ_20180607_1,2018-06-07,2018-06-06,2018-06-07,0.07,,,,wind:wind_get_stock_events
000978.SZ,000978.SZ_20190619_1,2019-06-19,2019-06-18,2019-06-19,0.08,,,,wind:wind_get_stock_events
000978.SZ,000978.SZ_20200602_1,2020-06-02,2020-06-01,2020-06-02,0.02,,,,wind:wind_get_stock_events
000980.SZ,000980.SZ_20160420_1,2016-04-20,2016-04-19,2016-04-20,0.02,,,,wind:wind_get_stock_events
000980.SZ,000980.SZ_20180525_1,2018-05-25,2018-05-24,2018-05-25,0.015,,,,wind:wind_get_stock_events
000985.SZ,000985.SZ_20150625_1,2015-06-25,2015-06-24,2015-06-25,0.06,,,,wind:wind_get_stock_events
000985.SZ,000985.SZ_20170614_1,2017-06-14,2017-06-13,2017-06-14,0.125,,,,wind:wind_get_stock_events
000985.SZ,000985.SZ_20180614_1,2018-06-14,2018-06-13,2018-06-14,0.185,,,,wind:wind_get_stock_events
000985.SZ,000985.SZ_20200629_1,2020-06-29,2020-06-24,2020-06-29,0.16,,,,wind:wind_get_stock_events
000985.SZ,000985.SZ_20210531_1,2021-05-31,2021-05-28,2021-05-31,0.046,,,,wind:wind_get_stock_events
000985.SZ,000985.SZ_20220623_1,2022-06-23,2022-06-22,2022-06-23,0.046,,,,wind:wind_get_stock_events
000985.SZ,000985.SZ_20230621_1,2023-06-21,2023-06-20,2023-06-21,0.048,,,,wind:wind_get_stock_events
000985.SZ,000985.SZ_20240620_1,2024-06-20,2024-06-19,2024-06-20,0.018,,,,wind:wind_get_stock_events
000985.SZ,000985.SZ_20250620_1,2025-06-20,2025-06-19,2025-06-20,0.05,,,,wind:wind_get_stock_events
000985.SZ,000985.SZ_20250912_1,2025-09-12,2025-09-11,2025-09-12,0.015,,,,wind:wind_get_stock_events
000985.SZ,000985.SZ_20260623_1,2026-06-23,2026-06-22,2026-06-23,0.011,,,,wind:wind_get_stock_events
000985.SZ,000985.SZ_20260923_1,2026-09-23,2026-09-22,2026-09-23,0.012,,,,wind:wind_get_stock_events
000987.SZ,000987.SZ_20150529_1,2015-05-29,2015-05-28,2015-05-29,0.5,,,,wind:wind_get_stock_events
000987.SZ,000987.SZ_20160614_1,2016-06-14,2016-06-13,2016-06-14,0.2,0.5,,2016-06-14,wind:wind_get_stock_events
000987.SZ,000987.SZ_20170615_1,2017-06-15,2017-06-14,2017-06-15,0.08,,,,wind:wind_get_stock_events
000987.SZ,000987.SZ_20180614_1,2018-06-14,2018-06-13,2018-06-14,0.09,,,,wind:wind_get_stock_events
000987.SZ,000987.SZ_20190605_1,2019-06-05,2019-06-04,2019-06-05,0.09,,,,wind:wind_get_stock_events
000987.SZ,000987.SZ_20200520_1,2020-05-20,2020-05-19,2020-05-20,0.17,,,,wind:wind_get_stock_events
000987.SZ,000987.SZ_20210825_1,2021-08-25,2021-08-24,2021-08-25,0.25,,0.35,2021-08-25,wind:wind_get_stock_events
000987.SZ,000987.SZ_20220623_1,2022-06-23,2022-06-22,2022-06-23,0.2,,0.35,2022-06-23,wind:wind_get_stock_events
000987.SZ,000987.SZ_20230626_1,2023-06-26,2023-06-21,2023-06-26,0.17,,,,wind:wind_get_stock_events
000987.SZ,000987.SZ_20240530_1,2024-05-30,2024-05-29,2024-05-30,0.17,,,,wind:wind_get_stock_events
000987.SZ,000987.SZ_20250703_1,2025-07-03,2025-07-02,2025-07-03,0.17,,,,wind:wind_get_stock_events
000987.SZ,000987.SZ_20251112_1,2025-11-12,2025-11-11,2025-11-12,0.09,,,,wind:wind_get_stock_events
000987.SZ,000987.SZ_20260701_1,2026-07-01,2026-06-30,2026-07-01,0.13,,,,wind:wind_get_stock_events
000990.SZ,000990.SZ_20150529_1,2015-05-29,2015-05-28,2015-05-29,0.03,,,,wind:wind_get_stock_events
000990.SZ,000990.SZ_20160614_1,2016-06-14,2016-06-13,2016-06-14,0.03,,,,wind:wind_get_stock_events
000990.SZ,000990.SZ_20170526_1,2017-05-26,2017-05-25,2017-05-26,0.02,,,,wind:wind_get_stock_events
000990.SZ,000990.SZ_20171024_1,2017-10-24,2017-10-23,2017-10-24,0.1,,,,wind:wind_get_stock_events
000990.SZ,000990.SZ_20180607_1,2018-06-07,2018-06-06,2018-06-07,0.15,,,,wind:wind_get_stock_events
000990.SZ,000990.SZ_20191217_1,2019-12-17,2019-12-16,2019-12-17,0.29,,,,wind:wind_get_stock_events
000990.SZ,000990.SZ_20230609_1,2023-06-09,2023-06-08,2023-06-09,0.11,,,,wind:wind_get_stock_events
000990.SZ,000990.SZ_20240529_1,2024-05-29,2024-05-28,2024-05-29,0.05,,,,wind:wind_get_stock_events
000990.SZ,000990.SZ_20250609_1,2025-06-09,2025-06-06,2025-06-09,0.05,,,,wind:wind_get_stock_events
000990.SZ,000990.SZ_20260730_1,2026-07-30,2026-07-29,,,,0.4,2026-07-30,wind:wind_get_stock_events
000993.SZ,000993.SZ_20170517_1,2017-05-17,2017-05-16,2017-05-17,0.025,,,,wind:wind_get_stock_events
000993.SZ,000993.SZ_20240516_1,2024-05-16,2024-05-15,2024-05-16,0.2,,,,wind:wind_get_stock_events
000993.SZ,000993.SZ_20260730_1,2026-07-30,2026-07-29,2026-07-30,0.18,,,,wind:wind_get_stock_events
001201.SZ,001201.SZ_20220602_1,2022-06-02,2022-06-01,2022-06-02,0.2,,0.2,2022-06-02,wind:wind_get_stock_events
001202.SZ,001202.SZ_20220601_1,2022-06-01,2022-05-31,2022-06-01,0.6,,,,wind:wind_get_stock_events
001202.SZ,001202.SZ_20230530_1,2023-05-30,2023-05-29,2023-05-30,0.155,,,,wind:wind_get_stock_events
001202.SZ,001202.SZ_20240627_1,2024-06-27,2024-06-26,2024-06-27,0.3,,,,wind:wind_get_stock_events
001202.SZ,001202.SZ_20250618_1,2025-06-18,2025-06-17,,,,0.3,2025-06-18,wind:wind_get_stock_events
001202.SZ,001202.SZ_20260908_1,2026-09-08,2026-09-07,2026-09-08,0.2,,,,wind:wind_get_stock_events
001205.SZ,001205.SZ_20220418_1,2022-04-18,2022-04-15,2022-04-18,0.13,,0.4,2022-04-18,wind:wind_get_stock_events
001205.SZ,001205.SZ_20230424_1,2023-04-24,2023-04-21,2023-04-24,0.1,,,,wind:wind_get_stock_events
001205.SZ,001205.SZ_20240604_1,2024-06-04,2024-06-03,2024-06-04,0.12,,,,wind:wind_get_stock_events
001205.SZ,001205.SZ_20250606_1,2025-06-06,2025-06-05,2025-06-06,0.12,,,,wind:wind_get_stock_events
001205.SZ,001205.SZ_20260526_1,2026-05-26,2026-05-25,2026-05-26,0.15,,,,wind:wind_get_stock_events
001206.SZ,001206.SZ_20210924_1,2021-09-24,2021-09-23,2021-09-24,0.8,,,,wind:wind_get_stock_events
001206.SZ,001206.SZ_20220602_1,2022-06-02,2022-06-01,2022-06-02,0.7,,,,wind:wind_get_stock_events
001206.SZ,001206.SZ_20220915_1,2022-09-15,2022-09-14,,,,0.4,2022-09-15,wind:wind_get_stock_events
001206.SZ,001206.SZ_20230428_1,2023-04-28,2023-04-27,2023-04-28,0.5,,0.4,2023-04-28,wind:wind_get_stock_events
001206.SZ,001206.SZ_20231220_1,2023-12-20,2023-12-19,2023-12-20,0.25,,,,wind:wind_get_stock_events
001206.SZ,001206.SZ_20240604_1,2024-06-04,2024-06-03,2024-06-04,0.4,,,,wind:wind_get_stock_events
001206.SZ,001206.SZ_20240903_1,2024-09-03,2024-09-02,2024-09-03,0.27,,,,wind:wind_get_stock_events
001206.SZ,001206.SZ_20241219_1,2024-12-19,2024-12-18,2024-12-19,0.23,,,,wind:wind_get_stock_events
001206.SZ,001206.SZ_20250529_1,2025-05-29,2025-05-28,2025-05-29,0.37,,,,wind:wind_get_stock_events
001206.SZ,001206.SZ_20250903_1,2025-09-03,2025-09-02,2025-09-03,0.24,,,,wind:wind_get_stock_events
001206.SZ,001206.SZ_20260204_1,2026-02-04,2026-02-03,2026-02-04,0.22,,,,wind:wind_get_stock_events
001206.SZ,001206.SZ_20260518_1,2026-05-18,2026-05-15,2026-05-18,0.3,,,,wind:wind_get_stock_events
001206.SZ,001206.SZ_20260903_1,2026-09-03,2026-09-02,2026-09-03,0.22,,,,wind:wind_get_stock_events
001207.SZ,001207.SZ_20220704_1,2022-07-04,2022-07-01,2022-07-04,0.5,,,,wind:wind_get_stock_events
001207.SZ,001207.SZ_20230329_1,2023-03-29,2023-03-28,2023-03-29,0.2,,,,wind:wind_get_stock_events
001207.SZ,001207.SZ_20240410_1,2024-04-10,2024-04-09,2024-04-10,0.5,,,,wind:wind_get_stock_events
001207.SZ,001207.SZ_20241112_1,2024-11-12,2024-11-11,2024-11-12,0.1,,,,wind:wind_get_stock_events
001207.SZ,001207.SZ_20250331_1,2025-03-31,2025-03-28,2025-03-31,0.3,,,,wind:wind_get_stock_events
001207.SZ,001207.SZ_20251024_1,2025-10-24,2025-10-23,2025-10-24,0.3,,,,wind:wind_get_stock_events
001207.SZ,001207.SZ_20260408_1,2026-04-08,2026-04-07,2026-04-08,0.5,,0.4,2026-04-08,wind:wind_get_stock_events
001208.SZ,001208.SZ_20211013_1,2021-10-13,2021-10-12,2021-10-13,0.1,,,,wind:wind_get_stock_events
001208.SZ,001208.SZ_20220707_1,2022-07-07,2022-07-06,2022-07-07,0.03,,,,wind:wind_get_stock_events
001208.SZ,001208.SZ_20230628_1,2023-06-28,2023-06-27,2023-06-28,0.05,,,,wind:wind_get_stock_events
001208.SZ,001208.SZ_20240613_1,2024-06-13,2024-06-12,2024-06-13,0.05,,,,wind:wind_get_stock_events
001208.SZ,001208.SZ_20250530_1,2025-05-30,2025-05-29,2025-05-30,0.062,,,,wind:wind_get_stock_events
001208.SZ,001208.SZ_20260612_1,2026-06-12,2026-06-11,2026-06-12,0.065,,,,wind:wind_get_stock_events
001209.SZ,001209.SZ_20211224_1,2021-12-24,2021-12-23,2021-12-24,0.5,,,,wind:wind_get_stock_events
001209.SZ,001209.SZ_20220623_1,2022-06-23,2022-06-22,,,,0.4,2022-06-23,wind:wind_get_stock_events
001209.SZ,001209.SZ_20230613_1,2023-06-13,2023-06-12,2023-06-13,0.4,,,,wind:wind_get_stock_events
001209.SZ,001209.SZ_20240719_1,2024-07-19,2024-07-18,2024-07-19,0.1,,,,wind:wind_get_stock_events
001209.SZ,001209.SZ_20250616_1,2025-06-16,2025-06-13,2025-06-16,0.2,,,,wind:wind_get_stock_events
001209.SZ,001209.SZ_20260629_1,2026-06-29,2026-06-26,2026-06-29,0.12,,,,wind:wind_get_stock_events
001210.SZ,001210.SZ_20220718_1,2022-07-18,2022-07-15,2022-07-18,0.55,,,,wind:wind_get_stock_events
001210.SZ,001210.SZ_20230621_1,2023-06-21,2023-06-20,2023-06-21,0.55,,0.2,2023-06-21,wind:wind_get_stock_events
001210.SZ,001210.SZ_20240618_1,2024-06-18,2024-06-17,2024-06-18,0.05,,0.2,2024-06-18,wind:wind_get_stock_events
001210.SZ,001210.SZ_20240910_1,2024-09-10,2024-09-09,2024-09-10,0.1,,,,wind:wind_get_stock_events
001210.SZ,001210.SZ_20250609_1,2025-06-09,2025-06-06,2025-06-09,0.1,,0.2,2025-06-09,wind:wind_get_stock_events
001210.SZ,001210.SZ_20250917_1,2025-09-17,2025-09-16,2025-09-17,0.2,,,,wind:wind_get_stock_events
001210.SZ,001210.SZ_20260605_1,2026-06-05,2026-06-04,2026-06-05,0.25,,0.4,2026-06-05,wind:wind_get_stock_events
001211.SZ,001211.SZ_20211008_1,2021-10-08,2021-09-30,2021-10-08,0.5,,,,wind:wind_get_stock_events
001211.SZ,001211.SZ_20220815_1,2022-08-15,2022-08-12,2022-08-15,0.5,,,,wind:wind_get_stock_events
001211.SZ,001211.SZ_20250707_1,2025-07-07,2025-07-04,2025-07-07,0.2114,,,,wind:wind_get_stock_events
001211.SZ,001211.SZ_20260604_1,2026-06-04,2026-06-03,,,,0.3946,2026-06-04,wind:wind_get_stock_events
001212.SZ,001212.SZ_20220615_1,2022-06-15,2022-06-14,2022-06-15,0.3,,0.3,2022-06-15,wind:wind_get_stock_events
001212.SZ,001212.SZ_20230616_1,2023-06-16,2023-06-15,2023-06-16,0.1,,,,wind:wind_get_stock_events
001212.SZ,001212.SZ_20240607_1,2024-06-07,2024-06-06,2024-06-07,0.15,,,,wind:wind_get_stock_events
001212.SZ,001212.SZ_20250529_1,2025-05-29,2025-05-28,2025-05-29,0.1,,0.4,2025-05-29,wind:wind_get_stock_events
001216.SZ,001216.SZ_20220429_1,2022-04-29,2022-04-28,2022-04-29,0.21,,,,wind:wind_get_stock_events
001216.SZ,001216.SZ_20230601_1,2023-06-01,2023-05-31,2023-06-01,0.21,,,,wind:wind_get_stock_events
001216.SZ,001216.SZ_20240530_1,2024-05-30,2024-05-29,2024-05-30,0.26,,,,wind:wind_get_stock_events
001216.SZ,001216.SZ_20250613_1,2025-06-13,2025-06-12,2025-06-13,0.4,,,,wind:wind_get_stock_events
001216.SZ,001216.SZ_20260618_1,2026-06-18,2026-06-17,2026-06-18,0.3882,,,,wind:wind_get_stock_events
001217.SZ,001217.SZ_20211201_1,2021-12-01,2021-11-30,2021-12-01,0.1,,,,wind:wind_get_stock_events
001217.SZ,001217.SZ_20220524_1,2022-05-24,2022-05-23,2022-05-24,0.2,,,,wind:wind_get_stock_events
001217.SZ,001217.SZ_20230428_1,2023-04-28,2023-04-27,2023-04-28,0.1,,,,wind:wind_get_stock_events
001217.SZ,001217.SZ_20240524_1,2024-05-24,2024-05-23,2024-05-24,0.1,,,,wind:wind_get_stock_events
001217.SZ,001217.SZ_20250522_1,2025-05-22,2025-05-21,2025-05-22,0.1,,,,wind:wind_get_stock_events
001217.SZ,001217.SZ_20260526_1,2026-05-26,2026-05-25,2026-05-26,0.1,,,,wind:wind_get_stock_events
001218.SZ,001218.SZ_20220606_1,2022-06-06,2022-06-02,2022-06-06,0.9,,0.4,2022-06-06,wind:wind_get_stock_events
001218.SZ,001218.SZ_20230602_1,2023-06-02,2023-06-01,2023-06-02,0.6,,,,wind:wind_get_stock_events
001218.SZ,001218.SZ_20240607_1,2024-06-07,2024-06-06,2024-06-07,0.65,,,,wind:wind_get_stock_events
001218.SZ,001218.SZ_20250704_1,2025-07-04,2025-07-03,2025-07-04,0.51,,,,wind:wind_get_stock_events
001218.SZ,001218.SZ_20260703_1,2026-07-03,2026-07-02,2026-07-03,0.56,,,,wind:wind_get_stock_events
001221.SZ,001221.SZ_20251208_1,2025-12-08,2025-12-05,2025-12-08,0.36,,,,wind:wind_get_stock_events
001221.SZ,001221.SZ_20260603_1,2026-06-03,2026-06-02,2026-06-03,0.17,,,,wind:wind_get_stock_events
001221.SZ,001221.SZ_20260826_1,2026-08-26,2026-08-25,2026-08-26,0.22,,,,wind:wind_get_stock_events
001222.SZ,001222.SZ_20230627_1,2023-06-27,2023-06-26,2023-06-27,0.4,,0.4,2023-06-27,wind:wind_get_stock_events
001222.SZ,001222.SZ_20240619_1,2024-06-19,2024-06-18,2024-06-19,0.2,,,,wind:wind_get_stock_events
001222.SZ,001222.SZ_20250627_1,2025-06-27,2025-06-26,2025-06-27,0.15,,,,wind:wind_get_stock_events
001223.SZ,001223.SZ_20240516_1,2024-05-16,2024-05-15,2024-05-16,0.8,,,,wind:wind_get_stock_events
001223.SZ,001223.SZ_20250526_1,2025-05-26,2025-05-23,2025-05-26,0.15,,0.4,2025-05-26,wind:wind_get_stock_events
001223.SZ,001223.SZ_20260602_1,2026-06-02,2026-06-01,2026-06-02,0.215,,0.4,2026-06-02,wind:wind_get_stock_events
001225.SZ,001225.SZ_20240422_1,2024-04-22,2024-04-19,2024-04-22,1.25,,,,wind:wind_get_stock_events
001225.SZ,001225.SZ_20250522_1,2025-05-22,2025-05-21,2025-05-22,1.222,,,,wind:wind_get_stock_events
001225.SZ,001225.SZ_20260608_1,2026-06-08,2026-06-05,2026-06-08,0.312,,,,wind:wind_get_stock_events
001225.SZ,001225.SZ_20260923_1,2026-09-23,2026-09-22,,,,0.4,2026-09-23,wind:wind_get_stock_events
001226.SZ,001226.SZ_20221018_1,2022-10-18,2022-10-17,2022-10-18,0.536,,,,wind:wind_get_stock_events
001226.SZ,001226.SZ_20231130_1,2023-11-30,2023-11-29,2023-11-30,0.4,,,,wind:wind_get_stock_events
001226.SZ,001226.SZ_20250618_1,2025-06-18,2025-06-17,2025-06-18,0.4,,,,wind:wind_get_stock_events
001227.SZ,001227.SZ_20230705_1,2023-07-05,2023-07-04,2023-07-05,0.12,,,,wind:wind_get_stock_events
001227.SZ,001227.SZ_20240711_1,2024-07-11,2024-07-10,2024-07-11,0.1,,,,wind:wind_get_stock_events
001227.SZ,001227.SZ_20250124_1,2025-01-24,2025-01-23,2025-01-24,0.05,,,,wind:wind_get_stock_events
001227.SZ,001227.SZ_20250722_1,2025-07-22,2025-07-21,2025-07-22,0.051,,,,wind:wind_get_stock_events
001227.SZ,001227.SZ_20260209_1,2026-02-09,2026-02-06,2026-02-09,0.05,,,,wind:wind_get_stock_events
001227.SZ,001227.SZ_20260624_1,2026-06-24,2026-06-23,2026-06-24,0.03,,,,wind:wind_get_stock_events
001228.SZ,001228.SZ_20220921_1,2022-09-21,2022-09-20,2022-09-21,0.3,,,,wind:wind_get_stock_events
001228.SZ,001228.SZ_20230518_1,2023-05-18,2023-05-17,2023-05-18,0.3,,,,wind:wind_get_stock_events
001228.SZ,001228.SZ_20240521_1,2024-05-21,2024-05-20,2024-05-21,0.6,,,,wind:wind_get_stock_events
001228.SZ,001228.SZ_20241128_1,2024-11-28,2024-11-27,2024-11-28,0.3607,,,,wind:wind_get_stock_events
001228.SZ,001228.SZ_20250610_1,2025-06-10,2025-06-09,2025-06-10,0.3,,,,wind:wind_get_stock_events
001228.SZ,001228.SZ_20251126_1,2025-11-26,2025-11-25,2025-11-26,0.3,,,,wind:wind_get_stock_events
001228.SZ,001228.SZ_20260624_1,2026-06-24,2026-06-23,2026-06-24,0.3,,,,wind:wind_get_stock_events
001229.SZ,001229.SZ_20230606_1,2023-06-06,2023-06-05,2023-06-06,0.4,,,,wind:wind_get_stock_events
001229.SZ,001229.SZ_20240628_1,2024-06-28,2024-06-27,2024-06-28,0.6,,,,wind:wind_get_stock_events
001229.SZ,001229.SZ_20250624_1,2025-06-24,2025-06-23,2025-06-24,0.6,,,,wind:wind_get_stock_events
001229.SZ,001229.SZ_20260609_1,2026-06-09,2026-06-08,2026-06-09,0.3,,0.4,2026-06-09,wind:wind_get_stock_events
001230.SZ,001230.SZ_20230621_1,2023-06-21,2023-06-20,2023-06-21,0.2,,,,wind:wind_get_stock_events
001230.SZ,001230.SZ_20240606_1,2024-06-06,2024-06-05,2024-06-06,0.35,,0.2,2024-06-06,wind:wind_get_stock_events
001230.SZ,001230.SZ_20250613_1,2025-06-13,2025-06-12,2025-06-13,0.32,,,,wind:wind_get_stock_events
001230.SZ,001230.SZ_20251024_1,2025-10-24,2025-10-23,2025-10-24,0.11,,,,wind:wind_get_stock_events
001230.SZ,001230.SZ_20260617_1,2026-06-17,2026-06-16,2026-06-17,0.38,,0.4,2026-06-17,wind:wind_get_stock_events
001230.SZ,001230.SZ_20260907_1,2026-09-07,2026-09-04,2026-09-07,0.09,,,,wind:wind_get_stock_events
001231.SZ,001231.SZ_20230629_1,2023-06-29,2023-06-28,2023-06-29,0.2,,,,wind:wind_get_stock_events
001231.SZ,001231.SZ_20240826_1,2024-08-26,2024-08-23,2024-08-26,0.08,,,,wind:wind_get_stock_events
001231.SZ,001231.SZ_20240927_1,2024-09-27,2024-09-26,2024-09-27,0.05,,,,wind:wind_get_stock_events
001231.SZ,001231.SZ_20250801_1,2025-08-01,2025-07-31,2025-08-01,0.15,,,,wind:wind_get_stock_events
001231.SZ,001231.SZ_20260825_1,2026-08-25,2026-08-24,2026-08-25,0.15,,,,wind:wind_get_stock_events
001236.SZ,001236.SZ_20230111_1,2023-01-11,2023-01-10,2023-01-11,0.03,,,,wind:wind_get_stock_events
001236.SZ,001236.SZ_20240809_1,2024-08-09,2024-08-08,2024-08-09,0.004,,,,wind:wind_get_stock_events
001236.SZ,001236.SZ_20250808_1,2025-08-08,2025-08-07,2025-08-08,0.01,,,,wind:wind_get_stock_events
001236.SZ,001236.SZ_20260807_1,2026-08-07,2026-08-06,2026-08-07,0.004,,,,wind:wind_get_stock_events
001238.SZ,001238.SZ_20230630_1,2023-06-30,2023-06-29,2023-06-30,0.1,,,,wind:wind_get_stock_events
001238.SZ,001238.SZ_20240628_1,2024-06-28,2024-06-27,2024-06-28,0.07,,,,wind:wind_get_stock_events
001238.SZ,001238.SZ_20260603_1,2026-06-03,2026-06-02,2026-06-03,0.1,,0.4,2026-06-03,wind:wind_get_stock_events
001255.SZ,001255.SZ_20230526_1,2023-05-26,2023-05-25,2023-05-26,0.26,,,,wind:wind_get_stock_events
001255.SZ,001255.SZ_20240529_1,2024-05-29,2024-05-28,2024-05-29,0.086,,,,wind:wind_get_stock_events
001255.SZ,001255.SZ_20250529_1,2025-05-29,2025-05-28,2025-05-29,0.04,,,,wind:wind_get_stock_events
001255.SZ,001255.SZ_20260615_1,2026-06-15,2026-06-12,2026-06-15,0.04,,,,wind:wind_get_stock_events
001256.SZ,001256.SZ_20230615_1,2023-06-15,2023-06-14,2023-06-15,0.17,,,,wind:wind_get_stock_events
001256.SZ,001256.SZ_20240529_1,2024-05-29,2024-05-28,2024-05-29,0.2,,,,wind:wind_get_stock_events
001256.SZ,001256.SZ_20250529_1,2025-05-29,2025-05-28,2025-05-29,0.2,,,,wind:wind_get_stock_events
001256.SZ,001256.SZ_20260625_1,2026-06-25,2026-06-24,2026-06-25,0.3,,,,wind:wind_get_stock_events
001258.SZ,001258.SZ_20230616_1,2023-06-16,2023-06-15,2023-06-16,0.063,,,,wind:wind_get_stock_events
001258.SZ,001258.SZ_20240530_1,2024-05-30,2024-05-29,2024-05-30,0.08,,,,wind:wind_get_stock_events
001258.SZ,001258.SZ_20250528_1,2025-05-28,2025-05-27,2025-05-28,0.017,,,,wind:wind_get_stock_events
001258.SZ,001258.SZ_20260630_1,2026-06-30,2026-06-29,2026-06-30,0.03,,,,wind:wind_get_stock_events
001259.SZ,001259.SZ_20240528_1,2024-05-28,2024-05-27,2024-05-28,0.4,,,,wind:wind_get_stock_events
001259.SZ,001259.SZ_20250526_1,2025-05-26,2025-05-23,2025-05-26,0.16,,,,wind:wind_get_stock_events
001259.SZ,001259.SZ_20260602_1,2026-06-02,2026-06-01,2026-06-02,0.12,,,,wind:wind_get_stock_events
001260.SZ,001260.SZ_20240529_1,2024-05-29,2024-05-28,2024-05-29,0.125,,,,wind:wind_get_stock_events
001260.SZ,001260.SZ_20250530_1,2025-05-30,2025-05-29,2025-05-30,0.126,,,,wind:wind_get_stock_events
001260.SZ,001260.SZ_20260527_1,2026-05-27,2026-05-26,2026-05-27,0.215,,,,wind:wind_get_stock_events
001266.SZ,001266.SZ_20230609_1,2023-06-09,2023-06-08,2023-06-09,0.2,,,,wind:wind_get_stock_events
001266.SZ,001266.SZ_20240621_1,2024-06-21,2024-06-20,2024-06-21,0.2,,,,wind:wind_get_stock_events
001266.SZ,001266.SZ_20250606_1,2025-06-06,2025-06-05,2025-06-06,0.3015,,,,wind:wind_get_stock_events
001266.SZ,001266.SZ_20260604_1,2026-06-04,2026-06-03,2026-06-04,0.2998,,,,wind:wind_get_stock_events
001268.SZ,001268.SZ_20220927_1,2022-09-27,2022-09-26,2022-09-27,0.25,,,,wind:wind_get_stock_events
001268.SZ,001268.SZ_20230608_1,2023-06-08,2023-06-07,2023-06-08,0.1,,,,wind:wind_get_stock_events
001268.SZ,001268.SZ_20240703_1,2024-07-03,2024-07-02,2024-07-03,0.25,,,,wind:wind_get_stock_events
001268.SZ,001268.SZ_20250527_1,2025-05-27,2025-05-26,2025-05-27,0.45,,,,wind:wind_get_stock_events
001268.SZ,001268.SZ_20260707_1,2026-07-07,2026-07-06,2026-07-07,0.3,,0.4,2026-07-07,wind:wind_get_stock_events
001269.SZ,001269.SZ_20230612_1,2023-06-12,2023-06-09,2023-06-12,0.5,,0.4,2023-06-12,wind:wind_get_stock_events
001269.SZ,001269.SZ_20240617_1,2024-06-17,2024-06-14,2024-06-17,1.1999,,,,wind:wind_get_stock_events
001278.SZ,001278.SZ_20240711_1,2024-07-11,2024-07-10,2024-07-11,0.1,,,,wind:wind_get_stock_events
001278.SZ,001278.SZ_20250710_1,2025-07-10,2025-07-09,2025-07-10,0.1,,,,wind:wind_get_stock_events
001279.SZ,001279.SZ_20250612_1,2025-06-12,2025-06-11,2025-06-12,0.125,,,,wind:wind_get_stock_events
001279.SZ,001279.SZ_20251113_1,2025-11-13,2025-11-12,2025-11-13,0.0625,,,,wind:wind_get_stock_events
001279.SZ,001279.SZ_20260604_1,2026-06-04,2026-06-03,2026-06-04,0.125,,,,wind:wind_get_stock_events
001286.SZ,001286.SZ_20240626_1,2024-06-26,2024-06-25,2024-06-26,0.36,,,,wind:wind_get_stock_events
001286.SZ,001286.SZ_20250122_1,2025-01-22,2025-01-21,2025-01-22,0.05,,,,wind:wind_get_stock_events
001286.SZ,001286.SZ_20250626_1,2025-06-26,2025-06-25,2025-06-26,0.36,,,,wind:wind_get_stock_events
001286.SZ,001286.SZ_20260626_1,2026-06-26,2026-06-25,2026-06-26,0.41,,,,wind:wind_get_stock_events
001287.SZ,001287.SZ_20240604_1,2024-06-04,2024-06-03,2024-06-04,0.085,,,,wind:wind_get_stock_events
001287.SZ,001287.SZ_20250609_1,2025-06-09,2025-06-06,2025-06-09,0.112,,,,wind:wind_get_stock_events
001287.SZ,001287.SZ_20260611_1,2026-06-11,2026-06-10,2026-06-11,0.118,,,,wind:wind_get_stock_events
001289.SZ,001289.SZ_20230814_1,2023-08-14,2023-08-11,2023-08-14,0.1171,,,,wind:wind_get_stock_events
001289.SZ,001289.SZ_20240806_1,2024-08-06,2024-08-05,2024-08-06,0.2225,,,,wind:wind_get_stock_events
001289.SZ,001289.SZ_20250815_1,2025-08-15,2025-08-14,2025-08-15,0.2278,,,,wind:wind_get_stock_events
001289.SZ,001289.SZ_20251229_1,2025-12-29,2025-12-26,2025-12-29,0.1,,,,wind:wind_get_stock_events
001289.SZ,001289.SZ_20260626_1,2026-06-26,2026-06-25,2026-06-26,0.0625,,,,wind:wind_get_stock_events
001296.SZ,001296.SZ_20220624_1,2022-06-24,2022-06-23,2022-06-24,0.4,,0.3,2022-06-24,wind:wind_get_stock_events
001296.SZ,001296.SZ_20230616_1,2023-06-16,2023-06-15,2023-06-16,0.1,,,,wind:wind_get_stock_events
001296.SZ,001296.SZ_20240530_1,2024-05-30,2024-05-29,2024-05-30,0.4,,0.4,2024-05-30,wind:wind_get_stock_events
001296.SZ,001296.SZ_20250108_1,2025-01-08,2025-01-07,2025-01-08,0.2,,,,wind:wind_get_stock_events
001296.SZ,001296.SZ_20250704_1,2025-07-04,2025-07-03,2025-07-04,0.2,,,,wind:wind_get_stock_events
001296.SZ,001296.SZ_20251216_1,2025-12-16,2025-12-15,2025-12-16,0.2,,,,wind:wind_get_stock_events
001296.SZ,001296.SZ_20260708_1,2026-07-08,2026-07-07,2026-07-08,0.2,,,,wind:wind_get_stock_events
001298.SZ,001298.SZ_20230523_1,2023-05-23,2023-05-22,2023-05-23,0.3,,0.45,2023-05-23,wind:wind_get_stock_events
001298.SZ,001298.SZ_20240529_1,2024-05-29,2024-05-28,2024-05-29,0.2,,0.45,2024-05-29,wind:wind_get_stock_events
001298.SZ,001298.SZ_20250528_1,2025-05-28,2025-05-27,2025-05-28,0.06,,0.45,2025-05-28,wind:wind_get_stock_events
001298.SZ,001298.SZ_20260417_1,2026-04-17,2026-04-16,2026-04-17,0.07,,0.45,2026-04-17,wind:wind_get_stock_events
001299.SZ,001299.SZ_20240528_1,2024-05-28,2024-05-27,2024-05-28,0.3,,,,wind:wind_get_stock_events
001299.SZ,001299.SZ_20250429_1,2025-04-29,2025-04-28,2025-04-29,0.8,,0.3,2025-04-29,wind:wind_get_stock_events
001299.SZ,001299.SZ_20250923_1,2025-09-23,2025-09-22,2025-09-23,0.15,,,,wind:wind_get_stock_events
001299.SZ,001299.SZ_20260429_1,2026-04-29,2026-04-28,2026-04-29,0.5,,0.3,2026-04-29,wind:wind_get_stock_events
001300.SZ,001300.SZ_20230721_1,2023-07-21,2023-07-20,2023-07-21,0.06,,,,wind:wind_get_stock_events
001300.SZ,001300.SZ_20250626_1,2025-06-26,2025-06-25,2025-06-26,0.01,,,,wind:wind_get_stock_events
001311.SZ,001311.SZ_20240611_1,2024-06-11,2024-06-07,2024-06-11,0.82,,0.3,2024-06-11,wind:wind_get_stock_events
001311.SZ,001311.SZ_20250610_1,2025-06-10,2025-06-09,2025-06-10,0.67,,0.3,2025-06-10,wind:wind_get_stock_events
001311.SZ,001311.SZ_20260526_1,2026-05-26,2026-05-25,,,,0.3,2026-05-26,wind:wind_get_stock_events
001313.SZ,001313.SZ_20230614_1,2023-06-14,2023-06-13,2023-06-14,0.0486,,,,wind:wind_get_stock_events
001313.SZ,001313.SZ_20240619_1,2024-06-19,2024-06-18,2024-06-19,0.05,,,,wind:wind_get_stock_events
001313.SZ,001313.SZ_20250924_1,2025-09-24,2025-09-23,2025-09-24,0.113,,,,wind:wind_get_stock_events
001314.SZ,001314.SZ_20240617_1,2024-06-17,2024-06-14,2024-06-17,0.3312,,,,wind:wind_get_stock_events
001314.SZ,001314.SZ_20250630_1,2025-06-30,2025-06-27,2025-06-30,0.0906,,,,wind:wind_get_stock_events
001314.SZ,001314.SZ_20260602_1,2026-06-02,2026-06-01,2026-06-02,0.18,,,,wind:wind_get_stock_events
001316.SZ,001316.SZ_20230707_1,2023-07-07,2023-07-06,2023-07-07,0.625,,,,wind:wind_get_stock_events
001316.SZ,001316.SZ_20240708_1,2024-07-08,2024-07-05,2024-07-08,0.645,,,,wind:wind_get_stock_events
001316.SZ,001316.SZ_20250707_1,2025-07-07,2025-07-04,2025-07-07,0.365,,0.4,2025-07-07,wind:wind_get_stock_events
001316.SZ,001316.SZ_20250905_1,2025-09-05,2025-09-04,2025-09-05,0.348,,,,wind:wind_get_stock_events
001316.SZ,001316.SZ_20260520_1,2026-05-20,2026-05-19,2026-05-20,0.436,,0.4,2026-05-20,wind:wind_get_stock_events
001316.SZ,001316.SZ_20260904_1,2026-09-04,2026-09-03,2026-09-04,0.35,,,,wind:wind_get_stock_events
001317.SZ,001317.SZ_20220518_1,2022-05-18,2022-05-17,2022-05-18,0.4,,,,wind:wind_get_stock_events
001317.SZ,001317.SZ_20230530_1,2023-05-30,2023-05-29,2023-05-30,0.1,,,,wind:wind_get_stock_events
001317.SZ,001317.SZ_20240611_1,2024-06-11,2024-06-07,2024-06-11,0.12,,,,wind:wind_get_stock_events
001317.SZ,001317.SZ_20250625_1,2025-06-25,2025-06-24,2025-06-25,0.1,,,,wind:wind_get_stock_events
001319.SZ,001319.SZ_20230629_1,2023-06-29,2023-06-28,2023-06-29,0.25,,,,wind:wind_get_stock_events
001319.SZ,001319.SZ_20240627_1,2024-06-27,2024-06-26,2024-06-27,0.38,,,,wind:wind_get_stock_events
001319.SZ,001319.SZ_20250619_1,2025-06-19,2025-06-18,2025-06-19,0.39,,,,wind:wind_get_stock_events
001319.SZ,001319.SZ_20260618_1,2026-06-18,2026-06-17,2026-06-18,0.35,,,,wind:wind_get_stock_events
001319.SZ,001319.SZ_20260916_1,2026-09-16,2026-09-15,2026-09-16,0.1,,,,wind:wind_get_stock_events
001322.SZ,001322.SZ_20230531_1,2023-05-31,2023-05-30,2023-05-31,0.184,,,,wind:wind_get_stock_events
001322.SZ,001322.SZ_20240531_1,2024-05-31,2024-05-30,2024-05-31,0.1319,,,,wind:wind_get_stock_events
001322.SZ,001322.SZ_20250522_1,2025-05-22,2025-05-21,2025-05-22,0.1324,,,,wind:wind_get_stock_events
001322.SZ,001322.SZ_20260529_1,2026-05-29,2026-05-28,2026-05-29,0.04,,,,wind:wind_get_stock_events
001323.SZ,001323.SZ_20220919_1,2022-09-19,2022-09-16,2022-09-19,1,,,,wind:wind_get_stock_events
001323.SZ,001323.SZ_20230526_1,2023-05-26,2023-05-25,2023-05-26,1,,,,wind:wind_get_stock_events
001323.SZ,001323.SZ_20240603_1,2024-06-03,2024-05-31,2024-06-03,1,,,,wind:wind_get_stock_events
001323.SZ,001323.SZ_20240927_1,2024-09-27,2024-09-26,2024-09-27,0.75,,,,wind:wind_get_stock_events
001323.SZ,001323.SZ_20250609_1,2025-06-09,2025-06-06,2025-06-09,1,,,,wind:wind_get_stock_events
001323.SZ,001323.SZ_20250821_1,2025-08-21,2025-08-20,,,,0.1,2025-08-21,wind:wind_get_stock_events
001323.SZ,001323.SZ_20250926_1,2025-09-26,2025-09-25,2025-09-26,0.45,,,,wind:wind_get_stock_events
001323.SZ,001323.SZ_20260608_1,2026-06-08,2026-06-05,2026-06-08,1,,,,wind:wind_get_stock_events
001332.SZ,001332.SZ_20221129_1,2022-11-29,2022-11-28,2022-11-29,2.5,,,,wind:wind_get_stock_events
001332.SZ,001332.SZ_20230519_1,2023-05-19,2023-05-18,2023-05-19,1,,0.35,2023-05-19,wind:wind_get_stock_events
001332.SZ,001332.SZ_20240606_1,2024-06-06,2024-06-05,2024-06-06,0.5,,,,wind:wind_get_stock_events
001332.SZ,001332.SZ_20241016_1,2024-10-16,2024-10-15,2024-10-16,0.5,,,,wind:wind_get_stock_events
001332.SZ,001332.SZ_20250520_1,2025-05-20,2025-05-19,2025-05-20,0.5,,,,wind:wind_get_stock_events
001332.SZ,001332.SZ_20251027_1,2025-10-27,2025-10-24,2025-10-27,0.3,,,,wind:wind_get_stock_events
001332.SZ,001332.SZ_20260529_1,2026-05-29,2026-05-28,2026-05-29,0.5,,0.4,2026-05-29,wind:wind_get_stock_events
001335.SZ,001335.SZ_20260624_1,2026-06-24,2026-06-23,2026-06-24,0.15,,,,wind:wind_get_stock_events
001336.SZ,001336.SZ_20230530_1,2023-05-30,2023-05-29,2023-05-30,0.12,,,,wind:wind_get_stock_events
001336.SZ,001336.SZ_20240703_1,2024-07-03,2024-07-02,2024-07-03,0.1001,,,,wind:wind_get_stock_events
001336.SZ,001336.SZ_20241018_1,2024-10-18,2024-10-17,2024-10-18,0.03,,,,wind:wind_get_stock_events
001336.SZ,001336.SZ_20250711_1,2025-07-11,2025-07-10,2025-07-11,0.12,,,,wind:wind_get_stock_events
001336.SZ,001336.SZ_20251023_1,2025-10-23,2025-10-22,2025-10-23,0.03,,,,wind:wind_get_stock_events
001336.SZ,001336.SZ_20260728_1,2026-07-28,2026-07-27,2026-07-28,0.12,,0.3,2026-07-28,wind:wind_get_stock_events
001338.SZ,001338.SZ_20230621_1,2023-06-21,2023-06-20,2023-06-21,0.06,,,,wind:wind_get_stock_events
001338.SZ,001338.SZ_20240619_1,2024-06-19,2024-06-18,2024-06-19,0.105,,,,wind:wind_get_stock_events
001338.SZ,001338.SZ_20250619_1,2025-06-19,2025-06-18,2025-06-19,0.3,,,,wind:wind_get_stock_events
001338.SZ,001338.SZ_20260625_1,2026-06-25,2026-06-24,2026-06-25,0.24,,,,wind:wind_get_stock_events
001358.SZ,001358.SZ_20240424_1,2024-04-24,2024-04-23,2024-04-24,1.2,,0.4,2024-04-24,wind:wind_get_stock_events
001358.SZ,001358.SZ_20250428_1,2025-04-28,2025-04-25,2025-04-28,0.5,,,,wind:wind_get_stock_events
001358.SZ,001358.SZ_20260430_1,2026-04-30,2026-04-29,2026-04-30,0.25,,,,wind:wind_get_stock_events
001360.SZ,001360.SZ_20240521_1,2024-05-21,2024-05-20,2024-05-21,0.225,,,,wind:wind_get_stock_events
001360.SZ,001360.SZ_20250528_1,2025-05-28,2025-05-27,2025-05-28,0.15,,,,wind:wind_get_stock_events
001360.SZ,001360.SZ_20260623_1,2026-06-23,2026-06-22,2026-06-23,0.2,,,,wind:wind_get_stock_events
001366.SZ,001366.SZ_20240530_1,2024-05-30,2024-05-29,2024-05-30,0.12,,,,wind:wind_get_stock_events
001367.SZ,001367.SZ_20240618_1,2024-06-18,2024-06-17,2024-06-18,0.5,,0.48,2024-06-18,wind:wind_get_stock_events
001367.SZ,001367.SZ_20250520_1,2025-05-20,2025-05-19,2025-05-20,0.17,,0.48,2025-05-20,wind:wind_get_stock_events
001367.SZ,001367.SZ_20260513_1,2026-05-13,2026-05-12,2026-05-13,0.116,,,,wind:wind_get_stock_events
001368.SZ,001368.SZ_20240429_1,2024-04-29,2024-04-26,2024-04-29,0.8,,,,wind:wind_get_stock_events
001368.SZ,001368.SZ_20241126_1,2024-11-26,2024-11-25,2024-11-26,0.65,,,,wind:wind_get_stock_events
001368.SZ,001368.SZ_20250508_1,2025-05-08,2025-05-07,2025-05-08,0.15,,,,wind:wind_get_stock_events
001368.SZ,001368.SZ_20251212_1,2025-12-12,2025-12-11,2025-12-12,0.6,,,,wind:wind_get_stock_events
001368.SZ,001368.SZ_20260513_1,2026-05-13,2026-05-12,2026-05-13,0.15,,,,wind:wind_get_stock_events
001368.SZ,001368.SZ_20260923_1,2026-09-23,2026-09-22,2026-09-23,0.4,,,,wind:wind_get_stock_events
001373.SZ,001373.SZ_20240613_1,2024-06-13,2024-06-12,2024-06-13,0.2,,,,wind:wind_get_stock_events
001373.SZ,001373.SZ_20241211_1,2024-12-11,2024-12-10,2024-12-11,0.04,,,,wind:wind_get_stock_events
001373.SZ,001373.SZ_20250612_1,2025-06-12,2025-06-11,2025-06-12,0.06,,,,wind:wind_get_stock_events
001378.SZ,001378.SZ_20240529_1,2024-05-29,2024-05-28,2024-05-29,0.45,,,,wind:wind_get_stock_events
001378.SZ,001378.SZ_20241220_1,2024-12-20,2024-12-19,2024-12-20,0.2,,,,wind:wind_get_stock_events
001378.SZ,001378.SZ_20250613_1,2025-06-13,2025-06-12,2025-06-13,0.45,,,,wind:wind_get_stock_events
001378.SZ,001378.SZ_20251219_1,2025-12-19,2025-12-18,2025-12-19,0.2,,,,wind:wind_get_stock_events
001378.SZ,001378.SZ_20260522_1,2026-05-22,2026-05-21,2026-05-22,0.45,,0.3,2026-05-22,wind:wind_get_stock_events
001379.SZ,001379.SZ_20241105_1,2024-11-05,2024-11-04,2024-11-05,0.052,,,,wind:wind_get_stock_events
001379.SZ,001379.SZ_20250603_1,2025-06-03,2025-05-30,2025-06-03,0.1,,,,wind:wind_get_stock_events
001379.SZ,001379.SZ_20251104_1,2025-11-04,2025-11-03,2025-11-04,0.1,,,,wind:wind_get_stock_events
001379.SZ,001379.SZ_20260604_1,2026-06-04,2026-06-03,2026-06-04,0.1,,,,wind:wind_get_stock_events
001382.SZ,001382.SZ_20260527_1,2026-05-27,2026-05-26,2026-05-27,0.075,,,,wind:wind_get_stock_events
001382.SZ,001382.SZ_20260929_1,2026-09-29,2026-09-28,2026-09-29,0.03,,,,wind:wind_get_stock_events
001387.SZ,001387.SZ_20250124_1,2025-01-24,2025-01-23,2025-01-24,0.08,,,,wind:wind_get_stock_events
001387.SZ,001387.SZ_20250630_1,2025-06-30,2025-06-27,2025-06-30,0.12,,,,wind:wind_get_stock_events
001387.SZ,001387.SZ_20260528_1,2026-05-28,2026-05-27,2026-05-28,0.2,,,,wind:wind_get_stock_events
001388.SZ,001388.SZ_20250919_1,2025-09-19,2025-09-18,2025-09-19,0.6,,,,wind:wind_get_stock_events
001388.SZ,001388.SZ_20260717_1,2026-07-17,2026-07-16,2026-07-17,0.5,0.48,,2026-07-17,wind:wind_get_stock_events
001389.SZ,001389.SZ_20250530_1,2025-05-30,2025-05-29,2025-05-30,0.48,,,,wind:wind_get_stock_events
001389.SZ,001389.SZ_20260710_1,2026-07-10,2026-07-09,2026-07-10,0.6456,,,,wind:wind_get_stock_events
001390.SZ,001390.SZ_20260709_1,2026-07-09,2026-07-08,2026-07-09,0.13,,,,wind:wind_get_stock_events
001391.SZ,001391.SZ_20250711_1,2025-07-11,2025-07-10,2025-07-11,0.065,,,,wind:wind_get_stock_events
001391.SZ,001391.SZ_20260702_1,2026-07-02,2026-07-01,2026-07-02,0.087,,,,wind:wind_get_stock_events
001400.SZ,001400.SZ_20250926_1,2025-09-26,2025-09-25,2025-09-26,0.8,,,,wind:wind_get_stock_events
001400.SZ,001400.SZ_20260529_1,2026-05-29,2026-05-28,2026-05-29,0.4,,0.4,2026-05-29,wind:wind_get_stock_events
001400.SZ,001400.SZ_20260909_1,2026-09-09,2026-09-08,2026-09-09,0.5,,,,wind:wind_get_stock_events
001872.SZ,001872.SZ_20150722_1,2015-07-22,2015-07-21,2015-07-22,0.324,,,,wind:wind_get_stock_events
001872.SZ,001872.SZ_20160728_1,2016-07-28,2016-07-27,2016-07-28,0.41,,,,wind:wind_get_stock_events
001872.SZ,001872.SZ_20170801_1,2017-08-01,2017-07-31,2017-08-01,0.496,,,,wind:wind_get_stock_events
001872.SZ,001872.SZ_20180523_1,2018-05-23,2018-05-22,2018-05-23,1.319,,,,wind:wind_get_stock_events
001872.SZ,001872.SZ_20190710_1,2019-07-10,2019-07-09,2019-07-10,0.114,,,,wind:wind_get_stock_events
001872.SZ,001872.SZ_20200715_1,2020-07-15,2020-07-14,2020-07-15,0.46,,,,wind:wind_get_stock_events
001872.SZ,001872.SZ_20210721_1,2021-07-21,2021-07-20,2021-07-21,0.38,,,,wind:wind_get_stock_events
001872.SZ,001872.SZ_20220517_1,2022-05-17,2022-05-16,2022-05-17,0.43,,,,wind:wind_get_stock_events
001872.SZ,001872.SZ_20230628_1,2023-06-28,2023-06-27,2023-06-28,0.45,,,,wind:wind_get_stock_events
001872.SZ,001872.SZ_20240717_1,2024-07-17,2024-07-16,2024-07-17,0.58,,,,wind:wind_get_stock_events
001872.SZ,001872.SZ_20250625_1,2025-06-25,2025-06-24,2025-06-25,0.74,,,,wind:wind_get_stock_events
001872.SZ,001872.SZ_20260715_1,2026-07-15,2026-07-14,2026-07-15,0.799,,,,wind:wind_get_stock_events
001914.SZ,001914.SZ_20150612_1,2015-06-12,2015-06-11,2015-06-12,0.1,,,,wind:wind_get_stock_events
001914.SZ,001914.SZ_20160518_1,2016-05-18,2016-05-17,2016-05-18,0.05,,,,wind:wind_get_stock_events
001914.SZ,001914.SZ_20170622_1,2017-06-22,2017-06-21,2017-06-22,0.07,,,,wind:wind_get_stock_events
001914.SZ,001914.SZ_20180606_1,2018-06-06,2018-06-05,2018-06-06,0.1,,,,wind:wind_get_stock_events
001914.SZ,001914.SZ_20190606_1,2019-06-06,2019-06-05,2019-06-06,0.3,,,,wind:wind_get_stock_events
001914.SZ,001914.SZ_20200812_1,2020-08-12,2020-08-11,2020-08-12,0.1,,,,wind:wind_get_stock_events
001914.SZ,001914.SZ_20210617_1,2021-06-17,2021-06-16,2021-06-17,0.13,,,,wind:wind_get_stock_events
001914.SZ,001914.SZ_20220616_1,2022-06-16,2022-06-15,2022-06-16,0.1,,,,wind:wind_get_stock_events
001914.SZ,001914.SZ_20230727_1,2023-07-27,2023-07-26,2023-07-27,0.12,,,,wind:wind_get_stock_events
001914.SZ,001914.SZ_20240821_1,2024-08-21,2024-08-20,2024-08-21,0.17,,,,wind:wind_get_stock_events
001914.SZ,001914.SZ_20250813_1,2025-08-13,2025-08-12,2025-08-13,0.2401,,,,wind:wind_get_stock_events
001914.SZ,001914.SZ_20260724_1,2026-07-24,2026-07-23,2026-07-24,0.26,,,,wind:wind_get_stock_events
001965.SZ,001965.SZ_20180808_1,2018-08-08,2018-08-07,2018-08-08,0.219,,,,wind:wind_get_stock_events
001965.SZ,001965.SZ_20190712_1,2019-07-12,2019-07-11,2019-07-12,0.254,,,,wind:wind_get_stock_events
001965.SZ,001965.SZ_20200824_1,2020-08-24,2020-08-21,2020-08-24,0.28,,,,wind:wind_get_stock_events
001965.SZ,001965.SZ_20210625_1,2021-06-25,2021-06-24,2021-06-25,0.177,,,,wind:wind_get_stock_events
001965.SZ,001965.SZ_20220705_1,2022-07-05,2022-07-04,2022-07-05,0.346,,,,wind:wind_get_stock_events
001965.SZ,001965.SZ_20230718_1,2023-07-18,2023-07-17,2023-07-18,0.414,,,,wind:wind_get_stock_events
001965.SZ,001965.SZ_20240730_1,2024-07-30,2024-07-29,2024-07-30,0.531,,,,wind:wind_get_stock_events
001965.SZ,001965.SZ_20250731_1,2025-07-31,2025-07-30,2025-07-31,0.417,,,,wind:wind_get_stock_events
001965.SZ,001965.SZ_20260731_1,2026-07-31,2026-07-30,2026-07-31,0.373,,,,wind:wind_get_stock_events
001979.SZ,001979.SZ_20160624_1,2016-06-24,2016-06-23,2016-06-24,0.26,,,,wind:wind_get_stock_events
001979.SZ,001979.SZ_20170713_1,2017-07-13,2017-07-12,2017-07-13,0.5,,,,wind:wind_get_stock_events
001979.SZ,001979.SZ_20180509_1,2018-05-09,2018-05-08,2018-05-09,0.62,,,,wind:wind_get_stock_events
001979.SZ,001979.SZ_20190711_1,2019-07-11,2019-07-10,2019-07-11,0.7898,,,,wind:wind_get_stock_events
001979.SZ,001979.SZ_20200723_1,2020-07-23,2020-07-22,2020-07-23,0.83,,,,wind:wind_get_stock_events
001979.SZ,001979.SZ_20210728_1,2021-07-28,2021-07-27,2021-07-28,0.64,,,,wind:wind_get_stock_events
001979.SZ,001979.SZ_20220823_1,2022-08-23,2022-08-22,2022-08-23,0.54,,,,wind:wind_get_stock_events
001979.SZ,001979.SZ_20230512_1,2023-05-12,2023-05-11,2023-05-12,0.23,,,,wind:wind_get_stock_events
001979.SZ,001979.SZ_20240723_1,2024-07-23,2024-07-22,2024-07-23,0.32,,,,wind:wind_get_stock_events
001979.SZ,001979.SZ_20250717_1,2025-07-17,2025-07-16,2025-07-17,0.1941,,,,wind:wind_get_stock_events
001979.SZ,001979.SZ_20260721_1,2026-07-21,2026-07-20,2026-07-21,0.0511,,,,wind:wind_get_stock_events
002001.SZ,002001.SZ_20150618_1,2015-06-18,2015-06-17,2015-06-18,0.35,,,,wind:wind_get_stock_events
002001.SZ,002001.SZ_20160608_1,2016-06-08,2016-06-07,2016-06-08,0.2,,,,wind:wind_get_stock_events
002001.SZ,002001.SZ_20170609_1,2017-06-09,2017-06-08,2017-06-09,0.6,,,,wind:wind_get_stock_events
002001.SZ,002001.SZ_20180530_1,2018-05-30,2018-05-29,2018-05-30,0.7,,0.7,2018-05-30,wind:wind_get_stock_events
002001.SZ,002001.SZ_20190712_1,2019-07-12,2019-07-11,2019-07-12,0.7,,,,wind:wind_get_stock_events
002001.SZ,002001.SZ_20200617_1,2020-06-17,2020-06-16,2020-06-17,0.5,,,,wind:wind_get_stock_events
002001.SZ,002001.SZ_20210519_1,2021-05-19,2021-05-18,2021-05-19,0.7,,0.2,2021-05-19,wind:wind_get_stock_events
002001.SZ,002001.SZ_20220525_1,2022-05-25,2022-05-24,2022-05-25,0.7,,0.2,2022-05-25,wind:wind_get_stock_events
002001.SZ,002001.SZ_20230614_1,2023-06-14,2023-06-13,2023-06-14,0.5,,,,wind:wind_get_stock_events
002001.SZ,002001.SZ_20240529_1,2024-05-29,2024-05-28,2024-05-29,0.45,,,,wind:wind_get_stock_events
002001.SZ,002001.SZ_20250122_1,2025-01-22,2025-01-21,2025-01-22,0.2,,,,wind:wind_get_stock_events
002001.SZ,002001.SZ_20250521_1,2025-05-21,2025-05-20,2025-05-21,0.5,,,,wind:wind_get_stock_events
002001.SZ,002001.SZ_20251020_1,2025-10-20,2025-10-17,2025-10-20,0.2,,,,wind:wind_get_stock_events
002001.SZ,002001.SZ_20260528_1,2026-05-28,2026-05-27,2026-05-28,0.8,,,,wind:wind_get_stock_events
002003.SZ,002003.SZ_20150515_1,2015-05-15,2015-05-14,2015-05-15,0.6,,0.2,2015-05-15,wind:wind_get_stock_events
002003.SZ,002003.SZ_20160516_1,2016-05-16,2016-05-13,2016-05-16,0.5,,,,wind:wind_get_stock_events
002003.SZ,002003.SZ_20170525_1,2017-05-25,2017-05-24,2017-05-25,0.5,,0.3,2017-05-25,wind:wind_get_stock_events
002003.SZ,002003.SZ_20180608_1,2018-06-08,2018-06-07,2018-06-08,0.5,,0.3,2018-06-08,wind:wind_get_stock_events
002003.SZ,002003.SZ_20190529_1,2019-05-29,2019-05-28,2019-05-29,0.35,,,,wind:wind_get_stock_events
002003.SZ,002003.SZ_20200529_1,2020-05-29,2020-05-28,2020-05-29,0.4,,,,wind:wind_get_stock_events
002003.SZ,002003.SZ_20210526_1,2021-05-26,2021-05-25,2021-05-26,0.4,,,,wind:wind_get_stock_events
002003.SZ,002003.SZ_20220527_1,2022-05-27,2022-05-26,2022-05-27,0.5,,0.3,2022-05-27,wind:wind_get_stock_events
002003.SZ,002003.SZ_20230510_1,2023-05-10,2023-05-09,2023-05-10,0.35,,,,wind:wind_get_stock_events
002003.SZ,002003.SZ_20240523_1,2024-05-23,2024-05-22,2024-05-23,0.45,,,,wind:wind_get_stock_events
002003.SZ,002003.SZ_20240925_1,2024-09-25,2024-09-24,2024-09-25,0.2,,,,wind:wind_get_stock_events
002003.SZ,002003.SZ_20250521_1,2025-05-21,2025-05-20,2025-05-21,0.3,,,,wind:wind_get_stock_events
002003.SZ,002003.SZ_20251030_1,2025-10-30,2025-10-29,2025-10-30,0.1,,,,wind:wind_get_stock_events
002003.SZ,002003.SZ_20260520_1,2026-05-20,2026-05-19,2026-05-20,0.4,,,,wind:wind_get_stock_events
002006.SZ,002006.SZ_20170621_1,2017-06-21,2017-06-20,2017-06-21,0.02,,,,wind:wind_get_stock_events
002006.SZ,002006.SZ_20180607_1,2018-06-07,2018-06-06,2018-06-07,0.02,,,,wind:wind_get_stock_events
002006.SZ,002006.SZ_20230621_1,2023-06-21,2023-06-20,2023-06-21,0.2,,,,wind:wind_get_stock_events
002006.SZ,002006.SZ_20240619_1,2024-06-19,2024-06-18,2024-06-19,0.15,,,,wind:wind_get_stock_events
002006.SZ,002006.SZ_20250704_1,2025-07-04,2025-07-03,2025-07-04,0.15,,,,wind:wind_get_stock_events
002006.SZ,002006.SZ_20260708_1,2026-07-08,2026-07-07,2026-07-08,0.2,,,,wind:wind_get_stock_events
002009.SZ,002009.SZ_20150609_1,2015-06-09,2015-06-08,2015-06-09,0.05,,,,wind:wind_get_stock_events
002009.SZ,002009.SZ_20160607_1,2016-06-07,2016-06-06,2016-06-07,0.05,,,,wind:wind_get_stock_events
002009.SZ,002009.SZ_20170601_1,2017-06-01,2017-05-31,2017-06-01,0.05,,,,wind:wind_get_stock_events
002009.SZ,002009.SZ_20180522_1,2018-05-22,2018-05-21,2018-05-22,0.05,,,,wind:wind_get_stock_events
002009.SZ,002009.SZ_20190530_1,2019-05-30,2019-05-29,2019-05-30,0.057,,,,wind:wind_get_stock_events
002009.SZ,002009.SZ_20200715_1,2020-07-15,2020-07-14,2020-07-15,0.032,,,,wind:wind_get_stock_events
002009.SZ,002009.SZ_20210705_1,2021-07-05,2021-07-02,2021-07-05,0.049,,,,wind:wind_get_stock_events
002009.SZ,002009.SZ_20220615_1,2022-06-15,2022-06-14,2022-06-15,0.03,,,,wind:wind_get_stock_events
002009.SZ,002009.SZ_20230714_1,2023-07-14,2023-07-13,2023-07-14,0.01,,,,wind:wind_get_stock_events
002009.SZ,002009.SZ_20241018_1,2024-10-18,2024-10-17,2024-10-18,0.02,,,,wind:wind_get_stock_events
002009.SZ,002009.SZ_20260717_1,2026-07-17,2026-07-16,2026-07-17,0.05,,,,wind:wind_get_stock_events
002011.SZ,002011.SZ_20170612_1,2017-06-12,2017-06-09,2017-06-12,0.1,,,,wind:wind_get_stock_events
002011.SZ,002011.SZ_20260811_1,2026-08-11,2026-08-10,2026-08-11,0.1,,,,wind:wind_get_stock_events
002012.SZ,002012.SZ_20170517_1,2017-05-17,2017-05-16,2017-05-17,0.02,,,,wind:wind_get_stock_events
002012.SZ,002012.SZ_20190531_1,2019-05-31,2019-05-30,2019-05-31,0.005,,,,wind:wind_get_stock_events
002012.SZ,002012.SZ_20200519_1,2020-05-19,2020-05-18,2020-05-19,0.021,,,,wind:wind_get_stock_events
002012.SZ,002012.SZ_20210608_1,2021-06-08,2021-06-07,2021-06-08,0.0091,,,,wind:wind_get_stock_events
002012.SZ,002012.SZ_20220616_1,2022-06-16,2022-06-15,2022-06-16,0.02,,,,wind:wind_get_stock_events
002012.SZ,002012.SZ_20230525_1,2023-05-25,2023-05-24,2023-05-25,0.012,,,,wind:wind_get_stock_events
002012.SZ,002012.SZ_20240524_1,2024-05-24,2024-05-23,2024-05-24,0.031,,,,wind:wind_get_stock_events
002012.SZ,002012.SZ_20250526_1,2025-05-26,2025-05-23,2025-05-26,0.004,,,,wind:wind_get_stock_events
002012.SZ,002012.SZ_20260526_1,2026-05-26,2026-05-25,2026-05-26,0.021,,,,wind:wind_get_stock_events
002014.SZ,002014.SZ_20150415_1,2015-04-15,2015-04-14,2015-04-15,0.3,,,,wind:wind_get_stock_events
002014.SZ,002014.SZ_20160310_1,2016-03-10,2016-03-09,2016-03-10,0.4,,,,wind:wind_get_stock_events
002014.SZ,002014.SZ_20170330_1,2017-03-30,2017-03-29,2017-03-30,0.5,,,,wind:wind_get_stock_events
002014.SZ,002014.SZ_20180418_1,2018-04-18,2018-04-17,2018-04-18,0.45,,0.5,2018-04-18,wind:wind_get_stock_events
002014.SZ,002014.SZ_20190425_1,2019-04-25,2019-04-24,2019-04-25,0.35,,,,wind:wind_get_stock_events
002014.SZ,002014.SZ_20200415_1,2020-04-15,2020-04-14,2020-04-15,0.4,,,,wind:wind_get_stock_events
002014.SZ,002014.SZ_20210414_1,2021-04-14,2021-04-13,2021-04-14,0.5,,,,wind:wind_get_stock_events
002014.SZ,002014.SZ_20220414_1,2022-04-14,2022-04-13,2022-04-14,0.5,,0.2,2022-04-14,wind:wind_get_stock_events
002014.SZ,002014.SZ_20230414_1,2023-04-14,2023-04-13,2023-04-14,0.4,,,,wind:wind_get_stock_events
002014.SZ,002014.SZ_20240412_1,2024-04-12,2024-04-11,2024-04-12,0.55,,,,wind:wind_get_stock_events
002014.SZ,002014.SZ_20250423_1,2025-04-23,2025-04-22,2025-04-23,0.62,,,,wind:wind_get_stock_events
002014.SZ,002014.SZ_20250930_1,2025-09-30,2025-09-29,2025-09-30,0.28,,,,wind:wind_get_stock_events
002014.SZ,002014.SZ_20260525_1,2026-05-25,2026-05-22,2026-05-25,0.27,,,,wind:wind_get_stock_events
002014.SZ,002014.SZ_20260916_1,2026-09-16,2026-09-15,2026-09-16,0.27,,,,wind:wind_get_stock_events
002015.SZ,002015.SZ_20150626_1,2015-06-26,2015-06-25,,,,0.67,2015-06-26,wind:wind_get_stock_events
002015.SZ,002015.SZ_20210622_1,2021-06-22,2021-06-21,2021-06-22,0.15,,,,wind:wind_get_stock_events
002015.SZ,002015.SZ_20220517_1,2022-05-17,2022-05-16,2022-05-17,0.2,,,,wind:wind_get_stock_events
002015.SZ,002015.SZ_20230626_1,2023-06-26,2023-06-21,2023-06-26,0.19,,,,wind:wind_get_stock_events
002015.SZ,002015.SZ_20240611_1,2024-06-11,2024-06-07,2024-06-11,0.13,,,,wind:wind_get_stock_events
002015.SZ,002015.SZ_20250711_1,2025-07-11,2025-07-10,2025-07-11,0.1,,,,wind:wind_get_stock_events
002015.SZ,002015.SZ_20260618_1,2026-06-18,2026-06-17,2026-06-18,0.1,,,,wind:wind_get_stock_events
002023.SZ,002023.SZ_20150508_1,2015-05-08,2015-05-07,2015-05-08,0.1,,1,2015-05-08,wind:wind_get_stock_events
002023.SZ,002023.SZ_20170601_1,2017-06-01,2017-05-31,2017-06-01,0.1,,,,wind:wind_get_stock_events
002023.SZ,002023.SZ_20200612_1,2020-06-12,2020-06-11,2020-06-12,0.03,,,,wind:wind_get_stock_events
002023.SZ,002023.SZ_20240613_1,2024-06-13,2024-06-12,2024-06-13,0.05,,,,wind:wind_get_stock_events
002024.SZ,002024.SZ_20150515_1,2015-05-15,2015-05-14,2015-05-15,0.05,,,,wind:wind_get_stock_events
002024.SZ,002024.SZ_20160429_1,2016-04-29,2016-04-28,2016-04-29,0.06,,,,wind:wind_get_stock_events
002024.SZ,002024.SZ_20170607_1,2017-06-07,2017-06-06,2017-06-07,0.07,,,,wind:wind_get_stock_events
002024.SZ,002024.SZ_20180705_1,2018-07-05,2018-07-04,2018-07-05,0.1,,,,wind:wind_get_stock_events
002024.SZ,002024.SZ_20190625_1,2019-06-25,2019-06-24,2019-06-25,0.12,,,,wind:wind_get_stock_events
002024.SZ,002024.SZ_20200706_1,2020-07-06,2020-07-03,2020-07-06,0.05,,,,wind:wind_get_stock_events
002025.SZ,002025.SZ_20150625_1,2015-06-25,2015-06-24,2015-06-25,0.2,0.3,,2015-06-25,wind:wind_get_stock_events
002025.SZ,002025.SZ_20160629_1,2016-06-29,2016-06-28,2016-06-29,0.18,,,,wind:wind_get_stock_events
002025.SZ,002025.SZ_20170628_1,2017-06-28,2017-06-27,2017-06-28,0.25,,,,wind:wind_get_stock_events
002025.SZ,002025.SZ_20180627_1,2018-06-27,2018-06-26,2018-06-27,0.25,,,,wind:wind_get_stock_events
002025.SZ,002025.SZ_20190628_1,2019-06-28,2019-06-27,2019-06-28,0.15,,,,wind:wind_get_stock_events
002025.SZ,002025.SZ_20200624_1,2020-06-24,2020-06-23,2020-06-24,0.15,,,,wind:wind_get_stock_events
002025.SZ,002025.SZ_20210625_1,2021-06-25,2021-06-24,2021-06-25,0.2,,,,wind:wind_get_stock_events
002025.SZ,002025.SZ_20220624_1,2022-06-24,2022-06-23,2022-06-24,0.2,,,,wind:wind_get_stock_events
002025.SZ,002025.SZ_20230519_1,2023-05-19,2023-05-18,2023-05-19,0.37,,,,wind:wind_get_stock_events
002025.SZ,002025.SZ_20240614_1,2024-06-14,2024-06-13,2024-06-14,0.38,,,,wind:wind_get_stock_events
002025.SZ,002025.SZ_20250711_1,2025-07-11,2025-07-10,2025-07-11,0.23,,,,wind:wind_get_stock_events
002025.SZ,002025.SZ_20260717_1,2026-07-17,2026-07-16,2026-07-17,0.13,,,,wind:wind_get_stock_events
002028.SZ,002028.SZ_20150423_1,2015-04-23,2015-04-22,2015-04-23,0.1,,,,wind:wind_get_stock_events
002028.SZ,002028.SZ_20160425_1,2016-04-25,2016-04-22,2016-04-25,0.2,,0.2,2016-04-25,wind:wind_get_stock_events
002028.SZ,002028.SZ_20170601_1,2017-06-01,2017-05-31,2017-06-01,0.1,,,,wind:wind_get_stock_events
002028.SZ,002028.SZ_20180523_1,2018-05-23,2018-05-22,2018-05-23,0.1,,,,wind:wind_get_stock_events
002028.SZ,002028.SZ_20190610_1,2019-06-10,2019-06-06,2019-06-10,0.1,,,,wind:wind_get_stock_events
002028.SZ,002028.SZ_20200609_1,2020-06-09,2020-06-08,2020-06-09,0.1,,,,wind:wind_get_stock_events
002028.SZ,002028.SZ_20210623_1,2021-06-23,2021-06-22,2021-06-23,0.2,,,,wind:wind_get_stock_events
002028.SZ,002028.SZ_20220621_1,2022-06-21,2022-06-20,2022-06-21,0.2,,,,wind:wind_get_stock_events
002028.SZ,002028.SZ_20230626_1,2023-06-26,2023-06-21,2023-06-26,0.3,,,,wind:wind_get_stock_events
002028.SZ,002028.SZ_20240624_1,2024-06-24,2024-06-21,2024-06-24,0.3999,,,,wind:wind_get_stock_events
002028.SZ,002028.SZ_20250704_1,2025-07-04,2025-07-03,2025-07-04,0.4998,,,,wind:wind_get_stock_events
002028.SZ,002028.SZ_20260708_1,2026-07-08,2026-07-07,2026-07-08,0.6999,,,,wind:wind_get_stock_events
002032.SZ,002032.SZ_20150529_1,2015-05-29,2015-05-28,2015-05-29,0.43,,,,wind:wind_get_stock_events
002032.SZ,002032.SZ_20160513_1,2016-05-13,2016-05-12,2016-05-13,0.56,,,,wind:wind_get_stock_events
002032.SZ,002032.SZ_20170525_1,2017-05-25,2017-05-24,2017-05-25,0.77,0.3,,2017-05-25,wind:wind_get_stock_events
002032.SZ,002032.SZ_20180524_1,2018-05-24,2018-05-23,2018-05-24,0.72,,,,wind:wind_get_stock_events
002032.SZ,002032.SZ_20181026_1,2018-10-26,2018-10-25,2018-10-26,0.46,,,,wind:wind_get_stock_events
002032.SZ,002032.SZ_20190524_1,2019-05-24,2019-05-23,2019-05-24,1.02,,,,wind:wind_get_stock_events
002032.SZ,002032.SZ_20191025_1,2019-10-25,2019-10-24,2019-10-25,0.258,,,,wind:wind_get_stock_events
002032.SZ,002032.SZ_20200623_1,2020-06-23,2020-06-22,2020-06-23,1.33,,,,wind:wind_get_stock_events
002032.SZ,002032.SZ_20210525_1,2021-05-25,2021-05-24,2021-05-25,1.29,,,,wind:wind_get_stock_events
002032.SZ,002032.SZ_20220526_1,2022-05-26,2022-05-25,2022-05-26,1.93,,,,wind:wind_get_stock_events
002032.SZ,002032.SZ_20221206_1,2022-12-06,2022-12-05,2022-12-06,1.25,,,,wind:wind_get_stock_events
002032.SZ,002032.SZ_20230526_1,2023-05-26,2023-05-25,2023-05-26,3.03,,,,wind:wind_get_stock_events
002032.SZ,002032.SZ_20240528_1,2024-05-28,2024-05-27,2024-05-28,2.73,,,,wind:wind_get_stock_events
002032.SZ,002032.SZ_20250527_1,2025-05-27,2025-05-26,2025-05-27,2.81,,,,wind:wind_get_stock_events
002032.SZ,002032.SZ_20260528_1,2026-05-28,2026-05-27,2026-05-28,2.63,,,,wind:wind_get_stock_events
002033.SZ,002033.SZ_20150522_1,2015-05-22,2015-05-21,2015-05-22,0.12,,0.5,2015-05-22,wind:wind_get_stock_events
002033.SZ,002033.SZ_20160509_1,2016-05-09,2016-05-06,2016-05-09,0.1,,,,wind:wind_get_stock_events
002033.SZ,002033.SZ_20170411_1,2017-04-11,2017-04-10,2017-04-11,0.1,,0.3,2017-04-11,wind:wind_get_stock_events
002033.SZ,002033.SZ_20180615_1,2018-06-15,2018-06-14,2018-06-15,0.15,,,,wind:wind_get_stock_events
002033.SZ,002033.SZ_20190610_1,2019-06-10,2019-06-06,2019-06-10,0.15,,,,wind:wind_get_stock_events
002033.SZ,002033.SZ_20200610_1,2020-06-10,2020-06-09,2020-06-10,0.12,,,,wind:wind_get_stock_events
002033.SZ,002033.SZ_20210518_1,2021-05-18,2021-05-17,2021-05-18,0.2,,,,wind:wind_get_stock_events
002033.SZ,002033.SZ_20230712_1,2023-07-12,2023-07-11,2023-07-12,0.25,,,,wind:wind_get_stock_events
002033.SZ,002033.SZ_20240520_1,2024-05-20,2024-05-17,2024-05-20,0.35,,,,wind:wind_get_stock_events
002033.SZ,002033.SZ_20250523_1,2025-05-23,2025-05-22,2025-05-23,0.35,,,,wind:wind_get_stock_events
002033.SZ,002033.SZ_20260521_1,2026-05-21,2026-05-20,2026-05-21,0.35,,,,wind:wind_get_stock_events
002036.SZ,002036.SZ_20150605_1,2015-06-05,2015-06-04,2015-06-05,0.015,,,,wind:wind_get_stock_events
002036.SZ,002036.SZ_20160713_1,2016-07-13,2016-07-12,2016-07-13,0.0307,,,,wind:wind_get_stock_events
002036.SZ,002036.SZ_20170613_1,2017-06-13,2017-06-12,2017-06-13,0.0365,,,,wind:wind_get_stock_events
002036.SZ,002036.SZ_20180711_1,2018-07-11,2018-07-10,2018-07-11,0.0486,,,,wind:wind_get_stock_events
002036.SZ,002036.SZ_20190628_1,2019-06-28,2019-06-27,2019-06-28,0.045,,0.3,2019-06-28,wind:wind_get_stock_events
002036.SZ,002036.SZ_20200529_1,2020-05-29,2020-05-28,2020-05-29,0.01,,0.3,2020-05-29,wind:wind_get_stock_events
002036.SZ,002036.SZ_20210607_1,2021-06-07,2021-06-04,2021-06-07,0.0158,,,,wind:wind_get_stock_events
002036.SZ,002036.SZ_20220711_1,2022-07-11,2022-07-08,2022-07-11,0.011,,,,wind:wind_get_stock_events
002036.SZ,002036.SZ_20230711_1,2023-07-11,2023-07-10,2023-07-11,0.0091,,,,wind:wind_get_stock_events
002038.SZ,002038.SZ_20150715_1,2015-07-15,2015-07-14,2015-07-15,0.3,0.5,,2015-07-15,wind:wind_get_stock_events
002038.SZ,002038.SZ_20160722_1,2016-07-22,2016-07-21,2016-07-22,0.2,,,,wind:wind_get_stock_events
002038.SZ,002038.SZ_20170705_1,2017-07-05,2017-07-04,2017-07-05,0.2,,,,wind:wind_get_stock_events
002038.SZ,002038.SZ_20180504_1,2018-05-04,2018-05-03,2018-05-04,0.5,,,,wind:wind_get_stock_events
002038.SZ,002038.SZ_20190704_1,2019-07-04,2019-07-03,2019-07-04,0.3,0.5,,2019-07-04,wind:wind_get_stock_events
002038.SZ,002038.SZ_20200708_1,2020-07-08,2020-07-07,2020-07-08,0.2,,,,wind:wind_get_stock_events
002038.SZ,002038.SZ_20210707_1,2021-07-07,2021-07-06,2021-07-07,0.1,,,,wind:wind_get_stock_events
002038.SZ,002038.SZ_20220629_1,2022-06-29,2022-06-28,2022-06-29,0.1,,,,wind:wind_get_stock_events
002038.SZ,002038.SZ_20230628_1,2023-06-28,2023-06-27,2023-06-28,0.1,,,,wind:wind_get_stock_events
002038.SZ,002038.SZ_20240704_1,2024-07-04,2024-07-03,2024-07-04,0.15,,,,wind:wind_get_stock_events
002038.SZ,002038.SZ_20250704_1,2025-07-04,2025-07-03,2025-07-04,0.02,,,,wind:wind_get_stock_events
002038.SZ,002038.SZ_20260722_1,2026-07-22,2026-07-21,2026-07-22,0.01,,,,wind:wind_get_stock_events
002039.SZ,002039.SZ_20150616_1,2015-06-16,2015-06-15,2015-06-16,0.4,,,,wind:wind_get_stock_events
002039.SZ,002039.SZ_20160615_1,2016-06-15,2016-06-14,2016-06-15,0.5,,,,wind:wind_get_stock_events
002039.SZ,002039.SZ_20170616_1,2017-06-16,2017-06-15,2017-06-16,0.3,,,,wind:wind_get_stock_events
002039.SZ,002039.SZ_20180614_1,2018-06-14,2018-06-13,2018-06-14,0.3,,,,wind:wind_get_stock_events
002039.SZ,002039.SZ_20190617_1,2019-06-17,2019-06-14,2019-06-17,0.3,,,,wind:wind_get_stock_events
002039.SZ,002039.SZ_20200616_1,2020-06-16,2020-06-15,2020-06-16,0.33,,,,wind:wind_get_stock_events
002039.SZ,002039.SZ_20210615_1,2021-06-15,2021-06-11,2021-06-15,0.36,,,,wind:wind_get_stock_events
002039.SZ,002039.SZ_20220616_1,2022-06-16,2022-06-15,2022-06-16,0.2,,0.4,2022-06-16,wind:wind_get_stock_events
002039.SZ,002039.SZ_20230616_1,2023-06-16,2023-06-15,2023-06-16,0.3,,,,wind:wind_get_stock_events
002039.SZ,002039.SZ_20240614_1,2024-06-14,2024-06-13,2024-06-14,0.19,,,,wind:wind_get_stock_events
002039.SZ,002039.SZ_20241011_1,2024-10-11,2024-10-10,2024-10-11,0.1,,,,wind:wind_get_stock_events
002039.SZ,002039.SZ_20250627_1,2025-06-27,2025-06-26,2025-06-27,0.06,,,,wind:wind_get_stock_events
002039.SZ,002039.SZ_20250926_1,2025-09-26,2025-09-25,2025-09-26,0.1,,,,wind:wind_get_stock_events
002039.SZ,002039.SZ_20260529_1,2026-05-29,2026-05-28,2026-05-29,0.39,,,,wind:wind_get_stock_events
002039.SZ,002039.SZ_20260930_1,2026-09-30,2026-09-29,2026-09-30,0.1,,,,wind:wind_get_stock_events
002041.SZ,002041.SZ_20150610_1,2015-06-10,2015-06-09,2015-06-10,0.35,1.4,0.1,2015-06-10,wind:wind_get_stock_events
002041.SZ,002041.SZ_20170531_1,2017-05-31,2017-05-26,2017-05-31,0.056,,,,wind:wind_get_stock_events
002041.SZ,002041.SZ_20180521_1,2018-05-21,2018-05-18,2018-05-21,0.052,,,,wind:wind_get_stock_events
002041.SZ,002041.SZ_20200529_1,2020-05-29,2020-05-28,2020-05-29,0.06,,,,wind:wind_get_stock_events
002041.SZ,002041.SZ_20210528_1,2021-05-28,2021-05-27,2021-05-28,0.035,,,,wind:wind_get_stock_events
002041.SZ,002041.SZ_20220519_1,2022-05-19,2022-05-18,2022-05-19,0.036,,,,wind:wind_get_stock_events
002041.SZ,002041.SZ_20240529_1,2024-05-29,2024-05-28,2024-05-29,0.036,,,,wind:wind_get_stock_events
002041.SZ,002041.SZ_20250529_1,2025-05-29,2025-05-28,2025-05-29,0.029,,,,wind:wind_get_stock_events
002043.SZ,002043.SZ_20150529_1,2015-05-29,2015-05-28,2015-05-29,0.03,,,,wind:wind_get_stock_events
002043.SZ,002043.SZ_20160428_1,2016-04-28,2016-04-27,2016-04-28,0.13,0.34,0.16,2016-04-28,wind:wind_get_stock_events
002043.SZ,002043.SZ_20170613_1,2017-06-13,2017-06-12,2017-06-13,0.05,,,,wind:wind_get_stock_events
002043.SZ,002043.SZ_20180622_1,2018-06-22,2018-06-21,2018-06-22,0.2349,,,,wind:wind_get_stock_events
002043.SZ,002043.SZ_20190613_1,2019-06-13,2019-06-12,2019-06-13,0.25,,,,wind:wind_get_stock_events
002043.SZ,002043.SZ_20200707_1,2020-07-07,2020-07-06,2020-07-07,0.25,,,,wind:wind_get_stock_events
002043.SZ,002043.SZ_20210705_1,2021-07-05,2021-07-02,2021-07-05,0.2,,,,wind:wind_get_stock_events
002043.SZ,002043.SZ_20220608_1,2022-06-08,2022-06-07,2022-06-08,0.47,,,,wind:wind_get_stock_events
002043.SZ,002043.SZ_20230607_1,2023-06-07,2023-06-06,2023-06-07,0.5,,,,wind:wind_get_stock_events
002043.SZ,002043.SZ_20240530_1,2024-05-30,2024-05-29,2024-05-30,0.55,,,,wind:wind_get_stock_events
002043.SZ,002043.SZ_20240925_1,2024-09-25,2024-09-24,2024-09-25,0.28,,,,wind:wind_get_stock_events
002043.SZ,002043.SZ_20250529_1,2025-05-29,2025-05-28,2025-05-29,0.32,,,,wind:wind_get_stock_events
002043.SZ,002043.SZ_20250905_1,2025-09-05,2025-09-04,2025-09-05,0.28,,,,wind:wind_get_stock_events
002043.SZ,002043.SZ_20260601_1,2026-06-01,2026-05-29,2026-06-01,0.132,,,,wind:wind_get_stock_events
002043.SZ,002043.SZ_20260601_2,2026-06-01,2026-05-29,2026-06-01,0.18,,,,wind:wind_get_stock_events
002043.SZ,002043.SZ_20260903_1,2026-09-03,2026-09-02,2026-09-03,0.12,,,,wind:wind_get_stock_events
002044.SZ,002044.SZ_20150603_1,2015-06-03,2015-06-02,2015-06-03,0.08,0.24,,2015-06-03,wind:wind_get_stock_events
002044.SZ,002044.SZ_20160613_1,2016-06-13,2016-06-08,,,,1,2016-06-13,wind:wind_get_stock_events
002044.SZ,002044.SZ_20170425_1,2017-04-25,2017-04-24,2017-04-25,0.015,,,,wind:wind_get_stock_events
002044.SZ,002044.SZ_20180611_1,2018-06-11,2018-06-08,2018-06-11,0.05,,0.2,2018-06-11,wind:wind_get_stock_events
002044.SZ,002044.SZ_20190710_1,2019-07-10,2019-07-09,2019-07-10,0.0532,,0.2,2019-07-10,wind:wind_get_stock_events
002044.SZ,002044.SZ_20240704_1,2024-07-04,2024-07-03,2024-07-04,0.019,,,,wind:wind_get_stock_events
002044.SZ,002044.SZ_20250704_1,2025-07-04,2025-07-03,2025-07-04,0.0135,,,,wind:wind_get_stock_events
002044.SZ,002044.SZ_20260713_1,2026-07-13,2026-07-10,2026-07-13,0.009,,,,wind:wind_get_stock_events
002045.SZ,002045.SZ_20150515_1,2015-05-15,2015-05-14,2015-05-15,0.08,,,,wind:wind_get_stock_events
002045.SZ,002045.SZ_20160603_1,2016-06-03,2016-06-02,2016-06-03,0.08,,,,wind:wind_get_stock_events
002045.SZ,002045.SZ_20170518_1,2017-05-18,2017-05-17,2017-05-18,0.08,,,,wind:wind_get_stock_events
002045.SZ,002045.SZ_20180514_1,2018-05-14,2018-05-11,2018-05-14,0.08,,,,wind:wind_get_stock_events
002045.SZ,002045.SZ_20190624_1,2019-06-24,2019-06-21,2019-06-24,0.08,,,,wind:wind_get_stock_events
002045.SZ,002045.SZ_20200619_1,2020-06-19,2020-06-18,2020-06-19,0.08,,,,wind:wind_get_stock_events
002045.SZ,002045.SZ_20260603_1,2026-06-03,2026-06-02,2026-06-03,0.015,,,,wind:wind_get_stock_events
002047.SZ,002047.SZ_20160629_1,2016-06-29,2016-06-28,2016-06-29,0.07,,,,wind:wind_get_stock_events
002047.SZ,002047.SZ_20170620_1,2017-06-20,2017-06-19,2017-06-20,0.04,,,,wind:wind_get_stock_events
002047.SZ,002047.SZ_20180712_1,2018-07-12,2018-07-11,2018-07-12,0.0402,,,,wind:wind_get_stock_events
002047.SZ,002047.SZ_20190718_1,2019-07-18,2019-07-17,2019-07-18,0.025,,,,wind:wind_get_stock_events
002047.SZ,002047.SZ_20210604_1,2021-06-04,2021-06-03,2021-06-04,0.01,,,,wind:wind_get_stock_events
002049.SZ,002049.SZ_20150617_1,2015-06-17,2015-06-16,2015-06-17,0.1,,,,wind:wind_get_stock_events
002049.SZ,002049.SZ_20160623_1,2016-06-23,2016-06-22,2016-06-23,0.056,,,,wind:wind_get_stock_events
002049.SZ,002049.SZ_20170614_1,2017-06-14,2017-06-13,2017-06-14,0.056,,,,wind:wind_get_stock_events
002049.SZ,002049.SZ_20180509_1,2018-05-09,2018-05-08,2018-05-09,0.05,,,,wind:wind_get_stock_events
002049.SZ,002049.SZ_20190517_1,2019-05-17,2019-05-16,2019-05-17,0.058,,,,wind:wind_get_stock_events
002049.SZ,002049.SZ_20200717_1,2020-07-17,2020-07-16,2020-07-17,0.068,,,,wind:wind_get_stock_events
002049.SZ,002049.SZ_20210524_1,2021-05-24,2021-05-21,2021-05-24,0.135,,,,wind:wind_get_stock_events
002049.SZ,002049.SZ_20220824_1,2022-08-24,2022-08-23,2022-08-24,0.325,,0.4,2022-08-24,wind:wind_get_stock_events
002049.SZ,002049.SZ_20240624_1,2024-06-24,2024-06-21,2024-06-24,0.68,,,,wind:wind_get_stock_events
002049.SZ,002049.SZ_20250626_1,2025-06-26,2025-06-25,2025-06-26,0.21,,,,wind:wind_get_stock_events
002049.SZ,002049.SZ_20260630_1,2026-06-30,2026-06-29,2026-06-30,0.31,,,,wind:wind_get_stock_events
002051.SZ,002051.SZ_20150604_1,2015-06-04,2015-06-03,2015-06-04,0.3001,,,,wind:wind_get_stock_events
002051.SZ,002051.SZ_20160617_1,2016-06-17,2016-06-16,2016-06-17,0.3,0.2,,2016-06-17,wind:wind_get_stock_events
002051.SZ,002051.SZ_20170608_1,2017-06-08,2017-06-07,2017-06-08,0.35,0.2,,2017-06-08,wind:wind_get_stock_events
002051.SZ,002051.SZ_20180613_1,2018-06-13,2018-06-12,2018-06-13,0.35,,,,wind:wind_get_stock_events
002051.SZ,002051.SZ_20190508_1,2019-05-08,2019-05-07,2019-05-08,0.3,,,,wind:wind_get_stock_events
002051.SZ,002051.SZ_20200806_1,2020-08-06,2020-08-05,2020-08-06,0.15,,,,wind:wind_get_stock_events
002051.SZ,002051.SZ_20220527_1,2022-05-27,2022-05-26,2022-05-27,0.1,,,,wind:wind_get_stock_events
002051.SZ,002051.SZ_20230705_1,2023-07-05,2023-07-04,2023-07-05,0.12,,,,wind:wind_get_stock_events
002051.SZ,002051.SZ_20240621_1,2024-06-21,2024-06-20,2024-06-21,0.125,,,,wind:wind_get_stock_events
002051.SZ,002051.SZ_20250710_1,2025-07-10,2025-07-09,2025-07-10,0.125,,,,wind:wind_get_stock_events
002051.SZ,002051.SZ_20260626_1,2026-06-26,2026-06-25,2026-06-26,0.1102,,,,wind:wind_get_stock_events
002054.SZ,002054.SZ_20150611_1,2015-06-11,2015-06-10,2015-06-11,0.12,,0.3,2015-06-11,wind:wind_get_stock_events
002054.SZ,002054.SZ_20160616_1,2016-06-16,2016-06-15,2016-06-16,0.12,,,,wind:wind_get_stock_events
002054.SZ,002054.SZ_20170608_1,2017-06-08,2017-06-07,2017-06-08,0.12,,,,wind:wind_get_stock_events
002054.SZ,002054.SZ_20180607_1,2018-06-07,2018-06-06,2018-06-07,0.047,,,,wind:wind_get_stock_events
002054.SZ,002054.SZ_20190605_1,2019-06-05,2019-06-04,2019-06-05,0.052,,,,wind:wind_get_stock_events
002054.SZ,002054.SZ_20200402_1,2020-04-02,2020-04-01,2020-04-02,0.048,,,,wind:wind_get_stock_events
002054.SZ,002054.SZ_20210409_1,2021-04-09,2021-04-08,2021-04-09,0.07,,,,wind:wind_get_stock_events
002054.SZ,002054.SZ_20220427_1,2022-04-27,2022-04-26,2022-04-27,0.085,,,,wind:wind_get_stock_events
002054.SZ,002054.SZ_20230510_1,2023-05-10,2023-05-09,2023-05-10,0.07,,,,wind:wind_get_stock_events
002054.SZ,002054.SZ_20240515_1,2024-05-15,2024-05-14,2024-05-15,0.07,,,,wind:wind_get_stock_events
002054.SZ,002054.SZ_20250430_1,2025-04-30,2025-04-29,2025-04-30,0.07,,,,wind:wind_get_stock_events
002054.SZ,002054.SZ_20260430_1,2026-04-30,2026-04-29,2026-04-30,0.07,,,,wind:wind_get_stock_events
002058.SZ,002058.SZ_20150610_1,2015-06-10,2015-06-09,2015-06-10,0.02,,,,wind:wind_get_stock_events
002058.SZ,002058.SZ_20170606_1,2017-06-06,2017-06-05,2017-06-06,0.02,,,,wind:wind_get_stock_events
002058.SZ,002058.SZ_20180627_1,2018-06-27,2018-06-26,2018-06-27,0.01,,,,wind:wind_get_stock_events
002058.SZ,002058.SZ_20190724_1,2019-07-24,2019-07-23,2019-07-24,0.01,,,,wind:wind_get_stock_events
002061.SZ,002061.SZ_20180503_1,2018-05-03,2018-05-02,2018-05-03,0.1,,,,wind:wind_get_stock_events
002061.SZ,002061.SZ_20190612_1,2019-06-12,2019-06-11,2019-06-12,0.12,,,,wind:wind_get_stock_events
002061.SZ,002061.SZ_20200603_1,2020-06-03,2020-06-02,2020-06-03,0.12,,,,wind:wind_get_stock_events
002061.SZ,002061.SZ_20210713_1,2021-07-13,2021-07-12,2021-07-13,0.12,,,,wind:wind_get_stock_events
002061.SZ,002061.SZ_20220613_1,2022-06-13,2022-06-10,2022-06-13,0.1613,,,,wind:wind_get_stock_events
002061.SZ,002061.SZ_20230529_1,2023-05-29,2023-05-26,2023-05-29,0.17,,0.4,2023-05-29,wind:wind_get_stock_events
002061.SZ,002061.SZ_20240605_1,2024-06-05,2024-06-04,2024-06-05,0.125,,,,wind:wind_get_stock_events
002061.SZ,002061.SZ_20250605_1,2025-06-05,2025-06-04,2025-06-05,0.125,,,,wind:wind_get_stock_events
002061.SZ,002061.SZ_20260529_1,2026-05-29,2026-05-28,2026-05-29,0.11,,,,wind:wind_get_stock_events
002063.SZ,002063.SZ_20150702_1,2015-07-02,2015-07-01,2015-07-02,0.0756,0.3024,,2015-07-02,wind:wind_get_stock_events
002063.SZ,002063.SZ_20160622_1,2016-06-22,2016-06-21,2016-06-22,0.05,,,,wind:wind_get_stock_events
002063.SZ,002063.SZ_20170712_1,2017-07-12,2017-07-11,2017-07-12,0.05,,,,wind:wind_get_stock_events
002063.SZ,002063.SZ_20180726_1,2018-07-26,2018-07-25,2018-07-26,0.05,0.2,0.2,2018-07-26,wind:wind_get_stock_events
002063.SZ,002063.SZ_20190614_1,2019-06-14,2019-06-13,2019-06-14,0.05,,,,wind:wind_get_stock_events
002063.SZ,002063.SZ_20200710_1,2020-07-10,2020-07-09,2020-07-10,0.055,0.2,0.1,2020-07-10,wind:wind_get_stock_events
002063.SZ,002063.SZ_20210629_1,2021-06-29,2021-06-28,2021-06-29,0.05,0.2,,2021-06-29,wind:wind_get_stock_events
002063.SZ,002063.SZ_20220705_1,2022-07-05,2022-07-04,2022-07-05,0.05,0.2,,2022-07-05,wind:wind_get_stock_events
002063.SZ,002063.SZ_20230703_1,2023-07-03,2023-06-30,2023-07-03,0.05,0.2,,2023-07-03,wind:wind_get_stock_events
002063.SZ,002063.SZ_20240710_1,2024-07-10,2024-07-09,2024-07-10,0.026,,,,wind:wind_get_stock_events
002063.SZ,002063.SZ_20250708_1,2025-07-08,2025-07-07,2025-07-08,0.03,,,,wind:wind_get_stock_events
002063.SZ,002063.SZ_20260616_1,2026-06-16,2026-06-15,2026-06-16,0.032,,,,wind:wind_get_stock_events
002064.SZ,002064.SZ_20150601_1,2015-06-01,2015-05-29,2015-06-01,0.05,0.05,0.95,2015-06-01,wind:wind_get_stock_events
002064.SZ,002064.SZ_20160715_1,2016-07-15,2016-07-14,2016-07-15,0.02,,,,wind:wind_get_stock_events
002064.SZ,002064.SZ_20180713_1,2018-07-13,2018-07-12,2018-07-13,0.025,,,,wind:wind_get_stock_events
002064.SZ,002064.SZ_20190813_1,2019-08-13,2019-08-12,2019-08-13,0.03,,,,wind:wind_get_stock_events
002064.SZ,002064.SZ_20200610_1,2020-06-10,2020-06-09,2020-06-10,0.05,,,,wind:wind_get_stock_events
002064.SZ,002064.SZ_20210622_1,2021-06-22,2021-06-21,2021-06-22,0.1,,,,wind:wind_get_stock_events
002064.SZ,002064.SZ_20220609_1,2022-06-09,2022-06-08,2022-06-09,0.3,,,,wind:wind_get_stock_events
002064.SZ,002064.SZ_20230616_1,2023-06-16,2023-06-15,2023-06-16,0.15,,,,wind:wind_get_stock_events
002064.SZ,002064.SZ_20240705_1,2024-07-05,2024-07-04,2024-07-05,0.15,,,,wind:wind_get_stock_events
002064.SZ,002064.SZ_20250516_1,2025-05-16,2025-05-15,2025-05-16,0.15,,,,wind:wind_get_stock_events
002064.SZ,002064.SZ_20251015_1,2025-10-15,2025-10-14,2025-10-15,0.05,,,,wind:wind_get_stock_events
002064.SZ,002064.SZ_20260610_1,2026-06-10,2026-06-09,2026-06-10,0.1,,,,wind:wind_get_stock_events
002066.SZ,002066.SZ_20230607_1,2023-06-07,2023-06-06,2023-06-07,0.08,,,,wind:wind_get_stock_events
002066.SZ,002066.SZ_20240529_1,2024-05-29,2024-05-28,2024-05-29,0.1,,,,wind:wind_get_stock_events
002066.SZ,002066.SZ_20250627_1,2025-06-27,2025-06-26,2025-06-27,0.15,,,,wind:wind_get_stock_events
002076.SZ,002076.SZ_20150513_1,2015-05-13,2015-05-12,2015-05-13,0.08,0.3,0.2,2015-05-13,wind:wind_get_stock_events
002076.SZ,002076.SZ_20160506_1,2016-05-06,2016-05-05,2016-05-06,0.07,,,,wind:wind_get_stock_events
002076.SZ,002076.SZ_20170601_1,2017-06-01,2017-05-31,2017-06-01,0.03,,1,2017-06-01,wind:wind_get_stock_events
002076.SZ,002076.SZ_20221221_1,2022-12-21,2022-12-20,,,,0.4588,2022-12-21,wind:wind_get_stock_events
002077.SZ,002077.SZ_20150715_1,2015-07-15,2015-07-14,2015-07-15,0.05,,,,wind:wind_get_stock_events
002078.SZ,002078.SZ_20150710_1,2015-07-10,2015-07-09,2015-07-10,0.05,,,,wind:wind_get_stock_events
002078.SZ,002078.SZ_20160713_1,2016-07-13,2016-07-12,2016-07-13,0.05,,,,wind:wind_get_stock_events
002078.SZ,002078.SZ_20170628_1,2017-06-28,2017-06-27,2017-06-28,0.05,,,,wind:wind_get_stock_events
002078.SZ,002078.SZ_20180622_1,2018-06-22,2018-06-21,2018-06-22,0.1,,,,wind:wind_get_stock_events
002078.SZ,002078.SZ_20190523_1,2019-05-23,2019-05-22,2019-05-23,0.1,,,,wind:wind_get_stock_events
002078.SZ,002078.SZ_20200708_1,2020-07-08,2020-07-07,2020-07-08,0.1,,,,wind:wind_get_stock_events
002078.SZ,002078.SZ_20210708_1,2021-07-08,2021-07-07,2021-07-08,0.1,,,,wind:wind_get_stock_events
002078.SZ,002078.SZ_20220706_1,2022-07-06,2022-07-05,2022-07-06,0.2,,,,wind:wind_get_stock_events
002078.SZ,002078.SZ_20230707_1,2023-07-07,2023-07-06,2023-07-07,0.2,,,,wind:wind_get_stock_events
002078.SZ,002078.SZ_20240712_1,2024-07-12,2024-07-11,2024-07-12,0.3,,,,wind:wind_get_stock_events
002078.SZ,002078.SZ_20250710_1,2025-07-10,2025-07-09,2025-07-10,0.3,,,,wind:wind_get_stock_events
002078.SZ,002078.SZ_20251210_1,2025-12-10,2025-12-09,2025-12-10,0.1,,,,wind:wind_get_stock_events
002078.SZ,002078.SZ_20260706_1,2026-07-06,2026-07-03,2026-07-06,0.2,,,,wind:wind_get_stock_events
002079.SZ,002079.SZ_20150527_1,2015-05-27,2015-05-26,2015-05-27,0.02,,,,wind:wind_get_stock_events
002079.SZ,002079.SZ_20160616_1,2016-06-16,2016-06-15,2016-06-16,0.02,,,,wind:wind_get_stock_events
002079.SZ,002079.SZ_20170427_1,2017-04-27,2017-04-26,2017-04-27,0.033,,,,wind:wind_get_stock_events
002079.SZ,002079.SZ_20180509_1,2018-05-09,2018-05-08,2018-05-09,0.03,,,,wind:wind_get_stock_events
002079.SZ,002079.SZ_20190527_1,2019-05-27,2019-05-24,2019-05-27,0.03,,,,wind:wind_get_stock_events
002079.SZ,002079.SZ_20200604_1,2020-06-04,2020-06-03,2020-06-04,0.04,,,,wind:wind_get_stock_events
002079.SZ,002079.SZ_20210427_1,2021-04-27,2021-04-26,2021-04-27,0.04,,,,wind:wind_get_stock_events
002079.SZ,002079.SZ_20220617_1,2022-06-17,2022-06-16,2022-06-17,0.0443,,,,wind:wind_get_stock_events
002079.SZ,002079.SZ_20230613_1,2023-06-13,2023-06-12,2023-06-13,0.029,,,,wind:wind_get_stock_events
002079.SZ,002079.SZ_20240708_1,2024-07-08,2024-07-05,2024-07-08,0.038,,,,wind:wind_get_stock_events
002079.SZ,002079.SZ_20250613_1,2025-06-13,2025-06-12,2025-06-13,0.019,,,,wind:wind_get_stock_events
002079.SZ,002079.SZ_20260630_1,2026-06-30,2026-06-29,2026-06-30,0.017,,,,wind:wind_get_stock_events
002081.SZ,002081.SZ_20150603_1,2015-06-03,2015-06-02,2015-06-03,0.1,,,,wind:wind_get_stock_events
002081.SZ,002081.SZ_20160603_1,2016-06-03,2016-06-02,2016-06-03,0.2,0.5,,2016-06-03,wind:wind_get_stock_events
002081.SZ,002081.SZ_20170614_1,2017-06-14,2017-06-13,2017-06-14,0.15,,,,wind:wind_get_stock_events
002081.SZ,002081.SZ_20180606_1,2018-06-06,2018-06-05,2018-06-06,0.15,,,,wind:wind_get_stock_events
002081.SZ,002081.SZ_20190531_1,2019-05-31,2019-05-30,2019-05-31,0.2,,,,wind:wind_get_stock_events
002081.SZ,002081.SZ_20200527_1,2020-05-27,2020-05-26,2020-05-27,0.2,,,,wind:wind_get_stock_events
002081.SZ,002081.SZ_20210603_1,2021-06-03,2021-06-02,2021-06-03,0.2,,,,wind:wind_get_stock_events
002081.SZ,002081.SZ_20230606_1,2023-06-06,2023-06-05,2023-06-06,0.1,,,,wind:wind_get_stock_events
002081.SZ,002081.SZ_20240606_1,2024-06-06,2024-06-05,2024-06-06,0.1,,,,wind:wind_get_stock_events
002081.SZ,002081.SZ_20250606_1,2025-06-06,2025-06-05,2025-06-06,0.1,,,,wind:wind_get_stock_events
002081.SZ,002081.SZ_20260605_1,2026-06-05,2026-06-04,2026-06-05,0.13,,,,wind:wind_get_stock_events
002082.SZ,002082.SZ_20150519_1,2015-05-19,2015-05-18,2015-05-19,0.05,,,,wind:wind_get_stock_events
002082.SZ,002082.SZ_20160415_1,2016-04-15,2016-04-14,2016-04-15,0.1,,,,wind:wind_get_stock_events
002082.SZ,002082.SZ_20170512_1,2017-05-12,2017-05-11,2017-05-12,0.25,,,,wind:wind_get_stock_events
002082.SZ,002082.SZ_20200722_1,2020-07-22,2020-07-21,2020-07-22,0.15,,,,wind:wind_get_stock_events
002082.SZ,002082.SZ_20210531_1,2021-05-31,2021-05-28,2021-05-31,0.2,,,,wind:wind_get_stock_events
002082.SZ,002082.SZ_20230605_1,2023-06-05,2023-06-02,2023-06-05,0.12,,,,wind:wind_get_stock_events
002082.SZ,002082.SZ_20240711_1,2024-07-11,2024-07-10,2024-07-11,0.08,,,,wind:wind_get_stock_events
002083.SZ,002083.SZ_20150706_1,2015-07-06,2015-07-03,2015-07-06,0.1,,,,wind:wind_get_stock_events
002083.SZ,002083.SZ_20160503_1,2016-05-03,2016-04-29,2016-05-03,0.2,,,,wind:wind_get_stock_events
002083.SZ,002083.SZ_20170612_1,2017-06-12,2017-06-09,2017-06-12,0.2,,,,wind:wind_get_stock_events
002083.SZ,002083.SZ_20171017_1,2017-10-17,2017-10-16,2017-10-17,0.1,,,,wind:wind_get_stock_events
002083.SZ,002083.SZ_20180608_1,2018-06-08,2018-06-07,2018-06-08,0.3,,,,wind:wind_get_stock_events
002083.SZ,002083.SZ_20190529_1,2019-05-29,2019-05-28,2019-05-29,0.1,,,,wind:wind_get_stock_events
002083.SZ,002083.SZ_20200730_1,2020-07-30,2020-07-29,2020-07-30,0.1,,,,wind:wind_get_stock_events
002083.SZ,002083.SZ_20220525_1,2022-05-25,2022-05-24,2022-05-25,0.3,,,,wind:wind_get_stock_events
002083.SZ,002083.SZ_20240521_1,2024-05-21,2024-05-20,2024-05-21,0.1,,,,wind:wind_get_stock_events
002083.SZ,002083.SZ_20240913_1,2024-09-13,2024-09-12,2024-09-13,0.15,,,,wind:wind_get_stock_events
002083.SZ,002083.SZ_20250520_1,2025-05-20,2025-05-19,2025-05-20,0.15,,,,wind:wind_get_stock_events
002083.SZ,002083.SZ_20260618_1,2026-06-18,2026-06-17,2026-06-18,0.3,,,,wind:wind_get_stock_events
002090.SZ,002090.SZ_20150507_1,2015-05-07,2015-05-06,2015-05-07,0.15,,,,wind:wind_get_stock_events
002090.SZ,002090.SZ_20160525_1,2016-05-25,2016-05-24,2016-05-25,0.15,,,,wind:wind_get_stock_events
002090.SZ,002090.SZ_20170525_1,2017-05-25,2017-05-24,2017-05-25,0.15,,,,wind:wind_get_stock_events
002090.SZ,002090.SZ_20180608_1,2018-06-08,2018-06-07,2018-06-08,0.15,,,,wind:wind_get_stock_events
002090.SZ,002090.SZ_20190531_1,2019-05-31,2019-05-30,2019-05-31,0.08,,0.7,2019-05-31,wind:wind_get_stock_events
002090.SZ,002090.SZ_20200710_1,2020-07-10,2020-07-09,2020-07-10,0.025,,,,wind:wind_get_stock_events
002090.SZ,002090.SZ_20210707_1,2021-07-07,2021-07-06,2021-07-07,0.1,,,,wind:wind_get_stock_events
002090.SZ,002090.SZ_20220629_1,2022-06-29,2022-06-28,2022-06-29,0.025,,,,wind:wind_get_stock_events
002090.SZ,002090.SZ_20230616_1,2023-06-16,2023-06-15,2023-06-16,0.025,,,,wind:wind_get_stock_events
002090.SZ,002090.SZ_20240627_1,2024-06-27,2024-06-26,2024-06-27,0.05,,,,wind:wind_get_stock_events
002090.SZ,002090.SZ_20241017_1,2024-10-17,2024-10-16,2024-10-17,0.025,,,,wind:wind_get_stock_events
002090.SZ,002090.SZ_20250613_1,2025-06-13,2025-06-12,2025-06-13,0.04,,,,wind:wind_get_stock_events
002090.SZ,002090.SZ_20250919_1,2025-09-19,2025-09-18,2025-09-19,0.025,,,,wind:wind_get_stock_events
002090.SZ,002090.SZ_20260626_1,2026-06-26,2026-06-25,2026-06-26,0.045,,,,wind:wind_get_stock_events
002092.SZ,002092.SZ_20150529_1,2015-05-29,2015-05-28,2015-05-29,0.026,,,,wind:wind_get_stock_events
002092.SZ,002092.SZ_20160421_1,2016-04-21,2016-04-20,2016-04-21,0.02,,,,wind:wind_get_stock_events
002092.SZ,002092.SZ_20170421_1,2017-04-21,2017-04-20,2017-04-21,0.09,,,,wind:wind_get_stock_events
002092.SZ,002092.SZ_20180518_1,2018-05-18,2018-05-17,2018-05-18,0.15,,,,wind:wind_get_stock_events
002092.SZ,002092.SZ_20190531_1,2019-05-31,2019-05-30,2019-05-31,0.17,,,,wind:wind_get_stock_events
002092.SZ,002092.SZ_20200716_1,2020-07-16,2020-07-15,2020-07-16,0.016,,,,wind:wind_get_stock_events
002092.SZ,002092.SZ_20210514_1,2021-05-14,2021-05-13,2021-05-14,0.01,,,,wind:wind_get_stock_events
002092.SZ,002092.SZ_20220426_1,2022-04-26,2022-04-25,2022-04-26,0.12,,,,wind:wind_get_stock_events
002092.SZ,002092.SZ_20230616_1,2023-06-16,2023-06-15,2023-06-16,0.1,,,,wind:wind_get_stock_events
002096.SZ,002096.SZ_20150625_1,2015-06-25,2015-06-24,2015-06-25,0.12,,,,wind:wind_get_stock_events
002096.SZ,002096.SZ_20160624_1,2016-06-24,2016-06-23,2016-06-24,0.04,,,,wind:wind_get_stock_events
002096.SZ,002096.SZ_20170616_1,2017-06-16,2017-06-15,2017-06-16,0.04,,,,wind:wind_get_stock_events
002096.SZ,002096.SZ_20180706_1,2018-07-06,2018-07-05,2018-07-06,0.02,,,,wind:wind_get_stock_events
002096.SZ,002096.SZ_20190614_1,2019-06-14,2019-06-13,2019-06-14,0.02,,,,wind:wind_get_stock_events
002096.SZ,002096.SZ_20200710_1,2020-07-10,2020-07-09,2020-07-10,0.02,,,,wind:wind_get_stock_events
002096.SZ,002096.SZ_20210714_1,2021-07-14,2021-07-13,2021-07-14,0.02,,,,wind:wind_get_stock_events
002096.SZ,002096.SZ_20220713_1,2022-07-13,2022-07-12,2022-07-13,0.03,,,,wind:wind_get_stock_events
002096.SZ,002096.SZ_20230630_1,2023-06-30,2023-06-29,2023-06-30,0.03,,,,wind:wind_get_stock_events
002096.SZ,002096.SZ_20240517_1,2024-05-17,2024-05-16,2024-05-17,0.205,,,,wind:wind_get_stock_events
002096.SZ,002096.SZ_20250728_1,2025-07-28,2025-07-25,2025-07-28,0.23,,,,wind:wind_get_stock_events
002096.SZ,002096.SZ_20260721_1,2026-07-21,2026-07-20,2026-07-21,0.256,,,,wind:wind_get_stock_events
002097.SZ,002097.SZ_20150708_1,2015-07-08,2015-07-07,2015-07-08,0.03,,0.5,2015-07-08,wind:wind_get_stock_events
002097.SZ,002097.SZ_20170703_1,2017-07-03,2017-06-30,2017-07-03,0.1,,,,wind:wind_get_stock_events
002097.SZ,002097.SZ_20180615_1,2018-06-15,2018-06-14,2018-06-15,0.05,,,,wind:wind_get_stock_events
002097.SZ,002097.SZ_20190528_1,2019-05-28,2019-05-27,2019-05-28,0.1,,,,wind:wind_get_stock_events
002097.SZ,002097.SZ_20200513_1,2020-05-13,2020-05-12,2020-05-13,0.1,,,,wind:wind_get_stock_events
002097.SZ,002097.SZ_20210611_1,2021-06-11,2021-06-10,2021-06-11,0.1012,,,,wind:wind_get_stock_events
002097.SZ,002097.SZ_20240717_1,2024-07-17,2024-07-16,2024-07-17,0.05,,,,wind:wind_get_stock_events
002097.SZ,002097.SZ_20250716_1,2025-07-16,2025-07-15,2025-07-16,0.02,,,,wind:wind_get_stock_events
002097.SZ,002097.SZ_20260710_1,2026-07-10,2026-07-09,2026-07-10,0.023,,,,wind:wind_get_stock_events
002098.SZ,002098.SZ_20150604_1,2015-06-04,2015-06-03,2015-06-04,0.11,,1,2015-06-04,wind:wind_get_stock_events
002098.SZ,002098.SZ_20160620_1,2016-06-20,2016-06-17,2016-06-20,0.08,,,,wind:wind_get_stock_events
002098.SZ,002098.SZ_20170717_1,2017-07-17,2017-07-14,2017-07-17,0.08,,,,wind:wind_get_stock_events
002098.SZ,002098.SZ_20180720_1,2018-07-20,2018-07-19,2018-07-20,0.02,,,,wind:wind_get_stock_events
002098.SZ,002098.SZ_20240705_1,2024-07-05,2024-07-04,2024-07-05,0.11,,,,wind:wind_get_stock_events
002098.SZ,002098.SZ_20250701_1,2025-07-01,2025-06-30,2025-07-01,0.1,,,,wind:wind_get_stock_events
002098.SZ,002098.SZ_20260709_1,2026-07-09,2026-07-08,2026-07-09,0.1,,,,wind:wind_get_stock_events
002099.SZ,002099.SZ_20150520_1,2015-05-20,2015-05-19,2015-05-20,0.2,,,,wind:wind_get_stock_events
002099.SZ,002099.SZ_20160301_1,2016-03-01,2016-02-29,2016-03-01,0.2,,1,2016-03-01,wind:wind_get_stock_events
002099.SZ,002099.SZ_20170602_1,2017-06-02,2017-06-01,2017-06-02,0.03,,,,wind:wind_get_stock_events
002099.SZ,002099.SZ_20180509_1,2018-05-09,2018-05-08,2018-05-09,0.1,,,,wind:wind_get_stock_events
002099.SZ,002099.SZ_20190410_1,2019-04-10,2019-04-09,2019-04-10,0.3,,,,wind:wind_get_stock_events
002099.SZ,002099.SZ_20200221_1,2020-02-21,2020-02-20,2020-02-21,0.3,,,,wind:wind_get_stock_events
002099.SZ,002099.SZ_20210611_1,2021-06-11,2021-06-10,2021-06-11,0.02,,,,wind:wind_get_stock_events
002099.SZ,002099.SZ_20220525_1,2022-05-25,2022-05-24,2022-05-25,0.1,,,,wind:wind_get_stock_events
002099.SZ,002099.SZ_20230524_1,2023-05-24,2023-05-23,2023-05-24,0.05,,,,wind:wind_get_stock_events
002100.SZ,002100.SZ_20150520_1,2015-05-20,2015-05-19,2015-05-20,0.1,,1,2015-05-20,wind:wind_get_stock_events
002100.SZ,002100.SZ_20160523_1,2016-05-23,2016-05-20,2016-05-23,0.12,,,,wind:wind_get_stock_events
002100.SZ,002100.SZ_20170525_1,2017-05-25,2017-05-24,2017-05-25,0.1,,,,wind:wind_get_stock_events
002100.SZ,002100.SZ_20180704_1,2018-07-04,2018-07-03,2018-07-04,0.1,,,,wind:wind_get_stock_events
002100.SZ,002100.SZ_20190610_1,2019-06-10,2019-06-06,2019-06-10,0.1,,,,wind:wind_get_stock_events
002100.SZ,002100.SZ_20200615_1,2020-06-15,2020-06-12,2020-06-15,0.2,,,,wind:wind_get_stock_events
002100.SZ,002100.SZ_20210609_1,2021-06-09,2021-06-08,2021-06-09,0.46,,,,wind:wind_get_stock_events
002100.SZ,002100.SZ_20230616_1,2023-06-16,2023-06-15,2023-06-16,0.22,,,,wind:wind_get_stock_events
002100.SZ,002100.SZ_20250605_1,2025-06-05,2025-06-04,2025-06-05,0.22,,,,wind:wind_get_stock_events
002100.SZ,002100.SZ_20260610_1,2026-06-10,2026-06-09,2026-06-10,0.078,,,,wind:wind_get_stock_events
002102.SZ,002102.SZ_20161012_1,2016-10-12,2016-10-11,,,,2,2016-10-12,wind:wind_get_stock_events
002102.SZ,002102.SZ_20180709_1,2018-07-09,2018-07-06,2018-07-09,0.05,,,,wind:wind_get_stock_events
002106.SZ,002106.SZ_20150615_1,2015-06-15,2015-06-12,2015-06-15,0.02,,,,wind:wind_get_stock_events
002106.SZ,002106.SZ_20170616_1,2017-06-16,2017-06-15,2017-06-16,0.1,,,,wind:wind_get_stock_events
002106.SZ,002106.SZ_20180615_1,2018-06-15,2018-06-14,2018-06-15,0.1,,,,wind:wind_get_stock_events
002106.SZ,002106.SZ_20190606_1,2019-06-06,2019-06-05,2019-06-06,0.1,,,,wind:wind_get_stock_events
002106.SZ,002106.SZ_20200630_1,2020-06-30,2020-06-29,2020-06-30,0.1,,,,wind:wind_get_stock_events
002106.SZ,002106.SZ_20210611_1,2021-06-11,2021-06-10,2021-06-11,0.15,,,,wind:wind_get_stock_events
002106.SZ,002106.SZ_20220505_1,2022-05-05,2022-04-29,2022-05-05,0.1,,,,wind:wind_get_stock_events
002106.SZ,002106.SZ_20230609_1,2023-06-09,2023-06-08,2023-06-09,0.2,,,,wind:wind_get_stock_events
002106.SZ,002106.SZ_20240620_1,2024-06-20,2024-06-19,2024-06-20,0.25,,,,wind:wind_get_stock_events
002106.SZ,002106.SZ_20250619_1,2025-06-19,2025-06-18,2025-06-19,0.1,,,,wind:wind_get_stock_events
002106.SZ,002106.SZ_20260617_1,2026-06-17,2026-06-16,2026-06-17,0.1,,,,wind:wind_get_stock_events
002107.SZ,002107.SZ_20150319_1,2015-03-19,2015-03-18,2015-03-19,0.21,,1.2,2015-03-19,wind:wind_get_stock_events
002107.SZ,002107.SZ_20160519_1,2016-05-19,2016-05-18,2016-05-19,0.1,,,,wind:wind_get_stock_events
002107.SZ,002107.SZ_20190416_1,2019-04-16,2019-04-15,2019-04-16,0.05,,,,wind:wind_get_stock_events
002107.SZ,002107.SZ_20200529_1,2020-05-29,2020-05-28,2020-05-29,0.12,0.6,,2020-05-29,wind:wind_get_stock_events
002107.SZ,002107.SZ_20210409_1,2021-04-09,2021-04-08,2021-04-09,0.26,,,,wind:wind_get_stock_events
002107.SZ,002107.SZ_20220308_1,2022-03-08,2022-03-07,2022-03-08,0.26,,,,wind:wind_get_stock_events
002107.SZ,002107.SZ_20240524_1,2024-05-24,2024-05-23,2024-05-24,0.25,,,,wind:wind_get_stock_events
002107.SZ,002107.SZ_20250911_1,2025-09-11,2025-09-10,2025-09-11,0.12,,,,wind:wind_get_stock_events
002107.SZ,002107.SZ_20260305_1,2026-03-05,2026-03-04,2026-03-05,0.146,,,,wind:wind_get_stock_events
002107.SZ,002107.SZ_20260818_1,2026-08-18,2026-08-17,2026-08-18,0.117,,,,wind:wind_get_stock_events
002108.SZ,002108.SZ_20150609_1,2015-06-09,2015-06-08,2015-06-09,0.05,0.2,0.5,2015-06-09,wind:wind_get_stock_events
002108.SZ,002108.SZ_20160518_1,2016-05-18,2016-05-17,2016-05-18,0.16,,,,wind:wind_get_stock_events
002108.SZ,002108.SZ_20170609_1,2017-06-09,2017-06-08,2017-06-09,0.16,,0.7,2017-06-09,wind:wind_get_stock_events
002108.SZ,002108.SZ_20180518_1,2018-05-18,2018-05-17,2018-05-18,0.2,,0.3,2018-05-18,wind:wind_get_stock_events
002108.SZ,002108.SZ_20190606_1,2019-06-06,2019-06-05,2019-06-06,0.1,,,,wind:wind_get_stock_events
002108.SZ,002108.SZ_20200610_1,2020-06-10,2020-06-09,2020-06-10,0.05,,,,wind:wind_get_stock_events
002108.SZ,002108.SZ_20210514_1,2021-05-14,2021-05-13,2021-05-14,0.1,,,,wind:wind_get_stock_events
002108.SZ,002108.SZ_20220531_1,2022-05-31,2022-05-30,2022-05-31,0.05,,,,wind:wind_get_stock_events
002108.SZ,002108.SZ_20230526_1,2023-05-26,2023-05-25,2023-05-26,0.1,,,,wind:wind_get_stock_events
002108.SZ,002108.SZ_20240527_1,2024-05-27,2024-05-24,2024-05-27,0.1,,,,wind:wind_get_stock_events
002108.SZ,002108.SZ_20250527_1,2025-05-27,2025-05-26,2025-05-27,0.1,,,,wind:wind_get_stock_events
002108.SZ,002108.SZ_20260625_1,2026-06-25,2026-06-24,2026-06-25,0.05,,,,wind:wind_get_stock_events
002109.SZ,002109.SZ_20180507_1,2018-05-07,2018-05-04,,,,0.5,2018-05-07,wind:wind_get_stock_events
002109.SZ,002109.SZ_20200925_1,2020-09-25,2020-09-24,2020-09-25,0.02,,,,wind:wind_get_stock_events
002109.SZ,002109.SZ_20220601_1,2022-06-01,2022-05-31,2022-06-01,0.15,,,,wind:wind_get_stock_events
002109.SZ,002109.SZ_20230705_1,2023-07-05,2023-07-04,2023-07-05,0.15,,,,wind:wind_get_stock_events
002116.SZ,002116.SZ_20150611_1,2015-06-11,2015-06-10,2015-06-11,0.2,0.3,,2015-06-11,wind:wind_get_stock_events
002116.SZ,002116.SZ_20160729_1,2016-07-29,2016-07-28,2016-07-29,0.3,,,,wind:wind_get_stock_events
002116.SZ,002116.SZ_20170629_1,2017-06-29,2017-06-28,2017-06-29,0.2,,,,wind:wind_get_stock_events
002116.SZ,002116.SZ_20180615_1,2018-06-15,2018-06-14,2018-06-15,0.22,,,,wind:wind_get_stock_events
002116.SZ,002116.SZ_20190628_1,2019-06-28,2019-06-27,2019-06-28,0.25,,,,wind:wind_get_stock_events
002116.SZ,002116.SZ_20200630_1,2020-06-30,2020-06-29,2020-06-30,0.0671,,,,wind:wind_get_stock_events
002116.SZ,002116.SZ_20210623_1,2021-06-23,2021-06-22,2021-06-23,0.0838,,,,wind:wind_get_stock_events
002116.SZ,002116.SZ_20220624_1,2022-06-24,2022-06-23,2022-06-24,0.1433,,,,wind:wind_get_stock_events
002116.SZ,002116.SZ_20230529_1,2023-05-29,2023-05-26,2023-05-29,0.1854,,,,wind:wind_get_stock_events
002116.SZ,002116.SZ_20240628_1,2024-06-28,2024-06-27,2024-06-28,0.2617,,,,wind:wind_get_stock_events
002116.SZ,002116.SZ_20250626_1,2025-06-26,2025-06-25,2025-06-26,0.3094,,,,wind:wind_get_stock_events
002116.SZ,002116.SZ_20260622_1,2026-06-22,2026-06-18,2026-06-22,0.2193,,0.2,2026-06-22,wind:wind_get_stock_events
002117.SZ,002117.SZ_20150421_1,2015-04-21,2015-04-20,2015-04-21,0.3,,,,wind:wind_get_stock_events
002117.SZ,002117.SZ_20160427_1,2016-04-27,2016-04-26,2016-04-27,0.3,,,,wind:wind_get_stock_events
002117.SZ,002117.SZ_20170602_1,2017-06-02,2017-06-01,2017-06-02,0.3,,,,wind:wind_get_stock_events
002117.SZ,002117.SZ_20180420_1,2018-04-20,2018-04-19,2018-04-20,0.4,,,,wind:wind_get_stock_events
002117.SZ,002117.SZ_20190530_1,2019-05-30,2019-05-29,2019-05-30,0.7,0.5,,2019-05-30,wind:wind_get_stock_events
002117.SZ,002117.SZ_20200522_1,2020-05-22,2020-05-21,2020-05-22,0.4,,,,wind:wind_get_stock_events
002117.SZ,002117.SZ_20210429_1,2021-04-29,2021-04-28,2021-04-29,0.4,,,,wind:wind_get_stock_events
002117.SZ,002117.SZ_20220527_1,2022-05-27,2022-05-26,2022-05-27,0.3,,,,wind:wind_get_stock_events
002117.SZ,002117.SZ_20230512_1,2023-05-12,2023-05-11,2023-05-12,0.22,,,,wind:wind_get_stock_events
002117.SZ,002117.SZ_20240516_1,2024-05-16,2024-05-15,2024-05-16,0.26,,,,wind:wind_get_stock_events
002117.SZ,002117.SZ_20241115_1,2024-11-15,2024-11-14,2024-11-15,0.05,,,,wind:wind_get_stock_events
002117.SZ,002117.SZ_20250516_1,2025-05-16,2025-05-15,2025-05-16,0.21,,,,wind:wind_get_stock_events
002117.SZ,002117.SZ_20260515_1,2026-05-15,2026-05-14,2026-05-15,0.3,,,,wind:wind_get_stock_events
002119.SZ,002119.SZ_20170607_1,2017-06-07,2017-06-06,2017-06-07,0.1,,,,wind:wind_get_stock_events
002119.SZ,002119.SZ_20180622_1,2018-06-22,2018-06-21,2018-06-22,0.1,,0.4,2018-06-22,wind:wind_get_stock_events
002119.SZ,002119.SZ_20190521_1,2019-05-21,2019-05-20,2019-05-21,0.025,0.1,0.2,2019-05-21,wind:wind_get_stock_events
002119.SZ,002119.SZ_20200611_1,2020-06-11,2020-06-10,2020-06-11,0.025,,,,wind:wind_get_stock_events
002119.SZ,002119.SZ_20210709_1,2021-07-09,2021-07-08,2021-07-09,0.026,,,,wind:wind_get_stock_events
002119.SZ,002119.SZ_20220617_1,2022-06-17,2022-06-16,2022-06-17,0.05,,,,wind:wind_get_stock_events
002119.SZ,002119.SZ_20230609_1,2023-06-09,2023-06-08,2023-06-09,0.03,,,,wind:wind_get_stock_events
002119.SZ,002119.SZ_20240619_1,2024-06-19,2024-06-18,2024-06-19,0.03,,,,wind:wind_get_stock_events
002119.SZ,002119.SZ_20250509_1,2025-05-09,2025-05-08,2025-05-09,0.03,,,,wind:wind_get_stock_events
002119.SZ,002119.SZ_20260508_1,2026-05-08,2026-05-07,2026-05-08,0.04,,,,wind:wind_get_stock_events
002121.SZ,002121.SZ_20150717_1,2015-07-17,2015-07-16,2015-07-17,0.03,,,,wind:wind_get_stock_events
002121.SZ,002121.SZ_20160617_1,2016-06-17,2016-06-16,2016-06-17,0.05,,1.5,2016-06-17,wind:wind_get_stock_events
002121.SZ,002121.SZ_20170713_1,2017-07-13,2017-07-12,2017-07-13,0.025,,,,wind:wind_get_stock_events
002121.SZ,002121.SZ_20180524_1,2018-05-24,2018-05-23,2018-05-24,0.035,,,,wind:wind_get_stock_events
002126.SZ,002126.SZ_20150618_1,2015-06-18,2015-06-17,2015-06-18,0.05,,,,wind:wind_get_stock_events
002126.SZ,002126.SZ_20160617_1,2016-06-17,2016-06-16,2016-06-17,0.06,,1,2016-06-17,wind:wind_get_stock_events
002126.SZ,002126.SZ_20170516_1,2017-05-16,2017-05-15,2017-05-16,0.038,,,,wind:wind_get_stock_events
002126.SZ,002126.SZ_20180521_1,2018-05-21,2018-05-18,2018-05-21,0.04,,,,wind:wind_get_stock_events
002126.SZ,002126.SZ_20190618_1,2019-06-18,2019-06-17,2019-06-18,0.05,,,,wind:wind_get_stock_events
002126.SZ,002126.SZ_20200623_1,2020-06-23,2020-06-22,2020-06-23,0.08,,,,wind:wind_get_stock_events
002126.SZ,002126.SZ_20210518_1,2021-05-18,2021-05-17,2021-05-18,0.08,,,,wind:wind_get_stock_events
002126.SZ,002126.SZ_20220627_1,2022-06-27,2022-06-24,2022-06-27,0.08,,,,wind:wind_get_stock_events
002126.SZ,002126.SZ_20230704_1,2023-07-04,2023-07-03,2023-07-04,0.08,,,,wind:wind_get_stock_events
002126.SZ,002126.SZ_20240520_1,2024-05-20,2024-05-17,2024-05-20,0.1,,,,wind:wind_get_stock_events
002126.SZ,002126.SZ_20250610_1,2025-06-10,2025-06-09,2025-06-10,0.12,,,,wind:wind_get_stock_events
002126.SZ,002126.SZ_20260522_1,2026-05-22,2026-05-21,2026-05-22,0.12,,,,wind:wind_get_stock_events
002128.SZ,002128.SZ_20150612_1,2015-06-12,2015-06-11,2015-06-12,0.1,,,,wind:wind_get_stock_events
002128.SZ,002128.SZ_20160617_1,2016-06-17,2016-06-16,2016-06-17,0.1,,,,wind:wind_get_stock_events
002128.SZ,002128.SZ_20170615_1,2017-06-15,2017-06-14,2017-06-15,0.3,,,,wind:wind_get_stock_events
002128.SZ,002128.SZ_20180615_1,2018-06-15,2018-06-14,2018-06-15,0.3,,,,wind:wind_get_stock_events
002128.SZ,002128.SZ_20191025_1,2019-10-25,2019-10-24,2019-10-25,0.4,,,,wind:wind_get_stock_events
002128.SZ,002128.SZ_20200624_1,2020-06-24,2020-06-23,2020-06-24,0.4,,,,wind:wind_get_stock_events
002128.SZ,002128.SZ_20210713_1,2021-07-13,2021-07-12,2021-07-13,0.4,,,,wind:wind_get_stock_events
002128.SZ,002128.SZ_20220623_1,2022-06-23,2022-06-22,2022-06-23,0.5,,,,wind:wind_get_stock_events
002128.SZ,002128.SZ_20230531_1,2023-05-31,2023-05-30,2023-05-31,0.5,,,,wind:wind_get_stock_events
002128.SZ,002128.SZ_20240529_1,2024-05-29,2024-05-28,2024-05-29,0.68,,,,wind:wind_get_stock_events
002128.SZ,002128.SZ_20241023_1,2024-10-23,2024-10-22,2024-10-23,0.05,,,,wind:wind_get_stock_events
002128.SZ,002128.SZ_20250710_1,2025-07-10,2025-07-09,2025-07-10,0.8,,,,wind:wind_get_stock_events
002128.SZ,002128.SZ_20260310_1,2026-03-10,2026-03-09,2026-03-10,0.3,,,,wind:wind_get_stock_events
002128.SZ,002128.SZ_20260520_1,2026-05-20,2026-05-19,2026-05-20,1,,,,wind:wind_get_stock_events
002129.SZ,002129.SZ_20150429_1,2015-04-29,2015-04-28,2015-04-29,0.01,,1.2,2015-04-29,wind:wind_get_stock_events
002129.SZ,002129.SZ_20160705_1,2016-07-05,2016-07-04,2016-07-05,0.02,,,,wind:wind_get_stock_events
002129.SZ,002129.SZ_20170726_1,2017-07-26,2017-07-25,2017-07-26,0.03,,,,wind:wind_get_stock_events
002129.SZ,002129.SZ_20180625_1,2018-06-25,2018-06-22,2018-06-25,0.02,,,,wind:wind_get_stock_events
002129.SZ,002129.SZ_20190724_1,2019-07-24,2019-07-23,2019-07-24,0.03,,,,wind:wind_get_stock_events
002129.SZ,002129.SZ_20200630_1,2020-06-30,2020-06-29,2020-06-30,0.03,,,,wind:wind_get_stock_events
002129.SZ,002129.SZ_20210602_1,2021-06-02,2021-06-01,2021-06-02,0.06,,,,wind:wind_get_stock_events
002129.SZ,002129.SZ_20220624_1,2022-06-24,2022-06-23,2022-06-24,0.1103,,,,wind:wind_get_stock_events
002129.SZ,002129.SZ_20230616_1,2023-06-16,2023-06-15,2023-06-16,0.1,,0.25,2023-06-16,wind:wind_get_stock_events
002129.SZ,002129.SZ_20240709_1,2024-07-09,2024-07-08,2024-07-09,0.26,,,,wind:wind_get_stock_events
002131.SZ,002131.SZ_20150416_1,2015-04-16,2015-04-15,2015-04-16,0.05,,,,wind:wind_get_stock_events
002131.SZ,002131.SZ_20150821_1,2015-08-21,2015-08-20,,,,2,2015-08-21,wind:wind_get_stock_events
002131.SZ,002131.SZ_20160520_1,2016-05-20,2016-05-19,2016-05-20,0.03,,,,wind:wind_get_stock_events
002131.SZ,002131.SZ_20170613_1,2017-06-13,2017-06-12,2017-06-13,0.037,,2.5,2017-06-13,wind:wind_get_stock_events
002131.SZ,002131.SZ_20180606_1,2018-06-06,2018-06-05,2018-06-06,0.011,,,,wind:wind_get_stock_events
002131.SZ,002131.SZ_20200608_1,2020-06-08,2020-06-05,2020-06-08,0.006,,,,wind:wind_get_stock_events
002131.SZ,002131.SZ_20210608_1,2021-06-08,2021-06-07,2021-06-08,0.01,,,,wind:wind_get_stock_events
002131.SZ,002131.SZ_20240605_1,2024-06-05,2024-06-04,2024-06-05,0.03,,,,wind:wind_get_stock_events
002131.SZ,002131.SZ_20250626_1,2025-06-26,2025-06-25,2025-06-26,0.03,,,,wind:wind_get_stock_events
002131.SZ,002131.SZ_20251128_1,2025-11-28,2025-11-27,2025-11-28,0.005,,,,wind:wind_get_stock_events
002131.SZ,002131.SZ_20260528_1,2026-05-28,2026-05-27,2026-05-28,0.03,,,,wind:wind_get_stock_events
002132.SZ,002132.SZ_20150930_1,2015-09-30,2015-09-29,2015-09-30,0.05,,,,wind:wind_get_stock_events
002132.SZ,002132.SZ_20160519_1,2016-05-19,2016-05-18,2016-05-19,0.1,,0.5,2016-05-19,wind:wind_get_stock_events
002132.SZ,002132.SZ_20170626_1,2017-06-26,2017-06-23,2017-06-26,0.05,,,,wind:wind_get_stock_events
002132.SZ,002132.SZ_20191118_1,2019-11-18,2019-11-15,2019-11-18,0.05,,,,wind:wind_get_stock_events
002132.SZ,002132.SZ_20200611_1,2020-06-11,2020-06-10,2020-06-11,0.05,,,,wind:wind_get_stock_events
002132.SZ,002132.SZ_20210915_1,2021-09-15,2021-09-14,2021-09-15,0.05,,,,wind:wind_get_stock_events
002132.SZ,002132.SZ_20230619_1,2023-06-19,2023-06-16,2023-06-19,0.05,,,,wind:wind_get_stock_events
002132.SZ,002132.SZ_20241115_1,2024-11-15,2024-11-14,2024-11-15,0.05,,,,wind:wind_get_stock_events
002132.SZ,002132.SZ_20250630_1,2025-06-30,2025-06-27,2025-06-30,0.05,,,,wind:wind_get_stock_events
002132.SZ,002132.SZ_20260708_1,2026-07-08,2026-07-07,2026-07-08,0.05,,,,wind:wind_get_stock_events
002135.SZ,002135.SZ_20150506_1,2015-05-06,2015-05-05,2015-05-06,0.01,,,,wind:wind_get_stock_events
002135.SZ,002135.SZ_20160513_1,2016-05-13,2016-05-12,2016-05-13,0.006,,,,wind:wind_get_stock_events
002135.SZ,002135.SZ_20170428_1,2017-04-28,2017-04-27,2017-04-28,0.006,,,,wind:wind_get_stock_events
002135.SZ,002135.SZ_20180523_1,2018-05-23,2018-05-22,2018-05-23,0.012,,,,wind:wind_get_stock_events
002135.SZ,002135.SZ_20190510_1,2019-05-10,2019-05-09,2019-05-10,0.017,,,,wind:wind_get_stock_events
002135.SZ,002135.SZ_20200421_1,2020-04-21,2020-04-20,2020-04-21,0.027,,,,wind:wind_get_stock_events
002135.SZ,002135.SZ_20210429_1,2021-04-29,2021-04-28,2021-04-29,0.027,,,,wind:wind_get_stock_events
002135.SZ,002135.SZ_20220526_1,2022-05-26,2022-05-25,2022-05-26,0.1,,,,wind:wind_get_stock_events
002135.SZ,002135.SZ_20230602_1,2023-06-02,2023-06-01,2023-06-02,0.1,,,,wind:wind_get_stock_events
002135.SZ,002135.SZ_20240530_1,2024-05-30,2024-05-29,2024-05-30,0.1,,,,wind:wind_get_stock_events
002135.SZ,002135.SZ_20250523_1,2025-05-23,2025-05-22,2025-05-23,0.07,,,,wind:wind_get_stock_events
002135.SZ,002135.SZ_20260604_1,2026-06-04,2026-06-03,2026-06-04,0.01,,,,wind:wind_get_stock_events
002136.SZ,002136.SZ_20180601_1,2018-06-01,2018-05-31,2018-06-01,0.1,,,,wind:wind_get_stock_events
002136.SZ,002136.SZ_20190605_1,2019-06-05,2019-06-04,2019-06-05,0.1,,,,wind:wind_get_stock_events
002136.SZ,002136.SZ_20200429_1,2020-04-29,2020-04-28,2020-04-29,0.05,,,,wind:wind_get_stock_events
002136.SZ,002136.SZ_20210519_1,2021-05-19,2021-05-18,2021-05-19,0.1,,,,wind:wind_get_stock_events
002136.SZ,002136.SZ_20220520_1,2022-05-20,2022-05-19,2022-05-20,0.15,,,,wind:wind_get_stock_events
002136.SZ,002136.SZ_20230519_1,2023-05-19,2023-05-18,2023-05-19,0.2,,,,wind:wind_get_stock_events
002136.SZ,002136.SZ_20240614_1,2024-06-14,2024-06-13,2024-06-14,0.1,,,,wind:wind_get_stock_events
002137.SZ,002137.SZ_20260526_1,2026-05-26,2026-05-25,2026-05-26,0.05,,,,wind:wind_get_stock_events
002138.SZ,002138.SZ_20150408_1,2015-04-08,2015-04-07,,,,1,2015-04-08,wind:wind_get_stock_events
002138.SZ,002138.SZ_20160406_1,2016-04-06,2016-04-05,2016-04-06,0.2,,,,wind:wind_get_stock_events
002138.SZ,002138.SZ_20170908_1,2017-09-08,2017-09-07,2017-09-08,0.2,,,,wind:wind_get_stock_events
002138.SZ,002138.SZ_20180508_1,2018-05-08,2018-05-07,2018-05-08,0.2,,,,wind:wind_get_stock_events
002138.SZ,002138.SZ_20190426_1,2019-04-26,2019-04-25,2019-04-26,0.2,,,,wind:wind_get_stock_events
002138.SZ,002138.SZ_20200422_1,2020-04-22,2020-04-21,2020-04-22,0.2,,,,wind:wind_get_stock_events
002138.SZ,002138.SZ_20210331_1,2021-03-31,2021-03-30,2021-03-31,0.2,,,,wind:wind_get_stock_events
002138.SZ,002138.SZ_20220420_1,2022-04-20,2022-04-19,2022-04-20,0.3,,,,wind:wind_get_stock_events
002138.SZ,002138.SZ_20230329_1,2023-03-29,2023-03-28,2023-03-29,0.2,,,,wind:wind_get_stock_events
002138.SZ,002138.SZ_20240329_1,2024-03-29,2024-03-28,2024-03-29,0.3,,,,wind:wind_get_stock_events
002138.SZ,002138.SZ_20250331_1,2025-03-31,2025-03-28,2025-03-31,0.6,,,,wind:wind_get_stock_events
002138.SZ,002138.SZ_20260401_1,2026-04-01,2026-03-31,2026-04-01,0.8,,,,wind:wind_get_stock_events
002140.SZ,002140.SZ_20150603_1,2015-06-03,2015-06-02,2015-06-03,0.09,,,,wind:wind_get_stock_events
002140.SZ,002140.SZ_20160608_1,2016-06-08,2016-06-07,2016-06-08,0.05,,,,wind:wind_get_stock_events
002140.SZ,002140.SZ_20170721_1,2017-07-21,2017-07-20,2017-07-21,0.05,,,,wind:wind_get_stock_events
002140.SZ,002140.SZ_20190529_1,2019-05-29,2019-05-28,2019-05-29,0.1,0.2,,2019-05-29,wind:wind_get_stock_events
002140.SZ,002140.SZ_20200611_1,2020-06-11,2020-06-10,2020-06-11,0.1,,,,wind:wind_get_stock_events
002140.SZ,002140.SZ_20210526_1,2021-05-26,2021-05-25,2021-05-26,0.1,,,,wind:wind_get_stock_events
002140.SZ,002140.SZ_20220617_1,2022-06-17,2022-06-16,2022-06-17,0.15,,,,wind:wind_get_stock_events
002140.SZ,002140.SZ_20230620_1,2023-06-20,2023-06-19,2023-06-20,0.1,,,,wind:wind_get_stock_events
002140.SZ,002140.SZ_20240626_1,2024-06-26,2024-06-25,2024-06-26,0.11,,,,wind:wind_get_stock_events
002140.SZ,002140.SZ_20250617_1,2025-06-17,2025-06-16,2025-06-17,0.15,,,,wind:wind_get_stock_events
002140.SZ,002140.SZ_20260109_1,2026-01-09,2026-01-08,2026-01-09,0.05,,,,wind:wind_get_stock_events
002140.SZ,002140.SZ_20260625_1,2026-06-25,2026-06-24,2026-06-25,0.15,,,,wind:wind_get_stock_events
002142.SZ,002142.SZ_20150715_1,2015-07-15,2015-07-14,2015-07-15,0.45,,0.2,2015-07-15,wind:wind_get_stock_events
002142.SZ,002142.SZ_20160712_1,2016-07-12,2016-07-11,2016-07-12,0.45,,,,wind:wind_get_stock_events
002142.SZ,002142.SZ_20170711_1,2017-07-11,2017-07-10,2017-07-11,0.35,,0.3,2017-07-11,wind:wind_get_stock_events
002142.SZ,002142.SZ_20180712_1,2018-07-12,2018-07-11,2018-07-12,0.4,,,,wind:wind_get_stock_events
002142.SZ,002142.SZ_20190710_1,2019-07-10,2019-07-09,2019-07-10,0.4,,,,wind:wind_get_stock_events
002142.SZ,002142.SZ_20200709_1,2020-07-09,2020-07-08,2020-07-09,0.5,,,,wind:wind_get_stock_events
002142.SZ,002142.SZ_20210709_1,2021-07-09,2021-07-08,2021-07-09,0.5,,,,wind:wind_get_stock_events
002142.SZ,002142.SZ_20220712_1,2022-07-12,2022-07-11,2022-07-12,0.5,,,,wind:wind_get_stock_events
002142.SZ,002142.SZ_20230712_1,2023-07-12,2023-07-11,2023-07-12,0.5,,,,wind:wind_get_stock_events
002142.SZ,002142.SZ_20240710_1,2024-07-10,2024-07-09,2024-07-10,0.6,,,,wind:wind_get_stock_events
002142.SZ,002142.SZ_20250716_1,2025-07-16,2025-07-15,2025-07-16,0.9,,,,wind:wind_get_stock_events
002142.SZ,002142.SZ_20251217_1,2025-12-17,2025-12-16,2025-12-17,0.3,,,,wind:wind_get_stock_events
002142.SZ,002142.SZ_20260716_1,2026-07-16,2026-07-15,2026-07-16,0.9,,,,wind:wind_get_stock_events
002144.SZ,002144.SZ_20150626_1,2015-06-26,2015-06-25,2015-06-26,0.2,,,,wind:wind_get_stock_events
002144.SZ,002144.SZ_20160714_1,2016-07-14,2016-07-13,2016-07-14,0.1,,,,wind:wind_get_stock_events
002144.SZ,002144.SZ_20170724_1,2017-07-24,2017-07-21,2017-07-24,0.1,,,,wind:wind_get_stock_events
002144.SZ,002144.SZ_20180711_1,2018-07-11,2018-07-10,2018-07-11,0.15,,,,wind:wind_get_stock_events
002144.SZ,002144.SZ_20190611_1,2019-06-11,2019-06-10,2019-06-11,0.1,,,,wind:wind_get_stock_events
002144.SZ,002144.SZ_20200623_1,2020-06-23,2020-06-22,2020-06-23,0.1,,,,wind:wind_get_stock_events
002144.SZ,002144.SZ_20210625_1,2021-06-25,2021-06-24,2021-06-25,0.1,,,,wind:wind_get_stock_events
002144.SZ,002144.SZ_20220601_1,2022-06-01,2022-05-31,2022-06-01,0.1,,,,wind:wind_get_stock_events
002144.SZ,002144.SZ_20230620_1,2023-06-20,2023-06-19,2023-06-20,0.1,,,,wind:wind_get_stock_events
002144.SZ,002144.SZ_20240620_1,2024-06-20,2024-06-19,2024-06-20,0.15,,,,wind:wind_get_stock_events
002144.SZ,002144.SZ_20250620_1,2025-06-20,2025-06-19,2025-06-20,0.05,,,,wind:wind_get_stock_events
002144.SZ,002144.SZ_20260618_1,2026-06-18,2026-06-17,2026-06-18,0.05,,,,wind:wind_get_stock_events
002145.SZ,002145.SZ_20160506_1,2016-05-06,2016-05-05,,,,2,2016-05-06,wind:wind_get_stock_events
002145.SZ,002145.SZ_20180511_1,2018-05-11,2018-05-10,2018-05-11,0.02,,,,wind:wind_get_stock_events
002145.SZ,002145.SZ_20190513_1,2019-05-13,2019-05-10,2019-05-13,0.02,,,,wind:wind_get_stock_events
002145.SZ,002145.SZ_20200521_1,2020-05-21,2020-05-20,2020-05-21,0.02,,,,wind:wind_get_stock_events
002145.SZ,002145.SZ_20210527_1,2021-05-27,2021-05-26,2021-05-27,0.04,,,,wind:wind_get_stock_events
002145.SZ,002145.SZ_20220527_1,2022-05-27,2022-05-26,2022-05-27,0.08,,0.45,2022-05-27,wind:wind_get_stock_events
002145.SZ,002145.SZ_20230620_1,2023-06-20,2023-06-19,2023-06-20,0.05,,,,wind:wind_get_stock_events
002145.SZ,002145.SZ_20240521_1,2024-05-21,2024-05-20,2024-05-21,0.0505,,,,wind:wind_get_stock_events
002145.SZ,002145.SZ_20250414_1,2025-04-14,2025-04-11,2025-04-14,0.016,,,,wind:wind_get_stock_events
002145.SZ,002145.SZ_20260610_1,2026-06-10,2026-06-09,2026-06-10,0.02,,,,wind:wind_get_stock_events
002145.SZ,002145.SZ_20260818_1,2026-08-18,2026-08-17,2026-08-18,0.02,,,,wind:wind_get_stock_events
002148.SZ,002148.SZ_20150520_1,2015-05-20,2015-05-19,2015-05-20,0.01,,,,wind:wind_get_stock_events
002148.SZ,002148.SZ_20170512_1,2017-05-12,2017-05-11,2017-05-12,0.11,,1.2,2017-05-12,wind:wind_get_stock_events
002148.SZ,002148.SZ_20180515_1,2018-05-15,2018-05-14,2018-05-15,0.08,,,,wind:wind_get_stock_events
002148.SZ,002148.SZ_20190612_1,2019-06-12,2019-06-11,2019-06-12,0.025,,,,wind:wind_get_stock_events
002148.SZ,002148.SZ_20210531_1,2021-05-31,2021-05-28,2021-05-31,0.01,,,,wind:wind_get_stock_events
002148.SZ,002148.SZ_20220708_1,2022-07-08,2022-07-07,2022-07-08,0.03,,,,wind:wind_get_stock_events
002148.SZ,002148.SZ_20230601_1,2023-06-01,2023-05-31,2023-06-01,0.01,,,,wind:wind_get_stock_events
002148.SZ,002148.SZ_20240523_1,2024-05-23,2024-05-22,2024-05-23,0.015,,,,wind:wind_get_stock_events
002148.SZ,002148.SZ_20250604_1,2025-06-04,2025-06-03,2025-06-04,0.016,,,,wind:wind_get_stock_events
002149.SZ,002149.SZ_20170605_1,2017-06-05,2017-06-02,,,,1,2017-06-05,wind:wind_get_stock_events
002149.SZ,002149.SZ_20180615_1,2018-06-15,2018-06-14,2018-06-15,0.09,,,,wind:wind_get_stock_events
002149.SZ,002149.SZ_20190620_1,2019-06-20,2019-06-19,2019-06-20,0.1,,,,wind:wind_get_stock_events
002149.SZ,002149.SZ_20200709_1,2020-07-09,2020-07-08,2020-07-09,0.1,,,,wind:wind_get_stock_events
002149.SZ,002149.SZ_20210618_1,2021-06-18,2021-06-17,2021-06-18,0.15,,,,wind:wind_get_stock_events
002149.SZ,002149.SZ_20220714_1,2022-07-14,2022-07-13,2022-07-14,0.1,,,,wind:wind_get_stock_events
002149.SZ,002149.SZ_20230616_1,2023-06-16,2023-06-15,2023-06-16,0.2,,,,wind:wind_get_stock_events
002149.SZ,002149.SZ_20240624_1,2024-06-24,2024-06-21,2024-06-24,0.15,,,,wind:wind_get_stock_events
002149.SZ,002149.SZ_20241114_1,2024-11-14,2024-11-13,2024-11-14,0.1,,,,wind:wind_get_stock_events
002149.SZ,002149.SZ_20250709_1,2025-07-09,2025-07-08,2025-07-09,0.2,,,,wind:wind_get_stock_events
002149.SZ,002149.SZ_20251022_1,2025-10-22,2025-10-21,2025-10-22,0.1,,,,wind:wind_get_stock_events
002149.SZ,002149.SZ_20260710_1,2026-07-10,2026-07-09,2026-07-10,0.1,,,,wind:wind_get_stock_events
002151.SZ,002151.SZ_20150708_1,2015-07-08,2015-07-07,2015-07-08,0.1,,,,wind:wind_get_stock_events
002151.SZ,002151.SZ_20160428_1,2016-04-28,2016-04-27,2016-04-28,0.15,,0.5,2016-04-28,wind:wind_get_stock_events
002151.SZ,002151.SZ_20170609_1,2017-06-09,2017-06-08,2017-06-09,0.05,,,,wind:wind_get_stock_events
002151.SZ,002151.SZ_20180625_1,2018-06-25,2018-06-22,2018-06-25,0.07,,,,wind:wind_get_stock_events
002151.SZ,002151.SZ_20190529_1,2019-05-29,2019-05-28,2019-05-29,0.07,,,,wind:wind_get_stock_events
002151.SZ,002151.SZ_20220620_1,2022-06-20,2022-06-17,2022-06-20,0.0586,,,,wind:wind_get_stock_events
002151.SZ,002151.SZ_20240531_1,2024-05-31,2024-05-30,2024-05-31,0.15,,,,wind:wind_get_stock_events
002152.SZ,002152.SZ_20150529_1,2015-05-29,2015-05-28,2015-05-29,0.6,,,,wind:wind_get_stock_events
002152.SZ,002152.SZ_20160530_1,2016-05-30,2016-05-27,2016-05-30,0.2,0.5,,2016-05-30,wind:wind_get_stock_events
002152.SZ,002152.SZ_20170630_1,2017-06-30,2017-06-29,2017-06-30,0.1,,0.5,2017-06-30,wind:wind_get_stock_events
002152.SZ,002152.SZ_20180615_1,2018-06-15,2018-06-14,2018-06-15,0.2,,,,wind:wind_get_stock_events
002152.SZ,002152.SZ_20190619_1,2019-06-19,2019-06-18,2019-06-19,0.12,,,,wind:wind_get_stock_events
002152.SZ,002152.SZ_20200619_1,2020-06-19,2020-06-18,2020-06-19,0.12,,,,wind:wind_get_stock_events
002152.SZ,002152.SZ_20210617_1,2021-06-17,2021-06-16,2021-06-17,0.15,,,,wind:wind_get_stock_events
002152.SZ,002152.SZ_20220615_1,2022-06-15,2022-06-14,2022-06-15,0.15,,,,wind:wind_get_stock_events
002152.SZ,002152.SZ_20230609_1,2023-06-09,2023-06-08,2023-06-09,0.2,,,,wind:wind_get_stock_events
002152.SZ,002152.SZ_20240530_1,2024-05-30,2024-05-29,2024-05-30,0.2,,,,wind:wind_get_stock_events
002152.SZ,002152.SZ_20250522_1,2025-05-22,2025-05-21,2025-05-22,0.2,,,,wind:wind_get_stock_events
002152.SZ,002152.SZ_20260114_1,2026-01-14,2026-01-13,2026-01-14,0.17,,,,wind:wind_get_stock_events
002152.SZ,002152.SZ_20260528_1,2026-05-28,2026-05-27,2026-05-28,0.2,,,,wind:wind_get_stock_events
002153.SZ,002153.SZ_20150515_1,2015-05-15,2015-05-14,2015-05-15,0.12,,,,wind:wind_get_stock_events
002153.SZ,002153.SZ_20160511_1,2016-05-11,2016-05-10,2016-05-11,0.12,,2,2016-05-11,wind:wind_get_stock_events
002153.SZ,002153.SZ_20170606_1,2017-06-06,2017-06-05,2017-06-06,0.04,,,,wind:wind_get_stock_events
002153.SZ,002153.SZ_20180604_1,2018-06-04,2018-06-01,2018-06-04,0.1,,,,wind:wind_get_stock_events
002153.SZ,002153.SZ_20190604_1,2019-06-04,2019-06-03,2019-06-04,0.0999,,,,wind:wind_get_stock_events
002153.SZ,002153.SZ_20200630_1,2020-06-30,2020-06-29,2020-06-30,0.04,,,,wind:wind_get_stock_events
002153.SZ,002153.SZ_20210616_1,2021-06-16,2021-06-15,2021-06-16,0.04,,0.4,2021-06-16,wind:wind_get_stock_events
002153.SZ,002153.SZ_20220608_1,2022-06-08,2022-06-07,2022-06-08,0.03,,0.4,2022-06-08,wind:wind_get_stock_events
002153.SZ,002153.SZ_20230619_1,2023-06-19,2023-06-16,,,,0.3,2023-06-19,wind:wind_get_stock_events
002153.SZ,002153.SZ_20240613_1,2024-06-13,2024-06-12,2024-06-13,0.01,,,,wind:wind_get_stock_events
002153.SZ,002153.SZ_20250613_1,2025-06-13,2025-06-12,2025-06-13,0.01,,,,wind:wind_get_stock_events
002153.SZ,002153.SZ_20260513_1,2026-05-13,2026-05-12,2026-05-13,0.01,,,,wind:wind_get_stock_events
002155.SZ,002155.SZ_20170605_1,2017-06-05,2017-06-02,2017-06-05,0.05,,,,wind:wind_get_stock_events
002155.SZ,002155.SZ_20190618_1,2019-06-18,2019-06-17,2019-06-18,0.04,,,,wind:wind_get_stock_events
002155.SZ,002155.SZ_20200624_1,2020-06-24,2020-06-23,2020-06-24,0.03,,,,wind:wind_get_stock_events
002155.SZ,002155.SZ_20220608_1,2022-06-08,2022-06-07,2022-06-08,0.06,,,,wind:wind_get_stock_events
002155.SZ,002155.SZ_20230614_1,2023-06-14,2023-06-13,2023-06-14,0.1,,,,wind:wind_get_stock_events
002155.SZ,002155.SZ_20240614_1,2024-06-14,2024-06-13,2024-06-14,0.13,,,,wind:wind_get_stock_events
002155.SZ,002155.SZ_20250613_1,2025-06-13,2025-06-12,2025-06-13,0.23,,0.3,2025-06-13,wind:wind_get_stock_events
002155.SZ,002155.SZ_20260611_1,2026-06-11,2026-06-10,2026-06-11,0.3,,,,wind:wind_get_stock_events
002157.SZ,002157.SZ_20150706_1,2015-07-06,2015-07-03,2015-07-06,0.02,,,,wind:wind_get_stock_events
002157.SZ,002157.SZ_20160711_1,2016-07-11,2016-07-08,2016-07-11,0.1,,,,wind:wind_get_stock_events
002157.SZ,002157.SZ_20160908_1,2016-09-08,2016-09-07,,,,2,2016-09-08,wind:wind_get_stock_events
002157.SZ,002157.SZ_20170518_1,2017-05-18,2017-05-17,2017-05-18,0.05,,,,wind:wind_get_stock_events
002157.SZ,002157.SZ_20180706_1,2018-07-06,2018-07-05,2018-07-06,0.05,,,,wind:wind_get_stock_events
002157.SZ,002157.SZ_20190523_1,2019-05-23,2019-05-22,2019-05-23,0.04,,,,wind:wind_get_stock_events
002157.SZ,002157.SZ_20200522_1,2020-05-22,2020-05-21,2020-05-22,0.07,,,,wind:wind_get_stock_events
002157.SZ,002157.SZ_20210609_1,2021-06-09,2021-06-08,2021-06-09,0.7,,,,wind:wind_get_stock_events
002157.SZ,002157.SZ_20231208_1,2023-12-08,2023-12-07,,,,1.623,2023-12-08,wind:wind_get_stock_events
002158.SZ,002158.SZ_20150506_1,2015-05-06,2015-05-05,2015-05-06,0.4,,,,wind:wind_get_stock_events
002158.SZ,002158.SZ_20160509_1,2016-05-09,2016-05-06,2016-05-09,0.2,,0.8,2016-05-09,wind:wind_get_stock_events
002158.SZ,002158.SZ_20170608_1,2017-06-08,2017-06-07,2017-06-08,0.22,,,,wind:wind_get_stock_events
002158.SZ,002158.SZ_20180605_1,2018-06-05,2018-06-04,2018-06-05,0.22,,,,wind:wind_get_stock_events
002158.SZ,002158.SZ_20190703_1,2019-07-03,2019-07-02,2019-07-03,0.15,,,,wind:wind_get_stock_events
002158.SZ,002158.SZ_20200604_1,2020-06-04,2020-06-03,2020-06-04,0.25,,,,wind:wind_get_stock_events
002158.SZ,002158.SZ_20210604_1,2021-06-04,2021-06-03,2021-06-04,0.33,,,,wind:wind_get_stock_events
002158.SZ,002158.SZ_20220608_1,2022-06-08,2022-06-07,2022-06-08,0.36,,,,wind:wind_get_stock_events
002158.SZ,002158.SZ_20230609_1,2023-06-09,2023-06-08,2023-06-09,0.44,,,,wind:wind_get_stock_events
002158.SZ,002158.SZ_20240607_1,2024-06-07,2024-06-06,2024-06-07,0.58,,,,wind:wind_get_stock_events
002158.SZ,002158.SZ_20250606_1,2025-06-06,2025-06-05,2025-06-06,0.58,,,,wind:wind_get_stock_events
002158.SZ,002158.SZ_20260605_1,2026-06-05,2026-06-04,2026-06-05,0.45,,,,wind:wind_get_stock_events
002159.SZ,002159.SZ_20240712_1,2024-07-12,2024-07-11,2024-07-12,0.22,,,,wind:wind_get_stock_events
002159.SZ,002159.SZ_20250704_1,2025-07-04,2025-07-03,2025-07-04,0.25,,,,wind:wind_get_stock_events
002159.SZ,002159.SZ_20260610_1,2026-06-10,2026-06-09,2026-06-10,0.28,,,,wind:wind_get_stock_events
002160.SZ,002160.SZ_20160629_1,2016-06-29,2016-06-28,2016-06-29,0.02,,,,wind:wind_get_stock_events
002160.SZ,002160.SZ_20170711_1,2017-07-11,2017-07-10,2017-07-11,0.1,,,,wind:wind_get_stock_events
002160.SZ,002160.SZ_20180713_1,2018-07-13,2018-07-12,2018-07-13,0.1,,,,wind:wind_get_stock_events
002161.SZ,002161.SZ_20150709_1,2015-07-09,2015-07-08,2015-07-09,0.007,,,,wind:wind_get_stock_events
002161.SZ,002161.SZ_20160531_1,2016-05-31,2016-05-30,2016-05-31,0.007,,,,wind:wind_get_stock_events
002161.SZ,002161.SZ_20170704_1,2017-07-04,2017-07-03,2017-07-04,0.01,,,,wind:wind_get_stock_events
002161.SZ,002161.SZ_20240520_1,2024-05-20,2024-05-17,2024-05-20,0.018,,,,wind:wind_get_stock_events
002161.SZ,002161.SZ_20250606_1,2025-06-06,2025-06-05,2025-06-06,0.015,,,,wind:wind_get_stock_events
002161.SZ,002161.SZ_20260713_1,2026-07-13,2026-07-10,2026-07-13,0.0135,,,,wind:wind_get_stock_events
002162.SZ,002162.SZ_20150410_1,2015-04-10,2015-04-09,,,,0.5,2015-04-10,wind:wind_get_stock_events
002162.SZ,002162.SZ_20160525_1,2016-05-25,2016-05-24,,,,0.3,2016-05-25,wind:wind_get_stock_events
002166.SZ,002166.SZ_20151020_1,2015-10-20,2015-10-19,2015-10-20,0.05,,2,2015-10-20,wind:wind_get_stock_events
002166.SZ,002166.SZ_20160426_1,2016-04-26,2016-04-25,2016-04-26,0.05,,,,wind:wind_get_stock_events
002166.SZ,002166.SZ_20180613_1,2018-06-13,2018-06-12,2018-06-13,0.05,,,,wind:wind_get_stock_events
002166.SZ,002166.SZ_20190619_1,2019-06-19,2019-06-18,2019-06-19,0.05,,,,wind:wind_get_stock_events
002166.SZ,002166.SZ_20200623_1,2020-06-23,2020-06-22,2020-06-23,0.05,,,,wind:wind_get_stock_events
002166.SZ,002166.SZ_20210525_1,2021-05-25,2021-05-24,2021-05-25,0.05,,,,wind:wind_get_stock_events
002166.SZ,002166.SZ_20230512_1,2023-05-12,2023-05-11,2023-05-12,0.1,,,,wind:wind_get_stock_events
002166.SZ,002166.SZ_20240603_1,2024-06-03,2024-05-31,2024-06-03,0.2,,,,wind:wind_get_stock_events
002166.SZ,002166.SZ_20250609_1,2025-06-09,2025-06-06,2025-06-09,0.1,,,,wind:wind_get_stock_events
002166.SZ,002166.SZ_20260511_1,2026-05-11,2026-05-08,2026-05-11,0.1,,,,wind:wind_get_stock_events
002167.SZ,002167.SZ_20150624_1,2015-06-24,2015-06-23,,,,0.5,2015-06-24,wind:wind_get_stock_events
002170.SZ,002170.SZ_20160627_1,2016-06-27,2016-06-24,2016-06-27,0.11,,,,wind:wind_get_stock_events
002170.SZ,002170.SZ_20170612_1,2017-06-12,2017-06-09,2017-06-12,0.04,,,,wind:wind_get_stock_events
002170.SZ,002170.SZ_20200707_1,2020-07-07,2020-07-06,2020-07-07,0.006,,,,wind:wind_get_stock_events
002170.SZ,002170.SZ_20210628_1,2021-06-28,2021-06-25,2021-06-28,0.01,,,,wind:wind_get_stock_events
002170.SZ,002170.SZ_20220630_1,2022-06-30,2022-06-29,2022-06-30,0.01,,,,wind:wind_get_stock_events
002170.SZ,002170.SZ_20230620_1,2023-06-20,2023-06-19,2023-06-20,0.015,,,,wind:wind_get_stock_events
002170.SZ,002170.SZ_20240710_1,2024-07-10,2024-07-09,2024-07-10,0.15,,,,wind:wind_get_stock_events
002170.SZ,002170.SZ_20250704_1,2025-07-04,2025-07-03,2025-07-04,0.28,,,,wind:wind_get_stock_events
002170.SZ,002170.SZ_20251028_1,2025-10-28,2025-10-27,2025-10-28,0.16,,,,wind:wind_get_stock_events
002170.SZ,002170.SZ_20260515_1,2026-05-15,2026-05-14,2026-05-15,0.57,,,,wind:wind_get_stock_events
002170.SZ,002170.SZ_20260916_1,2026-09-16,2026-09-15,2026-09-16,0.2,,,,wind:wind_get_stock_events
002171.SZ,002171.SZ_20150526_1,2015-05-26,2015-05-25,2015-05-26,0.05,,,,wind:wind_get_stock_events
002171.SZ,002171.SZ_20160520_1,2016-05-20,2016-05-19,2016-05-20,0.02,,,,wind:wind_get_stock_events
002171.SZ,002171.SZ_20170804_1,2017-08-04,2017-08-03,2017-08-04,0.2,,,,wind:wind_get_stock_events
002171.SZ,002171.SZ_20170926_1,2017-09-26,2017-09-25,,,,1,2017-09-26,wind:wind_get_stock_events
002171.SZ,002171.SZ_20180726_1,2018-07-26,2018-07-25,2018-07-26,0.102,,,,wind:wind_get_stock_events
002171.SZ,002171.SZ_20200526_1,2020-05-26,2020-05-25,2020-05-26,0.1,,,,wind:wind_get_stock_events
002171.SZ,002171.SZ_20210531_1,2021-05-31,2021-05-28,2021-05-31,0.1,,,,wind:wind_get_stock_events
002171.SZ,002171.SZ_20220615_1,2022-06-15,2022-06-14,2022-06-15,0.25,,,,wind:wind_get_stock_events
002171.SZ,002171.SZ_20230615_1,2023-06-15,2023-06-14,2023-06-15,0.15,,,,wind:wind_get_stock_events
002171.SZ,002171.SZ_20240618_1,2024-06-18,2024-06-17,2024-06-18,0.15,,,,wind:wind_get_stock_events
002171.SZ,002171.SZ_20241101_1,2024-11-01,2024-10-31,2024-11-01,0.07,,,,wind:wind_get_stock_events
002171.SZ,002171.SZ_20260605_1,2026-06-05,2026-06-04,2026-06-05,0.08,,,,wind:wind_get_stock_events
002179.SZ,002179.SZ_20150603_1,2015-06-03,2015-06-02,2015-06-03,0.1,,0.3,2015-06-03,wind:wind_get_stock_events
002179.SZ,002179.SZ_20160531_1,2016-05-31,2016-05-30,2016-05-31,0.1,,,,wind:wind_get_stock_events
002179.SZ,002179.SZ_20170512_1,2017-05-12,2017-05-11,2017-05-12,0.1,,0.3,2017-05-12,wind:wind_get_stock_events
002179.SZ,002179.SZ_20180608_1,2018-06-08,2018-06-07,2018-06-08,0.12,,,,wind:wind_get_stock_events
002179.SZ,002179.SZ_20190517_1,2019-05-17,2019-05-16,2019-05-17,0.13,,0.3,2019-05-17,wind:wind_get_stock_events
002179.SZ,002179.SZ_20200529_1,2020-05-29,2020-05-28,2020-05-29,0.15,,,,wind:wind_get_stock_events
002179.SZ,002179.SZ_20210617_1,2021-06-17,2021-06-16,2021-06-17,0.4,,,,wind:wind_get_stock_events
002179.SZ,002179.SZ_20220613_1,2022-06-13,2022-06-10,2022-06-13,0.55,,0.4,2022-06-13,wind:wind_get_stock_events
002179.SZ,002179.SZ_20230516_1,2023-05-16,2023-05-15,2023-05-16,0.55,,0.3,2023-05-16,wind:wind_get_stock_events
002179.SZ,002179.SZ_20240521_1,2024-05-21,2024-05-20,2024-05-21,0.6,,,,wind:wind_get_stock_events
002179.SZ,002179.SZ_20250617_1,2025-06-17,2025-06-16,2025-06-17,0.8,,,,wind:wind_get_stock_events
002179.SZ,002179.SZ_20260526_1,2026-05-26,2026-05-25,2026-05-26,0.55,,,,wind:wind_get_stock_events
002182.SZ,002182.SZ_20150526_1,2015-05-26,2015-05-25,2015-05-26,0.1,,,,wind:wind_get_stock_events
002182.SZ,002182.SZ_20160621_1,2016-06-21,2016-06-20,2016-06-21,0.1,,,,wind:wind_get_stock_events
002182.SZ,002182.SZ_20170526_1,2017-05-26,2017-05-25,2017-05-26,0.1,,1,2017-05-26,wind:wind_get_stock_events
002182.SZ,002182.SZ_20180621_1,2018-06-21,2018-06-20,2018-06-21,0.08,,,,wind:wind_get_stock_events
002182.SZ,002182.SZ_20190528_1,2019-05-28,2019-05-27,2019-05-28,0.1,,,,wind:wind_get_stock_events
002182.SZ,002182.SZ_20200420_1,2020-04-20,2020-04-17,2020-04-20,0.15,,,,wind:wind_get_stock_events
002182.SZ,002182.SZ_20210609_1,2021-06-09,2021-06-08,2021-06-09,0.1,,,,wind:wind_get_stock_events
002182.SZ,002182.SZ_20220505_1,2022-05-05,2022-04-29,2022-05-05,0.1,,,,wind:wind_get_stock_events
002182.SZ,002182.SZ_20230609_1,2023-06-09,2023-06-08,2023-06-09,0.1,,,,wind:wind_get_stock_events
002182.SZ,002182.SZ_20240614_1,2024-06-14,2024-06-13,2024-06-14,0.13,0.4,,2024-06-14,wind:wind_get_stock_events
002182.SZ,002182.SZ_20250606_1,2025-06-06,2025-06-05,2025-06-06,0.05,,,,wind:wind_get_stock_events
002183.SZ,002183.SZ_20160527_1,2016-05-27,2016-05-26,2016-05-27,0.25,,1,2016-05-27,wind:wind_get_stock_events
002183.SZ,002183.SZ_20170605_1,2017-06-05,2017-06-02,2017-06-05,0.08,,,,wind:wind_get_stock_events
002183.SZ,002183.SZ_20180703_1,2018-07-03,2018-07-02,2018-07-03,0.058,,,,wind:wind_get_stock_events
002183.SZ,002183.SZ_20190627_1,2019-06-27,2019-06-26,2019-06-27,0.02,,,,wind:wind_get_stock_events
002183.SZ,002183.SZ_20200701_1,2020-07-01,2020-06-30,2020-07-01,0.01,,,,wind:wind_get_stock_events
002183.SZ,002183.SZ_20210610_1,2021-06-10,2021-06-09,2021-06-10,0.02,,,,wind:wind_get_stock_events
002183.SZ,002183.SZ_20220624_1,2022-06-24,2022-06-23,2022-06-24,0.04,,,,wind:wind_get_stock_events
002183.SZ,002183.SZ_20230629_1,2023-06-29,2023-06-28,2023-06-29,0.02,,,,wind:wind_get_stock_events
002183.SZ,002183.SZ_20240628_1,2024-06-28,2024-06-27,2024-06-28,0.012,,,,wind:wind_get_stock_events
002183.SZ,002183.SZ_20250708_1,2025-07-08,2025-07-07,2025-07-08,0.01,,,,wind:wind_get_stock_events
002185.SZ,002185.SZ_20150617_1,2015-06-17,2015-06-16,2015-06-17,0.06,,,,wind:wind_get_stock_events
002185.SZ,002185.SZ_20160617_1,2016-06-17,2016-06-16,2016-06-17,0.06,,0.3,2016-06-17,wind:wind_get_stock_events
002185.SZ,002185.SZ_20170620_1,2017-06-20,2017-06-19,2017-06-20,0.05,,1,2017-06-20,wind:wind_get_stock_events
002185.SZ,002185.SZ_20180620_1,2018-06-20,2018-06-19,2018-06-20,0.02,,,,wind:wind_get_stock_events
002185.SZ,002185.SZ_20190531_1,2019-05-31,2019-05-30,2019-05-31,0.02,,,,wind:wind_get_stock_events
002185.SZ,002185.SZ_20200624_1,2020-06-24,2020-06-23,2020-06-24,0.015,,,,wind:wind_get_stock_events
002185.SZ,002185.SZ_20210618_1,2021-06-18,2021-06-17,2021-06-18,0.022,,,,wind:wind_get_stock_events
002185.SZ,002185.SZ_20220629_1,2022-06-29,2022-06-28,2022-06-29,0.045,,,,wind:wind_get_stock_events
002185.SZ,002185.SZ_20230621_1,2023-06-21,2023-06-20,2023-06-21,0.026,,,,wind:wind_get_stock_events
002185.SZ,002185.SZ_20240620_1,2024-06-20,2024-06-19,2024-06-20,0.022,,,,wind:wind_get_stock_events
002185.SZ,002185.SZ_20250506_1,2025-05-06,2025-04-30,2025-05-06,0.058,,,,wind:wind_get_stock_events
002185.SZ,002185.SZ_20260610_1,2026-06-10,2026-06-09,2026-06-10,0.022,,,,wind:wind_get_stock_events
002190.SZ,002190.SZ_20150713_1,2015-07-13,2015-07-10,2015-07-13,0.07,,,,wind:wind_get_stock_events
002190.SZ,002190.SZ_20160621_1,2016-06-21,2016-06-20,2016-06-21,0.1,,,,wind:wind_get_stock_events
002190.SZ,002190.SZ_20170613_1,2017-06-13,2017-06-12,2017-06-13,0.12,,,,wind:wind_get_stock_events
002190.SZ,002190.SZ_20200617_1,2020-06-17,2020-06-16,2020-06-17,0.06,,,,wind:wind_get_stock_events
002190.SZ,002190.SZ_20210526_1,2021-05-26,2021-05-25,2021-05-26,0.1,,,,wind:wind_get_stock_events
002190.SZ,002190.SZ_20220519_1,2022-05-19,2022-05-18,2022-05-19,0.05,,,,wind:wind_get_stock_events
002190.SZ,002190.SZ_20230531_1,2023-05-31,2023-05-30,2023-05-31,0.05,,,,wind:wind_get_stock_events
002190.SZ,002190.SZ_20240621_1,2024-06-21,2024-06-20,2024-06-21,0.012,,,,wind:wind_get_stock_events
002192.SZ,002192.SZ_20160323_1,2016-03-23,2016-03-22,,,,0.5,2016-03-23,wind:wind_get_stock_events
002192.SZ,002192.SZ_20230616_1,2023-06-16,2023-06-15,2023-06-16,0.98,,,,wind:wind_get_stock_events
002192.SZ,002192.SZ_20240621_1,2024-06-21,2024-06-20,2024-06-21,0.3,,,,wind:wind_get_stock_events
002192.SZ,002192.SZ_20250710_1,2025-07-10,2025-07-09,2025-07-10,0.166,,,,wind:wind_get_stock_events
002192.SZ,002192.SZ_20260703_1,2026-07-03,2026-07-02,2026-07-03,0.22,,,,wind:wind_get_stock_events
002193.SZ,002193.SZ_20150721_1,2015-07-21,2015-07-20,2015-07-21,0.012,,,,wind:wind_get_stock_events
002193.SZ,002193.SZ_20160429_1,2016-04-29,2016-04-28,2016-04-29,0.015,,,,wind:wind_get_stock_events
002193.SZ,002193.SZ_20170606_1,2017-06-06,2017-06-05,2017-06-06,0.02,,,,wind:wind_get_stock_events
002193.SZ,002193.SZ_20180611_1,2018-06-11,2018-06-08,2018-06-11,0.1,,,,wind:wind_get_stock_events
002193.SZ,002193.SZ_20190612_1,2019-06-12,2019-06-11,2019-06-12,0.05,,,,wind:wind_get_stock_events
002193.SZ,002193.SZ_20210720_1,2021-07-20,2021-07-19,2021-07-20,0.01,,,,wind:wind_get_stock_events
002193.SZ,002193.SZ_20220715_1,2022-07-15,2022-07-14,2022-07-15,0.011,,,,wind:wind_get_stock_events
002196.SZ,002196.SZ_20150715_1,2015-07-15,2015-07-14,2015-07-15,0.1,,,,wind:wind_get_stock_events
002196.SZ,002196.SZ_20160505_1,2016-05-05,2016-05-04,2016-05-05,0.1,,,,wind:wind_get_stock_events
002196.SZ,002196.SZ_20170609_1,2017-06-09,2017-06-08,2017-06-09,0.05,,0.7,2017-06-09,wind:wind_get_stock_events
002196.SZ,002196.SZ_20180713_1,2018-07-13,2018-07-12,2018-07-13,0.05,,,,wind:wind_get_stock_events
002198.SZ,002198.SZ_20171009_1,2017-10-09,2017-09-29,2017-10-09,0.04,,,,wind:wind_get_stock_events
002198.SZ,002198.SZ_20240621_1,2024-06-21,2024-06-20,2024-06-21,0.05,,,,wind:wind_get_stock_events
002200.SZ,002200.SZ_20251212_1,2025-12-12,2025-12-11,,,,1.45,2025-12-12,wind:wind_get_stock_events
002201.SZ,002201.SZ_20150424_1,2015-04-24,2015-04-23,2015-04-24,0.006,,,,wind:wind_get_stock_events
002201.SZ,002201.SZ_20160712_1,2016-07-12,2016-07-11,2016-07-12,0.012,,,,wind:wind_get_stock_events
002201.SZ,002201.SZ_20170608_1,2017-06-08,2017-06-07,,,,0.3,2017-06-08,wind:wind_get_stock_events
002201.SZ,002201.SZ_20200703_1,2020-07-03,2020-07-02,2020-07-03,0.015,,,,wind:wind_get_stock_events
002201.SZ,002201.SZ_20210616_1,2021-06-16,2021-06-15,2021-06-16,0.011,,0.4,2021-06-16,wind:wind_get_stock_events
002201.SZ,002201.SZ_20220706_1,2022-07-06,2022-07-05,2022-07-06,0.017,,0.4,2022-07-06,wind:wind_get_stock_events
002201.SZ,002201.SZ_20230626_1,2023-06-26,2023-06-21,2023-06-26,0.005,,,,wind:wind_get_stock_events
002201.SZ,002201.SZ_20240726_1,2024-07-26,2024-07-25,2024-07-26,0.005,,,,wind:wind_get_stock_events
002201.SZ,002201.SZ_20250707_1,2025-07-07,2025-07-04,2025-07-07,0.014,,,,wind:wind_get_stock_events
002201.SZ,002201.SZ_20260109_1,2026-01-09,2026-01-08,2026-01-09,0.01,,,,wind:wind_get_stock_events
002201.SZ,002201.SZ_20260618_1,2026-06-18,2026-06-17,2026-06-18,0.015,,,,wind:wind_get_stock_events
002202.SZ,002202.SZ_20150703_1,2015-07-03,2015-07-02,2015-07-03,0.4,,,,wind:wind_get_stock_events
002202.SZ,002202.SZ_20160812_1,2016-08-12,2016-08-11,2016-08-12,0.48,,,,wind:wind_get_stock_events
002202.SZ,002202.SZ_20170824_1,2017-08-24,2017-08-23,2017-08-24,0.2,0.3,,2017-08-24,wind:wind_get_stock_events
002202.SZ,002202.SZ_20180809_1,2018-08-09,2018-08-08,2018-08-09,0.2,,,,wind:wind_get_stock_events
002202.SZ,002202.SZ_20190808_1,2019-08-08,2019-08-07,2019-08-08,0.25,,,,wind:wind_get_stock_events
002202.SZ,002202.SZ_20200812_1,2020-08-12,2020-08-11,2020-08-12,0.16,,,,wind:wind_get_stock_events
002202.SZ,002202.SZ_20210817_1,2021-08-17,2021-08-16,2021-08-17,0.25,,,,wind:wind_get_stock_events
002202.SZ,002202.SZ_20220815_1,2022-08-15,2022-08-12,2022-08-15,0.25,,,,wind:wind_get_stock_events
002202.SZ,002202.SZ_20230818_1,2023-08-18,2023-08-17,2023-08-18,0.12,,,,wind:wind_get_stock_events
002202.SZ,002202.SZ_20240816_1,2024-08-16,2024-08-15,2024-08-16,0.1,,,,wind:wind_get_stock_events
002202.SZ,002202.SZ_20250815_1,2025-08-15,2025-08-14,2025-08-15,0.14,,,,wind:wind_get_stock_events
002202.SZ,002202.SZ_20260807_1,2026-08-07,2026-08-06,2026-08-07,0.2,,,,wind:wind_get_stock_events
002203.SZ,002203.SZ_20150617_1,2015-06-17,2015-06-16,2015-06-17,0.08,,,,wind:wind_get_stock_events
002203.SZ,002203.SZ_20160708_1,2016-07-08,2016-07-07,2016-07-08,0.06,,,,wind:wind_get_stock_events
002203.SZ,002203.SZ_20170712_1,2017-07-12,2017-07-11,2017-07-12,0.06,,,,wind:wind_get_stock_events
002203.SZ,002203.SZ_20180528_1,2018-05-28,2018-05-25,2018-05-28,0.06,,,,wind:wind_get_stock_events
002203.SZ,002203.SZ_20190612_1,2019-06-12,2019-06-11,2019-06-12,0.0713,,,,wind:wind_get_stock_events
002203.SZ,002203.SZ_20200612_1,2020-06-12,2020-06-11,2020-06-12,0.075,,,,wind:wind_get_stock_events
002203.SZ,002203.SZ_20210623_1,2021-06-23,2021-06-22,2021-06-23,0.075,,,,wind:wind_get_stock_events
002203.SZ,002203.SZ_20220630_1,2022-06-30,2022-06-29,2022-06-30,0.075,,,,wind:wind_get_stock_events
002203.SZ,002203.SZ_20230705_1,2023-07-05,2023-07-04,2023-07-05,0.08,,,,wind:wind_get_stock_events
002203.SZ,002203.SZ_20240717_1,2024-07-17,2024-07-16,2024-07-17,0.17,,,,wind:wind_get_stock_events
002203.SZ,002203.SZ_20250704_1,2025-07-04,2025-07-03,2025-07-04,0.18,,,,wind:wind_get_stock_events
002203.SZ,002203.SZ_20251029_1,2025-10-29,2025-10-28,2025-10-29,0.1,,,,wind:wind_get_stock_events
002203.SZ,002203.SZ_20260709_1,2026-07-09,2026-07-08,2026-07-09,0.128,,,,wind:wind_get_stock_events
002204.SZ,002204.SZ_20150605_1,2015-06-05,2015-06-04,2015-06-05,0.021,,,,wind:wind_get_stock_events
002204.SZ,002204.SZ_20160624_1,2016-06-24,2016-06-23,2016-06-24,0.015,,1,2016-06-24,wind:wind_get_stock_events
002204.SZ,002204.SZ_20170623_1,2017-06-23,2017-06-22,2017-06-23,0.01,,,,wind:wind_get_stock_events
002204.SZ,002204.SZ_20180713_1,2018-07-13,2018-07-12,2018-07-13,0.01,,,,wind:wind_get_stock_events
002204.SZ,002204.SZ_20190726_1,2019-07-26,2019-07-25,2019-07-26,0.025,,,,wind:wind_get_stock_events
002204.SZ,002204.SZ_20200612_1,2020-06-12,2020-06-11,2020-06-12,0.03,,,,wind:wind_get_stock_events
002204.SZ,002204.SZ_20210611_1,2021-06-11,2021-06-10,2021-06-11,0.035,,,,wind:wind_get_stock_events
002204.SZ,002204.SZ_20220719_1,2022-07-19,2022-07-18,2022-07-19,0.03,,,,wind:wind_get_stock_events
002204.SZ,002204.SZ_20230707_1,2023-07-07,2023-07-06,2023-07-07,0.03,,,,wind:wind_get_stock_events
002204.SZ,002204.SZ_20240607_1,2024-06-07,2024-06-06,2024-06-07,0.035,,,,wind:wind_get_stock_events
002204.SZ,002204.SZ_20250606_1,2025-06-06,2025-06-05,2025-06-06,0.05,,,,wind:wind_get_stock_events
002204.SZ,002204.SZ_20260612_1,2026-06-12,2026-06-11,2026-06-12,0.095,,,,wind:wind_get_stock_events
002206.SZ,002206.SZ_20150317_1,2015-03-17,2015-03-16,2015-03-17,0.3,,,,wind:wind_get_stock_events
002206.SZ,002206.SZ_20160524_1,2016-05-24,2016-05-23,2016-05-24,0.42,,,,wind:wind_get_stock_events
002206.SZ,002206.SZ_20170510_1,2017-05-10,2017-05-09,2017-05-10,0.5,,1.5,2017-05-10,wind:wind_get_stock_events
002206.SZ,002206.SZ_20180905_1,2018-09-05,2018-09-04,2018-09-05,0.2,,,,wind:wind_get_stock_events
002206.SZ,002206.SZ_20190513_1,2019-05-13,2019-05-10,2019-05-13,0.2,,,,wind:wind_get_stock_events
002206.SZ,002206.SZ_20200703_1,2020-07-03,2020-07-02,2020-07-03,0.1,,,,wind:wind_get_stock_events
002206.SZ,002206.SZ_20210430_1,2021-04-30,2021-04-29,2021-04-30,0.2,,,,wind:wind_get_stock_events
002206.SZ,002206.SZ_20220526_1,2022-05-26,2022-05-25,2022-05-26,0.1,,,,wind:wind_get_stock_events
002206.SZ,002206.SZ_20230505_1,2023-05-05,2023-05-04,2023-05-05,0.15,,,,wind:wind_get_stock_events
002206.SZ,002206.SZ_20240531_1,2024-05-31,2024-05-30,2024-05-31,0.15,,,,wind:wind_get_stock_events
002206.SZ,002206.SZ_20250523_1,2025-05-23,2025-05-22,2025-05-23,0.18,,,,wind:wind_get_stock_events
002206.SZ,002206.SZ_20260521_1,2026-05-21,2026-05-20,2026-05-21,0.2,,,,wind:wind_get_stock_events
002207.SZ,002207.SZ_20150519_1,2015-05-19,2015-05-18,2015-05-19,0.01,,,,wind:wind_get_stock_events
002209.SZ,002209.SZ_20150618_1,2015-06-18,2015-06-17,2015-06-18,0.01,,,,wind:wind_get_stock_events
002209.SZ,002209.SZ_20160506_1,2016-05-06,2016-05-05,2016-05-06,0.01,,,,wind:wind_get_stock_events
002209.SZ,002209.SZ_20180621_1,2018-06-21,2018-06-20,2018-06-21,0.012,,,,wind:wind_get_stock_events
002209.SZ,002209.SZ_20190627_1,2019-06-27,2019-06-26,2019-06-27,0.006,,,,wind:wind_get_stock_events
002209.SZ,002209.SZ_20210617_1,2021-06-17,2021-06-16,2021-06-17,0.01,,,,wind:wind_get_stock_events
002209.SZ,002209.SZ_20230720_1,2023-07-20,2023-07-19,2023-07-20,0.013,,,,wind:wind_get_stock_events
002209.SZ,002209.SZ_20240628_1,2024-06-28,2024-06-27,2024-06-28,0.024,,,,wind:wind_get_stock_events
002209.SZ,002209.SZ_20250606_1,2025-06-06,2025-06-05,2025-06-06,0.052,,,,wind:wind_get_stock_events
002209.SZ,002209.SZ_20260626_1,2026-06-26,2026-06-25,2026-06-26,0.08,,,,wind:wind_get_stock_events
002212.SZ,002212.SZ_20150716_1,2015-07-16,2015-07-15,2015-07-16,0.016,,,,wind:wind_get_stock_events
002212.SZ,002212.SZ_20160629_1,2016-06-29,2016-06-28,2016-06-29,0.018,,,,wind:wind_get_stock_events
002212.SZ,002212.SZ_20170717_1,2017-07-17,2017-07-14,2017-07-17,0.018,,,,wind:wind_get_stock_events
002212.SZ,002212.SZ_20180712_1,2018-07-12,2018-07-11,2018-07-12,0.04,,,,wind:wind_get_stock_events
002212.SZ,002212.SZ_20210709_1,2021-07-09,2021-07-08,2021-07-09,0.0397,,,,wind:wind_get_stock_events
002212.SZ,002212.SZ_20220616_1,2022-06-16,2022-06-15,2022-06-16,0.02,,,,wind:wind_get_stock_events
002212.SZ,002212.SZ_20241029_1,2024-10-29,2024-10-28,2024-10-29,0.018,,,,wind:wind_get_stock_events
002212.SZ,002212.SZ_20250703_1,2025-07-03,2025-07-02,2025-07-03,0.02,,,,wind:wind_get_stock_events
002213.SZ,002213.SZ_20150708_1,2015-07-08,2015-07-07,2015-07-08,0.015,,,,wind:wind_get_stock_events
002213.SZ,002213.SZ_20170728_1,2017-07-28,2017-07-27,2017-07-28,0.01,,,,wind:wind_get_stock_events
002213.SZ,002213.SZ_20210630_1,2021-06-30,2021-06-29,2021-06-30,0.01,,,,wind:wind_get_stock_events
002213.SZ,002213.SZ_20250527_1,2025-05-27,2025-05-26,2025-05-27,0.021,,,,wind:wind_get_stock_events
002214.SZ,002214.SZ_20150515_1,2015-05-15,2015-05-14,2015-05-15,0.05,,1,2015-05-15,wind:wind_get_stock_events
002214.SZ,002214.SZ_20160617_1,2016-06-17,2016-06-16,2016-06-17,0.025,,,,wind:wind_get_stock_events
002214.SZ,002214.SZ_20170615_1,2017-06-15,2017-06-14,2017-06-15,0.025,,,,wind:wind_get_stock_events
002214.SZ,002214.SZ_20180605_1,2018-06-05,2018-06-04,2018-06-05,0.025,,,,wind:wind_get_stock_events
002214.SZ,002214.SZ_20190620_1,2019-06-20,2019-06-19,2019-06-20,0.03,,,,wind:wind_get_stock_events
002214.SZ,002214.SZ_20200618_1,2020-06-18,2020-06-17,2020-06-18,0.0804,,,,wind:wind_get_stock_events
002214.SZ,002214.SZ_20210609_1,2021-06-09,2021-06-08,2021-06-09,0.08,,0.2,2021-06-09,wind:wind_get_stock_events
002214.SZ,002214.SZ_20220610_1,2022-06-10,2022-06-09,2022-06-10,0.08,,,,wind:wind_get_stock_events
002214.SZ,002214.SZ_20230609_1,2023-06-09,2023-06-08,2023-06-09,0.05,,,,wind:wind_get_stock_events
002214.SZ,002214.SZ_20240603_1,2024-06-03,2024-05-31,2024-06-03,0.0501,,,,wind:wind_get_stock_events
002216.SZ,002216.SZ_20150428_1,2015-04-28,2015-04-27,2015-04-28,0.03,,1,2015-04-28,wind:wind_get_stock_events
002216.SZ,002216.SZ_20160531_1,2016-05-31,2016-05-30,2016-05-31,0.013,,,,wind:wind_get_stock_events
002216.SZ,002216.SZ_20170607_1,2017-06-07,2017-06-06,2017-06-07,0.01,,,,wind:wind_get_stock_events
002216.SZ,002216.SZ_20180627_1,2018-06-27,2018-06-26,2018-06-27,0.02,,,,wind:wind_get_stock_events
002216.SZ,002216.SZ_20190619_1,2019-06-19,2019-06-18,2019-06-19,0.03,,,,wind:wind_get_stock_events
002216.SZ,002216.SZ_20200528_1,2020-05-28,2020-05-27,2020-05-28,0.06,,,,wind:wind_get_stock_events
002216.SZ,002216.SZ_20210519_1,2021-05-19,2021-05-18,2021-05-19,0.6,,0.1,2021-05-19,wind:wind_get_stock_events
002216.SZ,002216.SZ_20220527_1,2022-05-27,2022-05-26,2022-05-27,0.2,,,,wind:wind_get_stock_events
002216.SZ,002216.SZ_20230607_1,2023-06-07,2023-06-06,2023-06-07,0.35,,,,wind:wind_get_stock_events
002216.SZ,002216.SZ_20240607_1,2024-06-07,2024-06-06,2024-06-07,0.5,,,,wind:wind_get_stock_events
002216.SZ,002216.SZ_20250611_1,2025-06-11,2025-06-10,2025-06-11,0.3,,,,wind:wind_get_stock_events
002216.SZ,002216.SZ_20260605_1,2026-06-05,2026-06-04,2026-06-05,0.58,,,,wind:wind_get_stock_events
002217.SZ,002217.SZ_20150617_1,2015-06-17,2015-06-16,2015-06-17,0.014,,,,wind:wind_get_stock_events
002217.SZ,002217.SZ_20160708_1,2016-07-08,2016-07-07,2016-07-08,0.016,,,,wind:wind_get_stock_events
002217.SZ,002217.SZ_20170526_1,2017-05-26,2017-05-25,2017-05-26,0.084,,1,2017-05-26,wind:wind_get_stock_events
002217.SZ,002217.SZ_20180723_1,2018-07-23,2018-07-20,2018-07-23,0.038,,,,wind:wind_get_stock_events
002217.SZ,002217.SZ_20190712_1,2019-07-12,2019-07-11,2019-07-12,0.044,,,,wind:wind_get_stock_events
002217.SZ,002217.SZ_20200715_1,2020-07-15,2020-07-14,2020-07-15,0.035,,,,wind:wind_get_stock_events
002217.SZ,002217.SZ_20241231_1,2024-12-31,2024-12-30,,,,1.4,2024-12-31,wind:wind_get_stock_events
002218.SZ,002218.SZ_20150528_1,2015-05-28,2015-05-27,2015-05-28,0.05,,,,wind:wind_get_stock_events
002218.SZ,002218.SZ_20160725_1,2016-07-25,2016-07-22,2016-07-25,0.05,,,,wind:wind_get_stock_events
002218.SZ,002218.SZ_20170706_1,2017-07-06,2017-07-05,2017-07-06,0.05,,1,2017-07-06,wind:wind_get_stock_events
002218.SZ,002218.SZ_20180705_1,2018-07-05,2018-07-04,2018-07-05,0.03,,,,wind:wind_get_stock_events
002218.SZ,002218.SZ_20200727_1,2020-07-27,2020-07-24,2020-07-27,0.025,,,,wind:wind_get_stock_events
002218.SZ,002218.SZ_20211217_1,2021-12-17,2021-12-16,2021-12-17,0.035,,,,wind:wind_get_stock_events
002218.SZ,002218.SZ_20220706_1,2022-07-06,2022-07-05,2022-07-06,0.035,,,,wind:wind_get_stock_events
002218.SZ,002218.SZ_20230711_1,2023-07-11,2023-07-10,2023-07-11,0.03,,,,wind:wind_get_stock_events
002218.SZ,002218.SZ_20240709_1,2024-07-09,2024-07-08,2024-07-09,0.02,,,,wind:wind_get_stock_events
002218.SZ,002218.SZ_20250709_1,2025-07-09,2025-07-08,2025-07-09,0.01,,,,wind:wind_get_stock_events
002221.SZ,002221.SZ_20150626_1,2015-06-26,2015-06-25,2015-06-26,0.03,,,,wind:wind_get_stock_events
002221.SZ,002221.SZ_20160519_1,2016-05-19,2016-05-18,2016-05-19,0.051,,1,2016-05-19,wind:wind_get_stock_events
002221.SZ,002221.SZ_20170615_1,2017-06-15,2017-06-14,2017-06-15,0.05,,,,wind:wind_get_stock_events
002221.SZ,002221.SZ_20180606_1,2018-06-06,2018-06-05,2018-06-06,0.047,,,,wind:wind_get_stock_events
002221.SZ,002221.SZ_20190530_1,2019-05-30,2019-05-29,2019-05-30,0.037,,,,wind:wind_get_stock_events
002221.SZ,002221.SZ_20200720_1,2020-07-20,2020-07-17,2020-07-20,0.211,,,,wind:wind_get_stock_events
002221.SZ,002221.SZ_20210716_1,2021-07-16,2021-07-15,2021-07-16,0.231,,,,wind:wind_get_stock_events
002221.SZ,002221.SZ_20220712_1,2022-07-12,2022-07-11,2022-07-12,0.217,,,,wind:wind_get_stock_events
002222.SZ,002222.SZ_20160520_1,2016-05-20,2016-05-19,2016-05-20,0.05,,0.5,2016-05-20,wind:wind_get_stock_events
002222.SZ,002222.SZ_20170524_1,2017-05-24,2017-05-23,2017-05-24,0.1,,,,wind:wind_get_stock_events
002222.SZ,002222.SZ_20180523_1,2018-05-23,2018-05-22,2018-05-23,0.1,,,,wind:wind_get_stock_events
002222.SZ,002222.SZ_20190613_1,2019-06-13,2019-06-12,2019-06-13,0.1,,,,wind:wind_get_stock_events
002222.SZ,002222.SZ_20200624_1,2020-06-24,2020-06-23,2020-06-24,0.1,,,,wind:wind_get_stock_events
002222.SZ,002222.SZ_20210611_1,2021-06-11,2021-06-10,2021-06-11,0.1,,,,wind:wind_get_stock_events
002222.SZ,002222.SZ_20220610_1,2022-06-10,2022-06-09,2022-06-10,0.15,,,,wind:wind_get_stock_events
002222.SZ,002222.SZ_20230614_1,2023-06-14,2023-06-13,2023-06-14,0.25,,,,wind:wind_get_stock_events
002222.SZ,002222.SZ_20231026_1,2023-10-26,2023-10-25,2023-10-26,0.15,,,,wind:wind_get_stock_events
002222.SZ,002222.SZ_20240628_1,2024-06-28,2024-06-27,2024-06-28,0.1,,0.1,2024-06-28,wind:wind_get_stock_events
002222.SZ,002222.SZ_20241226_1,2024-12-26,2024-12-25,2024-12-26,0.1,,,,wind:wind_get_stock_events
002222.SZ,002222.SZ_20250709_1,2025-07-09,2025-07-08,2025-07-09,0.1,,,,wind:wind_get_stock_events
002222.SZ,002222.SZ_20251225_1,2025-12-25,2025-12-24,2025-12-25,0.1,,,,wind:wind_get_stock_events
002222.SZ,002222.SZ_20260708_1,2026-07-08,2026-07-07,2026-07-08,0.1,,,,wind:wind_get_stock_events
002223.SZ,002223.SZ_20150521_1,2015-05-21,2015-05-20,,,,0.1,2015-05-21,wind:wind_get_stock_events
002223.SZ,002223.SZ_20160518_1,2016-05-18,2016-05-17,2016-05-18,0.4,,,,wind:wind_get_stock_events
002223.SZ,002223.SZ_20170526_1,2017-05-26,2017-05-25,2017-05-26,0.4,,0.5,2017-05-26,wind:wind_get_stock_events
002223.SZ,002223.SZ_20180706_1,2018-07-06,2018-07-05,2018-07-06,0.15,,,,wind:wind_get_stock_events
002223.SZ,002223.SZ_20190531_1,2019-05-31,2019-05-30,2019-05-31,0.15,,,,wind:wind_get_stock_events
002223.SZ,002223.SZ_20200520_1,2020-05-20,2020-05-19,2020-05-20,0.4,,,,wind:wind_get_stock_events
002223.SZ,002223.SZ_20210519_1,2021-05-19,2021-05-18,2021-05-19,0.3,,,,wind:wind_get_stock_events
002223.SZ,002223.SZ_20220524_1,2022-05-24,2022-05-23,2022-05-24,0.3,,,,wind:wind_get_stock_events
002223.SZ,002223.SZ_20230529_1,2023-05-29,2023-05-26,2023-05-29,0.6,,,,wind:wind_get_stock_events
002223.SZ,002223.SZ_20240529_1,2024-05-29,2024-05-28,2024-05-29,0.8,,,,wind:wind_get_stock_events
002223.SZ,002223.SZ_20241010_1,2024-10-10,2024-10-09,2024-10-10,0.4,,,,wind:wind_get_stock_events
002223.SZ,002223.SZ_20250527_1,2025-05-27,2025-05-26,2025-05-27,0.4,,,,wind:wind_get_stock_events
002223.SZ,002223.SZ_20251013_1,2025-10-13,2025-10-10,2025-10-13,0.2,,,,wind:wind_get_stock_events
002223.SZ,002223.SZ_20251202_1,2025-12-02,2025-12-01,2025-12-02,0.2,,,,wind:wind_get_stock_events
002223.SZ,002223.SZ_20260526_1,2026-05-26,2026-05-25,2026-05-26,0.6,,,,wind:wind_get_stock_events
002223.SZ,002223.SZ_20260901_1,2026-09-01,2026-08-31,2026-09-01,0.4,,,,wind:wind_get_stock_events
002225.SZ,002225.SZ_20150529_1,2015-05-29,2015-05-28,2015-05-29,0.05,,,,wind:wind_get_stock_events
002225.SZ,002225.SZ_20160712_1,2016-07-12,2016-07-11,2016-07-12,0.03,,,,wind:wind_get_stock_events
002225.SZ,002225.SZ_20170526_1,2017-05-26,2017-05-25,2017-05-26,0.02,,,,wind:wind_get_stock_events
002225.SZ,002225.SZ_20190513_1,2019-05-13,2019-05-10,2019-05-13,0.07,,,,wind:wind_get_stock_events
002225.SZ,002225.SZ_20200521_1,2020-05-21,2020-05-20,2020-05-21,0.07,,,,wind:wind_get_stock_events
002225.SZ,002225.SZ_20210430_1,2021-04-30,2021-04-29,2021-04-30,0.06,,,,wind:wind_get_stock_events
002225.SZ,002225.SZ_20220707_1,2022-07-07,2022-07-06,2022-07-07,0.05,,,,wind:wind_get_stock_events
002225.SZ,002225.SZ_20230710_1,2023-07-10,2023-07-07,2023-07-10,0.06,,,,wind:wind_get_stock_events
002225.SZ,002225.SZ_20240620_1,2024-06-20,2024-06-19,2024-06-20,0.07,,,,wind:wind_get_stock_events
002225.SZ,002225.SZ_20250711_1,2025-07-11,2025-07-10,2025-07-11,0.05,,,,wind:wind_get_stock_events
002225.SZ,002225.SZ_20260529_1,2026-05-29,2026-05-28,2026-05-29,0.05,,,,wind:wind_get_stock_events
002228.SZ,002228.SZ_20150626_1,2015-06-26,2015-06-25,2015-06-26,0.1,,,,wind:wind_get_stock_events
002228.SZ,002228.SZ_20160518_1,2016-05-18,2016-05-17,2016-05-18,0.1,,1.8,2016-05-18,wind:wind_get_stock_events
002228.SZ,002228.SZ_20170526_1,2017-05-26,2017-05-25,2017-05-26,0.05,,,,wind:wind_get_stock_events
002228.SZ,002228.SZ_20180615_1,2018-06-15,2018-06-14,2018-06-15,0.05,,,,wind:wind_get_stock_events
002228.SZ,002228.SZ_20190528_1,2019-05-28,2019-05-27,2019-05-28,0.05,,,,wind:wind_get_stock_events
002228.SZ,002228.SZ_20200604_1,2020-06-04,2020-06-03,2020-06-04,0.1,,,,wind:wind_get_stock_events
002228.SZ,002228.SZ_20210709_1,2021-07-09,2021-07-08,2021-07-09,0.1,,,,wind:wind_get_stock_events
002228.SZ,002228.SZ_20220708_1,2022-07-08,2022-07-07,2022-07-08,0.15,,,,wind:wind_get_stock_events
002228.SZ,002228.SZ_20230714_1,2023-07-14,2023-07-13,2023-07-14,0.12,,,,wind:wind_get_stock_events
002228.SZ,002228.SZ_20240606_1,2024-06-06,2024-06-05,2024-06-06,0.12,,,,wind:wind_get_stock_events
002228.SZ,002228.SZ_20250730_1,2025-07-30,2025-07-29,2025-07-30,0.18,,,,wind:wind_get_stock_events
002228.SZ,002228.SZ_20260108_1,2026-01-08,2026-01-07,2026-01-08,0.1,,,,wind:wind_get_stock_events
002228.SZ,002228.SZ_20260626_1,2026-06-26,2026-06-25,2026-06-26,0.06,,,,wind:wind_get_stock_events
002229.SZ,002229.SZ_20170518_1,2017-05-18,2017-05-17,2017-05-18,0.015,,0.5,2017-05-18,wind:wind_get_stock_events
002229.SZ,002229.SZ_20180425_1,2018-04-25,2018-04-24,2018-04-25,0.06,,,,wind:wind_get_stock_events
002229.SZ,002229.SZ_20190613_1,2019-06-13,2019-06-12,2019-06-13,0.03,,,,wind:wind_get_stock_events
002230.SZ,002230.SZ_20150416_1,2015-04-16,2015-04-15,2015-04-16,0.15,,0.5,2015-04-16,wind:wind_get_stock_events
002230.SZ,002230.SZ_20160419_1,2016-04-19,2016-04-18,2016-04-19,0.1,,,,wind:wind_get_stock_events
002230.SZ,002230.SZ_20170421_1,2017-04-21,2017-04-20,2017-04-21,0.1,,,,wind:wind_get_stock_events
002230.SZ,002230.SZ_20180514_1,2018-05-14,2018-05-11,2018-05-14,0.1,,0.5,2018-05-14,wind:wind_get_stock_events
002230.SZ,002230.SZ_20191021_1,2019-10-21,2019-10-18,2019-10-21,0.1,,,,wind:wind_get_stock_events
002230.SZ,002230.SZ_20200618_1,2020-06-18,2020-06-17,2020-06-18,0.1,,,,wind:wind_get_stock_events
002230.SZ,002230.SZ_20210608_1,2021-06-08,2021-06-07,2021-06-08,0.2,,,,wind:wind_get_stock_events
002230.SZ,002230.SZ_20220613_1,2022-06-13,2022-06-10,2022-06-13,0.1,,,,wind:wind_get_stock_events
002230.SZ,002230.SZ_20230705_1,2023-07-05,2023-07-04,2023-07-05,0.1,,,,wind:wind_get_stock_events
002230.SZ,002230.SZ_20240705_1,2024-07-05,2024-07-04,2024-07-05,0.1,,,,wind:wind_get_stock_events
002230.SZ,002230.SZ_20250704_1,2025-07-04,2025-07-03,2025-07-04,0.1,,,,wind:wind_get_stock_events
002230.SZ,002230.SZ_20260713_1,2026-07-13,2026-07-10,2026-07-13,0.1,,,,wind:wind_get_stock_events
002231.SZ,002231.SZ_20150615_1,2015-06-15,2015-06-12,2015-06-15,0.01,,,,wind:wind_get_stock_events
002231.SZ,002231.SZ_20180709_1,2018-07-09,2018-07-06,2018-07-09,0.01,,,,wind:wind_get_stock_events
002233.SZ,002233.SZ_20150508_1,2015-05-08,2015-05-07,2015-05-08,0.28,,,,wind:wind_get_stock_events
002233.SZ,002233.SZ_20160428_1,2016-04-28,2016-04-27,2016-04-28,0.18,,,,wind:wind_get_stock_events
002233.SZ,002233.SZ_20170427_1,2017-04-27,2017-04-26,2017-04-27,0.21,,,,wind:wind_get_stock_events
002233.SZ,002233.SZ_20180427_1,2018-04-27,2018-04-26,2018-04-27,0.3,,,,wind:wind_get_stock_events
002233.SZ,002233.SZ_20180914_1,2018-09-14,2018-09-13,2018-09-14,0.42,,,,wind:wind_get_stock_events
002233.SZ,002233.SZ_20190423_1,2019-04-23,2019-04-22,2019-04-23,0.43,,,,wind:wind_get_stock_events
002233.SZ,002233.SZ_20190911_1,2019-09-11,2019-09-10,2019-09-11,0.3,,,,wind:wind_get_stock_events
002233.SZ,002233.SZ_20200429_1,2020-04-29,2020-04-28,2020-04-29,0.55,,,,wind:wind_get_stock_events
002233.SZ,002233.SZ_20200924_1,2020-09-24,2020-09-23,2020-09-24,0.32,,,,wind:wind_get_stock_events
002233.SZ,002233.SZ_20210428_1,2021-04-28,2021-04-27,2021-04-28,0.43,,,,wind:wind_get_stock_events
002233.SZ,002233.SZ_20220429_1,2022-04-29,2022-04-28,2022-04-29,0.62,,,,wind:wind_get_stock_events
002233.SZ,002233.SZ_20230428_1,2023-04-28,2023-04-27,2023-04-28,0.12,,,,wind:wind_get_stock_events
002233.SZ,002233.SZ_20240430_1,2024-04-30,2024-04-29,2024-04-30,0.5,,,,wind:wind_get_stock_events
002233.SZ,002233.SZ_20250429_1,2025-04-29,2025-04-28,2025-04-29,0.45,,,,wind:wind_get_stock_events
002233.SZ,002233.SZ_20260430_1,2026-04-30,2026-04-29,2026-04-30,0.48,,,,wind:wind_get_stock_events
002233.SZ,002233.SZ_20260924_1,2026-09-24,2026-09-23,2026-09-24,0.13,,,,wind:wind_get_stock_events
002234.SZ,002234.SZ_20200529_1,2020-05-29,2020-05-28,2020-05-29,0.6,,,,wind:wind_get_stock_events
002234.SZ,002234.SZ_20210527_1,2021-05-27,2021-05-26,2021-05-27,0.3,,,,wind:wind_get_stock_events
002235.SZ,002235.SZ_20160419_1,2016-04-19,2016-04-18,,,,0.5,2016-04-19,wind:wind_get_stock_events
002235.SZ,002235.SZ_20180605_1,2018-06-05,2018-06-04,,,,0.5,2018-06-05,wind:wind_get_stock_events
002236.SZ,002236.SZ_20150522_1,2015-05-22,2015-05-21,2015-05-22,0.1,,,,wind:wind_get_stock_events
002236.SZ,002236.SZ_20160427_1,2016-04-27,2016-04-26,2016-04-27,0.2,0.8,0.7,2016-04-27,wind:wind_get_stock_events
002236.SZ,002236.SZ_20170608_1,2017-06-08,2017-06-07,2017-06-08,0.1,,,,wind:wind_get_stock_events
002236.SZ,002236.SZ_20180511_1,2018-05-11,2018-05-10,2018-05-11,0.2,,,,wind:wind_get_stock_events
002236.SZ,002236.SZ_20190419_1,2019-04-19,2019-04-18,2019-04-19,0.1,,,,wind:wind_get_stock_events
002236.SZ,002236.SZ_20200522_1,2020-05-22,2020-05-21,2020-05-22,0.133,,,,wind:wind_get_stock_events
002236.SZ,002236.SZ_20210512_1,2021-05-12,2021-05-11,2021-05-12,0.268,,,,wind:wind_get_stock_events
002236.SZ,002236.SZ_20220601_1,2022-06-01,2022-05-31,2022-06-01,0.27,,,,wind:wind_get_stock_events
002236.SZ,002236.SZ_20230606_1,2023-06-06,2023-06-05,2023-06-06,0.241,,,,wind:wind_get_stock_events
002236.SZ,002236.SZ_20231116_1,2023-11-16,2023-11-15,2023-11-16,0.3101,,,,wind:wind_get_stock_events
002236.SZ,002236.SZ_20240522_1,2024-05-22,2024-05-21,2024-05-22,0.382,,,,wind:wind_get_stock_events
002236.SZ,002236.SZ_20240920_1,2024-09-20,2024-09-19,2024-09-20,0.184,,,,wind:wind_get_stock_events
002236.SZ,002236.SZ_20250430_1,2025-04-30,2025-04-29,2025-04-30,0.458,,,,wind:wind_get_stock_events
002236.SZ,002236.SZ_20251209_1,2025-12-09,2025-12-08,2025-12-09,0.185,,,,wind:wind_get_stock_events
002236.SZ,002236.SZ_20260526_1,2026-05-26,2026-05-25,2026-05-26,0.37,,,,wind:wind_get_stock_events
002236.SZ,002236.SZ_20260916_1,2026-09-16,2026-09-15,2026-09-16,0.306,,,,wind:wind_get_stock_events
002237.SZ,002237.SZ_20150416_1,2015-04-16,2015-04-15,2015-04-16,0.2,,1,2015-04-16,wind:wind_get_stock_events
002237.SZ,002237.SZ_20180705_1,2018-07-05,2018-07-04,2018-07-05,0.1,,,,wind:wind_get_stock_events
002237.SZ,002237.SZ_20200526_1,2020-05-26,2020-05-25,2020-05-26,0.03,,,,wind:wind_get_stock_events
002237.SZ,002237.SZ_20210519_1,2021-05-19,2021-05-18,2021-05-19,0.075,,,,wind:wind_get_stock_events
002237.SZ,002237.SZ_20220520_1,2022-05-20,2022-05-19,2022-05-20,0.04,,,,wind:wind_get_stock_events
002237.SZ,002237.SZ_20240612_1,2024-06-12,2024-06-11,2024-06-12,0.135,,,,wind:wind_get_stock_events
002237.SZ,002237.SZ_20250612_1,2025-06-12,2025-06-11,2025-06-12,0.141,,,,wind:wind_get_stock_events
002237.SZ,002237.SZ_20260604_1,2026-06-04,2026-06-03,2026-06-04,0.134,,,,wind:wind_get_stock_events
002238.SZ,002238.SZ_20150609_1,2015-06-09,2015-06-08,2015-06-09,0.2,,0.3,2015-06-09,wind:wind_get_stock_events
002238.SZ,002238.SZ_20160620_1,2016-06-20,2016-06-17,2016-06-20,0.2,,0.2,2016-06-20,wind:wind_get_stock_events
002238.SZ,002238.SZ_20170619_1,2017-06-19,2017-06-16,2017-06-19,0.3,,,,wind:wind_get_stock_events
002238.SZ,002238.SZ_20180620_1,2018-06-20,2018-06-19,2018-06-20,0.25,,,,wind:wind_get_stock_events
002238.SZ,002238.SZ_20190619_1,2019-06-19,2019-06-18,2019-06-19,0.5,,,,wind:wind_get_stock_events
002238.SZ,002238.SZ_20200624_1,2020-06-24,2020-06-23,2020-06-24,1,,0.3,2020-06-24,wind:wind_get_stock_events
002238.SZ,002238.SZ_20210611_1,2021-06-11,2021-06-10,2021-06-11,0.1,,,,wind:wind_get_stock_events
002238.SZ,002238.SZ_20220624_1,2022-06-24,2022-06-23,2022-06-24,0.1,,,,wind:wind_get_stock_events
002238.SZ,002238.SZ_20230614_1,2023-06-14,2023-06-13,2023-06-14,0.1,,,,wind:wind_get_stock_events
002238.SZ,002238.SZ_20240620_1,2024-06-20,2024-06-19,2024-06-20,0.1,,,,wind:wind_get_stock_events
002238.SZ,002238.SZ_20250710_1,2025-07-10,2025-07-09,2025-07-10,0.05,,,,wind:wind_get_stock_events
002241.SZ,002241.SZ_20150612_1,2015-06-12,2015-06-11,2015-06-12,0.1,,,,wind:wind_get_stock_events
002241.SZ,002241.SZ_20160615_1,2016-06-15,2016-06-14,2016-06-15,0.1,,,,wind:wind_get_stock_events
002241.SZ,002241.SZ_20170428_1,2017-04-28,2017-04-27,2017-04-28,0.15,,1,2017-04-28,wind:wind_get_stock_events
002241.SZ,002241.SZ_20180522_1,2018-05-22,2018-05-21,2018-05-22,0.1,,,,wind:wind_get_stock_events
002241.SZ,002241.SZ_20190613_1,2019-06-13,2019-06-12,2019-06-13,0.1,,,,wind:wind_get_stock_events
002241.SZ,002241.SZ_20200519_1,2020-05-19,2020-05-18,2020-05-19,0.1,,,,wind:wind_get_stock_events
002241.SZ,002241.SZ_20210520_1,2021-05-20,2021-05-19,2021-05-20,0.15,,,,wind:wind_get_stock_events
002241.SZ,002241.SZ_20220526_1,2022-05-26,2022-05-25,2022-05-26,0.2,,,,wind:wind_get_stock_events
002241.SZ,002241.SZ_20230531_1,2023-05-31,2023-05-30,2023-05-31,0.1,,,,wind:wind_get_stock_events
002241.SZ,002241.SZ_20240531_1,2024-05-31,2024-05-30,2024-05-31,0.1,,,,wind:wind_get_stock_events
002241.SZ,002241.SZ_20240823_1,2024-08-23,2024-08-22,2024-08-23,0.05,,,,wind:wind_get_stock_events
002241.SZ,002241.SZ_20241128_1,2024-11-28,2024-11-27,2024-11-28,0.1,,,,wind:wind_get_stock_events
002241.SZ,002241.SZ_20250605_1,2025-06-05,2025-06-04,2025-06-05,0.15,,,,wind:wind_get_stock_events
002241.SZ,002241.SZ_20251112_1,2025-11-12,2025-11-11,2025-11-12,0.15,,,,wind:wind_get_stock_events
002241.SZ,002241.SZ_20260529_1,2026-05-29,2026-05-28,2026-05-29,0.2,,,,wind:wind_get_stock_events
002242.SZ,002242.SZ_20150617_1,2015-06-17,2015-06-16,2015-06-17,0.6,,,,wind:wind_get_stock_events
002242.SZ,002242.SZ_20160517_1,2016-05-17,2016-05-16,2016-05-17,0.7,,,,wind:wind_get_stock_events
002242.SZ,002242.SZ_20171205_1,2017-12-05,2017-12-04,2017-12-05,0.6,,,,wind:wind_get_stock_events
002242.SZ,002242.SZ_20180528_1,2018-05-28,2018-05-25,2018-05-28,0.7,,,,wind:wind_get_stock_events
002242.SZ,002242.SZ_20190515_1,2019-05-15,2019-05-14,2019-05-15,0.8,,,,wind:wind_get_stock_events
002242.SZ,002242.SZ_20191010_1,2019-10-10,2019-10-09,2019-10-10,0.5,,,,wind:wind_get_stock_events
002242.SZ,002242.SZ_20200529_1,2020-05-29,2020-05-28,2020-05-29,0.58,,,,wind:wind_get_stock_events
002242.SZ,002242.SZ_20210713_1,2021-07-13,2021-07-12,2021-07-13,1,,,,wind:wind_get_stock_events
002242.SZ,002242.SZ_20220510_1,2022-05-10,2022-05-09,2022-05-10,1,,,,wind:wind_get_stock_events
002242.SZ,002242.SZ_20221118_1,2022-11-18,2022-11-17,2022-11-18,0.5,,,,wind:wind_get_stock_events
002242.SZ,002242.SZ_20230530_1,2023-05-30,2023-05-29,2023-05-30,0.3,,,,wind:wind_get_stock_events
002242.SZ,002242.SZ_20240523_1,2024-05-23,2024-05-22,2024-05-23,0.15,,,,wind:wind_get_stock_events
002242.SZ,002242.SZ_20250515_1,2025-05-15,2025-05-14,2025-05-15,0.15,,,,wind:wind_get_stock_events
002242.SZ,002242.SZ_20260512_1,2026-05-12,2026-05-11,2026-05-12,0.15,,,,wind:wind_get_stock_events
002243.SZ,002243.SZ_20170525_1,2017-05-25,2017-05-24,2017-05-25,0.05,,,,wind:wind_get_stock_events
002243.SZ,002243.SZ_20180607_1,2018-06-07,2018-06-06,2018-06-07,0.05,,,,wind:wind_get_stock_events
002243.SZ,002243.SZ_20190521_1,2019-05-21,2019-05-20,2019-05-21,0.05,,,,wind:wind_get_stock_events
002243.SZ,002243.SZ_20200428_1,2020-04-28,2020-04-27,2020-04-28,0.07,,,,wind:wind_get_stock_events
002243.SZ,002243.SZ_20210528_1,2021-05-28,2021-05-27,2021-05-28,0.08,,,,wind:wind_get_stock_events
002243.SZ,002243.SZ_20220527_1,2022-05-27,2022-05-26,2022-05-27,0.08,,,,wind:wind_get_stock_events
002243.SZ,002243.SZ_20230526_1,2023-05-26,2023-05-25,2023-05-26,0.08,,,,wind:wind_get_stock_events
002243.SZ,002243.SZ_20240607_1,2024-06-07,2024-06-06,2024-06-07,0.09,,,,wind:wind_get_stock_events
002243.SZ,002243.SZ_20250528_1,2025-05-28,2025-05-27,2025-05-28,0.07,,,,wind:wind_get_stock_events
002243.SZ,002243.SZ_20260528_1,2026-05-28,2026-05-27,2026-05-28,0.05,,,,wind:wind_get_stock_events
002244.SZ,002244.SZ_20150710_1,2015-07-10,2015-07-09,2015-07-10,0.15,0.6,0.4,2015-07-10,wind:wind_get_stock_events
002244.SZ,002244.SZ_20160527_1,2016-05-27,2016-05-26,2016-05-27,0.033,,,,wind:wind_get_stock_events
002244.SZ,002244.SZ_20170619_1,2017-06-19,2017-06-16,2017-06-19,0.068,,,,wind:wind_get_stock_events
002244.SZ,002244.SZ_20180425_1,2018-04-25,2018-04-24,2018-04-25,0.083,,,,wind:wind_get_stock_events
002244.SZ,002244.SZ_20190517_1,2019-05-17,2019-05-16,2019-05-17,0.06,,,,wind:wind_get_stock_events
002244.SZ,002244.SZ_20200605_1,2020-06-05,2020-06-04,2020-06-05,0.132,,,,wind:wind_get_stock_events
002244.SZ,002244.SZ_20210604_1,2021-06-04,2021-06-03,2021-06-04,0.226,,,,wind:wind_get_stock_events
002244.SZ,002244.SZ_20220711_1,2022-07-11,2022-07-08,2022-07-11,0.226,,,,wind:wind_get_stock_events
002244.SZ,002244.SZ_20230804_1,2023-08-04,2023-08-03,2023-08-04,0.25,,,,wind:wind_get_stock_events
002244.SZ,002244.SZ_20240816_1,2024-08-16,2024-08-15,2024-08-16,0.09,,,,wind:wind_get_stock_events
002244.SZ,002244.SZ_20250807_1,2025-08-07,2025-08-06,2025-08-07,0.082,,,,wind:wind_get_stock_events
002244.SZ,002244.SZ_20260622_1,2026-06-22,2026-06-18,2026-06-22,0.068,,,,wind:wind_get_stock_events
002245.SZ,002245.SZ_20150320_1,2015-03-20,2015-03-19,2015-03-20,0.08,0.3,0.9,2015-03-20,wind:wind_get_stock_events
002245.SZ,002245.SZ_20160510_1,2016-05-10,2016-05-09,2016-05-10,0.03,,,,wind:wind_get_stock_events
002245.SZ,002245.SZ_20170510_1,2017-05-10,2017-05-09,2017-05-10,0.025,,,,wind:wind_get_stock_events
002245.SZ,002245.SZ_20180316_1,2018-03-16,2018-03-15,2018-03-16,0.04,,,,wind:wind_get_stock_events
002245.SZ,002245.SZ_20190419_1,2019-04-19,2019-04-18,2019-04-19,0.025,,,,wind:wind_get_stock_events
002245.SZ,002245.SZ_20200520_1,2020-05-20,2020-05-19,2020-05-20,0.015,,,,wind:wind_get_stock_events
002245.SZ,002245.SZ_20210416_1,2021-04-16,2021-04-15,2021-04-16,0.03,,,,wind:wind_get_stock_events
002245.SZ,002245.SZ_20220421_1,2022-04-21,2022-04-20,2022-04-21,0.07,,,,wind:wind_get_stock_events
002245.SZ,002245.SZ_20230711_1,2023-07-11,2023-07-10,2023-07-11,0.035,,,,wind:wind_get_stock_events
002245.SZ,002245.SZ_20240607_1,2024-06-07,2024-06-06,2024-06-07,0.015,,,,wind:wind_get_stock_events
002245.SZ,002245.SZ_20250520_1,2025-05-20,2025-05-19,2025-05-20,0.065,,,,wind:wind_get_stock_events
002245.SZ,002245.SZ_20260521_1,2026-05-21,2026-05-20,2026-05-21,0.1,,0.48,2026-05-21,wind:wind_get_stock_events
002246.SZ,002246.SZ_20150619_1,2015-06-19,2015-06-18,2015-06-19,0.03,,,,wind:wind_get_stock_events
002246.SZ,002246.SZ_20160617_1,2016-06-17,2016-06-16,2016-06-17,0.02,,,,wind:wind_get_stock_events
002246.SZ,002246.SZ_20170616_1,2017-06-16,2017-06-15,2017-06-16,0.025,,,,wind:wind_get_stock_events
002246.SZ,002246.SZ_20180709_1,2018-07-09,2018-07-06,2018-07-09,0.04,,,,wind:wind_get_stock_events
002246.SZ,002246.SZ_20190705_1,2019-07-05,2019-07-04,2019-07-05,0.055,,,,wind:wind_get_stock_events
002246.SZ,002246.SZ_20200608_1,2020-06-08,2020-06-05,2020-06-08,0.055,,,,wind:wind_get_stock_events
002246.SZ,002246.SZ_20210709_1,2021-07-09,2021-07-08,2021-07-09,0.04,,,,wind:wind_get_stock_events
002246.SZ,002246.SZ_20220713_1,2022-07-13,2022-07-12,2022-07-13,0.045,,,,wind:wind_get_stock_events
002246.SZ,002246.SZ_20230711_1,2023-07-11,2023-07-10,2023-07-11,0.05,,,,wind:wind_get_stock_events
002246.SZ,002246.SZ_20240709_1,2024-07-09,2024-07-08,2024-07-09,0.05,,,,wind:wind_get_stock_events
002246.SZ,002246.SZ_20250123_1,2025-01-23,2025-01-22,2025-01-23,0.02,,,,wind:wind_get_stock_events
002246.SZ,002246.SZ_20250703_1,2025-07-03,2025-07-02,2025-07-03,0.02,,,,wind:wind_get_stock_events
002246.SZ,002246.SZ_20260204_1,2026-02-04,2026-02-03,2026-02-04,0.025,,,,wind:wind_get_stock_events
002246.SZ,002246.SZ_20260610_1,2026-06-10,2026-06-09,2026-06-10,0.035,,,,wind:wind_get_stock_events
002251.SZ,002251.SZ_20150616_1,2015-06-16,2015-06-15,2015-06-16,0.2,0.1,,2015-06-16,wind:wind_get_stock_events
002251.SZ,002251.SZ_20160712_1,2016-07-12,2016-07-11,2016-07-12,0.15,,,,wind:wind_get_stock_events
002251.SZ,002251.SZ_20170526_1,2017-05-26,2017-05-25,2017-05-26,0.1,,,,wind:wind_get_stock_events
002251.SZ,002251.SZ_20180712_1,2018-07-12,2018-07-11,2018-07-12,0.1,,,,wind:wind_get_stock_events
002251.SZ,002251.SZ_20190628_1,2019-06-28,2019-06-27,2019-06-28,0.1,,,,wind:wind_get_stock_events
002251.SZ,002251.SZ_20200612_1,2020-06-12,2020-06-11,2020-06-12,0.1,,,,wind:wind_get_stock_events
002251.SZ,002251.SZ_20210602_1,2021-06-02,2021-06-01,2021-06-02,0.1,,,,wind:wind_get_stock_events
002251.SZ,002251.SZ_20220720_1,2022-07-20,2022-07-19,2022-07-20,0.1,,,,wind:wind_get_stock_events
002251.SZ,002251.SZ_20240802_1,2024-08-02,2024-08-01,,,,2.2,2024-08-02,wind:wind_get_stock_events
002252.SZ,002252.SZ_20150409_1,2015-04-09,2015-04-08,2015-04-09,0.1,,,,wind:wind_get_stock_events
002252.SZ,002252.SZ_20150917_1,2015-09-17,2015-09-16,,,,1,2015-09-17,wind:wind_get_stock_events
002252.SZ,002252.SZ_20160527_1,2016-05-27,2016-05-26,2016-05-27,0.05,,,,wind:wind_get_stock_events
002252.SZ,002252.SZ_20160928_1,2016-09-28,2016-09-27,,,,0.8,2016-09-28,wind:wind_get_stock_events
002252.SZ,002252.SZ_20170620_1,2017-06-20,2017-06-19,2017-06-20,0.03,,,,wind:wind_get_stock_events
002252.SZ,002252.SZ_20180628_1,2018-06-28,2018-06-27,2018-06-28,0.017,,,,wind:wind_get_stock_events
002252.SZ,002252.SZ_20200715_1,2020-07-15,2020-07-14,2020-07-15,0.01,,,,wind:wind_get_stock_events
002252.SZ,002252.SZ_20210702_1,2021-07-02,2021-07-01,2021-07-02,0.025,,,,wind:wind_get_stock_events
002252.SZ,002252.SZ_20220707_1,2022-07-07,2022-07-06,2022-07-07,0.028,,,,wind:wind_get_stock_events
002252.SZ,002252.SZ_20230613_1,2023-06-13,2023-06-12,2023-06-13,0.03,,,,wind:wind_get_stock_events
002252.SZ,002252.SZ_20240605_1,2024-06-05,2024-06-04,2024-06-05,0.03,,,,wind:wind_get_stock_events
002252.SZ,002252.SZ_20240930_1,2024-09-30,2024-09-27,2024-09-30,0.037,,,,wind:wind_get_stock_events
002252.SZ,002252.SZ_20250714_1,2025-07-14,2025-07-11,2025-07-14,0.033,,,,wind:wind_get_stock_events
002252.SZ,002252.SZ_20260210_1,2026-02-10,2026-02-09,2026-02-10,0.0153,,,,wind:wind_get_stock_events
002252.SZ,002252.SZ_20260624_1,2026-06-24,2026-06-23,2026-06-24,0.033,,,,wind:wind_get_stock_events
002254.SZ,002254.SZ_20150710_1,2015-07-10,2015-07-09,2015-07-10,0.06,,0.2,2015-07-10,wind:wind_get_stock_events
002254.SZ,002254.SZ_20170713_1,2017-07-13,2017-07-12,2017-07-13,0.1,,,,wind:wind_get_stock_events
002254.SZ,002254.SZ_20180718_1,2018-07-18,2018-07-17,2018-07-18,0.05,,,,wind:wind_get_stock_events
002254.SZ,002254.SZ_20190628_1,2019-06-28,2019-06-27,2019-06-28,0.05,,,,wind:wind_get_stock_events
002254.SZ,002254.SZ_20210521_1,2021-05-21,2021-05-20,2021-05-21,0.7,,,,wind:wind_get_stock_events
002254.SZ,002254.SZ_20220518_1,2022-05-18,2022-05-17,2022-05-18,0.5,,,,wind:wind_get_stock_events
002254.SZ,002254.SZ_20230421_1,2023-04-21,2023-04-20,2023-04-21,0.3,,,,wind:wind_get_stock_events
002254.SZ,002254.SZ_20240606_1,2024-06-06,2024-06-05,2024-06-06,0.3,,,,wind:wind_get_stock_events
002254.SZ,002254.SZ_20250522_1,2025-05-22,2025-05-21,2025-05-22,0.05,,,,wind:wind_get_stock_events
002254.SZ,002254.SZ_20260522_1,2026-05-22,2026-05-21,2026-05-22,0.02,,,,wind:wind_get_stock_events
002255.SZ,002255.SZ_20150701_1,2015-07-01,2015-06-30,2015-07-01,0.05,,1,2015-07-01,wind:wind_get_stock_events
002255.SZ,002255.SZ_20160512_1,2016-05-12,2016-05-11,2016-05-12,0.03,,,,wind:wind_get_stock_events
002255.SZ,002255.SZ_20250926_1,2025-09-26,2025-09-25,2025-09-26,0.055,,,,wind:wind_get_stock_events
002255.SZ,002255.SZ_20260508_1,2026-05-08,2026-05-07,2026-05-08,0.05,,,,wind:wind_get_stock_events
002255.SZ,002255.SZ_20260918_1,2026-09-18,2026-09-17,2026-09-18,0.06,,,,wind:wind_get_stock_events
002256.SZ,002256.SZ_20150413_1,2015-04-13,2015-04-10,2015-04-13,0.06,,,,wind:wind_get_stock_events
002256.SZ,002256.SZ_20160927_1,2016-09-27,2016-09-26,,,,3,2016-09-27,wind:wind_get_stock_events
002256.SZ,002256.SZ_20170516_1,2017-05-16,2017-05-15,2017-05-16,0.05,,,,wind:wind_get_stock_events
002256.SZ,002256.SZ_20180427_1,2018-04-27,2018-04-26,2018-04-27,0.075,,,,wind:wind_get_stock_events
002258.SZ,002258.SZ_20160408_1,2016-04-08,2016-04-07,2016-04-08,0.2,0.5,0.5,2016-04-08,wind:wind_get_stock_events
002258.SZ,002258.SZ_20170913_1,2017-09-13,2017-09-12,2017-09-13,0.1,,,,wind:wind_get_stock_events
002258.SZ,002258.SZ_20190403_1,2019-04-03,2019-04-02,2019-04-03,0.2,,,,wind:wind_get_stock_events
002258.SZ,002258.SZ_20210413_1,2021-04-13,2021-04-12,2021-04-13,0.2,,,,wind:wind_get_stock_events
002258.SZ,002258.SZ_20220413_1,2022-04-13,2022-04-12,2022-04-13,0.5,,0.4,2022-04-13,wind:wind_get_stock_events
002258.SZ,002258.SZ_20230420_1,2023-04-20,2023-04-19,2023-04-20,0.5,,,,wind:wind_get_stock_events
002258.SZ,002258.SZ_20250521_1,2025-05-21,2025-05-20,2025-05-21,0.2,,,,wind:wind_get_stock_events
002258.SZ,002258.SZ_20250923_1,2025-09-23,2025-09-22,2025-09-23,0.2,,,,wind:wind_get_stock_events
002258.SZ,002258.SZ_20260612_1,2026-06-12,2026-06-11,2026-06-12,0.2,,,,wind:wind_get_stock_events
002259.SZ,002259.SZ_20170626_1,2017-06-26,2017-06-23,2017-06-26,0.014,,,,wind:wind_get_stock_events
002261.SZ,002261.SZ_20150526_1,2015-05-26,2015-05-25,2015-05-26,0.05,,,,wind:wind_get_stock_events
002261.SZ,002261.SZ_20160329_1,2016-03-29,2016-03-28,2016-03-29,0.04,,1,2016-03-29,wind:wind_get_stock_events
002261.SZ,002261.SZ_20170605_1,2017-06-05,2017-06-02,2017-06-05,0.02,,,,wind:wind_get_stock_events
002261.SZ,002261.SZ_20180621_1,2018-06-21,2018-06-20,2018-06-21,0.01,,,,wind:wind_get_stock_events
002261.SZ,002261.SZ_20260910_1,2026-09-10,2026-09-09,2026-09-10,0.025,,,,wind:wind_get_stock_events
002262.SZ,002262.SZ_20150408_1,2015-04-08,2015-04-07,2015-04-08,0.06,0.2,,2015-04-08,wind:wind_get_stock_events
002262.SZ,002262.SZ_20160608_1,2016-06-08,2016-06-07,2016-06-08,0.06,,0.3,2016-06-08,wind:wind_get_stock_events
002262.SZ,002262.SZ_20170512_1,2017-05-12,2017-05-11,2017-05-12,0.06,,0.6,2017-05-12,wind:wind_get_stock_events
002262.SZ,002262.SZ_20180412_1,2018-04-12,2018-04-11,2018-04-12,0.05,,,,wind:wind_get_stock_events
002262.SZ,002262.SZ_20190531_1,2019-05-31,2019-05-30,2019-05-31,0.06,,,,wind:wind_get_stock_events
002262.SZ,002262.SZ_20200622_1,2020-06-22,2020-06-19,2020-06-22,0.1,,,,wind:wind_get_stock_events
002262.SZ,002262.SZ_20210602_1,2021-06-02,2021-06-01,2021-06-02,0.1,,,,wind:wind_get_stock_events
002262.SZ,002262.SZ_20220513_1,2022-05-13,2022-05-12,2022-05-13,0.2,,,,wind:wind_get_stock_events
002262.SZ,002262.SZ_20230428_1,2023-04-28,2023-04-27,2023-04-28,0.2,,,,wind:wind_get_stock_events
002262.SZ,002262.SZ_20240515_1,2024-05-15,2024-05-14,2024-05-15,0.32,,,,wind:wind_get_stock_events
002262.SZ,002262.SZ_20250514_1,2025-05-14,2025-05-13,2025-05-14,0.36,,,,wind:wind_get_stock_events
002262.SZ,002262.SZ_20260526_1,2026-05-26,2026-05-25,2026-05-26,0.4,,,,wind:wind_get_stock_events
002263.SZ,002263.SZ_20150601_1,2015-06-01,2015-05-29,,,,0.1,2015-06-01,wind:wind_get_stock_events
002263.SZ,002263.SZ_20160620_1,2016-06-20,2016-06-17,2016-06-20,0.03,,1,2016-06-20,wind:wind_get_stock_events
002264.SZ,002264.SZ_20250924_1,2025-09-24,2025-09-23,2025-09-24,0.1,,,,wind:wind_get_stock_events
002264.SZ,002264.SZ_20260604_1,2026-06-04,2026-06-03,2026-06-04,0.1,,,,wind:wind_get_stock_events
002264.SZ,002264.SZ_20260924_1,2026-09-24,2026-09-23,2026-09-24,0.05,,,,wind:wind_get_stock_events
002265.SZ,002265.SZ_20150522_1,2015-05-22,2015-05-21,2015-05-22,0.01,,,,wind:wind_get_stock_events
002265.SZ,002265.SZ_20260710_1,2026-07-10,2026-07-09,2026-07-10,0.076,,,,wind:wind_get_stock_events
002266.SZ,002266.SZ_20150703_1,2015-07-03,2015-07-02,2015-07-03,0.015,,0.3,2015-07-03,wind:wind_get_stock_events
002266.SZ,002266.SZ_20160715_1,2016-07-15,2016-07-14,2016-07-15,0.01,,,,wind:wind_get_stock_events
002266.SZ,002266.SZ_20170712_1,2017-07-12,2017-07-11,2017-07-12,0.01,,,,wind:wind_get_stock_events
002266.SZ,002266.SZ_20180711_1,2018-07-11,2018-07-10,2018-07-11,0.01,,,,wind:wind_get_stock_events
002266.SZ,002266.SZ_20190710_1,2019-07-10,2019-07-09,2019-07-10,0.01,,,,wind:wind_get_stock_events
002266.SZ,002266.SZ_20201113_1,2020-11-13,2020-11-12,2020-11-13,0.01,,,,wind:wind_get_stock_events
002266.SZ,002266.SZ_20210617_1,2021-06-17,2021-06-16,2021-06-17,0.04,,,,wind:wind_get_stock_events
002266.SZ,002266.SZ_20220613_1,2022-06-13,2022-06-10,2022-06-13,0.08,,,,wind:wind_get_stock_events
002266.SZ,002266.SZ_20230613_1,2023-06-13,2023-06-12,2023-06-13,0.06,,,,wind:wind_get_stock_events
002266.SZ,002266.SZ_20240618_1,2024-06-18,2024-06-17,2024-06-18,0.05,,,,wind:wind_get_stock_events
002266.SZ,002266.SZ_20250618_1,2025-06-18,2025-06-17,2025-06-18,0.05,,,,wind:wind_get_stock_events
002266.SZ,002266.SZ_20260611_1,2026-06-11,2026-06-10,2026-06-11,0.06,,,,wind:wind_get_stock_events
002268.SZ,002268.SZ_20150415_1,2015-04-15,2015-04-14,2015-04-15,0.03,,1,2015-04-15,wind:wind_get_stock_events
002268.SZ,002268.SZ_20160621_1,2016-06-21,2016-06-20,2016-06-21,0.1,,,,wind:wind_get_stock_events
002268.SZ,002268.SZ_20170607_1,2017-06-07,2017-06-06,2017-06-07,0.05,,0.6,2017-06-07,wind:wind_get_stock_events
002268.SZ,002268.SZ_20180724_1,2018-07-24,2018-07-23,2018-07-24,0.05,,,,wind:wind_get_stock_events
002268.SZ,002268.SZ_20190711_1,2019-07-11,2019-07-10,2019-07-11,0.015,,,,wind:wind_get_stock_events
002268.SZ,002268.SZ_20200717_1,2020-07-17,2020-07-16,2020-07-17,0.019,,,,wind:wind_get_stock_events
002268.SZ,002268.SZ_20210716_1,2021-07-16,2021-07-15,2021-07-16,0.02,,,,wind:wind_get_stock_events
002268.SZ,002268.SZ_20220715_1,2022-07-15,2022-07-14,2022-07-15,0.05,,,,wind:wind_get_stock_events
002268.SZ,002268.SZ_20230712_1,2023-07-12,2023-07-11,2023-07-12,0.06,,,,wind:wind_get_stock_events
002268.SZ,002268.SZ_20240719_1,2024-07-19,2024-07-18,2024-07-19,0.06,,,,wind:wind_get_stock_events
002268.SZ,002268.SZ_20250718_1,2025-07-18,2025-07-17,2025-07-18,0.06,,,,wind:wind_get_stock_events
002268.SZ,002268.SZ_20260630_1,2026-06-30,2026-06-29,2026-06-30,0.025,,,,wind:wind_get_stock_events
002269.SZ,002269.SZ_20150512_1,2015-05-12,2015-05-11,2015-05-12,0.1,0.5,1,2015-05-12,wind:wind_get_stock_events
002270.SZ,002270.SZ_20150320_1,2015-03-20,2015-03-19,2015-03-20,0.05,,,,wind:wind_get_stock_events
002270.SZ,002270.SZ_20160624_1,2016-06-24,2016-06-23,2016-06-24,0.08,,,,wind:wind_get_stock_events
002270.SZ,002270.SZ_20180629_1,2018-06-29,2018-06-28,2018-06-29,0.12,,0.5,2018-06-29,wind:wind_get_stock_events
002270.SZ,002270.SZ_20190710_1,2019-07-10,2019-07-09,2019-07-10,0.043,,,,wind:wind_get_stock_events
002270.SZ,002270.SZ_20200610_1,2020-06-10,2020-06-09,2020-06-10,0.042,,,,wind:wind_get_stock_events
002270.SZ,002270.SZ_20200916_1,2020-09-16,2020-09-15,2020-09-16,0.05,,,,wind:wind_get_stock_events
002270.SZ,002270.SZ_20210609_1,2021-06-09,2021-06-08,2021-06-09,0.027,,,,wind:wind_get_stock_events
002270.SZ,002270.SZ_20211022_1,2021-10-22,2021-10-21,2021-10-22,0.16,,,,wind:wind_get_stock_events
002270.SZ,002270.SZ_20220523_1,2022-05-23,2022-05-20,2022-05-23,0.14,,,,wind:wind_get_stock_events
002270.SZ,002270.SZ_20220922_1,2022-09-22,2022-09-21,2022-09-22,0.26,,,,wind:wind_get_stock_events
002270.SZ,002270.SZ_20230515_1,2023-05-15,2023-05-12,2023-05-15,0.3,,,,wind:wind_get_stock_events
002270.SZ,002270.SZ_20230906_1,2023-09-06,2023-09-05,2023-09-06,0.27,,,,wind:wind_get_stock_events
002270.SZ,002270.SZ_20240527_1,2024-05-27,2024-05-24,2024-05-27,0.55,,,,wind:wind_get_stock_events
002270.SZ,002270.SZ_20240930_1,2024-09-30,2024-09-27,2024-09-30,0.27,,,,wind:wind_get_stock_events
002270.SZ,002270.SZ_20250107_1,2025-01-07,2025-01-06,2025-01-07,0.056,,,,wind:wind_get_stock_events
002270.SZ,002270.SZ_20250709_1,2025-07-09,2025-07-08,2025-07-09,0.22,,,,wind:wind_get_stock_events
002270.SZ,002270.SZ_20250910_1,2025-09-10,2025-09-09,2025-09-10,0.2,,,,wind:wind_get_stock_events
002270.SZ,002270.SZ_20251125_1,2025-11-25,2025-11-24,2025-11-25,0.2,,,,wind:wind_get_stock_events
002270.SZ,002270.SZ_20260430_1,2026-04-30,2026-04-29,2026-04-30,0.21,,,,wind:wind_get_stock_events
002271.SZ,002271.SZ_20150601_1,2015-06-01,2015-05-29,2015-06-01,0.2,,1,2015-06-01,wind:wind_get_stock_events
002271.SZ,002271.SZ_20160603_1,2016-06-03,2016-06-02,2016-06-03,0.1,,,,wind:wind_get_stock_events
002271.SZ,002271.SZ_20170601_1,2017-06-01,2017-05-31,2017-06-01,0.15,,,,wind:wind_get_stock_events
002271.SZ,002271.SZ_20180620_1,2018-06-20,2018-06-19,2018-06-20,0.15,,0.7,2018-06-20,wind:wind_get_stock_events
002271.SZ,002271.SZ_20190530_1,2019-05-30,2019-05-29,2019-05-30,0.3,,,,wind:wind_get_stock_events
002271.SZ,002271.SZ_20200615_1,2020-06-15,2020-06-12,2020-06-15,0.3,,,,wind:wind_get_stock_events
002271.SZ,002271.SZ_20201022_1,2020-10-22,2020-10-21,,,,0.5,2020-10-22,wind:wind_get_stock_events
002271.SZ,002271.SZ_20210531_1,2021-05-31,2021-05-28,2021-05-31,0.3,,,,wind:wind_get_stock_events
002271.SZ,002271.SZ_20220531_1,2022-05-31,2022-05-30,2022-05-31,0.3,,,,wind:wind_get_stock_events
002271.SZ,002271.SZ_20230519_1,2023-05-19,2023-05-18,2023-05-19,0.1,,,,wind:wind_get_stock_events
002271.SZ,002271.SZ_20240522_1,2024-05-22,2024-05-21,2024-05-22,0.6,,,,wind:wind_get_stock_events
002271.SZ,002271.SZ_20240926_1,2024-09-26,2024-09-25,2024-09-26,0.6,,,,wind:wind_get_stock_events
002271.SZ,002271.SZ_20250401_1,2025-04-01,2025-03-31,2025-04-01,0.925,,,,wind:wind_get_stock_events
002271.SZ,002271.SZ_20250827_1,2025-08-27,2025-08-26,2025-08-27,0.925,,,,wind:wind_get_stock_events
002272.SZ,002272.SZ_20220519_1,2022-05-19,2022-05-18,2022-05-19,0.05,,,,wind:wind_get_stock_events
002272.SZ,002272.SZ_20240716_1,2024-07-16,2024-07-15,2024-07-16,0.05,,,,wind:wind_get_stock_events
002273.SZ,002273.SZ_20150430_1,2015-04-30,2015-04-29,2015-04-30,0.15,,,,wind:wind_get_stock_events
002273.SZ,002273.SZ_20160516_1,2016-05-16,2016-05-13,2016-05-16,0.1,,0.5,2016-05-16,wind:wind_get_stock_events
002273.SZ,002273.SZ_20170512_1,2017-05-12,2017-05-11,2017-05-12,0.1,,,,wind:wind_get_stock_events
002273.SZ,002273.SZ_20180523_1,2018-05-23,2018-05-22,2018-05-23,0.1,,0.3,2018-05-23,wind:wind_get_stock_events
002273.SZ,002273.SZ_20190724_1,2019-07-24,2019-07-23,2019-07-24,0.1,,0.3,2019-07-24,wind:wind_get_stock_events
002273.SZ,002273.SZ_20200604_1,2020-06-04,2020-06-03,2020-06-04,0.1,,,,wind:wind_get_stock_events
002273.SZ,002273.SZ_20210514_1,2021-05-14,2021-05-13,2021-05-14,0.2,,,,wind:wind_get_stock_events
002273.SZ,002273.SZ_20220421_1,2022-04-21,2022-04-20,2022-04-21,0.2,,,,wind:wind_get_stock_events
002273.SZ,002273.SZ_20230516_1,2023-05-16,2023-05-15,2023-05-16,0.2,,,,wind:wind_get_stock_events
002273.SZ,002273.SZ_20240423_1,2024-04-23,2024-04-22,2024-04-23,0.3,,,,wind:wind_get_stock_events
002273.SZ,002273.SZ_20241025_1,2024-10-25,2024-10-24,2024-10-25,0.1,,,,wind:wind_get_stock_events
002273.SZ,002273.SZ_20250520_1,2025-05-20,2025-05-19,2025-05-20,0.2,,,,wind:wind_get_stock_events
002273.SZ,002273.SZ_20250910_1,2025-09-10,2025-09-09,2025-09-10,0.1,,,,wind:wind_get_stock_events
002273.SZ,002273.SZ_20260603_1,2026-06-03,2026-06-02,2026-06-03,0.2,,,,wind:wind_get_stock_events
002273.SZ,002273.SZ_20260908_1,2026-09-08,2026-09-07,2026-09-08,0.1,,,,wind:wind_get_stock_events
002277.SZ,002277.SZ_20150617_1,2015-06-17,2015-06-16,2015-06-17,0.1,,,,wind:wind_get_stock_events
002277.SZ,002277.SZ_20160511_1,2016-05-11,2016-05-10,2016-05-11,0.1,,,,wind:wind_get_stock_events
002277.SZ,002277.SZ_20170327_1,2017-03-27,2017-03-24,2017-03-27,0.1,,1,2017-03-27,wind:wind_get_stock_events
002277.SZ,002277.SZ_20180614_1,2018-06-14,2018-06-13,2018-06-14,0.05,,,,wind:wind_get_stock_events
002277.SZ,002277.SZ_20190521_1,2019-05-21,2019-05-20,2019-05-21,0.05,,,,wind:wind_get_stock_events
002277.SZ,002277.SZ_20200612_1,2020-06-12,2020-06-11,2020-06-12,0.025,,,,wind:wind_get_stock_events
002277.SZ,002277.SZ_20210622_1,2021-06-22,2021-06-21,2021-06-22,0.01,,,,wind:wind_get_stock_events
002277.SZ,002277.SZ_20240530_1,2024-05-30,2024-05-29,2024-05-30,0.011,,,,wind:wind_get_stock_events
002277.SZ,002277.SZ_20241014_1,2024-10-14,2024-10-11,2024-10-14,0.005,,,,wind:wind_get_stock_events
002277.SZ,002277.SZ_20250530_1,2025-05-30,2025-05-29,2025-05-30,0.005,,,,wind:wind_get_stock_events
002278.SZ,002278.SZ_20150526_1,2015-05-26,2015-05-25,2015-05-26,0.1,,0.15,2015-05-26,wind:wind_get_stock_events
002278.SZ,002278.SZ_20190531_1,2019-05-31,2019-05-30,2019-05-31,0.05,,,,wind:wind_get_stock_events
002278.SZ,002278.SZ_20200701_1,2020-07-01,2020-06-30,2020-07-01,0.05,,,,wind:wind_get_stock_events
002278.SZ,002278.SZ_20210625_1,2021-06-25,2021-06-24,2021-06-25,0.05,,,,wind:wind_get_stock_events
002278.SZ,002278.SZ_20220801_1,2022-08-01,2022-07-29,2022-08-01,0.05,,,,wind:wind_get_stock_events
002278.SZ,002278.SZ_20240624_1,2024-06-24,2024-06-21,2024-06-24,0.05,,,,wind:wind_get_stock_events
002278.SZ,002278.SZ_20250613_1,2025-06-13,2025-06-12,2025-06-13,0.05,,,,wind:wind_get_stock_events
002278.SZ,002278.SZ_20260612_1,2026-06-12,2026-06-11,2026-06-12,0.06,,,,wind:wind_get_stock_events
002279.SZ,002279.SZ_20150625_1,2015-06-25,2015-06-24,2015-06-25,0.1002,,,,wind:wind_get_stock_events
002279.SZ,002279.SZ_20160512_1,2016-05-12,2016-05-11,2016-05-12,0.1,,1.5,2016-05-12,wind:wind_get_stock_events
002279.SZ,002279.SZ_20170511_1,2017-05-11,2017-05-10,2017-05-11,0.03,,0.3,2017-05-11,wind:wind_get_stock_events
002279.SZ,002279.SZ_20180704_1,2018-07-04,2018-07-03,2018-07-04,0.03,,,,wind:wind_get_stock_events
002281.SZ,002281.SZ_20150601_1,2015-06-01,2015-05-29,2015-06-01,0.5,,,,wind:wind_get_stock_events
002281.SZ,002281.SZ_20160620_1,2016-06-20,2016-06-17,2016-06-20,0.5004,,,,wind:wind_get_stock_events
002281.SZ,002281.SZ_20170414_1,2017-04-14,2017-04-13,2017-04-14,0.5,,2,2017-04-14,wind:wind_get_stock_events
002281.SZ,002281.SZ_20180530_1,2018-05-30,2018-05-29,2018-05-30,0.17,,,,wind:wind_get_stock_events
002281.SZ,002281.SZ_20190712_1,2019-07-12,2019-07-11,2019-07-12,0.17,,,,wind:wind_get_stock_events
002281.SZ,002281.SZ_20200724_1,2020-07-24,2020-07-23,2020-07-24,0.17,,,,wind:wind_get_stock_events
002281.SZ,002281.SZ_20210709_1,2021-07-09,2021-07-08,2021-07-09,0.17,,,,wind:wind_get_stock_events
002281.SZ,002281.SZ_20220617_1,2022-06-17,2022-06-16,2022-06-17,0.17,,,,wind:wind_get_stock_events
002281.SZ,002281.SZ_20230707_1,2023-07-07,2023-07-06,2023-07-07,0.17,,,,wind:wind_get_stock_events
002281.SZ,002281.SZ_20240712_1,2024-07-12,2024-07-11,2024-07-12,0.24,,,,wind:wind_get_stock_events
002281.SZ,002281.SZ_20250617_1,2025-06-17,2025-06-16,2025-06-17,0.26,,,,wind:wind_get_stock_events
002284.SZ,002284.SZ_20150424_1,2015-04-24,2015-04-23,2015-04-24,0.1,0.5,0.5,2015-04-24,wind:wind_get_stock_events
002284.SZ,002284.SZ_20160428_1,2016-04-28,2016-04-27,2016-04-28,0.1,,,,wind:wind_get_stock_events
002284.SZ,002284.SZ_20170615_1,2017-06-15,2017-06-14,2017-06-15,0.1,,,,wind:wind_get_stock_events
002284.SZ,002284.SZ_20180606_1,2018-06-06,2018-06-05,2018-06-06,0.1,,,,wind:wind_get_stock_events
002284.SZ,002284.SZ_20220526_1,2022-05-26,2022-05-25,2022-05-26,0.1,,,,wind:wind_get_stock_events
002284.SZ,002284.SZ_20240522_1,2024-05-22,2024-05-21,2024-05-22,0.1,,,,wind:wind_get_stock_events
002284.SZ,002284.SZ_20250611_1,2025-06-11,2025-06-10,2025-06-11,0.05,,,,wind:wind_get_stock_events
002284.SZ,002284.SZ_20260612_1,2026-06-12,2026-06-11,2026-06-12,0.1,,,,wind:wind_get_stock_events
002285.SZ,002285.SZ_20150427_1,2015-04-27,2015-04-24,2015-04-27,0.06,0.24,0.36,2015-04-27,wind:wind_get_stock_events
002285.SZ,002285.SZ_20160414_1,2016-04-14,2016-04-13,2016-04-14,0.04,0.16,0.24,2016-04-14,wind:wind_get_stock_events
002285.SZ,002285.SZ_20170511_1,2017-05-11,2017-05-10,2017-05-11,0.08,,,,wind:wind_get_stock_events
002285.SZ,002285.SZ_20180514_1,2018-05-14,2018-05-11,2018-05-14,0.08,,,,wind:wind_get_stock_events
002285.SZ,002285.SZ_20190524_1,2019-05-24,2019-05-23,2019-05-24,0.021,,,,wind:wind_get_stock_events
002285.SZ,002285.SZ_20200519_1,2020-05-19,2020-05-18,2020-05-19,0.0045,,,,wind:wind_get_stock_events
002285.SZ,002285.SZ_20210617_1,2021-06-17,2021-06-16,2021-06-17,0.055,,,,wind:wind_get_stock_events
002286.SZ,002286.SZ_20150624_1,2015-06-24,2015-06-23,2015-06-24,0.03,,,,wind:wind_get_stock_events
002286.SZ,002286.SZ_20160412_1,2016-04-12,2016-04-11,2016-04-12,0.06,,,,wind:wind_get_stock_events
002286.SZ,002286.SZ_20170717_1,2017-07-17,2017-07-14,2017-07-17,0.08,,,,wind:wind_get_stock_events
002286.SZ,002286.SZ_20180531_1,2018-05-31,2018-05-30,2018-05-31,0.09,,,,wind:wind_get_stock_events
002286.SZ,002286.SZ_20190717_1,2019-07-17,2019-07-16,2019-07-17,0.03,,,,wind:wind_get_stock_events
002286.SZ,002286.SZ_20200630_1,2020-06-30,2020-06-29,2020-06-30,0.03,,,,wind:wind_get_stock_events
002286.SZ,002286.SZ_20210603_1,2021-06-03,2021-06-02,2021-06-03,0.06,,,,wind:wind_get_stock_events
002286.SZ,002286.SZ_20220627_1,2022-06-27,2022-06-24,2022-06-27,0.06,,,,wind:wind_get_stock_events
002286.SZ,002286.SZ_20230620_1,2023-06-20,2023-06-19,2023-06-20,0.08,,,,wind:wind_get_stock_events
002286.SZ,002286.SZ_20240308_1,2024-03-08,2024-03-07,2024-03-08,0.08,,,,wind:wind_get_stock_events
002286.SZ,002286.SZ_20241210_1,2024-12-10,2024-12-09,2024-12-10,0.035,,,,wind:wind_get_stock_events
002286.SZ,002286.SZ_20250703_1,2025-07-03,2025-07-02,2025-07-03,0.06,,,,wind:wind_get_stock_events
002286.SZ,002286.SZ_20260714_1,2026-07-14,2026-07-13,2026-07-14,0.12,,,,wind:wind_get_stock_events
002290.SZ,002290.SZ_20150714_1,2015-07-14,2015-07-13,2015-07-14,0.15,,,,wind:wind_get_stock_events
002290.SZ,002290.SZ_20160629_1,2016-06-29,2016-06-28,2016-06-29,0.1,,,,wind:wind_get_stock_events
002290.SZ,002290.SZ_20180713_1,2018-07-13,2018-07-12,2018-07-13,0.12,,,,wind:wind_get_stock_events
002290.SZ,002290.SZ_20260617_1,2026-06-17,2026-06-16,2026-06-17,0.21,,,,wind:wind_get_stock_events
002291.SZ,002291.SZ_20150520_1,2015-05-20,2015-05-19,2015-05-20,0.1,,,,wind:wind_get_stock_events
002293.SZ,002293.SZ_20150528_1,2015-05-28,2015-05-27,2015-05-28,1,,1.5,2015-05-28,wind:wind_get_stock_events
002293.SZ,002293.SZ_20160504_1,2016-05-04,2016-05-03,2016-05-04,0.2,,,,wind:wind_get_stock_events
002293.SZ,002293.SZ_20170601_1,2017-06-01,2017-05-31,2017-06-01,0.2,,,,wind:wind_get_stock_events
002293.SZ,002293.SZ_20180528_1,2018-05-28,2018-05-25,2018-05-28,0.35,,,,wind:wind_get_stock_events
002293.SZ,002293.SZ_20190529_1,2019-05-29,2019-05-28,2019-05-29,0.4,,0.1,2019-05-29,wind:wind_get_stock_events
002293.SZ,002293.SZ_20200529_1,2020-05-29,2020-05-28,2020-05-29,0.5,,,,wind:wind_get_stock_events
002293.SZ,002293.SZ_20210608_1,2021-06-08,2021-06-07,2021-06-08,0.6,,,,wind:wind_get_stock_events
002293.SZ,002293.SZ_20211125_1,2021-11-25,2021-11-24,2021-11-25,0.6,,,,wind:wind_get_stock_events
002293.SZ,002293.SZ_20220707_1,2022-07-07,2022-07-06,2022-07-07,0.6,,,,wind:wind_get_stock_events
002293.SZ,002293.SZ_20230612_1,2023-06-12,2023-06-09,2023-06-12,0.6,,,,wind:wind_get_stock_events
002293.SZ,002293.SZ_20240617_1,2024-06-17,2024-06-14,2024-06-17,0.4,,,,wind:wind_get_stock_events
002293.SZ,002293.SZ_20241011_1,2024-10-11,2024-10-10,2024-10-11,0.2,,,,wind:wind_get_stock_events
002293.SZ,002293.SZ_20250526_1,2025-05-26,2025-05-23,2025-05-26,0.4,,,,wind:wind_get_stock_events
002293.SZ,002293.SZ_20250905_1,2025-09-05,2025-09-04,2025-09-05,0.2,,,,wind:wind_get_stock_events
002293.SZ,002293.SZ_20260522_1,2026-05-22,2026-05-21,2026-05-22,0.42,,,,wind:wind_get_stock_events
002293.SZ,002293.SZ_20260904_1,2026-09-04,2026-09-03,2026-09-04,0.28,,,,wind:wind_get_stock_events
002294.SZ,002294.SZ_20150424_1,2015-04-24,2015-04-23,2015-04-24,0.7,,0.6,2015-04-24,wind:wind_get_stock_events
002294.SZ,002294.SZ_20160503_1,2016-05-03,2016-04-29,2016-05-03,0.6,,,,wind:wind_get_stock_events
002294.SZ,002294.SZ_20170512_1,2017-05-12,2017-05-11,2017-05-12,0.7,,,,wind:wind_get_stock_events
002294.SZ,002294.SZ_20180504_1,2018-05-04,2018-05-03,2018-05-04,0.8,,,,wind:wind_get_stock_events
002294.SZ,002294.SZ_20190416_1,2019-04-16,2019-04-15,2019-04-16,0.8,,,,wind:wind_get_stock_events
002294.SZ,002294.SZ_20200520_1,2020-05-20,2020-05-19,2020-05-20,0.5,,,,wind:wind_get_stock_events
002294.SZ,002294.SZ_20220427_1,2022-04-27,2022-04-26,2022-04-27,0.4,,,,wind:wind_get_stock_events
002294.SZ,002294.SZ_20230509_1,2023-05-09,2023-05-08,2023-05-09,0.5,,,,wind:wind_get_stock_events
002294.SZ,002294.SZ_20240619_1,2024-06-19,2024-06-18,2024-06-19,0.5,,,,wind:wind_get_stock_events
002294.SZ,002294.SZ_20250514_1,2025-05-14,2025-05-13,2025-05-14,0.5,,,,wind:wind_get_stock_events
002294.SZ,002294.SZ_20260526_1,2026-05-26,2026-05-25,2026-05-26,0.55,,,,wind:wind_get_stock_events
002295.SZ,002295.SZ_20160526_1,2016-05-26,2016-05-25,2016-05-26,0.04,,,,wind:wind_get_stock_events
002295.SZ,002295.SZ_20180607_1,2018-06-07,2018-06-06,2018-06-07,0.15,,,,wind:wind_get_stock_events
002295.SZ,002295.SZ_20190626_1,2019-06-26,2019-06-25,2019-06-26,0.06,,,,wind:wind_get_stock_events
002295.SZ,002295.SZ_20200707_1,2020-07-07,2020-07-06,2020-07-07,0.06,,,,wind:wind_get_stock_events
002295.SZ,002295.SZ_20220722_1,2022-07-22,2022-07-21,2022-07-22,0.002,,,,wind:wind_get_stock_events
002295.SZ,002295.SZ_20240726_1,2024-07-26,2024-07-25,2024-07-26,0.05,,,,wind:wind_get_stock_events
002295.SZ,002295.SZ_20250825_1,2025-08-25,2025-08-22,2025-08-25,0.036,,,,wind:wind_get_stock_events
002296.SZ,002296.SZ_20150709_1,2015-07-09,2015-07-08,2015-07-09,0.03,,,,wind:wind_get_stock_events
002296.SZ,002296.SZ_20160511_1,2016-05-11,2016-05-10,2016-05-11,0.03,,,,wind:wind_get_stock_events
002296.SZ,002296.SZ_20170518_1,2017-05-18,2017-05-17,2017-05-18,0.01,,,,wind:wind_get_stock_events
002296.SZ,002296.SZ_20200610_1,2020-06-10,2020-06-09,2020-06-10,0.05,,,,wind:wind_get_stock_events
002296.SZ,002296.SZ_20240530_1,2024-05-30,2024-05-29,2024-05-30,0.1,,,,wind:wind_get_stock_events
002296.SZ,002296.SZ_20250527_1,2025-05-27,2025-05-26,2025-05-27,0.2,,,,wind:wind_get_stock_events
002296.SZ,002296.SZ_20260617_1,2026-06-17,2026-06-16,2026-06-17,0.13,,,,wind:wind_get_stock_events
002298.SZ,002298.SZ_20160429_1,2016-04-29,2016-04-28,2016-04-29,0.032,,,,wind:wind_get_stock_events
002298.SZ,002298.SZ_20170714_1,2017-07-14,2017-07-13,2017-07-14,0.04,,,,wind:wind_get_stock_events
002298.SZ,002298.SZ_20180704_1,2018-07-04,2018-07-03,2018-07-04,0.05,,,,wind:wind_get_stock_events
002298.SZ,002298.SZ_20190628_1,2019-06-28,2019-06-27,2019-06-28,0.053,,,,wind:wind_get_stock_events
002298.SZ,002298.SZ_20200603_1,2020-06-03,2020-06-02,2020-06-03,0.05,,,,wind:wind_get_stock_events
002298.SZ,002298.SZ_20210720_1,2021-07-20,2021-07-19,2021-07-20,0.0186,,,,wind:wind_get_stock_events
002299.SZ,002299.SZ_20170525_1,2017-05-25,2017-05-24,2017-05-25,0.5,,,,wind:wind_get_stock_events
002299.SZ,002299.SZ_20190426_1,2019-04-26,2019-04-25,2019-04-26,1,,,,wind:wind_get_stock_events
002299.SZ,002299.SZ_20200120_1,2020-01-20,2020-01-17,2020-01-20,1.5,,,,wind:wind_get_stock_events
002299.SZ,002299.SZ_20210120_1,2021-01-20,2021-01-19,2021-01-20,1,,,,wind:wind_get_stock_events
002299.SZ,002299.SZ_20220523_1,2022-05-23,2022-05-20,2022-05-23,0.3,,,,wind:wind_get_stock_events
002299.SZ,002299.SZ_20230508_1,2023-05-08,2023-05-05,2023-05-08,0.2,,,,wind:wind_get_stock_events
002299.SZ,002299.SZ_20240426_1,2024-04-26,2024-04-25,2024-04-26,0.3,,,,wind:wind_get_stock_events
002299.SZ,002299.SZ_20250110_1,2025-01-10,2025-01-09,2025-01-10,0.2,,,,wind:wind_get_stock_events
002299.SZ,002299.SZ_20250523_1,2025-05-23,2025-05-22,2025-05-23,0.2,,,,wind:wind_get_stock_events
002299.SZ,002299.SZ_20251215_1,2025-12-15,2025-12-12,2025-12-15,0.3,,,,wind:wind_get_stock_events
002299.SZ,002299.SZ_20260521_1,2026-05-21,2026-05-20,2026-05-21,0.2,,,,wind:wind_get_stock_events
002300.SZ,002300.SZ_20150703_1,2015-07-03,2015-07-02,2015-07-03,0.28,,,,wind:wind_get_stock_events
002300.SZ,002300.SZ_20160705_1,2016-07-05,2016-07-04,2016-07-05,0.2,0.2,,2016-07-05,wind:wind_get_stock_events
002300.SZ,002300.SZ_20170707_1,2017-07-07,2017-07-06,2017-07-07,0.21,,,,wind:wind_get_stock_events
002300.SZ,002300.SZ_20180706_1,2018-07-06,2018-07-05,2018-07-06,0.18,,,,wind:wind_get_stock_events
002300.SZ,002300.SZ_20190703_1,2019-07-03,2019-07-02,2019-07-03,0.12,0.1,,2019-07-03,wind:wind_get_stock_events
002300.SZ,002300.SZ_20200701_1,2020-07-01,2020-06-30,2020-07-01,0.12,0.1,,2020-07-01,wind:wind_get_stock_events
002300.SZ,002300.SZ_20210707_1,2021-07-07,2021-07-06,2021-07-07,0.12,,,,wind:wind_get_stock_events
002300.SZ,002300.SZ_20220624_1,2022-06-24,2022-06-23,2022-06-24,0.14,,,,wind:wind_get_stock_events
002300.SZ,002300.SZ_20230705_1,2023-07-05,2023-07-04,2023-07-05,0.1,0.1,,2023-07-05,wind:wind_get_stock_events
002300.SZ,002300.SZ_20240704_1,2024-07-04,2024-07-03,2024-07-04,0.16,,,,wind:wind_get_stock_events
002300.SZ,002300.SZ_20250710_1,2025-07-10,2025-07-09,2025-07-10,0.11,,,,wind:wind_get_stock_events
002300.SZ,002300.SZ_20260708_1,2026-07-08,2026-07-07,2026-07-08,0.07,,,,wind:wind_get_stock_events
002303.SZ,002303.SZ_20150703_1,2015-07-03,2015-07-02,2015-07-03,0.075,0.3,0.7,2015-07-03,wind:wind_get_stock_events
002303.SZ,002303.SZ_20160713_1,2016-07-13,2016-07-12,2016-07-13,0.024,,,,wind:wind_get_stock_events
002303.SZ,002303.SZ_20170721_1,2017-07-21,2017-07-20,2017-07-21,0.022,,,,wind:wind_get_stock_events
002303.SZ,002303.SZ_20180507_1,2018-05-07,2018-05-04,2018-05-07,0.13,,,,wind:wind_get_stock_events
002303.SZ,002303.SZ_20190527_1,2019-05-27,2019-05-24,2019-05-27,0.2,,,,wind:wind_get_stock_events
002303.SZ,002303.SZ_20200430_1,2020-04-30,2020-04-29,2020-04-30,0.333,,,,wind:wind_get_stock_events
002303.SZ,002303.SZ_20210531_1,2021-05-31,2021-05-28,2021-05-31,0.12,,,,wind:wind_get_stock_events
002303.SZ,002303.SZ_20220721_1,2022-07-21,2022-07-20,2022-07-21,0.02,,,,wind:wind_get_stock_events
002303.SZ,002303.SZ_20230628_1,2023-06-28,2023-06-27,2023-06-28,0.066,,,,wind:wind_get_stock_events
002303.SZ,002303.SZ_20240708_1,2024-07-08,2024-07-05,2024-07-08,0.13,,,,wind:wind_get_stock_events
002303.SZ,002303.SZ_20240918_1,2024-09-18,2024-09-13,2024-09-18,0.32,,,,wind:wind_get_stock_events
002303.SZ,002303.SZ_20241121_1,2024-11-21,2024-11-20,2024-11-21,0.12,,,,wind:wind_get_stock_events
002303.SZ,002303.SZ_20250611_1,2025-06-11,2025-06-10,2025-06-11,0.131,,,,wind:wind_get_stock_events
002303.SZ,002303.SZ_20251125_1,2025-11-25,2025-11-24,2025-11-25,0.066,,,,wind:wind_get_stock_events
002303.SZ,002303.SZ_20260624_1,2026-06-24,2026-06-23,2026-06-24,0.08,,,,wind:wind_get_stock_events
002304.SZ,002304.SZ_20150618_1,2015-06-18,2015-06-17,2015-06-18,2,,0.4,2015-06-18,wind:wind_get_stock_events
002304.SZ,002304.SZ_20160617_1,2016-06-17,2016-06-16,2016-06-17,1.8,,,,wind:wind_get_stock_events
002304.SZ,002304.SZ_20170616_1,2017-06-16,2017-06-15,2017-06-16,2.1,,,,wind:wind_get_stock_events
002304.SZ,002304.SZ_20180622_1,2018-06-22,2018-06-21,2018-06-22,2.55,,,,wind:wind_get_stock_events
002304.SZ,002304.SZ_20190627_1,2019-06-27,2019-06-26,2019-06-27,3.2,,,,wind:wind_get_stock_events
002304.SZ,002304.SZ_20200624_1,2020-06-24,2020-06-23,2020-06-24,3,,,,wind:wind_get_stock_events
002304.SZ,002304.SZ_20210709_1,2021-07-09,2021-07-08,2021-07-09,3,,,,wind:wind_get_stock_events
002304.SZ,002304.SZ_20220622_1,2022-06-22,2022-06-21,2022-06-22,3,,,,wind:wind_get_stock_events
002304.SZ,002304.SZ_20230621_1,2023-06-21,2023-06-20,2023-06-21,3.74,,,,wind:wind_get_stock_events
002304.SZ,002304.SZ_20240626_1,2024-06-26,2024-06-25,2024-06-26,4.66,,,,wind:wind_get_stock_events
002304.SZ,002304.SZ_20250127_1,2025-01-27,2025-01-24,2025-01-27,2.33,,,,wind:wind_get_stock_events
002304.SZ,002304.SZ_20250627_1,2025-06-27,2025-06-26,2025-06-27,2.317,,,,wind:wind_get_stock_events
002304.SZ,002304.SZ_20260630_1,2026-06-30,2026-06-29,2026-06-30,1.47,,,,wind:wind_get_stock_events
002305.SZ,002305.SZ_20150525_1,2015-05-25,2015-05-22,2015-05-25,0.1,0.4,0.1,2015-05-25,wind:wind_get_stock_events
002305.SZ,002305.SZ_20170615_1,2017-06-15,2017-06-14,2017-06-15,0.05,,,,wind:wind_get_stock_events
002305.SZ,002305.SZ_20180702_1,2018-07-02,2018-06-29,2018-07-02,0.05,,,,wind:wind_get_stock_events
002305.SZ,002305.SZ_20190619_1,2019-06-19,2019-06-18,2019-06-19,0.05,,,,wind:wind_get_stock_events
002307.SZ,002307.SZ_20170518_1,2017-05-18,2017-05-17,2017-05-18,0.08,,,,wind:wind_get_stock_events
002307.SZ,002307.SZ_20180522_1,2018-05-22,2018-05-21,,,,0.6,2018-05-22,wind:wind_get_stock_events
002307.SZ,002307.SZ_20240808_1,2024-08-08,2024-08-07,2024-08-08,0.01,,,,wind:wind_get_stock_events
002309.SZ,002309.SZ_20150618_1,2015-06-18,2015-06-17,2015-06-18,0.1,,,,wind:wind_get_stock_events
002309.SZ,002309.SZ_20160627_1,2016-06-27,2016-06-24,2016-06-27,0.1,,,,wind:wind_get_stock_events
002309.SZ,002309.SZ_20170713_1,2017-07-13,2017-07-12,2017-07-13,0.1,,,,wind:wind_get_stock_events
002309.SZ,002309.SZ_20180705_1,2018-07-05,2018-07-04,2018-07-05,0.1,,,,wind:wind_get_stock_events
002309.SZ,002309.SZ_20241224_1,2024-12-24,2024-12-23,,,,2.45,,wind:wind_get_stock_events
002310.SZ,002310.SZ_20150625_1,2015-06-25,2015-06-24,2015-06-25,0.065,,,,wind:wind_get_stock_events
002310.SZ,002310.SZ_20160718_1,2016-07-18,2016-07-15,2016-07-18,0.06,,1.5,2016-07-18,wind:wind_get_stock_events
002310.SZ,002310.SZ_20170718_1,2017-07-18,2017-07-17,2017-07-18,0.03,,,,wind:wind_get_stock_events
002310.SZ,002310.SZ_20180713_1,2018-07-13,2018-07-12,2018-07-13,0.065,,,,wind:wind_get_stock_events
002310.SZ,002310.SZ_20190819_1,2019-08-19,2019-08-16,2019-08-19,0.094,,,,wind:wind_get_stock_events
002310.SZ,002310.SZ_20241230_1,2024-12-30,2024-12-27,,,,1.234,2024-12-30,wind:wind_get_stock_events
002311.SZ,002311.SZ_20150626_1,2015-06-26,2015-06-25,2015-06-26,0.15,,0.4,2015-06-26,wind:wind_get_stock_events
002311.SZ,002311.SZ_20150821_1,2015-08-21,2015-08-20,2015-08-21,0.065,,,,wind:wind_get_stock_events
002311.SZ,002311.SZ_20160523_1,2016-05-23,2016-05-20,2016-05-23,0.25,,,,wind:wind_get_stock_events
002311.SZ,002311.SZ_20170630_1,2017-06-30,2017-06-29,2017-06-30,0.3,,,,wind:wind_get_stock_events
002311.SZ,002311.SZ_20180628_1,2018-06-28,2018-06-27,2018-06-28,0.25,,,,wind:wind_get_stock_events
002311.SZ,002311.SZ_20190627_1,2019-06-27,2019-06-26,2019-06-27,0.3,,,,wind:wind_get_stock_events
002311.SZ,002311.SZ_20200520_1,2020-05-20,2020-05-19,2020-05-20,0.35,,,,wind:wind_get_stock_events
002311.SZ,002311.SZ_20210709_1,2021-07-09,2021-07-08,2021-07-09,0.32,,,,wind:wind_get_stock_events
002311.SZ,002311.SZ_20220707_1,2022-07-07,2022-07-06,2022-07-07,0.15,,,,wind:wind_get_stock_events
002311.SZ,002311.SZ_20230707_1,2023-07-07,2023-07-06,2023-07-07,0.45,,,,wind:wind_get_stock_events
002311.SZ,002311.SZ_20240704_1,2024-07-04,2024-07-03,2024-07-04,0.5,,,,wind:wind_get_stock_events
002311.SZ,002311.SZ_20250627_1,2025-06-27,2025-06-26,2025-06-27,1.1,,,,wind:wind_get_stock_events
002311.SZ,002311.SZ_20250925_1,2025-09-25,2025-09-24,2025-09-25,0.2,,,,wind:wind_get_stock_events
002311.SZ,002311.SZ_20260617_1,2026-06-17,2026-06-16,2026-06-17,1.1,,,,wind:wind_get_stock_events
002311.SZ,002311.SZ_20260917_1,2026-09-17,2026-09-16,2026-09-17,0.15,,,,wind:wind_get_stock_events
002312.SZ,002312.SZ_20150602_1,2015-06-02,2015-06-01,2015-06-02,0.1,,0.75,2015-06-02,wind:wind_get_stock_events
002312.SZ,002312.SZ_20160718_1,2016-07-18,2016-07-15,2016-07-18,0.05,,0.5,2016-07-18,wind:wind_get_stock_events
002312.SZ,002312.SZ_20230628_1,2023-06-28,2023-06-27,2023-06-28,0.22,,,,wind:wind_get_stock_events
002312.SZ,002312.SZ_20240524_1,2024-05-24,2024-05-23,2024-05-24,0.09,,,,wind:wind_get_stock_events
002312.SZ,002312.SZ_20250618_1,2025-06-18,2025-06-17,2025-06-18,0.141,,,,wind:wind_get_stock_events
002312.SZ,002312.SZ_20260612_1,2026-06-12,2026-06-11,2026-06-12,0.09,,,,wind:wind_get_stock_events
002313.SZ,002313.SZ_20170614_1,2017-06-14,2017-06-13,2017-06-14,0.03,,,,wind:wind_get_stock_events
002313.SZ,002313.SZ_20180619_1,2018-06-19,2018-06-15,2018-06-19,0.035,,,,wind:wind_get_stock_events
002313.SZ,002313.SZ_20190621_1,2019-06-21,2019-06-20,2019-06-21,0.025,,,,wind:wind_get_stock_events
002314.SZ,002314.SZ_20160623_1,2016-06-23,2016-06-22,2016-06-23,0.188,,,,wind:wind_get_stock_events
002314.SZ,002314.SZ_20170721_1,2017-07-21,2017-07-20,2017-07-21,0.207,,,,wind:wind_get_stock_events
002314.SZ,002314.SZ_20200820_1,2020-08-20,2020-08-19,2020-08-20,0.058,,,,wind:wind_get_stock_events
002314.SZ,002314.SZ_20210706_1,2021-07-06,2021-07-05,2021-07-06,0.1,,,,wind:wind_get_stock_events
002314.SZ,002314.SZ_20230821_1,2023-08-21,2023-08-18,2023-08-21,0.037,,,,wind:wind_get_stock_events
002315.SZ,002315.SZ_20150612_1,2015-06-12,2015-06-11,2015-06-12,0.8,,,,wind:wind_get_stock_events
002315.SZ,002315.SZ_20160527_1,2016-05-27,2016-05-26,2016-05-27,1,,,,wind:wind_get_stock_events
002315.SZ,002315.SZ_20170525_1,2017-05-25,2017-05-24,2017-05-25,1,,1,2017-05-25,wind:wind_get_stock_events
002315.SZ,002315.SZ_20180523_1,2018-05-23,2018-05-22,2018-05-23,0.5,,,,wind:wind_get_stock_events
002315.SZ,002315.SZ_20190306_1,2019-03-06,2019-03-05,2019-03-06,0.5,,,,wind:wind_get_stock_events
002315.SZ,002315.SZ_20200310_1,2020-03-10,2020-03-09,2020-03-10,0.75,,0.3,2020-03-10,wind:wind_get_stock_events
002315.SZ,002315.SZ_20210423_1,2021-04-23,2021-04-22,2021-04-23,0.5,,,,wind:wind_get_stock_events
002315.SZ,002315.SZ_20220421_1,2022-04-21,2022-04-20,2022-04-21,0.8,,,,wind:wind_get_stock_events
002315.SZ,002315.SZ_20230407_1,2023-04-07,2023-04-06,2023-04-07,0.9,,,,wind:wind_get_stock_events
002315.SZ,002315.SZ_20240410_1,2024-04-10,2024-04-09,2024-04-10,1,,,,wind:wind_get_stock_events
002315.SZ,002315.SZ_20240927_1,2024-09-27,2024-09-26,2024-09-27,0.55,,,,wind:wind_get_stock_events
002315.SZ,002315.SZ_20250411_1,2025-04-11,2025-04-10,2025-04-11,0.55,,,,wind:wind_get_stock_events
002315.SZ,002315.SZ_20250926_1,2025-09-26,2025-09-25,2025-09-26,0.6,,,,wind:wind_get_stock_events
002315.SZ,002315.SZ_20260423_1,2026-04-23,2026-04-22,2026-04-23,0.7,,0.3,2026-04-23,wind:wind_get_stock_events
002315.SZ,002315.SZ_20260909_1,2026-09-09,2026-09-08,2026-09-09,0.5,,,,wind:wind_get_stock_events
002318.SZ,002318.SZ_20150424_1,2015-04-24,2015-04-23,2015-04-24,0.2,,,,wind:wind_get_stock_events
002318.SZ,002318.SZ_20151021_1,2015-10-21,2015-10-20,,,,1.5,2015-10-21,wind:wind_get_stock_events
002318.SZ,002318.SZ_20160520_1,2016-05-20,2016-05-19,2016-05-20,0.02,,,,wind:wind_get_stock_events
002318.SZ,002318.SZ_20170516_1,2017-05-16,2017-05-15,2017-05-16,0.06,,,,wind:wind_get_stock_events
002318.SZ,002318.SZ_20180601_1,2018-06-01,2018-05-31,2018-06-01,0.15,,,,wind:wind_get_stock_events
002318.SZ,002318.SZ_20190418_1,2019-04-18,2019-04-17,2019-04-18,0.3,,,,wind:wind_get_stock_events
002318.SZ,002318.SZ_20200430_1,2020-04-30,2020-04-29,2020-04-30,0.3,,,,wind:wind_get_stock_events
002318.SZ,002318.SZ_20210527_1,2021-05-27,2021-05-26,2021-05-27,0.38,,,,wind:wind_get_stock_events
002318.SZ,002318.SZ_20220526_1,2022-05-26,2022-05-25,2022-05-26,0.4,,,,wind:wind_get_stock_events
002318.SZ,002318.SZ_20230421_1,2023-04-21,2023-04-20,2023-04-21,0.43,,,,wind:wind_get_stock_events
002318.SZ,002318.SZ_20240530_1,2024-05-30,2024-05-29,2024-05-30,0.48,,,,wind:wind_get_stock_events
002318.SZ,002318.SZ_20250424_1,2025-04-24,2025-04-23,2025-04-24,0.97,,,,wind:wind_get_stock_events
002318.SZ,002318.SZ_20260528_1,2026-05-28,2026-05-27,2026-05-28,1,,,,wind:wind_get_stock_events
002319.SZ,002319.SZ_20150619_1,2015-06-19,2015-06-18,2015-06-19,0.01,,,,wind:wind_get_stock_events
002319.SZ,002319.SZ_20160722_1,2016-07-22,2016-07-21,2016-07-22,0.005,,,,wind:wind_get_stock_events
002319.SZ,002319.SZ_20180706_1,2018-07-06,2018-07-05,2018-07-06,0.0162,,,,wind:wind_get_stock_events
002320.SZ,002320.SZ_20150623_1,2015-06-23,2015-06-19,2015-06-23,0.018,,,,wind:wind_get_stock_events
002320.SZ,002320.SZ_20160701_1,2016-07-01,2016-06-30,2016-07-01,0.026,,,,wind:wind_get_stock_events
002320.SZ,002320.SZ_20170613_1,2017-06-13,2017-06-12,2017-06-13,0.028,,,,wind:wind_get_stock_events
002320.SZ,002320.SZ_20180606_1,2018-06-06,2018-06-05,2018-06-06,0.2,,0.3,2018-06-06,wind:wind_get_stock_events
002320.SZ,002320.SZ_20190529_1,2019-05-29,2019-05-28,2019-05-29,0.15,,0.5,2019-05-29,wind:wind_get_stock_events
002320.SZ,002320.SZ_20200427_1,2020-04-27,2020-04-24,2020-04-27,0.2,,0.5,2020-04-27,wind:wind_get_stock_events
002320.SZ,002320.SZ_20210429_1,2021-04-29,2021-04-28,2021-04-29,0.14,,0.5,2021-04-29,wind:wind_get_stock_events
002320.SZ,002320.SZ_20220523_1,2022-05-23,2022-05-20,2022-05-23,0.1,,,,wind:wind_get_stock_events
002320.SZ,002320.SZ_20230612_1,2023-06-12,2023-06-09,2023-06-12,0.045,,,,wind:wind_get_stock_events
002320.SZ,002320.SZ_20240614_1,2024-06-14,2024-06-13,2024-06-14,0.116,,,,wind:wind_get_stock_events
002320.SZ,002320.SZ_20250429_1,2025-04-29,2025-04-28,2025-04-29,0.04,,,,wind:wind_get_stock_events
002320.SZ,002320.SZ_20260429_1,2026-04-29,2026-04-28,2026-04-29,0.04,,,,wind:wind_get_stock_events
002321.SZ,002321.SZ_20180709_1,2018-07-09,2018-07-06,2018-07-09,0.05,,,,wind:wind_get_stock_events
002321.SZ,002321.SZ_20220104_1,2022-01-04,2021-12-31,,,,2.992,2022-01-04,wind:wind_get_stock_events
002322.SZ,002322.SZ_20150602_1,2015-06-02,2015-06-01,2015-06-02,0.2,,,,wind:wind_get_stock_events
002322.SZ,002322.SZ_20160708_1,2016-07-08,2016-07-07,2016-07-08,0.1,,,,wind:wind_get_stock_events
002322.SZ,002322.SZ_20170602_1,2017-06-02,2017-06-01,2017-06-02,0.3,,,,wind:wind_get_stock_events
002322.SZ,002322.SZ_20180601_1,2018-06-01,2018-05-31,2018-06-01,0.3,,,,wind:wind_get_stock_events
002322.SZ,002322.SZ_20181031_1,2018-10-31,2018-10-30,2018-10-31,0.2,,,,wind:wind_get_stock_events
002322.SZ,002322.SZ_20190614_1,2019-06-14,2019-06-13,2019-06-14,0.3,,,,wind:wind_get_stock_events
002322.SZ,002322.SZ_20190924_1,2019-09-24,2019-09-23,2019-09-24,0.25,,,,wind:wind_get_stock_events
002322.SZ,002322.SZ_20200527_1,2020-05-27,2020-05-26,2020-05-27,0.35,,,,wind:wind_get_stock_events
002322.SZ,002322.SZ_20210707_1,2021-07-07,2021-07-06,2021-07-07,0.65,,,,wind:wind_get_stock_events
002322.SZ,002322.SZ_20220711_1,2022-07-11,2022-07-08,2022-07-11,0.2,,,,wind:wind_get_stock_events
002322.SZ,002322.SZ_20230713_1,2023-07-13,2023-07-12,2023-07-13,0.05,,,,wind:wind_get_stock_events
002322.SZ,002322.SZ_20240523_1,2024-05-23,2024-05-22,2024-05-23,0.85,,,,wind:wind_get_stock_events
002322.SZ,002322.SZ_20240920_1,2024-09-20,2024-09-19,2024-09-20,0.39,,,,wind:wind_get_stock_events
002322.SZ,002322.SZ_20250530_1,2025-05-30,2025-05-29,2025-05-30,0.38,,,,wind:wind_get_stock_events
002322.SZ,002322.SZ_20250923_1,2025-09-23,2025-09-22,2025-09-23,0.28,,,,wind:wind_get_stock_events
002322.SZ,002322.SZ_20260430_1,2026-04-30,2026-04-29,2026-04-30,0.33,,,,wind:wind_get_stock_events
002322.SZ,002322.SZ_20260909_1,2026-09-09,2026-09-08,2026-09-09,0.34,,,,wind:wind_get_stock_events
002323.SZ,002323.SZ_20160427_1,2016-04-27,2016-04-26,2016-04-27,0.108,,2,2016-04-27,wind:wind_get_stock_events
002323.SZ,002323.SZ_20170726_1,2017-07-26,2017-07-25,2017-07-26,0.034,,,,wind:wind_get_stock_events
002323.SZ,002323.SZ_20220106_1,2022-01-06,2021-12-30,,,,2.1818,2022-01-06,wind:wind_get_stock_events
002323.SZ,002323.SZ_20220106_2,2022-01-06,2021-12-30,,,,1.2261,2022-01-06,wind:wind_get_stock_events
002324.SZ,002324.SZ_20150709_1,2015-07-09,2015-07-08,2015-07-09,0.1,,,,wind:wind_get_stock_events
002324.SZ,002324.SZ_20160520_1,2016-05-20,2016-05-19,2016-05-20,0.1,,,,wind:wind_get_stock_events
002324.SZ,002324.SZ_20170706_1,2017-07-06,2017-07-05,2017-07-06,0.1,,,,wind:wind_get_stock_events
002324.SZ,002324.SZ_20180528_1,2018-05-28,2018-05-25,2018-05-28,0.1,,0.5,2018-05-28,wind:wind_get_stock_events
002324.SZ,002324.SZ_20190521_1,2019-05-21,2019-05-20,2019-05-21,0.2,,0.3,2019-05-21,wind:wind_get_stock_events
002324.SZ,002324.SZ_20200422_1,2020-04-22,2020-04-21,2020-04-22,0.1,0.3,0.3,2020-04-22,wind:wind_get_stock_events
002324.SZ,002324.SZ_20210528_1,2021-05-28,2021-05-27,2021-05-28,0.05,0.2,,2021-05-28,wind:wind_get_stock_events
002324.SZ,002324.SZ_20220513_1,2022-05-13,2022-05-12,2022-05-13,0.05,,,,wind:wind_get_stock_events
002324.SZ,002324.SZ_20230523_1,2023-05-23,2023-05-22,2023-05-23,0.05,,,,wind:wind_get_stock_events
002324.SZ,002324.SZ_20240625_1,2024-06-25,2024-06-24,2024-06-25,0.05,,,,wind:wind_get_stock_events
002324.SZ,002324.SZ_20241022_1,2024-10-22,2024-10-21,2024-10-22,0.02,,,,wind:wind_get_stock_events
002324.SZ,002324.SZ_20250610_1,2025-06-10,2025-06-09,2025-06-10,0.05,,,,wind:wind_get_stock_events
002324.SZ,002324.SZ_20260612_1,2026-06-12,2026-06-11,2026-06-12,0.055,,,,wind:wind_get_stock_events
002327.SZ,002327.SZ_20150514_1,2015-05-14,2015-05-13,2015-05-14,0.1,,1,2015-05-14,wind:wind_get_stock_events
002327.SZ,002327.SZ_20160602_1,2016-06-02,2016-06-01,2016-06-02,0.1,,,,wind:wind_get_stock_events
002327.SZ,002327.SZ_20170626_1,2017-06-26,2017-06-23,2017-06-26,0.1,,,,wind:wind_get_stock_events
002327.SZ,002327.SZ_20180525_1,2018-05-25,2018-05-24,2018-05-25,0.25,,,,wind:wind_get_stock_events
002327.SZ,002327.SZ_20190515_1,2019-05-15,2019-05-14,2019-05-15,0.5,,,,wind:wind_get_stock_events
002327.SZ,002327.SZ_20200612_1,2020-06-12,2020-06-11,2020-06-12,0.5,,,,wind:wind_get_stock_events
002327.SZ,002327.SZ_20210608_1,2021-06-08,2021-06-07,2021-06-08,0.5,,,,wind:wind_get_stock_events
002327.SZ,002327.SZ_20220608_1,2022-06-08,2022-06-07,2022-06-08,0.6,,,,wind:wind_get_stock_events
002327.SZ,002327.SZ_20230609_1,2023-06-09,2023-06-08,2023-06-09,0.6,,,,wind:wind_get_stock_events
002327.SZ,002327.SZ_20240619_1,2024-06-19,2024-06-18,2024-06-19,0.65,,,,wind:wind_get_stock_events
002327.SZ,002327.SZ_20250610_1,2025-06-10,2025-06-09,2025-06-10,0.62,,,,wind:wind_get_stock_events
002327.SZ,002327.SZ_20260617_1,2026-06-17,2026-06-16,2026-06-17,0.385,,,,wind:wind_get_stock_events
002328.SZ,002328.SZ_20150610_1,2015-06-10,2015-06-09,2015-06-10,0.06,,,,wind:wind_get_stock_events
002328.SZ,002328.SZ_20160525_1,2016-05-25,2016-05-24,2016-05-25,0.045,,,,wind:wind_get_stock_events
002328.SZ,002328.SZ_20170526_1,2017-05-26,2017-05-25,2017-05-26,0.045,,,,wind:wind_get_stock_events
002328.SZ,002328.SZ_20180625_1,2018-06-25,2018-06-22,2018-06-25,0.045,,,,wind:wind_get_stock_events
002328.SZ,002328.SZ_20190612_1,2019-06-12,2019-06-11,2019-06-12,0.112,,0.7,2019-06-12,wind:wind_get_stock_events
002328.SZ,002328.SZ_20200527_1,2020-05-27,2020-05-26,2020-05-27,0.13,,,,wind:wind_get_stock_events
002328.SZ,002328.SZ_20210527_1,2021-05-27,2021-05-26,2021-05-27,0.13,,,,wind:wind_get_stock_events
002328.SZ,002328.SZ_20220527_1,2022-05-27,2022-05-26,2022-05-27,0.13,,,,wind:wind_get_stock_events
002328.SZ,002328.SZ_20230530_1,2023-05-30,2023-05-29,2023-05-30,0.13,,,,wind:wind_get_stock_events
002328.SZ,002328.SZ_20240626_1,2024-06-26,2024-06-25,2024-06-26,0.13,,,,wind:wind_get_stock_events
002328.SZ,002328.SZ_20241129_1,2024-11-29,2024-11-28,2024-11-29,0.026,,,,wind:wind_get_stock_events
002328.SZ,002328.SZ_20250610_1,2025-06-10,2025-06-09,2025-06-10,0.116,,,,wind:wind_get_stock_events
002328.SZ,002328.SZ_20250926_1,2025-09-26,2025-09-25,2025-09-26,0.026,,,,wind:wind_get_stock_events
002328.SZ,002328.SZ_20260529_1,2026-05-29,2026-05-28,2026-05-29,0.116,,,,wind:wind_get_stock_events
002328.SZ,002328.SZ_20260921_1,2026-09-21,2026-09-18,2026-09-21,0.014,,,,wind:wind_get_stock_events
002329.SZ,002329.SZ_20150504_1,2015-05-04,2015-04-30,2015-05-04,0.05,,,,wind:wind_get_stock_events
002329.SZ,002329.SZ_20150923_1,2015-09-23,2015-09-22,,,,1.8,2015-09-23,wind:wind_get_stock_events
002329.SZ,002329.SZ_20170714_1,2017-07-14,2017-07-13,2017-07-14,0.06,,,,wind:wind_get_stock_events
002329.SZ,002329.SZ_20180528_1,2018-05-28,2018-05-25,2018-05-28,0.01,,,,wind:wind_get_stock_events
002329.SZ,002329.SZ_20200818_1,2020-08-18,2020-08-17,2020-08-18,0.01,,,,wind:wind_get_stock_events
002330.SZ,002330.SZ_20150513_1,2015-05-13,2015-05-12,2015-05-13,0.03,,,,wind:wind_get_stock_events
002330.SZ,002330.SZ_20180719_1,2018-07-19,2018-07-18,2018-07-19,0.008,,,,wind:wind_get_stock_events
002330.SZ,002330.SZ_20210708_1,2021-07-08,2021-07-07,2021-07-08,0.01,,,,wind:wind_get_stock_events
002330.SZ,002330.SZ_20220628_1,2022-06-28,2022-06-27,2022-06-28,0.01,,,,wind:wind_get_stock_events
002330.SZ,002330.SZ_20240709_1,2024-07-09,2024-07-08,2024-07-09,0.01,,,,wind:wind_get_stock_events
002331.SZ,002331.SZ_20150326_1,2015-03-26,2015-03-25,2015-03-26,0.05,,0.2,2015-03-26,wind:wind_get_stock_events
002331.SZ,002331.SZ_20160512_1,2016-05-12,2016-05-11,2016-05-12,0.05,,0.2,2016-05-12,wind:wind_get_stock_events
002331.SZ,002331.SZ_20170414_1,2017-04-14,2017-04-13,2017-04-14,0.05,,,,wind:wind_get_stock_events
002331.SZ,002331.SZ_20190625_1,2019-06-25,2019-06-24,2019-06-25,0.03,,,,wind:wind_get_stock_events
002331.SZ,002331.SZ_20200731_1,2020-07-31,2020-07-30,2020-07-31,0.07,,,,wind:wind_get_stock_events
002331.SZ,002331.SZ_20250613_1,2025-06-13,2025-06-12,2025-06-13,0.03,,,,wind:wind_get_stock_events
002333.SZ,002333.SZ_20150521_1,2015-05-21,2015-05-20,2015-05-21,0.3,,,,wind:wind_get_stock_events
002333.SZ,002333.SZ_20160527_1,2016-05-27,2016-05-26,2016-05-27,0.2,,1,2016-05-27,wind:wind_get_stock_events
002333.SZ,002333.SZ_20170608_1,2017-06-08,2017-06-07,2017-06-08,0.1,,,,wind:wind_get_stock_events
002333.SZ,002333.SZ_20190712_1,2019-07-12,2019-07-11,2019-07-12,0.2,,,,wind:wind_get_stock_events
002333.SZ,002333.SZ_20240613_1,2024-06-13,2024-06-12,2024-06-13,0.035,,,,wind:wind_get_stock_events
002333.SZ,002333.SZ_20250520_1,2025-05-20,2025-05-19,2025-05-20,0.01,,,,wind:wind_get_stock_events
002333.SZ,002333.SZ_20260608_1,2026-06-08,2026-06-05,2026-06-08,0.01,,,,wind:wind_get_stock_events
002334.SZ,002334.SZ_20150430_1,2015-04-30,2015-04-29,2015-04-30,0.1501,,1.0007,2015-04-30,wind:wind_get_stock_events
002334.SZ,002334.SZ_20160504_1,2016-05-04,2016-05-03,2016-05-04,0.05,,,,wind:wind_get_stock_events
002334.SZ,002334.SZ_20170427_1,2017-04-27,2017-04-26,2017-04-27,0.05,,,,wind:wind_get_stock_events
002334.SZ,002334.SZ_20180510_1,2018-05-10,2018-05-09,2018-05-10,0.15,,,,wind:wind_get_stock_events
002334.SZ,002334.SZ_20190522_1,2019-05-22,2019-05-21,2019-05-22,0.05,,,,wind:wind_get_stock_events
002334.SZ,002334.SZ_20230530_1,2023-05-30,2023-05-29,2023-05-30,0.06,,,,wind:wind_get_stock_events
002334.SZ,002334.SZ_20240523_1,2024-05-23,2024-05-22,2024-05-23,0.06,,,,wind:wind_get_stock_events
002334.SZ,002334.SZ_20250624_1,2025-06-24,2025-06-23,2025-06-24,0.06,,,,wind:wind_get_stock_events
002334.SZ,002334.SZ_20260526_1,2026-05-26,2026-05-25,2026-05-26,0.06,,,,wind:wind_get_stock_events
002335.SZ,002335.SZ_20150518_1,2015-05-18,2015-05-15,2015-05-18,0.1,,,,wind:wind_get_stock_events
002335.SZ,002335.SZ_20160929_1,2016-09-29,2016-09-28,2016-09-29,0.3,,,,wind:wind_get_stock_events
002335.SZ,002335.SZ_20170608_1,2017-06-08,2017-06-07,2017-06-08,0.3,,,,wind:wind_get_stock_events
002335.SZ,002335.SZ_20180516_1,2018-05-16,2018-05-15,2018-05-16,1,,,,wind:wind_get_stock_events
002335.SZ,002335.SZ_20190531_1,2019-05-31,2019-05-30,2019-05-31,1,,,,wind:wind_get_stock_events
002335.SZ,002335.SZ_20200602_1,2020-06-02,2020-06-01,2020-06-02,0.6,,,,wind:wind_get_stock_events
002335.SZ,002335.SZ_20200928_1,2020-09-28,2020-09-25,,,,0.7,2020-09-28,wind:wind_get_stock_events
002335.SZ,002335.SZ_20210602_1,2021-06-02,2021-06-01,2021-06-02,0.3,,,,wind:wind_get_stock_events
002335.SZ,002335.SZ_20220602_1,2022-06-02,2022-06-01,2022-06-02,0.09,,,,wind:wind_get_stock_events
002335.SZ,002335.SZ_20230531_1,2023-05-31,2023-05-30,2023-05-31,0.05,,,,wind:wind_get_stock_events
002335.SZ,002335.SZ_20240531_1,2024-05-31,2024-05-30,2024-05-31,0.12,,,,wind:wind_get_stock_events
002335.SZ,002335.SZ_20250530_1,2025-05-30,2025-05-29,2025-05-30,0.1,,,,wind:wind_get_stock_events
002335.SZ,002335.SZ_20260529_1,2026-05-29,2026-05-28,2026-05-29,0.5,,0.45,2026-05-29,wind:wind_get_stock_events
002337.SZ,002337.SZ_20150306_1,2015-03-06,2015-03-05,,,,2,2015-03-06,wind:wind_get_stock_events
002337.SZ,002337.SZ_20180614_1,2018-06-14,2018-06-13,2018-06-14,0.01,,,,wind:wind_get_stock_events
002337.SZ,002337.SZ_20200520_1,2020-05-20,2020-05-19,2020-05-20,0.02,,,,wind:wind_get_stock_events
002337.SZ,002337.SZ_20240606_1,2024-06-06,2024-06-05,2024-06-06,0.033,,,,wind:wind_get_stock_events
002337.SZ,002337.SZ_20250611_1,2025-06-11,2025-06-10,2025-06-11,0.021,,,,wind:wind_get_stock_events
002337.SZ,002337.SZ_20260609_1,2026-06-09,2026-06-08,2026-06-09,0.026,,,,wind:wind_get_stock_events
002338.SZ,002338.SZ_20150722_1,2015-07-22,2015-07-21,2015-07-22,0.25,,,,wind:wind_get_stock_events
002338.SZ,002338.SZ_20160711_1,2016-07-11,2016-07-08,2016-07-11,0.15,,,,wind:wind_get_stock_events
002338.SZ,002338.SZ_20170707_1,2017-07-07,2017-07-06,2017-07-07,0.2,,1,2017-07-07,wind:wind_get_stock_events
002338.SZ,002338.SZ_20180718_1,2018-07-18,2018-07-17,2018-07-18,0.03,,,,wind:wind_get_stock_events
002338.SZ,002338.SZ_20190716_1,2019-07-16,2019-07-15,2019-07-16,0.05,,,,wind:wind_get_stock_events
002338.SZ,002338.SZ_20200709_1,2020-07-09,2020-07-08,2020-07-09,0.05,,,,wind:wind_get_stock_events
002338.SZ,002338.SZ_20210716_1,2021-07-16,2021-07-15,2021-07-16,0.08,,,,wind:wind_get_stock_events
002338.SZ,002338.SZ_20220721_1,2022-07-21,2022-07-20,2022-07-21,0.04,,,,wind:wind_get_stock_events
002338.SZ,002338.SZ_20230721_1,2023-07-21,2023-07-20,2023-07-21,0.01,,,,wind:wind_get_stock_events
002338.SZ,002338.SZ_20240719_1,2024-07-19,2024-07-18,2024-07-19,0.025,,,,wind:wind_get_stock_events
002338.SZ,002338.SZ_20241107_1,2024-11-07,2024-11-06,2024-11-07,0.01,,,,wind:wind_get_stock_events
002338.SZ,002338.SZ_20250609_1,2025-06-09,2025-06-06,2025-06-09,0.06,,,,wind:wind_get_stock_events
002338.SZ,002338.SZ_20260528_1,2026-05-28,2026-05-27,2026-05-28,0.07,,,,wind:wind_get_stock_events
002339.SZ,002339.SZ_20150604_1,2015-06-04,2015-06-03,2015-06-04,0.06,,,,wind:wind_get_stock_events
002339.SZ,002339.SZ_20160531_1,2016-05-31,2016-05-30,2016-05-31,0.06,,,,wind:wind_get_stock_events
002339.SZ,002339.SZ_20170606_1,2017-06-06,2017-06-05,2017-06-06,0.03,,,,wind:wind_get_stock_events
002339.SZ,002339.SZ_20180529_1,2018-05-29,2018-05-28,2018-05-29,0.04,,,,wind:wind_get_stock_events
002339.SZ,002339.SZ_20190523_1,2019-05-23,2019-05-22,2019-05-23,0.06,,0.3,2019-05-23,wind:wind_get_stock_events
002339.SZ,002339.SZ_20200605_1,2020-06-05,2020-06-04,2020-06-05,0.03,,,,wind:wind_get_stock_events
002339.SZ,002339.SZ_20210604_1,2021-06-04,2021-06-03,2021-06-04,0.03,,,,wind:wind_get_stock_events
002339.SZ,002339.SZ_20240620_1,2024-06-20,2024-06-19,2024-06-20,0.02,,,,wind:wind_get_stock_events
002339.SZ,002339.SZ_20250610_1,2025-06-10,2025-06-09,2025-06-10,0.02,,,,wind:wind_get_stock_events
002339.SZ,002339.SZ_20260605_1,2026-06-05,2026-06-04,2026-06-05,0.02,,,,wind:wind_get_stock_events
002340.SZ,002340.SZ_20150126_1,2015-01-26,2015-01-23,2015-01-26,0.055,,,,wind:wind_get_stock_events
002340.SZ,002340.SZ_20150515_1,2015-05-15,2015-05-14,2015-05-15,0.01,,0.3,2015-05-15,wind:wind_get_stock_events
002340.SZ,002340.SZ_20160601_1,2016-06-01,2016-05-31,2016-06-01,0.02,,1,2016-06-01,wind:wind_get_stock_events
002340.SZ,002340.SZ_20170519_1,2017-05-19,2017-05-18,2017-05-19,0.01,,0.3,2017-05-19,wind:wind_get_stock_events
002340.SZ,002340.SZ_20180529_1,2018-05-29,2018-05-28,2018-05-29,0.026,,,,wind:wind_get_stock_events
002340.SZ,002340.SZ_20190515_1,2019-05-15,2019-05-14,2019-05-15,0.03,,,,wind:wind_get_stock_events
002340.SZ,002340.SZ_20200612_1,2020-06-12,2020-06-11,2020-06-12,0.03,,,,wind:wind_get_stock_events
002340.SZ,002340.SZ_20210618_1,2021-06-18,2021-06-17,2021-06-18,0.015,,,,wind:wind_get_stock_events
002340.SZ,002340.SZ_20220617_1,2022-06-17,2022-06-16,2022-06-17,0.029,,,,wind:wind_get_stock_events
002340.SZ,002340.SZ_20230714_1,2023-07-14,2023-07-13,2023-07-14,0.05,,,,wind:wind_get_stock_events
002340.SZ,002340.SZ_20240704_1,2024-07-04,2024-07-03,2024-07-04,0.08,,,,wind:wind_get_stock_events
002340.SZ,002340.SZ_20250704_1,2025-07-04,2025-07-03,2025-07-04,0.066,,,,wind:wind_get_stock_events
002340.SZ,002340.SZ_20260707_1,2026-07-07,2026-07-06,2026-07-07,0.095,,,,wind:wind_get_stock_events
002346.SZ,002346.SZ_20150717_1,2015-07-17,2015-07-16,2015-07-17,0.05,,,,wind:wind_get_stock_events
002346.SZ,002346.SZ_20160628_1,2016-06-28,2016-06-27,2016-06-28,0.1,,,,wind:wind_get_stock_events
002346.SZ,002346.SZ_20170725_1,2017-07-25,2017-07-24,2017-07-25,0.1,,,,wind:wind_get_stock_events
002346.SZ,002346.SZ_20180716_1,2018-07-16,2018-07-13,2018-07-16,0.2,,,,wind:wind_get_stock_events
002346.SZ,002346.SZ_20190722_1,2019-07-22,2019-07-19,2019-07-22,0.2,,,,wind:wind_get_stock_events
002346.SZ,002346.SZ_20200609_1,2020-06-09,2020-06-08,2020-06-09,0.2,,,,wind:wind_get_stock_events
002346.SZ,002346.SZ_20210521_1,2021-05-21,2021-05-20,2021-05-21,0.2,,,,wind:wind_get_stock_events
002346.SZ,002346.SZ_20220526_1,2022-05-26,2022-05-25,2022-05-26,0.2,,,,wind:wind_get_stock_events
002346.SZ,002346.SZ_20230704_1,2023-07-04,2023-07-03,2023-07-04,0.2,,,,wind:wind_get_stock_events
002346.SZ,002346.SZ_20240528_1,2024-05-28,2024-05-27,2024-05-28,0.2,,,,wind:wind_get_stock_events
002346.SZ,002346.SZ_20250613_1,2025-06-13,2025-06-12,2025-06-13,0.5,,,,wind:wind_get_stock_events
002346.SZ,002346.SZ_20260707_1,2026-07-07,2026-07-06,2026-07-07,0.5,,,,wind:wind_get_stock_events
002348.SZ,002348.SZ_20150519_1,2015-05-19,2015-05-18,2015-05-19,0.05,,,,wind:wind_get_stock_events
002348.SZ,002348.SZ_20160511_1,2016-05-11,2016-05-10,2016-05-11,0.05,0.1,0.9,2016-05-11,wind:wind_get_stock_events
002348.SZ,002348.SZ_20170609_1,2017-06-09,2017-06-08,2017-06-09,0.02,,,,wind:wind_get_stock_events
002349.SZ,002349.SZ_20150410_1,2015-04-10,2015-04-09,2015-04-10,0.1,,,,wind:wind_get_stock_events
002349.SZ,002349.SZ_20160308_1,2016-03-08,2016-03-07,2016-03-08,0.1,,0.5,2016-03-08,wind:wind_get_stock_events
002349.SZ,002349.SZ_20170314_1,2017-03-14,2017-03-13,2017-03-14,0.15,,1,2017-03-14,wind:wind_get_stock_events
002349.SZ,002349.SZ_20180510_1,2018-05-10,2018-05-09,2018-05-10,0.05,,,,wind:wind_get_stock_events
002349.SZ,002349.SZ_20190508_1,2019-05-08,2019-05-07,2019-05-08,0.05,,,,wind:wind_get_stock_events
002349.SZ,002349.SZ_20210630_1,2021-06-30,2021-06-29,2021-06-30,0.041,,,,wind:wind_get_stock_events
002349.SZ,002349.SZ_20220613_1,2022-06-13,2022-06-10,2022-06-13,0.06,,,,wind:wind_get_stock_events
002349.SZ,002349.SZ_20230609_1,2023-06-09,2023-06-08,2023-06-09,0.08,,,,wind:wind_get_stock_events
002349.SZ,002349.SZ_20240612_1,2024-06-12,2024-06-11,2024-06-12,0.092,,,,wind:wind_get_stock_events
002349.SZ,002349.SZ_20250606_1,2025-06-06,2025-06-05,2025-06-06,0.0785,,,,wind:wind_get_stock_events
002349.SZ,002349.SZ_20260529_1,2026-05-29,2026-05-28,2026-05-29,0.09,,,,wind:wind_get_stock_events
002350.SZ,002350.SZ_20150529_1,2015-05-29,2015-05-28,2015-05-29,0.15,,,,wind:wind_get_stock_events
002350.SZ,002350.SZ_20160624_1,2016-06-24,2016-06-23,2016-06-24,0.05,,,,wind:wind_get_stock_events
002350.SZ,002350.SZ_20170609_1,2017-06-09,2017-06-08,2017-06-09,0.15,,0.7,2017-06-09,wind:wind_get_stock_events
002350.SZ,002350.SZ_20180914_1,2018-09-14,2018-09-13,2018-09-14,0.06,,,,wind:wind_get_stock_events
002350.SZ,002350.SZ_20190610_1,2019-06-10,2019-06-06,2019-06-10,0.06,,,,wind:wind_get_stock_events
002350.SZ,002350.SZ_20200519_1,2020-05-19,2020-05-18,2020-05-19,0.06,,0.1,2020-05-19,wind:wind_get_stock_events
002350.SZ,002350.SZ_20210611_1,2021-06-11,2021-06-10,2021-06-11,0.071,,,,wind:wind_get_stock_events
002350.SZ,002350.SZ_20220629_1,2022-06-29,2022-06-28,2022-06-29,0.01,,,,wind:wind_get_stock_events
002350.SZ,002350.SZ_20250618_1,2025-06-18,2025-06-17,2025-06-18,0.03,,,,wind:wind_get_stock_events
002350.SZ,002350.SZ_20260610_1,2026-06-10,2026-06-09,2026-06-10,0.032,,,,wind:wind_get_stock_events
002354.SZ,002354.SZ_20150429_1,2015-04-29,2015-04-28,2015-04-29,0.104,,,,wind:wind_get_stock_events
002354.SZ,002354.SZ_20160520_1,2016-05-20,2016-05-19,2016-05-20,0.248,,,,wind:wind_get_stock_events
002354.SZ,002354.SZ_20170512_1,2017-05-12,2017-05-11,2017-05-12,0.4123,,1.8,2017-05-12,wind:wind_get_stock_events
002354.SZ,002354.SZ_20180702_1,2018-07-02,2018-06-29,2018-07-02,0.02,,,,wind:wind_get_stock_events
002356.SZ,002356.SZ_20150507_1,2015-05-07,2015-05-06,2015-05-07,0.15,,2,2015-05-07,wind:wind_get_stock_events
002356.SZ,002356.SZ_20160603_1,2016-06-03,2016-06-02,2016-06-03,0.07,,,,wind:wind_get_stock_events
002356.SZ,002356.SZ_20170717_1,2017-07-17,2017-07-14,2017-07-17,0.1,,,,wind:wind_get_stock_events
002356.SZ,002356.SZ_20180717_1,2018-07-17,2018-07-16,2018-07-17,0.1,,0.7,2018-07-17,wind:wind_get_stock_events
002356.SZ,002356.SZ_20220104_1,2022-01-04,2021-12-31,,,,1.484,2022-01-04,wind:wind_get_stock_events
002357.SZ,002357.SZ_20150408_1,2015-04-08,2015-04-07,2015-04-08,0.12,,,,wind:wind_get_stock_events
002357.SZ,002357.SZ_20150917_1,2015-09-17,2015-09-16,,,,0.6,2015-09-17,wind:wind_get_stock_events
002357.SZ,002357.SZ_20160622_1,2016-06-22,2016-06-21,2016-06-22,0.19,,,,wind:wind_get_stock_events
002357.SZ,002357.SZ_20170526_1,2017-05-26,2017-05-25,2017-05-26,0.15,,,,wind:wind_get_stock_events
002357.SZ,002357.SZ_20180427_1,2018-04-27,2018-04-26,2018-04-27,0.1,,,,wind:wind_get_stock_events
002357.SZ,002357.SZ_20190709_1,2019-07-09,2019-07-08,2019-07-09,0.1,,,,wind:wind_get_stock_events
002357.SZ,002357.SZ_20220707_1,2022-07-07,2022-07-06,2022-07-07,0.12,,,,wind:wind_get_stock_events
002357.SZ,002357.SZ_20240710_1,2024-07-10,2024-07-09,2024-07-10,0.05,,,,wind:wind_get_stock_events
002357.SZ,002357.SZ_20250122_1,2025-01-22,2025-01-21,2025-01-22,0.05,,,,wind:wind_get_stock_events
002357.SZ,002357.SZ_20250619_1,2025-06-19,2025-06-18,2025-06-19,0.05,,,,wind:wind_get_stock_events
002357.SZ,002357.SZ_20260108_1,2026-01-08,2026-01-07,2026-01-08,0.05,,,,wind:wind_get_stock_events
002360.SZ,002360.SZ_20150430_1,2015-04-30,2015-04-29,2015-04-30,0.1,,,,wind:wind_get_stock_events
002360.SZ,002360.SZ_20160429_1,2016-04-29,2016-04-28,2016-04-29,0.1,,,,wind:wind_get_stock_events
002360.SZ,002360.SZ_20170519_1,2017-05-19,2017-05-18,2017-05-19,0.1,,,,wind:wind_get_stock_events
002360.SZ,002360.SZ_20180515_1,2018-05-15,2018-05-14,2018-05-15,0.15,,,,wind:wind_get_stock_events
002360.SZ,002360.SZ_20190514_1,2019-05-14,2019-05-13,2019-05-14,0.1,,,,wind:wind_get_stock_events
002360.SZ,002360.SZ_20200525_1,2020-05-25,2020-05-22,2020-05-25,0.15,,,,wind:wind_get_stock_events
002360.SZ,002360.SZ_20210525_1,2021-05-25,2021-05-24,2021-05-25,0.1,,,,wind:wind_get_stock_events
002360.SZ,002360.SZ_20240711_1,2024-07-11,2024-07-10,2024-07-11,0.186,,,,wind:wind_get_stock_events
002363.SZ,002363.SZ_20150615_1,2015-06-15,2015-06-12,2015-06-15,0.05,,,,wind:wind_get_stock_events
002363.SZ,002363.SZ_20160530_1,2016-05-30,2016-05-27,2016-05-30,0.02,,,,wind:wind_get_stock_events
002363.SZ,002363.SZ_20170512_1,2017-05-12,2017-05-11,2017-05-12,0.02,,,,wind:wind_get_stock_events
002363.SZ,002363.SZ_20180622_1,2018-06-22,2018-06-21,2018-06-22,0.02,,,,wind:wind_get_stock_events
002363.SZ,002363.SZ_20190711_1,2019-07-11,2019-07-10,2019-07-11,0.02,,,,wind:wind_get_stock_events
002363.SZ,002363.SZ_20200527_1,2020-05-27,2020-05-26,2020-05-27,0.045,,,,wind:wind_get_stock_events
002363.SZ,002363.SZ_20200824_1,2020-08-24,2020-08-21,2020-08-24,0.4,,,,wind:wind_get_stock_events
002363.SZ,002363.SZ_20210607_1,2021-06-07,2021-06-04,2021-06-07,0.2,,,,wind:wind_get_stock_events
002363.SZ,002363.SZ_20220428_1,2022-04-28,2022-04-27,2022-04-28,0.2,,,,wind:wind_get_stock_events
002363.SZ,002363.SZ_20230519_1,2023-05-19,2023-05-18,2023-05-19,0.12,,,,wind:wind_get_stock_events
002363.SZ,002363.SZ_20240628_1,2024-06-28,2024-06-27,2024-06-28,0.08,,,,wind:wind_get_stock_events
002363.SZ,002363.SZ_20241018_1,2024-10-18,2024-10-17,2024-10-18,0.05,,,,wind:wind_get_stock_events
002363.SZ,002363.SZ_20250613_1,2025-06-13,2025-06-12,2025-06-13,0.06,,,,wind:wind_get_stock_events
002363.SZ,002363.SZ_20260605_1,2026-06-05,2026-06-04,2026-06-05,0.08,,,,wind:wind_get_stock_events
002365.SZ,002365.SZ_20150715_1,2015-07-15,2015-07-14,2015-07-15,0.06,,,,wind:wind_get_stock_events
002365.SZ,002365.SZ_20160811_1,2016-08-11,2016-08-10,2016-08-11,0.03,,,,wind:wind_get_stock_events
002365.SZ,002365.SZ_20170609_1,2017-06-09,2017-06-08,2017-06-09,0.1,,,,wind:wind_get_stock_events
002365.SZ,002365.SZ_20180515_1,2018-05-15,2018-05-14,2018-05-15,0.1,,0.5,2018-05-15,wind:wind_get_stock_events
002365.SZ,002365.SZ_20190527_1,2019-05-27,2019-05-24,2019-05-27,0.1007,,,,wind:wind_get_stock_events
002365.SZ,002365.SZ_20200529_1,2020-05-29,2020-05-28,2020-05-29,0.15,,,,wind:wind_get_stock_events
002365.SZ,002365.SZ_20210709_1,2021-07-09,2021-07-08,2021-07-09,0.1,,,,wind:wind_get_stock_events
002365.SZ,002365.SZ_20230705_1,2023-07-05,2023-07-04,2023-07-05,0.1,,,,wind:wind_get_stock_events
002365.SZ,002365.SZ_20240705_1,2024-07-05,2024-07-04,2024-07-05,0.1,,,,wind:wind_get_stock_events
002365.SZ,002365.SZ_20250709_1,2025-07-09,2025-07-08,2025-07-09,0.1,,,,wind:wind_get_stock_events
002365.SZ,002365.SZ_20260611_1,2026-06-11,2026-06-10,2026-06-11,0.1,,,,wind:wind_get_stock_events
002366.SZ,002366.SZ_20160720_1,2016-07-20,2016-07-19,2016-07-20,0.05,,,,wind:wind_get_stock_events
002366.SZ,002366.SZ_20170705_1,2017-07-05,2017-07-04,2017-07-05,0.091,,1,2017-07-05,wind:wind_get_stock_events
002366.SZ,002366.SZ_20180914_1,2018-09-14,2018-09-13,2018-09-14,0.117,,,,wind:wind_get_stock_events
002366.SZ,002366.SZ_20190816_1,2019-08-16,2019-08-15,2019-08-16,0.039,,,,wind:wind_get_stock_events
002366.SZ,002366.SZ_20221222_1,2022-12-22,2022-12-21,,,,1.4,2022-12-22,wind:wind_get_stock_events
002367.SZ,002367.SZ_20150429_1,2015-04-29,2015-04-28,2015-04-29,0.25,,,,wind:wind_get_stock_events
002367.SZ,002367.SZ_20160923_1,2016-09-23,2016-09-22,2016-09-23,0.2,,,,wind:wind_get_stock_events
002367.SZ,002367.SZ_20170925_1,2017-09-25,2017-09-22,2017-09-25,0.1,,,,wind:wind_get_stock_events
002367.SZ,002367.SZ_20180518_1,2018-05-18,2018-05-17,2018-05-18,0.15,,,,wind:wind_get_stock_events
002367.SZ,002367.SZ_20180926_1,2018-09-26,2018-09-25,2018-09-26,0.6,,,,wind:wind_get_stock_events
002367.SZ,002367.SZ_20190527_1,2019-05-27,2019-05-24,2019-05-27,0.5,,,,wind:wind_get_stock_events
002367.SZ,002367.SZ_20190925_1,2019-09-25,2019-09-24,2019-09-25,0.03,,,,wind:wind_get_stock_events
002367.SZ,002367.SZ_20200430_1,2020-04-30,2020-04-29,2020-04-30,0.4,,,,wind:wind_get_stock_events
002367.SZ,002367.SZ_20200918_1,2020-09-18,2020-09-17,2020-09-18,0.15,,,,wind:wind_get_stock_events
002367.SZ,002367.SZ_20210507_1,2021-05-07,2021-05-06,2021-05-07,0.3,,,,wind:wind_get_stock_events
002367.SZ,002367.SZ_20220509_1,2022-05-09,2022-05-06,2022-05-09,0.3,,,,wind:wind_get_stock_events
002367.SZ,002367.SZ_20230511_1,2023-05-11,2023-05-10,2023-05-11,0.25,,,,wind:wind_get_stock_events
002367.SZ,002367.SZ_20240521_1,2024-05-21,2024-05-20,2024-05-21,0.35,,,,wind:wind_get_stock_events
002367.SZ,002367.SZ_20250523_1,2025-05-23,2025-05-22,2025-05-23,0.3,,,,wind:wind_get_stock_events
002367.SZ,002367.SZ_20260525_1,2026-05-25,2026-05-22,2026-05-25,0.15,,,,wind:wind_get_stock_events
002369.SZ,002369.SZ_20180711_1,2018-07-11,2018-07-10,2018-07-11,0.0601,,,,wind:wind_get_stock_events
002371.SZ,002371.SZ_20160622_1,2016-06-22,2016-06-21,2016-06-22,0.03,,,,wind:wind_get_stock_events
002371.SZ,002371.SZ_20170613_1,2017-06-13,2017-06-12,2017-06-13,0.022,,,,wind:wind_get_stock_events
002371.SZ,002371.SZ_20180703_1,2018-07-03,2018-07-02,2018-07-03,0.028,,,,wind:wind_get_stock_events
002371.SZ,002371.SZ_20190710_1,2019-07-10,2019-07-09,2019-07-10,0.052,,,,wind:wind_get_stock_events
002371.SZ,002371.SZ_20200623_1,2020-06-23,2020-06-22,2020-06-23,0.063,,,,wind:wind_get_stock_events
002371.SZ,002371.SZ_20210709_1,2021-07-09,2021-07-08,2021-07-09,0.109,,,,wind:wind_get_stock_events
002371.SZ,002371.SZ_20220713_1,2022-07-13,2022-07-12,2022-07-13,0.205,,,,wind:wind_get_stock_events
002371.SZ,002371.SZ_20230713_1,2023-07-13,2023-07-12,2023-07-13,0.445,,,,wind:wind_get_stock_events
002371.SZ,002371.SZ_20240704_1,2024-07-04,2024-07-03,2024-07-04,0.78,,,,wind:wind_get_stock_events
002371.SZ,002371.SZ_20250703_1,2025-07-03,2025-07-02,2025-07-03,1.06,,0.35,2025-07-03,wind:wind_get_stock_events
002371.SZ,002371.SZ_20260703_1,2026-07-03,2026-07-02,2026-07-03,0.762,,,,wind:wind_get_stock_events
002373.SZ,002373.SZ_20150716_1,2015-07-16,2015-07-15,2015-07-16,0.1,,,,wind:wind_get_stock_events
002373.SZ,002373.SZ_20160510_1,2016-05-10,2016-05-09,2016-05-10,0.1,,1,2016-05-10,wind:wind_get_stock_events
002373.SZ,002373.SZ_20170711_1,2017-07-11,2017-07-10,2017-07-11,0.05,,,,wind:wind_get_stock_events
002373.SZ,002373.SZ_20180607_1,2018-06-07,2018-06-06,2018-06-07,0.04,,,,wind:wind_get_stock_events
002373.SZ,002373.SZ_20190522_1,2019-05-22,2019-05-21,2019-05-22,0.055,,,,wind:wind_get_stock_events
002373.SZ,002373.SZ_20200707_1,2020-07-07,2020-07-06,2020-07-07,0.07,,,,wind:wind_get_stock_events
002373.SZ,002373.SZ_20210611_1,2021-06-11,2021-06-10,2021-06-11,0.0701,,,,wind:wind_get_stock_events
002373.SZ,002373.SZ_20240617_1,2024-06-17,2024-06-14,2024-06-17,0.05,,,,wind:wind_get_stock_events
002373.SZ,002373.SZ_20260126_1,2026-01-26,2026-01-23,2026-01-26,0.02,,,,wind:wind_get_stock_events
002373.SZ,002373.SZ_20260519_1,2026-05-19,2026-05-18,2026-05-19,0.032,,,,wind:wind_get_stock_events
002374.SZ,002374.SZ_20160418_1,2016-04-18,2016-04-15,2016-04-18,0.05,,1.2,2016-04-18,wind:wind_get_stock_events
002374.SZ,002374.SZ_20170519_1,2017-05-19,2017-05-18,2017-05-19,0.03,,,,wind:wind_get_stock_events
002375.SZ,002375.SZ_20150604_1,2015-06-04,2015-06-03,2015-06-04,0.11,,0.5,2015-06-04,wind:wind_get_stock_events
002375.SZ,002375.SZ_20160714_1,2016-07-14,2016-07-13,2016-07-14,0.06,,,,wind:wind_get_stock_events
002375.SZ,002375.SZ_20170714_1,2017-07-14,2017-07-13,2017-07-14,0.04,,,,wind:wind_get_stock_events
002375.SZ,002375.SZ_20180712_1,2018-07-12,2018-07-11,2018-07-12,0.04,,,,wind:wind_get_stock_events
002375.SZ,002375.SZ_20190712_1,2019-07-12,2019-07-11,2019-07-12,0.042,,,,wind:wind_get_stock_events
002375.SZ,002375.SZ_20200703_1,2020-07-03,2020-07-02,2020-07-03,0.033,,,,wind:wind_get_stock_events
002375.SZ,002375.SZ_20210714_1,2021-07-14,2021-07-13,2021-07-14,0.025,,,,wind:wind_get_stock_events
002375.SZ,002375.SZ_20220714_1,2022-07-14,2022-07-13,2022-07-14,0.025,,,,wind:wind_get_stock_events
002375.SZ,002375.SZ_20230714_1,2023-07-14,2023-07-13,2023-07-14,0.014,,,,wind:wind_get_stock_events
002375.SZ,002375.SZ_20240712_1,2024-07-12,2024-07-11,2024-07-12,0.02,,,,wind:wind_get_stock_events
002375.SZ,002375.SZ_20250612_1,2025-06-12,2025-06-11,2025-06-12,0.07,,,,wind:wind_get_stock_events
002375.SZ,002375.SZ_20260703_1,2026-07-03,2026-07-02,2026-07-03,0.128,,,,wind:wind_get_stock_events
002376.SZ,002376.SZ_20150625_1,2015-06-25,2015-06-24,2015-06-25,0.1,,,,wind:wind_get_stock_events
002376.SZ,002376.SZ_20160520_1,2016-05-20,2016-05-19,2016-05-20,0.15,,,,wind:wind_get_stock_events
002376.SZ,002376.SZ_20170522_1,2017-05-22,2017-05-19,2017-05-22,0.2,,,,wind:wind_get_stock_events
002376.SZ,002376.SZ_20180523_1,2018-05-23,2018-05-22,2018-05-23,0.2,,,,wind:wind_get_stock_events
002376.SZ,002376.SZ_20190529_1,2019-05-29,2019-05-28,2019-05-29,0.2,,,,wind:wind_get_stock_events
002376.SZ,002376.SZ_20200527_1,2020-05-27,2020-05-26,2020-05-27,0.2,,,,wind:wind_get_stock_events
002376.SZ,002376.SZ_20210604_1,2021-06-04,2021-06-03,2021-06-04,0.25,,,,wind:wind_get_stock_events
002376.SZ,002376.SZ_20220608_1,2022-06-08,2022-06-07,2022-06-08,0.2,,,,wind:wind_get_stock_events
002376.SZ,002376.SZ_20230608_1,2023-06-08,2023-06-07,2023-06-08,0.15,,,,wind:wind_get_stock_events
002376.SZ,002376.SZ_20240531_1,2024-05-31,2024-05-30,2024-05-31,0.15,,,,wind:wind_get_stock_events
002376.SZ,002376.SZ_20250530_1,2025-05-30,2025-05-29,2025-05-30,0.2,,,,wind:wind_get_stock_events
002376.SZ,002376.SZ_20260529_1,2026-05-29,2026-05-28,2026-05-29,0.2,,,,wind:wind_get_stock_events
002377.SZ,002377.SZ_20170627_1,2017-06-27,2017-06-26,2017-06-27,0.045,,,,wind:wind_get_stock_events
002377.SZ,002377.SZ_20200706_1,2020-07-06,2020-07-03,2020-07-06,0.15,,,,wind:wind_get_stock_events
002379.SZ,002379.SZ_20260424_1,2026-04-24,2026-04-23,2026-04-24,0.25,,,,wind:wind_get_stock_events
002380.SZ,002380.SZ_20150325_1,2015-03-25,2015-03-24,2015-03-25,0.14,,,,wind:wind_get_stock_events
002380.SZ,002380.SZ_20151009_1,2015-10-09,2015-10-08,2015-10-09,0.1,,1,2015-10-09,wind:wind_get_stock_events
002380.SZ,002380.SZ_20160527_1,2016-05-27,2016-05-26,2016-05-27,0.03,,,,wind:wind_get_stock_events
002380.SZ,002380.SZ_20170609_1,2017-06-09,2017-06-08,2017-06-09,0.1,,,,wind:wind_get_stock_events
002380.SZ,002380.SZ_20180608_1,2018-06-08,2018-06-07,2018-06-08,0.15,,,,wind:wind_get_stock_events
002380.SZ,002380.SZ_20190531_1,2019-05-31,2019-05-30,2019-05-31,0.2,,,,wind:wind_get_stock_events
002380.SZ,002380.SZ_20200617_1,2020-06-17,2020-06-16,2020-06-17,0.2,,,,wind:wind_get_stock_events
002380.SZ,002380.SZ_20210712_1,2021-07-12,2021-07-09,2021-07-12,0.3,,,,wind:wind_get_stock_events
002380.SZ,002380.SZ_20220713_1,2022-07-13,2022-07-12,2022-07-13,0.04,,,,wind:wind_get_stock_events
002380.SZ,002380.SZ_20250620_1,2025-06-20,2025-06-19,2025-06-20,0.04,,,,wind:wind_get_stock_events
002380.SZ,002380.SZ_20260519_1,2026-05-19,2026-05-18,2026-05-19,0.2,,,,wind:wind_get_stock_events
002381.SZ,002381.SZ_20150511_1,2015-05-11,2015-05-08,2015-05-11,0.3,,0.5,2015-05-11,wind:wind_get_stock_events
002381.SZ,002381.SZ_20160511_1,2016-05-11,2016-05-10,2016-05-11,0.2,,,,wind:wind_get_stock_events
002381.SZ,002381.SZ_20170609_1,2017-06-09,2017-06-08,2017-06-09,0.1,,,,wind:wind_get_stock_events
002381.SZ,002381.SZ_20180517_1,2018-05-17,2018-05-16,2018-05-17,0.1,,,,wind:wind_get_stock_events
002381.SZ,002381.SZ_20190403_1,2019-04-03,2019-04-02,2019-04-03,0.2,,,,wind:wind_get_stock_events
002381.SZ,002381.SZ_20190920_1,2019-09-20,2019-09-19,2019-09-20,0.2,,,,wind:wind_get_stock_events
002381.SZ,002381.SZ_20200615_1,2020-06-15,2020-06-12,2020-06-15,0.3,,,,wind:wind_get_stock_events
002381.SZ,002381.SZ_20210512_1,2021-05-12,2021-05-11,2021-05-12,0.5,,,,wind:wind_get_stock_events
002381.SZ,002381.SZ_20220527_1,2022-05-27,2022-05-26,2022-05-27,0.2,,,,wind:wind_get_stock_events
002381.SZ,002381.SZ_20230523_1,2023-05-23,2023-05-22,2023-05-23,0.2,,,,wind:wind_get_stock_events
002381.SZ,002381.SZ_20240429_1,2024-04-29,2024-04-26,2024-04-29,0.25,,,,wind:wind_get_stock_events
002381.SZ,002381.SZ_20250516_1,2025-05-16,2025-05-15,2025-05-16,0.2,,,,wind:wind_get_stock_events
002381.SZ,002381.SZ_20260604_1,2026-06-04,2026-06-03,2026-06-04,0.1,,,,wind:wind_get_stock_events
002382.SZ,002382.SZ_20150522_1,2015-05-22,2015-05-21,2015-05-22,0.2,,,,wind:wind_get_stock_events
002382.SZ,002382.SZ_20160517_1,2016-05-17,2016-05-16,2016-05-17,0.4,,1,2016-05-17,wind:wind_get_stock_events
002382.SZ,002382.SZ_20170407_1,2017-04-07,2017-04-06,2017-04-07,0.2,,,,wind:wind_get_stock_events
002382.SZ,002382.SZ_20180316_1,2018-03-16,2018-03-15,2018-03-16,0.2,,,,wind:wind_get_stock_events
002382.SZ,002382.SZ_20190527_1,2019-05-27,2019-05-24,2019-05-27,0.04,,,,wind:wind_get_stock_events
002382.SZ,002382.SZ_20200515_1,2020-05-15,2020-05-14,2020-05-15,0.1,,,,wind:wind_get_stock_events
002382.SZ,002382.SZ_20210707_1,2021-07-07,2021-07-06,2021-07-07,0.4,,,,wind:wind_get_stock_events
002382.SZ,002382.SZ_20230531_1,2023-05-31,2023-05-30,2023-05-31,0.4,,,,wind:wind_get_stock_events
002383.SZ,002383.SZ_20170523_1,2017-05-23,2017-05-22,2017-05-23,0.1,,2,2017-05-23,wind:wind_get_stock_events
002383.SZ,002383.SZ_20180620_1,2018-06-20,2018-06-19,2018-06-20,0.05,,,,wind:wind_get_stock_events
002386.SZ,002386.SZ_20150608_1,2015-06-08,2015-06-05,,,,0.4,2015-06-08,wind:wind_get_stock_events
002386.SZ,002386.SZ_20170515_1,2017-05-15,2017-05-12,2017-05-15,0.03,,,,wind:wind_get_stock_events
002386.SZ,002386.SZ_20190710_1,2019-07-10,2019-07-09,2019-07-10,0.1,,,,wind:wind_get_stock_events
002386.SZ,002386.SZ_20200618_1,2020-06-18,2020-06-17,2020-06-18,0.05,,,,wind:wind_get_stock_events
002386.SZ,002386.SZ_20220705_1,2022-07-05,2022-07-04,2022-07-05,0.275,,0.3,2022-07-05,wind:wind_get_stock_events
002386.SZ,002386.SZ_20230714_1,2023-07-14,2023-07-13,2023-07-14,0.075,,,,wind:wind_get_stock_events
002386.SZ,002386.SZ_20240628_1,2024-06-28,2024-06-27,2024-06-28,0.08,,,,wind:wind_get_stock_events
002389.SZ,002389.SZ_20150429_1,2015-04-29,2015-04-28,2015-04-29,0.02,,,,wind:wind_get_stock_events
002389.SZ,002389.SZ_20160520_1,2016-05-20,2016-05-19,2016-05-20,0.02,,,,wind:wind_get_stock_events
002389.SZ,002389.SZ_20170707_1,2017-07-07,2017-07-06,2017-07-07,0.02,,,,wind:wind_get_stock_events
002389.SZ,002389.SZ_20180608_1,2018-06-08,2018-06-07,2018-06-08,0.02,,,,wind:wind_get_stock_events
002389.SZ,002389.SZ_20190606_1,2019-06-06,2019-06-05,2019-06-06,0.03,,,,wind:wind_get_stock_events
002389.SZ,002389.SZ_20200715_1,2020-07-15,2020-07-14,2020-07-15,0.03,,,,wind:wind_get_stock_events
002389.SZ,002389.SZ_20210618_1,2021-06-18,2021-06-17,2021-06-18,0.04,,,,wind:wind_get_stock_events
002389.SZ,002389.SZ_20220623_1,2022-06-23,2022-06-22,2022-06-23,0.0603,,,,wind:wind_get_stock_events
002389.SZ,002389.SZ_20230531_1,2023-05-31,2023-05-30,2023-05-31,0.06,,,,wind:wind_get_stock_events
002389.SZ,002389.SZ_20240531_1,2024-05-31,2024-05-30,2024-05-31,0.06,,,,wind:wind_get_stock_events
002389.SZ,002389.SZ_20250620_1,2025-06-20,2025-06-19,2025-06-20,0.06,,,,wind:wind_get_stock_events
002389.SZ,002389.SZ_20260522_1,2026-05-22,2026-05-21,2026-05-22,0.06,,,,wind:wind_get_stock_events
002391.SZ,002391.SZ_20150529_1,2015-05-29,2015-05-28,2015-05-29,0.3,,,,wind:wind_get_stock_events
002391.SZ,002391.SZ_20160608_1,2016-06-08,2016-06-07,2016-06-08,0.3022,,,,wind:wind_get_stock_events
002391.SZ,002391.SZ_20170621_1,2017-06-21,2017-06-20,2017-06-21,0.3,,,,wind:wind_get_stock_events
002391.SZ,002391.SZ_20180511_1,2018-05-11,2018-05-10,2018-05-11,0.3,,,,wind:wind_get_stock_events
002391.SZ,002391.SZ_20190508_1,2019-05-08,2019-05-07,2019-05-08,0.3,,0.5,2019-05-08,wind:wind_get_stock_events
002391.SZ,002391.SZ_20200604_1,2020-06-04,2020-06-03,2020-06-04,0.2,,,,wind:wind_get_stock_events
002391.SZ,002391.SZ_20210603_1,2021-06-03,2021-06-02,2021-06-03,0.2,,,,wind:wind_get_stock_events
002391.SZ,002391.SZ_20220613_1,2022-06-13,2022-06-10,2022-06-13,0.2,,,,wind:wind_get_stock_events
002391.SZ,002391.SZ_20230524_1,2023-05-24,2023-05-23,2023-05-24,0.2,,,,wind:wind_get_stock_events
002391.SZ,002391.SZ_20240621_1,2024-06-21,2024-06-20,2024-06-21,0.2,,,,wind:wind_get_stock_events
002391.SZ,002391.SZ_20260616_1,2026-06-16,2026-06-15,2026-06-16,0.2,,,,wind:wind_get_stock_events
002392.SZ,002392.SZ_20150624_1,2015-06-24,2015-06-23,2015-06-24,0.05,,1,2015-06-24,wind:wind_get_stock_events
002392.SZ,002392.SZ_20170525_1,2017-05-25,2017-05-24,2017-05-25,0.02,,,,wind:wind_get_stock_events
002392.SZ,002392.SZ_20180611_1,2018-06-11,2018-06-08,2018-06-11,0.015,,,,wind:wind_get_stock_events
002392.SZ,002392.SZ_20190520_1,2019-05-20,2019-05-17,2019-05-20,0.028,,,,wind:wind_get_stock_events
002392.SZ,002392.SZ_20200715_1,2020-07-15,2020-07-14,2020-07-15,0.035,,,,wind:wind_get_stock_events
002392.SZ,002392.SZ_20230606_1,2023-06-06,2023-06-05,2023-06-06,0.034,,,,wind:wind_get_stock_events
002392.SZ,002392.SZ_20240530_1,2024-05-30,2024-05-29,2024-05-30,0.063,,,,wind:wind_get_stock_events
002392.SZ,002392.SZ_20250717_1,2025-07-17,2025-07-16,2025-07-17,0.033,,,,wind:wind_get_stock_events
002392.SZ,002392.SZ_20260706_1,2026-07-06,2026-07-03,2026-07-06,0.035,,,,wind:wind_get_stock_events
002393.SZ,002393.SZ_20150518_1,2015-05-18,2015-05-15,2015-05-18,0.31,,,,wind:wind_get_stock_events
002393.SZ,002393.SZ_20160530_1,2016-05-30,2016-05-27,2016-05-30,0.4,,,,wind:wind_get_stock_events
002393.SZ,002393.SZ_20170608_1,2017-06-08,2017-06-07,2017-06-08,0.3,,,,wind:wind_get_stock_events
002393.SZ,002393.SZ_20180612_1,2018-06-12,2018-06-11,2018-06-12,0.3,,,,wind:wind_get_stock_events
002393.SZ,002393.SZ_20190613_1,2019-06-13,2019-06-12,2019-06-13,0.3,,,,wind:wind_get_stock_events
002393.SZ,002393.SZ_20200708_1,2020-07-08,2020-07-07,2020-07-08,0.3,,,,wind:wind_get_stock_events
002393.SZ,002393.SZ_20210611_1,2021-06-11,2021-06-10,2021-06-11,0.1,,,,wind:wind_get_stock_events
002393.SZ,002393.SZ_20220620_1,2022-06-20,2022-06-17,2022-06-20,0.3,,,,wind:wind_get_stock_events
002393.SZ,002393.SZ_20230630_1,2023-06-30,2023-06-29,2023-06-30,0.3,,,,wind:wind_get_stock_events
002393.SZ,002393.SZ_20240528_1,2024-05-28,2024-05-27,2024-05-28,0.6,,0.4,2024-05-28,wind:wind_get_stock_events
002393.SZ,002393.SZ_20250429_1,2025-04-29,2025-04-28,2025-04-29,0.35,,,,wind:wind_get_stock_events
002393.SZ,002393.SZ_20260211_1,2026-02-11,2026-02-10,2026-02-11,0.3,,,,wind:wind_get_stock_events
002393.SZ,002393.SZ_20260428_1,2026-04-28,2026-04-27,2026-04-28,0.6,,0.2,2026-04-28,wind:wind_get_stock_events
002395.SZ,002395.SZ_20150630_1,2015-06-30,2015-06-29,2015-06-30,0.05,,,,wind:wind_get_stock_events
002395.SZ,002395.SZ_20160617_1,2016-06-17,2016-06-16,2016-06-17,0.05,,,,wind:wind_get_stock_events
002395.SZ,002395.SZ_20170704_1,2017-07-04,2017-07-03,2017-07-04,0.08,,,,wind:wind_get_stock_events
002395.SZ,002395.SZ_20190705_1,2019-07-05,2019-07-04,2019-07-05,0.2,,,,wind:wind_get_stock_events
002395.SZ,002395.SZ_20200520_1,2020-05-20,2020-05-19,,,,0.5,2020-05-20,wind:wind_get_stock_events
002395.SZ,002395.SZ_20210706_1,2021-07-06,2021-07-05,2021-07-06,0.15,,,,wind:wind_get_stock_events
002395.SZ,002395.SZ_20240705_1,2024-07-05,2024-07-04,2024-07-05,0.1,,,,wind:wind_get_stock_events
002395.SZ,002395.SZ_20250703_1,2025-07-03,2025-07-02,2025-07-03,0.15,,,,wind:wind_get_stock_events
002395.SZ,002395.SZ_20260703_1,2026-07-03,2026-07-02,2026-07-03,0.2,,,,wind:wind_get_stock_events
002396.SZ,002396.SZ_20150529_1,2015-05-29,2015-05-28,2015-05-29,0.1,,0.5,2015-05-29,wind:wind_get_stock_events
002396.SZ,002396.SZ_20160624_1,2016-06-24,2016-06-23,2016-06-24,0.1,,,,wind:wind_get_stock_events
002396.SZ,002396.SZ_20170616_1,2017-06-16,2017-06-15,2017-06-16,0.1,,,,wind:wind_get_stock_events
002396.SZ,002396.SZ_20180711_1,2018-07-11,2018-07-10,2018-07-11,0.15,,,,wind:wind_get_stock_events
002396.SZ,002396.SZ_20190703_1,2019-07-03,2019-07-02,2019-07-03,0.11,,,,wind:wind_get_stock_events
002396.SZ,002396.SZ_20200710_1,2020-07-10,2020-07-09,2020-07-10,0.11,,,,wind:wind_get_stock_events
002396.SZ,002396.SZ_20210813_1,2021-08-13,2021-08-12,2021-08-13,0.1,,,,wind:wind_get_stock_events
002396.SZ,002396.SZ_20220715_1,2022-07-15,2022-07-14,2022-07-15,0.1,,,,wind:wind_get_stock_events
002396.SZ,002396.SZ_20230711_1,2023-07-11,2023-07-10,2023-07-11,0.1,,,,wind:wind_get_stock_events
002396.SZ,002396.SZ_20240603_1,2024-06-03,2024-05-31,2024-06-03,0.25,,,,wind:wind_get_stock_events
002396.SZ,002396.SZ_20250530_1,2025-05-30,2025-05-29,2025-05-30,0.25,,,,wind:wind_get_stock_events
002396.SZ,002396.SZ_20260525_1,2026-05-25,2026-05-22,2026-05-25,0.25,,0.3,2026-05-25,wind:wind_get_stock_events
002397.SZ,002397.SZ_20150526_1,2015-05-26,2015-05-25,2015-05-26,0.1998,,1.1988,2015-05-26,wind:wind_get_stock_events
002397.SZ,002397.SZ_20160620_1,2016-06-20,2016-06-17,2016-06-20,0.1,,,,wind:wind_get_stock_events
002397.SZ,002397.SZ_20170707_1,2017-07-07,2017-07-06,2017-07-07,0.1,,,,wind:wind_get_stock_events
002397.SZ,002397.SZ_20180711_1,2018-07-11,2018-07-10,2018-07-11,0.06,,,,wind:wind_get_stock_events
002397.SZ,002397.SZ_20190722_1,2019-07-22,2019-07-19,2019-07-22,0.15,,,,wind:wind_get_stock_events
002397.SZ,002397.SZ_20200717_1,2020-07-17,2020-07-16,2020-07-17,0.2,,,,wind:wind_get_stock_events
002397.SZ,002397.SZ_20210616_1,2021-06-16,2021-06-15,2021-06-16,0.06,,,,wind:wind_get_stock_events
002398.SZ,002398.SZ_20150528_1,2015-05-28,2015-05-27,2015-05-28,0.1,,0.3,2015-05-28,wind:wind_get_stock_events
002398.SZ,002398.SZ_20160526_1,2016-05-26,2016-05-25,2016-05-26,0.1,,,,wind:wind_get_stock_events
002398.SZ,002398.SZ_20170531_1,2017-05-31,2017-05-26,2017-05-31,0.1,,,,wind:wind_get_stock_events
002398.SZ,002398.SZ_20180611_1,2018-06-11,2018-06-08,2018-06-11,0.2,,1.0001,2018-06-11,wind:wind_get_stock_events
002398.SZ,002398.SZ_20190523_1,2019-05-23,2019-05-22,2019-05-23,0.07,,,,wind:wind_get_stock_events
002398.SZ,002398.SZ_20200624_1,2020-06-24,2020-06-23,2020-06-24,0.08,,,,wind:wind_get_stock_events
002398.SZ,002398.SZ_20210518_1,2021-05-18,2021-05-17,2021-05-18,0.08,,,,wind:wind_get_stock_events
002398.SZ,002398.SZ_20220608_1,2022-06-08,2022-06-07,2022-06-08,0.08,,,,wind:wind_get_stock_events
002398.SZ,002398.SZ_20230512_1,2023-05-12,2023-05-11,2023-05-12,0.08,,,,wind:wind_get_stock_events
002398.SZ,002398.SZ_20240617_1,2024-06-17,2024-06-14,2024-06-17,0.08,,,,wind:wind_get_stock_events
002398.SZ,002398.SZ_20250613_1,2025-06-13,2025-06-12,2025-06-13,0.08,,,,wind:wind_get_stock_events
002398.SZ,002398.SZ_20260610_1,2026-06-10,2026-06-09,2026-06-10,0.08,,,,wind:wind_get_stock_events
002399.SZ,002399.SZ_20150609_1,2015-06-09,2015-06-08,2015-06-09,0.3,,,,wind:wind_get_stock_events
002399.SZ,002399.SZ_20160613_1,2016-06-13,2016-06-08,2016-06-13,0.6,,0.6,2016-06-13,wind:wind_get_stock_events
002399.SZ,002399.SZ_20170628_1,2017-06-28,2017-06-27,2017-06-28,0.25,,,,wind:wind_get_stock_events
002399.SZ,002399.SZ_20180702_1,2018-07-02,2018-06-29,2018-07-02,0.045,,,,wind:wind_get_stock_events
002399.SZ,002399.SZ_20190715_1,2019-07-15,2019-07-12,2019-07-15,0.1,,,,wind:wind_get_stock_events
002399.SZ,002399.SZ_20200701_1,2020-07-01,2020-06-30,2020-07-01,0.18,,,,wind:wind_get_stock_events
002399.SZ,002399.SZ_20210706_1,2021-07-06,2021-07-05,2021-07-06,0.15,,,,wind:wind_get_stock_events
002399.SZ,002399.SZ_20220728_1,2022-07-28,2022-07-27,2022-07-28,0.035,,,,wind:wind_get_stock_events
002399.SZ,002399.SZ_20230718_1,2023-07-18,2023-07-17,2023-07-18,0.1,,,,wind:wind_get_stock_events
002399.SZ,002399.SZ_20250707_1,2025-07-07,2025-07-04,2025-07-07,0.25,,,,wind:wind_get_stock_events
002399.SZ,002399.SZ_20260618_1,2026-06-18,2026-06-17,2026-06-18,0.145,,,,wind:wind_get_stock_events
002400.SZ,002400.SZ_20150515_1,2015-05-15,2015-05-14,2015-05-15,0.11,,0.5,2015-05-15,wind:wind_get_stock_events
002400.SZ,002400.SZ_20160520_1,2016-05-20,2016-05-19,2016-05-20,0.07,,0.3,2016-05-20,wind:wind_get_stock_events
002400.SZ,002400.SZ_20170608_1,2017-06-08,2017-06-07,2017-06-08,0.038,,0.3,2017-06-08,wind:wind_get_stock_events
002400.SZ,002400.SZ_20190628_1,2019-06-28,2019-06-27,2019-06-28,0.01,,,,wind:wind_get_stock_events
002400.SZ,002400.SZ_20200616_1,2020-06-16,2020-06-15,2020-06-16,0.023,,,,wind:wind_get_stock_events
002400.SZ,002400.SZ_20220527_1,2022-05-27,2022-05-26,2022-05-27,0.016,,,,wind:wind_get_stock_events
002400.SZ,002400.SZ_20230609_1,2023-06-09,2023-06-08,2023-06-09,0.04,,,,wind:wind_get_stock_events
002400.SZ,002400.SZ_20240613_1,2024-06-13,2024-06-12,2024-06-13,0.027,,,,wind:wind_get_stock_events
002400.SZ,002400.SZ_20250620_1,2025-06-20,2025-06-19,2025-06-20,0.018,,,,wind:wind_get_stock_events
002400.SZ,002400.SZ_20251231_1,2025-12-31,2025-12-30,2025-12-31,0.011,,,,wind:wind_get_stock_events
002400.SZ,002400.SZ_20260618_1,2026-06-18,2026-06-17,2026-06-18,0.005,,,,wind:wind_get_stock_events
002402.SZ,002402.SZ_20150508_1,2015-05-08,2015-05-07,2015-05-08,0.1,,1,2015-05-08,wind:wind_get_stock_events
002402.SZ,002402.SZ_20160315_1,2016-03-15,2016-03-14,2016-03-15,0.1,,,,wind:wind_get_stock_events
002402.SZ,002402.SZ_20161011_1,2016-10-11,2016-10-10,2016-10-11,0.05,0.2,1.3,2016-10-11,wind:wind_get_stock_events
002402.SZ,002402.SZ_20180528_1,2018-05-28,2018-05-25,2018-05-28,0.025,,,,wind:wind_get_stock_events
002402.SZ,002402.SZ_20190426_1,2019-04-26,2019-04-25,2019-04-26,0.04,,,,wind:wind_get_stock_events
002402.SZ,002402.SZ_20200514_1,2020-05-14,2020-05-13,2020-05-14,0.06,,,,wind:wind_get_stock_events
002402.SZ,002402.SZ_20210331_1,2021-03-31,2021-03-30,2021-03-31,0.1,,,,wind:wind_get_stock_events
002402.SZ,002402.SZ_20220427_1,2022-04-27,2022-04-26,2022-04-27,0.1,,,,wind:wind_get_stock_events
002402.SZ,002402.SZ_20230504_1,2023-05-04,2023-04-28,2023-05-04,0.1,,,,wind:wind_get_stock_events
002402.SZ,002402.SZ_20240509_1,2024-05-09,2024-05-08,2024-05-09,0.1507,,,,wind:wind_get_stock_events
002402.SZ,002402.SZ_20250526_1,2025-05-26,2025-05-23,2025-05-26,0.1,,,,wind:wind_get_stock_events
002402.SZ,002402.SZ_20260527_1,2026-05-27,2026-05-26,2026-05-27,0.2,,,,wind:wind_get_stock_events
002403.SZ,002403.SZ_20150522_1,2015-05-22,2015-05-21,2015-05-22,0.25,,,,wind:wind_get_stock_events
002403.SZ,002403.SZ_20151013_1,2015-10-13,2015-10-12,2015-10-13,0.2,,0.3,2015-10-13,wind:wind_get_stock_events
002403.SZ,002403.SZ_20170620_1,2017-06-20,2017-06-19,2017-06-20,0.2,,,,wind:wind_get_stock_events
002403.SZ,002403.SZ_20180706_1,2018-07-06,2018-07-05,2018-07-06,0.15,,,,wind:wind_get_stock_events
002403.SZ,002403.SZ_20190626_1,2019-06-26,2019-06-25,2019-06-26,0.15,,,,wind:wind_get_stock_events
002403.SZ,002403.SZ_20210720_1,2021-07-20,2021-07-19,2021-07-20,0.075,,,,wind:wind_get_stock_events
002403.SZ,002403.SZ_20250605_1,2025-06-05,2025-06-04,2025-06-05,0.018,,,,wind:wind_get_stock_events
002405.SZ,002405.SZ_20150514_1,2015-05-14,2015-05-13,2015-05-14,0.051,,,,wind:wind_get_stock_events
002405.SZ,002405.SZ_20160620_1,2016-06-20,2016-06-17,2016-06-20,0.055,,0.5,2016-06-20,wind:wind_get_stock_events
002405.SZ,002405.SZ_20170612_1,2017-06-12,2017-06-09,2017-06-12,0.037,,,,wind:wind_get_stock_events
002405.SZ,002405.SZ_20180727_1,2018-07-27,2018-07-26,2018-07-27,0.042,,,,wind:wind_get_stock_events
002405.SZ,002405.SZ_20190617_1,2019-06-17,2019-06-14,2019-06-17,0.014,,0.5,2019-06-17,wind:wind_get_stock_events
002405.SZ,002405.SZ_20200807_1,2020-08-07,2020-08-06,2020-08-07,0.018,,,,wind:wind_get_stock_events
002405.SZ,002405.SZ_20220616_1,2022-06-16,2022-06-15,2022-06-16,0.006,,,,wind:wind_get_stock_events
002408.SZ,002408.SZ_20150612_1,2015-06-12,2015-06-11,2015-06-12,0.0433,0.1733,,2015-06-12,wind:wind_get_stock_events
002408.SZ,002408.SZ_20160607_1,2016-06-07,2016-06-06,2016-06-07,0.2,,1.2,2016-06-07,wind:wind_get_stock_events
002408.SZ,002408.SZ_20170512_1,2017-05-12,2017-05-11,2017-05-12,0.05,,,,wind:wind_get_stock_events
002408.SZ,002408.SZ_20180620_1,2018-06-20,2018-06-19,2018-06-20,0.12,,,,wind:wind_get_stock_events
002408.SZ,002408.SZ_20190618_1,2019-06-18,2019-06-17,2019-06-18,0.09,,,,wind:wind_get_stock_events
002408.SZ,002408.SZ_20200716_1,2020-07-16,2020-07-15,2020-07-16,0.08,,,,wind:wind_get_stock_events
002408.SZ,002408.SZ_20210625_1,2021-06-25,2021-06-24,2021-06-25,0.2514,,,,wind:wind_get_stock_events
002408.SZ,002408.SZ_20210929_1,2021-09-29,2021-09-28,,,,0.4,2021-09-29,wind:wind_get_stock_events
002408.SZ,002408.SZ_20230719_1,2023-07-19,2023-07-18,2023-07-19,0.16,,,,wind:wind_get_stock_events
002408.SZ,002408.SZ_20240606_1,2024-06-06,2024-06-05,2024-06-06,0.0706,,,,wind:wind_get_stock_events
002408.SZ,002408.SZ_20241231_1,2024-12-31,2024-12-30,2024-12-31,0.06,,,,wind:wind_get_stock_events
002408.SZ,002408.SZ_20250616_1,2025-06-16,2025-06-13,2025-06-16,0.03,,,,wind:wind_get_stock_events
002409.SZ,002409.SZ_20150429_1,2015-04-29,2015-04-28,2015-04-29,0.108,,,,wind:wind_get_stock_events
002409.SZ,002409.SZ_20160523_1,2016-05-23,2016-05-20,2016-05-23,0.165,,1,2016-05-23,wind:wind_get_stock_events
002409.SZ,002409.SZ_20170516_1,2017-05-16,2017-05-15,2017-05-16,0.02,,,,wind:wind_get_stock_events
002409.SZ,002409.SZ_20180518_1,2018-05-18,2018-05-17,2018-05-18,0.011,,,,wind:wind_get_stock_events
002409.SZ,002409.SZ_20190530_1,2019-05-30,2019-05-29,2019-05-30,0.09,,,,wind:wind_get_stock_events
002409.SZ,002409.SZ_20200528_1,2020-05-28,2020-05-27,2020-05-28,0.065,,,,wind:wind_get_stock_events
002409.SZ,002409.SZ_20210528_1,2021-05-28,2021-05-27,2021-05-28,0.18,,,,wind:wind_get_stock_events
002409.SZ,002409.SZ_20220527_1,2022-05-27,2022-05-26,2022-05-27,0.21,,,,wind:wind_get_stock_events
002409.SZ,002409.SZ_20230531_1,2023-05-31,2023-05-30,2023-05-31,0.32,,,,wind:wind_get_stock_events
002409.SZ,002409.SZ_20240531_1,2024-05-31,2024-05-30,2024-05-31,0.36,,,,wind:wind_get_stock_events
002409.SZ,002409.SZ_20240927_1,2024-09-27,2024-09-26,2024-09-27,0.32,,,,wind:wind_get_stock_events
002409.SZ,002409.SZ_20250530_1,2025-05-30,2025-05-29,2025-05-30,0.26,,,,wind:wind_get_stock_events
002409.SZ,002409.SZ_20250925_1,2025-09-25,2025-09-24,2025-09-25,0.32,,,,wind:wind_get_stock_events
002409.SZ,002409.SZ_20260601_1,2026-06-01,2026-05-29,2026-06-01,0.31,,,,wind:wind_get_stock_events
002409.SZ,002409.SZ_20260922_1,2026-09-22,2026-09-21,2026-09-22,0.35,,,,wind:wind_get_stock_events
002410.SZ,002410.SZ_20150508_1,2015-05-08,2015-05-07,2015-05-08,0.4,,0.5,2015-05-08,wind:wind_get_stock_events
002410.SZ,002410.SZ_20160608_1,2016-06-08,2016-06-07,2016-06-08,0.2016,,,,wind:wind_get_stock_events
002410.SZ,002410.SZ_20170510_1,2017-05-10,2017-05-09,2017-05-10,0.3,,,,wind:wind_get_stock_events
002410.SZ,002410.SZ_20180504_1,2018-05-04,2018-05-03,2018-05-04,0.25,,,,wind:wind_get_stock_events
002410.SZ,002410.SZ_20190514_1,2019-05-14,2019-05-13,2019-05-14,0.2,,,,wind:wind_get_stock_events
002410.SZ,002410.SZ_20200508_1,2020-05-08,2020-05-07,2020-05-08,0.1,,,,wind:wind_get_stock_events
002410.SZ,002410.SZ_20210510_1,2021-05-10,2021-05-07,2021-05-10,0.25,,,,wind:wind_get_stock_events
002410.SZ,002410.SZ_20220510_1,2022-05-10,2022-05-09,2022-05-10,0.3,,,,wind:wind_get_stock_events
002410.SZ,002410.SZ_20230515_1,2023-05-15,2023-05-12,2023-05-15,0.4,,0.4,2023-05-15,wind:wind_get_stock_events
002410.SZ,002410.SZ_20240523_1,2024-05-23,2024-05-22,2024-05-23,0.07,,,,wind:wind_get_stock_events
002410.SZ,002410.SZ_20250529_1,2025-05-29,2025-05-28,2025-05-29,0.15,,,,wind:wind_get_stock_events
002410.SZ,002410.SZ_20260511_1,2026-05-11,2026-05-08,2026-05-11,0.23,,,,wind:wind_get_stock_events
002412.SZ,002412.SZ_20170623_1,2017-06-23,2017-06-22,2017-06-23,0.5,,,,wind:wind_get_stock_events
002412.SZ,002412.SZ_20190530_1,2019-05-30,2019-05-29,,,,0.7,2019-05-30,wind:wind_get_stock_events
002412.SZ,002412.SZ_20200624_1,2020-06-24,2020-06-23,2020-06-24,0.075,,,,wind:wind_get_stock_events
002412.SZ,002412.SZ_20230620_1,2023-06-20,2023-06-19,2023-06-20,0.3,,,,wind:wind_get_stock_events
002412.SZ,002412.SZ_20260616_1,2026-06-16,2026-06-15,2026-06-16,0.3,,,,wind:wind_get_stock_events
002415.SZ,002415.SZ_20150414_1,2015-04-14,2015-04-13,2015-04-14,0.4,,,,wind:wind_get_stock_events
002415.SZ,002415.SZ_20160518_1,2016-05-18,2016-05-17,2016-05-18,0.7,0.3,0.2,2016-05-18,wind:wind_get_stock_events
002415.SZ,002415.SZ_20170516_1,2017-05-16,2017-05-15,2017-05-17,0.6,0.5,,2017-05-16,wind:wind_get_stock_events
002415.SZ,002415.SZ_20180522_1,2018-05-22,2018-05-21,2018-05-22,0.5,,,,wind:wind_get_stock_events
002415.SZ,002415.SZ_20190524_1,2019-05-24,2019-05-23,2019-05-24,0.6,,,,wind:wind_get_stock_events
002415.SZ,002415.SZ_20200529_1,2020-05-29,2020-05-28,2020-05-29,0.7,,,,wind:wind_get_stock_events
002415.SZ,002415.SZ_20210528_1,2021-05-28,2021-05-27,2021-05-28,0.8,,,,wind:wind_get_stock_events
002415.SZ,002415.SZ_20220526_1,2022-05-26,2022-05-25,2022-05-26,0.9,,,,wind:wind_get_stock_events
002415.SZ,002415.SZ_20230519_1,2023-05-19,2023-05-18,2023-05-19,0.7,,,,wind:wind_get_stock_events
002415.SZ,002415.SZ_20240521_1,2024-05-21,2024-05-20,2024-05-21,0.9,,,,wind:wind_get_stock_events
002415.SZ,002415.SZ_20250520_1,2025-05-20,2025-05-19,2025-05-20,0.7,,,,wind:wind_get_stock_events
002415.SZ,002415.SZ_20251010_1,2025-10-10,2025-10-09,2025-10-10,0.4,,,,wind:wind_get_stock_events
002415.SZ,002415.SZ_20260520_1,2026-05-20,2026-05-19,2026-05-20,0.75,,,,wind:wind_get_stock_events
002415.SZ,002415.SZ_20260819_1,2026-08-19,2026-08-18,2026-08-19,0.55,,,,wind:wind_get_stock_events
002416.SZ,002416.SZ_20170726_1,2017-07-26,2017-07-25,2017-07-26,0.15,,,,wind:wind_get_stock_events
002416.SZ,002416.SZ_20180606_1,2018-06-06,2018-06-05,2018-06-06,0.2,,0.2,2018-06-06,wind:wind_get_stock_events
002416.SZ,002416.SZ_20190523_1,2019-05-23,2019-05-22,2019-05-23,0.2,,,,wind:wind_get_stock_events
002416.SZ,002416.SZ_20200529_1,2020-05-29,2020-05-28,2020-05-29,0.2,,,,wind:wind_get_stock_events
002416.SZ,002416.SZ_20210520_1,2021-05-20,2021-05-19,2021-05-20,0.4,,,,wind:wind_get_stock_events
002416.SZ,002416.SZ_20220429_1,2022-04-29,2022-04-28,2022-04-29,0.45,,,,wind:wind_get_stock_events
002416.SZ,002416.SZ_20230519_1,2023-05-19,2023-05-18,2023-05-19,0.5,,,,wind:wind_get_stock_events
002416.SZ,002416.SZ_20240530_1,2024-05-30,2024-05-29,2024-05-30,0.4,,,,wind:wind_get_stock_events
002416.SZ,002416.SZ_20250528_1,2025-05-28,2025-05-27,2025-05-28,0.5,,,,wind:wind_get_stock_events
002416.SZ,002416.SZ_20260528_1,2026-05-28,2026-05-27,2026-05-28,0.5,,,,wind:wind_get_stock_events
002418.SZ,002418.SZ_20160519_1,2016-05-19,2016-05-18,2016-05-19,0.1,,2,2016-05-19,wind:wind_get_stock_events
002418.SZ,002418.SZ_20170713_1,2017-07-13,2017-07-12,2017-07-13,0.03,,,,wind:wind_get_stock_events
002418.SZ,002418.SZ_20180522_1,2018-05-22,2018-05-21,2018-05-22,0.03,,,,wind:wind_get_stock_events
002420.SZ,002420.SZ_20160729_1,2016-07-29,2016-07-28,2016-07-29,0.01,,,,wind:wind_get_stock_events
002421.SZ,002421.SZ_20150512_1,2015-05-12,2015-05-11,2015-05-12,0.1,,1.2,2015-05-12,wind:wind_get_stock_events
002421.SZ,002421.SZ_20160531_1,2016-05-31,2016-05-30,2016-05-31,0.05,,,,wind:wind_get_stock_events
002421.SZ,002421.SZ_20161018_1,2016-10-18,2016-10-17,,,,2,2016-10-18,wind:wind_get_stock_events
002421.SZ,002421.SZ_20170522_1,2017-05-22,2017-05-19,2017-05-22,0.03,,,,wind:wind_get_stock_events
002421.SZ,002421.SZ_20180608_1,2018-06-08,2018-06-07,2018-06-08,0.03,,,,wind:wind_get_stock_events
002421.SZ,002421.SZ_20200528_1,2020-05-28,2020-05-27,2020-05-28,0.03,,,,wind:wind_get_stock_events
002421.SZ,002421.SZ_20210602_1,2021-06-02,2021-06-01,2021-06-02,0.04,,,,wind:wind_get_stock_events
002421.SZ,002421.SZ_20230427_1,2023-04-27,2023-04-26,2023-04-27,0.06,,,,wind:wind_get_stock_events
002421.SZ,002421.SZ_20240607_1,2024-06-07,2024-06-06,2024-06-07,0.02,,,,wind:wind_get_stock_events
002421.SZ,002421.SZ_20250603_1,2025-06-03,2025-05-30,2025-06-03,0.005,,,,wind:wind_get_stock_events
002422.SZ,002422.SZ_20150722_1,2015-07-22,2015-07-21,2015-07-22,0.25,,1,2015-07-22,wind:wind_get_stock_events
002422.SZ,002422.SZ_20160616_1,2016-06-16,2016-06-15,2016-06-16,0.139,,,,wind:wind_get_stock_events
002422.SZ,002422.SZ_20170620_1,2017-06-20,2017-06-19,2017-06-20,0.1392,,,,wind:wind_get_stock_events
002422.SZ,002422.SZ_20180730_1,2018-07-30,2018-07-27,2018-07-30,0.209,,,,wind:wind_get_stock_events
002422.SZ,002422.SZ_20190605_1,2019-06-05,2019-06-04,2019-06-05,0.2096,,,,wind:wind_get_stock_events
002422.SZ,002422.SZ_20200528_1,2020-05-28,2020-05-27,2020-05-28,0.425,,,,wind:wind_get_stock_events
002422.SZ,002422.SZ_20210715_1,2021-07-15,2021-07-14,2021-07-15,0.3188,,,,wind:wind_get_stock_events
002422.SZ,002422.SZ_20220516_1,2022-05-16,2022-05-13,2022-05-16,0.426,,,,wind:wind_get_stock_events
002422.SZ,002422.SZ_20230515_1,2023-05-15,2023-05-12,2023-05-15,0.616,,,,wind:wind_get_stock_events
002422.SZ,002422.SZ_20240529_1,2024-05-29,2024-05-28,2024-05-29,0.8,,,,wind:wind_get_stock_events
002422.SZ,002422.SZ_20241023_1,2024-10-23,2024-10-22,2024-10-23,0.26,,,,wind:wind_get_stock_events
002422.SZ,002422.SZ_20250613_1,2025-06-13,2025-06-12,2025-06-13,0.503,,,,wind:wind_get_stock_events
002422.SZ,002422.SZ_20251021_1,2025-10-21,2025-10-20,2025-10-21,0.126,,,,wind:wind_get_stock_events
002422.SZ,002422.SZ_20260511_1,2026-05-11,2026-05-08,2026-05-11,0.468,,,,wind:wind_get_stock_events
002423.SZ,002423.SZ_20200710_1,2020-07-10,2020-07-09,2020-07-10,0.028,,,,wind:wind_get_stock_events
002423.SZ,002423.SZ_20210709_1,2021-07-09,2021-07-08,2021-07-09,0.045,,,,wind:wind_get_stock_events
002423.SZ,002423.SZ_20220711_1,2022-07-11,2022-07-08,2022-07-11,0.179,,,,wind:wind_get_stock_events
002423.SZ,002423.SZ_20230711_1,2023-07-11,2023-07-10,2023-07-11,0.078,,,,wind:wind_get_stock_events
002423.SZ,002423.SZ_20240711_1,2024-07-11,2024-07-10,2024-07-11,0.133,,,,wind:wind_get_stock_events
002423.SZ,002423.SZ_20250711_1,2025-07-11,2025-07-10,2025-07-11,0.158,,,,wind:wind_get_stock_events
002423.SZ,002423.SZ_20260710_1,2026-07-10,2026-07-09,2026-07-10,0.148,,,,wind:wind_get_stock_events
002426.SZ,002426.SZ_20150611_1,2015-06-11,2015-06-10,2015-06-11,0.1,,,,wind:wind_get_stock_events
002426.SZ,002426.SZ_20160621_1,2016-06-21,2016-06-20,2016-06-21,0.05,,1.5,2016-06-21,wind:wind_get_stock_events
002426.SZ,002426.SZ_20170711_1,2017-07-11,2017-07-10,2017-07-11,0.03,,,,wind:wind_get_stock_events
002426.SZ,002426.SZ_20180601_1,2018-06-01,2018-05-31,2018-06-01,0.03,,,,wind:wind_get_stock_events
002429.SZ,002429.SZ_20150610_1,2015-06-10,2015-06-09,2015-06-10,0.026,,,,wind:wind_get_stock_events
002429.SZ,002429.SZ_20160518_1,2016-05-18,2016-05-17,2016-05-18,0.077,,,,wind:wind_get_stock_events
002429.SZ,002429.SZ_20170609_1,2017-06-09,2017-06-08,2017-06-09,0.025,,1.5,2017-06-09,wind:wind_get_stock_events
002429.SZ,002429.SZ_20230614_1,2023-06-14,2023-06-13,2023-06-14,0.076,,,,wind:wind_get_stock_events
002429.SZ,002429.SZ_20240619_1,2024-06-19,2024-06-18,2024-06-19,0.106,,,,wind:wind_get_stock_events
002429.SZ,002429.SZ_20250611_1,2025-06-11,2025-06-10,2025-06-11,0.107,,,,wind:wind_get_stock_events
002429.SZ,002429.SZ_20260603_1,2026-06-03,2026-06-02,2026-06-03,0.087,,,,wind:wind_get_stock_events
002430.SZ,002430.SZ_20150616_1,2015-06-16,2015-06-15,2015-06-16,0.02,,,,wind:wind_get_stock_events
002430.SZ,002430.SZ_20160624_1,2016-06-24,2016-06-23,2016-06-24,0.03,,,,wind:wind_get_stock_events
002430.SZ,002430.SZ_20180615_1,2018-06-15,2018-06-14,2018-06-15,0.075,,,,wind:wind_get_stock_events
002430.SZ,002430.SZ_20190613_1,2019-06-13,2019-06-12,2019-06-13,0.18,,,,wind:wind_get_stock_events
002430.SZ,002430.SZ_20200714_1,2020-07-14,2020-07-13,2020-07-14,0.18,,,,wind:wind_get_stock_events
002430.SZ,002430.SZ_20210611_1,2021-06-11,2021-06-10,2021-06-11,0.25,,,,wind:wind_get_stock_events
002430.SZ,002430.SZ_20220429_1,2022-04-29,2022-04-28,2022-04-29,0.6,,,,wind:wind_get_stock_events
002430.SZ,002430.SZ_20230508_1,2023-05-08,2023-05-05,2023-05-08,0.8,,,,wind:wind_get_stock_events
002430.SZ,002430.SZ_20230926_1,2023-09-26,2023-09-25,2023-09-26,0.2,,,,wind:wind_get_stock_events
002430.SZ,002430.SZ_20240515_1,2024-05-15,2024-05-14,2024-05-15,0.8,,,,wind:wind_get_stock_events
002430.SZ,002430.SZ_20250515_1,2025-05-15,2025-05-14,2025-05-15,0.3,,,,wind:wind_get_stock_events
002430.SZ,002430.SZ_20251023_1,2025-10-23,2025-10-22,2025-10-23,0.1,,,,wind:wind_get_stock_events
002430.SZ,002430.SZ_20260609_1,2026-06-09,2026-06-08,2026-06-09,0.3,,,,wind:wind_get_stock_events
002430.SZ,002430.SZ_20260930_1,2026-09-30,2026-09-29,2026-09-30,0.2,,,,wind:wind_get_stock_events
002431.SZ,002431.SZ_20150701_1,2015-07-01,2015-06-30,2015-07-01,0.07,,,,wind:wind_get_stock_events
002431.SZ,002431.SZ_20160506_1,2016-05-06,2016-05-05,,,,1.5,2016-05-06,wind:wind_get_stock_events
002431.SZ,002431.SZ_20170522_1,2017-05-22,2017-05-19,2017-05-22,0.02,,,,wind:wind_get_stock_events
002431.SZ,002431.SZ_20180611_1,2018-06-11,2018-06-08,2018-06-11,0.03,,,,wind:wind_get_stock_events
002432.SZ,002432.SZ_20150629_1,2015-06-29,2015-06-26,2015-06-29,0.02,,,,wind:wind_get_stock_events
002432.SZ,002432.SZ_20210603_1,2021-06-03,2021-06-02,2021-06-03,0.06,,,,wind:wind_get_stock_events
002432.SZ,002432.SZ_20220602_1,2022-06-02,2022-06-01,2022-06-02,0.7,,,,wind:wind_get_stock_events
002432.SZ,002432.SZ_20230613_1,2023-06-13,2023-06-12,2023-06-13,2.5,,,,wind:wind_get_stock_events
002432.SZ,002432.SZ_20240604_1,2024-06-04,2024-06-03,2024-06-04,0.3,,,,wind:wind_get_stock_events
002432.SZ,002432.SZ_20250611_1,2025-06-11,2025-06-10,2025-06-11,0.2,,,,wind:wind_get_stock_events
002432.SZ,002432.SZ_20260603_1,2026-06-03,2026-06-02,2026-06-03,1.65,,,,wind:wind_get_stock_events
002438.SZ,002438.SZ_20150616_1,2015-06-16,2015-06-15,2015-06-16,0.05,,,,wind:wind_get_stock_events
002438.SZ,002438.SZ_20160630_1,2016-06-30,2016-06-29,2016-06-30,0.05,,,,wind:wind_get_stock_events
002438.SZ,002438.SZ_20170606_1,2017-06-06,2017-06-05,2017-06-06,0.05,,1,2017-06-06,wind:wind_get_stock_events
002438.SZ,002438.SZ_20180629_1,2018-06-29,2018-06-28,2018-06-29,0.025,,,,wind:wind_get_stock_events
002438.SZ,002438.SZ_20190613_1,2019-06-13,2019-06-12,2019-06-13,0.025,,,,wind:wind_get_stock_events
002438.SZ,002438.SZ_20200609_1,2020-06-09,2020-06-08,2020-06-09,0.05,,,,wind:wind_get_stock_events
002438.SZ,002438.SZ_20210608_1,2021-06-08,2021-06-07,2021-06-08,0.05,,,,wind:wind_get_stock_events
002438.SZ,002438.SZ_20220621_1,2022-06-21,2022-06-20,2022-06-21,0.05,,,,wind:wind_get_stock_events
002438.SZ,002438.SZ_20230615_1,2023-06-15,2023-06-14,2023-06-15,0.05,,,,wind:wind_get_stock_events
002438.SZ,002438.SZ_20240614_1,2024-06-14,2024-06-13,2024-06-14,0.16,,,,wind:wind_get_stock_events
002438.SZ,002438.SZ_20250618_1,2025-06-18,2025-06-17,2025-06-18,0.175,,,,wind:wind_get_stock_events
002438.SZ,002438.SZ_20260617_1,2026-06-17,2026-06-16,2026-06-17,0.2,,,,wind:wind_get_stock_events
002440.SZ,002440.SZ_20150619_1,2015-06-19,2015-06-18,2015-06-19,0.55,,,,wind:wind_get_stock_events
002440.SZ,002440.SZ_20160628_1,2016-06-28,2016-06-27,2016-06-28,0.4,,,,wind:wind_get_stock_events
002440.SZ,002440.SZ_20170629_1,2017-06-29,2017-06-28,2017-06-29,0.35,,,,wind:wind_get_stock_events
002440.SZ,002440.SZ_20180619_1,2018-06-19,2018-06-15,2018-06-19,0.45,,0.5,2018-06-19,wind:wind_get_stock_events
002440.SZ,002440.SZ_20190606_1,2019-06-06,2019-06-05,2019-06-06,0.5,,,,wind:wind_get_stock_events
002440.SZ,002440.SZ_20200624_1,2020-06-24,2020-06-23,2020-06-24,0.35,,,,wind:wind_get_stock_events
002440.SZ,002440.SZ_20210617_1,2021-06-17,2021-06-16,2021-06-17,0.35,,,,wind:wind_get_stock_events
002440.SZ,002440.SZ_20220616_1,2022-06-16,2022-06-15,2022-06-16,0.35,,,,wind:wind_get_stock_events
002440.SZ,002440.SZ_20230620_1,2023-06-20,2023-06-19,2023-06-20,0.25,,,,wind:wind_get_stock_events
002440.SZ,002440.SZ_20240626_1,2024-06-26,2024-06-25,2024-06-26,0.15,,,,wind:wind_get_stock_events
002440.SZ,002440.SZ_20250618_1,2025-06-18,2025-06-17,2025-06-18,0.15,,,,wind:wind_get_stock_events
002440.SZ,002440.SZ_20260618_1,2026-06-18,2026-06-17,2026-06-18,0.2,,,,wind:wind_get_stock_events
002441.SZ,002441.SZ_20150522_1,2015-05-22,2015-05-21,2015-05-22,0.3,,1,2015-05-22,wind:wind_get_stock_events
002441.SZ,002441.SZ_20160630_1,2016-06-30,2016-06-29,2016-06-30,0.11,,,,wind:wind_get_stock_events
002441.SZ,002441.SZ_20170613_1,2017-06-13,2017-06-12,2017-06-13,0.08,,,,wind:wind_get_stock_events
002441.SZ,002441.SZ_20180627_1,2018-06-27,2018-06-26,2018-06-27,0.12,,,,wind:wind_get_stock_events
002441.SZ,002441.SZ_20190709_1,2019-07-09,2019-07-08,2019-07-09,0.21,,,,wind:wind_get_stock_events
002441.SZ,002441.SZ_20200709_1,2020-07-09,2020-07-08,2020-07-09,0.22,,,,wind:wind_get_stock_events
002441.SZ,002441.SZ_20210709_1,2021-07-09,2021-07-08,2021-07-09,0.25,,,,wind:wind_get_stock_events
002441.SZ,002441.SZ_20220708_1,2022-07-08,2022-07-07,2022-07-08,0.35,,,,wind:wind_get_stock_events
002441.SZ,002441.SZ_20230706_1,2023-07-06,2023-07-05,2023-07-06,0.35,,,,wind:wind_get_stock_events
002441.SZ,002441.SZ_20240626_1,2024-06-26,2024-06-25,2024-06-26,0.3,,,,wind:wind_get_stock_events
002441.SZ,002441.SZ_20250616_1,2025-06-16,2025-06-13,2025-06-16,0.3,,,,wind:wind_get_stock_events
002441.SZ,002441.SZ_20251216_1,2025-12-16,2025-12-15,2025-12-16,0.2,,,,wind:wind_get_stock_events
002441.SZ,002441.SZ_20260625_1,2026-06-25,2026-06-24,2026-06-25,0.3,,,,wind:wind_get_stock_events
002441.SZ,002441.SZ_20260909_1,2026-09-09,2026-09-08,2026-09-09,0.2,,,,wind:wind_get_stock_events
002442.SZ,002442.SZ_20190416_1,2019-04-16,2019-04-15,2019-04-16,0.1,,,,wind:wind_get_stock_events
002442.SZ,002442.SZ_20220622_1,2022-06-22,2022-06-21,2022-06-22,0.1,,,,wind:wind_get_stock_events
002442.SZ,002442.SZ_20240620_1,2024-06-20,2024-06-19,2024-06-20,0.12,,,,wind:wind_get_stock_events
002442.SZ,002442.SZ_20250610_1,2025-06-10,2025-06-09,2025-06-10,0.12,,,,wind:wind_get_stock_events
002443.SZ,002443.SZ_20150519_1,2015-05-19,2015-05-18,2015-05-19,0.1,,,,wind:wind_get_stock_events
002443.SZ,002443.SZ_20160608_1,2016-06-08,2016-06-07,2016-06-08,0.1,,,,wind:wind_get_stock_events
002443.SZ,002443.SZ_20170711_1,2017-07-11,2017-07-10,2017-07-11,0.04,,,,wind:wind_get_stock_events
002443.SZ,002443.SZ_20180711_1,2018-07-11,2018-07-10,2018-07-11,0.1,,,,wind:wind_get_stock_events
002443.SZ,002443.SZ_20190712_1,2019-07-12,2019-07-11,2019-07-12,0.2,,,,wind:wind_get_stock_events
002443.SZ,002443.SZ_20200716_1,2020-07-16,2020-07-15,2020-07-16,0.3,,,,wind:wind_get_stock_events
002443.SZ,002443.SZ_20210708_1,2021-07-08,2021-07-07,2021-07-08,0.35,,,,wind:wind_get_stock_events
002443.SZ,002443.SZ_20220530_1,2022-05-30,2022-05-27,2022-05-30,0.4,,,,wind:wind_get_stock_events
002443.SZ,002443.SZ_20230718_1,2023-07-18,2023-07-17,2023-07-18,0.05,,,,wind:wind_get_stock_events
002443.SZ,002443.SZ_20240628_1,2024-06-28,2024-06-27,2024-06-28,0.06,,,,wind:wind_get_stock_events
002443.SZ,002443.SZ_20250528_1,2025-05-28,2025-05-27,2025-05-28,0.2,,,,wind:wind_get_stock_events
002443.SZ,002443.SZ_20260520_1,2026-05-20,2026-05-19,2026-05-20,0.03,,,,wind:wind_get_stock_events
002444.SZ,002444.SZ_20150617_1,2015-06-17,2015-06-16,2015-06-17,0.2,,,,wind:wind_get_stock_events
002444.SZ,002444.SZ_20160617_1,2016-06-17,2016-06-16,2016-06-17,0.1,,,,wind:wind_get_stock_events
002444.SZ,002444.SZ_20170703_1,2017-07-03,2017-06-30,2017-07-03,0.1,,,,wind:wind_get_stock_events
002444.SZ,002444.SZ_20191210_1,2019-12-10,2019-12-09,2019-12-10,0.19,,,,wind:wind_get_stock_events
002444.SZ,002444.SZ_20230601_1,2023-06-01,2023-05-31,2023-06-01,0.166,,,,wind:wind_get_stock_events
002444.SZ,002444.SZ_20231207_1,2023-12-07,2023-12-06,2023-12-07,0.175,,,,wind:wind_get_stock_events
002444.SZ,002444.SZ_20240613_1,2024-06-13,2024-06-12,2024-06-13,0.1,,,,wind:wind_get_stock_events
002444.SZ,002444.SZ_20240927_1,2024-09-27,2024-09-26,2024-09-27,0.25,,,,wind:wind_get_stock_events
002444.SZ,002444.SZ_20241205_1,2024-12-05,2024-12-04,2024-12-05,0.25,,,,wind:wind_get_stock_events
002444.SZ,002444.SZ_20251024_1,2025-10-24,2025-10-23,2025-10-24,0.25,,,,wind:wind_get_stock_events
002444.SZ,002444.SZ_20260618_1,2026-06-18,2026-06-17,2026-06-18,0.4,,,,wind:wind_get_stock_events
002445.SZ,002445.SZ_20150713_1,2015-07-13,2015-07-10,2015-07-13,0.02,,1,2015-07-13,wind:wind_get_stock_events
002445.SZ,002445.SZ_20160617_1,2016-06-17,2016-06-16,2016-06-17,0.0099,,,,wind:wind_get_stock_events
002445.SZ,002445.SZ_20170714_1,2017-07-14,2017-07-13,2017-07-14,0.0351,,,,wind:wind_get_stock_events
002445.SZ,002445.SZ_20180716_1,2018-07-16,2018-07-13,2018-07-16,0.04,,0.7,2018-07-16,wind:wind_get_stock_events
002446.SZ,002446.SZ_20150610_1,2015-06-10,2015-06-09,2015-06-10,0.01,,1.2,2015-06-10,wind:wind_get_stock_events
002446.SZ,002446.SZ_20160622_1,2016-06-22,2016-06-21,2016-06-22,0.04,,,,wind:wind_get_stock_events
002446.SZ,002446.SZ_20170609_1,2017-06-09,2017-06-08,2017-06-09,0.05,,0.7,2017-06-09,wind:wind_get_stock_events
002446.SZ,002446.SZ_20180629_1,2018-06-29,2018-06-28,2018-06-29,0.015,,,,wind:wind_get_stock_events
002446.SZ,002446.SZ_20190719_1,2019-07-19,2019-07-18,2019-07-19,0.03,,,,wind:wind_get_stock_events
002448.SZ,002448.SZ_20150604_1,2015-06-04,2015-06-03,2015-06-04,0.2,,1.5,2015-06-04,wind:wind_get_stock_events
002448.SZ,002448.SZ_20160525_1,2016-05-25,2016-05-24,2016-05-25,0.1,,,,wind:wind_get_stock_events
002448.SZ,002448.SZ_20170515_1,2017-05-15,2017-05-12,2017-05-15,0.1,,,,wind:wind_get_stock_events
002448.SZ,002448.SZ_20180710_1,2018-07-10,2018-07-09,2018-07-10,0.1,,,,wind:wind_get_stock_events
002448.SZ,002448.SZ_20190710_1,2019-07-10,2019-07-09,2019-07-10,0.1,,,,wind:wind_get_stock_events
002448.SZ,002448.SZ_20200610_1,2020-06-10,2020-06-09,2020-06-10,0.08,,,,wind:wind_get_stock_events
002448.SZ,002448.SZ_20210615_1,2021-06-15,2021-06-11,2021-06-15,0.1,,,,wind:wind_get_stock_events
002448.SZ,002448.SZ_20220624_1,2022-06-24,2022-06-23,2022-06-24,0.1,,,,wind:wind_get_stock_events
002448.SZ,002448.SZ_20230620_1,2023-06-20,2023-06-19,2023-06-20,0.11,,,,wind:wind_get_stock_events
002448.SZ,002448.SZ_20240612_1,2024-06-12,2024-06-11,2024-06-12,0.13,,,,wind:wind_get_stock_events
002448.SZ,002448.SZ_20250627_1,2025-06-27,2025-06-26,2025-06-27,0.13,,,,wind:wind_get_stock_events
002448.SZ,002448.SZ_20260618_1,2026-06-18,2026-06-17,2026-06-18,0.2,,,,wind:wind_get_stock_events
002449.SZ,002449.SZ_20150429_1,2015-04-29,2015-04-28,2015-04-29,0.15,,,,wind:wind_get_stock_events
002449.SZ,002449.SZ_20160513_1,2016-05-13,2016-05-12,2016-05-13,0.18,,,,wind:wind_get_stock_events
002449.SZ,002449.SZ_20170516_1,2017-05-16,2017-05-15,2017-05-16,0.2,,,,wind:wind_get_stock_events
002449.SZ,002449.SZ_20180511_1,2018-05-11,2018-05-10,2018-05-11,0.32,,0.3,2018-05-11,wind:wind_get_stock_events
002449.SZ,002449.SZ_20190515_1,2019-05-15,2019-05-14,2019-05-15,0.3,,,,wind:wind_get_stock_events
002449.SZ,002449.SZ_20200612_1,2020-06-12,2020-06-11,2020-06-12,0.3,,,,wind:wind_get_stock_events
002449.SZ,002449.SZ_20210622_1,2021-06-22,2021-06-21,2021-06-22,0.06,,,,wind:wind_get_stock_events
002449.SZ,002449.SZ_20220524_1,2022-05-24,2022-05-23,2022-05-24,0.05,,,,wind:wind_get_stock_events
002449.SZ,002449.SZ_20230615_1,2023-06-15,2023-06-14,2023-06-15,0.06,,,,wind:wind_get_stock_events
002449.SZ,002449.SZ_20240614_1,2024-06-14,2024-06-13,2024-06-14,0.06,,,,wind:wind_get_stock_events
002449.SZ,002449.SZ_20250613_1,2025-06-13,2025-06-12,2025-06-13,0.05,,,,wind:wind_get_stock_events
002451.SZ,002451.SZ_20160608_1,2016-06-08,2016-06-07,2016-06-08,0.04,,,,wind:wind_get_stock_events
002451.SZ,002451.SZ_20170712_1,2017-07-12,2017-07-11,2017-07-12,0.175,,,,wind:wind_get_stock_events
002451.SZ,002451.SZ_20240514_1,2024-05-14,2024-05-13,2024-05-14,0.01,,,,wind:wind_get_stock_events
002451.SZ,002451.SZ_20250624_1,2025-06-24,2025-06-23,2025-06-24,0.01,,,,wind:wind_get_stock_events
002451.SZ,002451.SZ_20260601_1,2026-06-01,2026-05-29,2026-06-01,0.01,,,,wind:wind_get_stock_events
002452.SZ,002452.SZ_20150430_1,2015-04-30,2015-04-29,2015-04-30,0.1,,1,2015-04-30,wind:wind_get_stock_events
002452.SZ,002452.SZ_20160331_1,2016-03-31,2016-03-30,2016-03-31,0.06,,,,wind:wind_get_stock_events
002452.SZ,002452.SZ_20170518_1,2017-05-18,2017-05-17,2017-05-18,0.05,,,,wind:wind_get_stock_events
002452.SZ,002452.SZ_20180524_1,2018-05-24,2018-05-23,2018-05-24,0.03,,,,wind:wind_get_stock_events
002452.SZ,002452.SZ_20200428_1,2020-04-28,2020-04-27,2020-04-28,0.07,,,,wind:wind_get_stock_events
002452.SZ,002452.SZ_20210525_1,2021-05-25,2021-05-24,2021-05-25,0.07,,,,wind:wind_get_stock_events
002452.SZ,002452.SZ_20220610_1,2022-06-10,2022-06-09,2022-06-10,0.07,,,,wind:wind_get_stock_events
002452.SZ,002452.SZ_20230531_1,2023-05-31,2023-05-30,2023-05-31,0.02,,,,wind:wind_get_stock_events
002452.SZ,002452.SZ_20240516_1,2024-05-16,2024-05-15,2024-05-16,0.07,,,,wind:wind_get_stock_events
002452.SZ,002452.SZ_20250528_1,2025-05-28,2025-05-27,2025-05-28,0.08,,,,wind:wind_get_stock_events
002452.SZ,002452.SZ_20251219_1,2025-12-19,2025-12-18,2025-12-19,0.03,,,,wind:wind_get_stock_events
002452.SZ,002452.SZ_20260529_1,2026-05-29,2026-05-28,2026-05-29,0.09,,,,wind:wind_get_stock_events
002453.SZ,002453.SZ_20150615_1,2015-06-15,2015-06-12,2015-06-15,0.02,,,,wind:wind_get_stock_events
002453.SZ,002453.SZ_20160602_1,2016-06-02,2016-06-01,2016-06-02,0.013,,,,wind:wind_get_stock_events
002454.SZ,002454.SZ_20150617_1,2015-06-17,2015-06-16,2015-06-17,0.3,,,,wind:wind_get_stock_events
002454.SZ,002454.SZ_20160715_1,2016-07-15,2016-07-14,2016-07-15,0.0801,,,,wind:wind_get_stock_events
002454.SZ,002454.SZ_20170616_1,2017-06-16,2017-06-15,2017-06-16,0.1,,,,wind:wind_get_stock_events
002454.SZ,002454.SZ_20180528_1,2018-05-28,2018-05-25,2018-05-28,0.1,,0.5,2018-05-28,wind:wind_get_stock_events
002454.SZ,002454.SZ_20190603_1,2019-06-03,2019-05-31,2019-06-03,0.06,,,,wind:wind_get_stock_events
002454.SZ,002454.SZ_20200609_1,2020-06-09,2020-06-08,2020-06-09,0.06,,,,wind:wind_get_stock_events
002454.SZ,002454.SZ_20210512_1,2021-05-12,2021-05-11,2021-05-12,0.08,,,,wind:wind_get_stock_events
002454.SZ,002454.SZ_20220628_1,2022-06-28,2022-06-27,2022-06-28,0.04,,,,wind:wind_get_stock_events
002454.SZ,002454.SZ_20230616_1,2023-06-16,2023-06-15,2023-06-16,0.03,,,,wind:wind_get_stock_events
002454.SZ,002454.SZ_20240614_1,2024-06-14,2024-06-13,2024-06-14,0.06,,,,wind:wind_get_stock_events
002454.SZ,002454.SZ_20250613_1,2025-06-13,2025-06-12,2025-06-13,0.1,,,,wind:wind_get_stock_events
002454.SZ,002454.SZ_20251120_1,2025-11-20,2025-11-19,2025-11-20,0.15,,,,wind:wind_get_stock_events
002454.SZ,002454.SZ_20260522_1,2026-05-22,2026-05-21,2026-05-22,0.2,,0.4,2026-05-22,wind:wind_get_stock_events
002455.SZ,002455.SZ_20150512_1,2015-05-12,2015-05-11,2015-05-12,0.25,,1,2015-05-12,wind:wind_get_stock_events
002455.SZ,002455.SZ_20160526_1,2016-05-26,2016-05-25,2016-05-26,0.1,,,,wind:wind_get_stock_events
002455.SZ,002455.SZ_20170512_1,2017-05-12,2017-05-11,2017-05-12,0.1,,,,wind:wind_get_stock_events
002455.SZ,002455.SZ_20180529_1,2018-05-29,2018-05-28,2018-05-29,0.1,,,,wind:wind_get_stock_events
002455.SZ,002455.SZ_20190529_1,2019-05-29,2019-05-28,2019-05-29,0.1,,,,wind:wind_get_stock_events
002455.SZ,002455.SZ_20200529_1,2020-05-29,2020-05-28,2020-05-29,0.135,,,,wind:wind_get_stock_events
002455.SZ,002455.SZ_20210527_1,2021-05-27,2021-05-26,2021-05-27,0.1,,,,wind:wind_get_stock_events
002455.SZ,002455.SZ_20220330_1,2022-03-30,2022-03-29,2022-03-30,0.05,,,,wind:wind_get_stock_events
002455.SZ,002455.SZ_20230515_1,2023-05-15,2023-05-12,2023-05-15,0.05,,,,wind:wind_get_stock_events
002455.SZ,002455.SZ_20250430_1,2025-04-30,2025-04-29,2025-04-30,0.06,,,,wind:wind_get_stock_events
002457.SZ,002457.SZ_20150520_1,2015-05-20,2015-05-19,2015-05-20,0.02,,,,wind:wind_get_stock_events
002457.SZ,002457.SZ_20160516_1,2016-05-16,2016-05-13,2016-05-16,0.015,,,,wind:wind_get_stock_events
002457.SZ,002457.SZ_20170524_1,2017-05-24,2017-05-23,2017-05-24,0.015,,,,wind:wind_get_stock_events
002457.SZ,002457.SZ_20180522_1,2018-05-22,2018-05-21,2018-05-22,0.1,,,,wind:wind_get_stock_events
002457.SZ,002457.SZ_20190529_1,2019-05-29,2019-05-28,2019-05-29,0.1,,,,wind:wind_get_stock_events
002457.SZ,002457.SZ_20200529_1,2020-05-29,2020-05-28,2020-05-29,0.15,,,,wind:wind_get_stock_events
002457.SZ,002457.SZ_20210527_1,2021-05-27,2021-05-26,2021-05-27,0.18,,,,wind:wind_get_stock_events
002457.SZ,002457.SZ_20220428_1,2022-04-28,2022-04-27,2022-04-28,0.18,,,,wind:wind_get_stock_events
002457.SZ,002457.SZ_20230504_1,2023-05-04,2023-04-28,2023-05-04,0.2,,,,wind:wind_get_stock_events
002457.SZ,002457.SZ_20240514_1,2024-05-14,2024-05-13,2024-05-14,0.09,,,,wind:wind_get_stock_events
002457.SZ,002457.SZ_20240829_1,2024-08-29,2024-08-28,2024-08-29,0.09,,,,wind:wind_get_stock_events
002457.SZ,002457.SZ_20250523_1,2025-05-23,2025-05-22,2025-05-23,0.12,,,,wind:wind_get_stock_events
002457.SZ,002457.SZ_20251110_1,2025-11-10,2025-11-07,2025-11-10,0.04,,,,wind:wind_get_stock_events
002457.SZ,002457.SZ_20260526_1,2026-05-26,2026-05-25,2026-05-26,0.12,,,,wind:wind_get_stock_events
002458.SZ,002458.SZ_20190409_1,2019-04-09,2019-04-08,2019-04-09,0.2,,0.7,2019-04-09,wind:wind_get_stock_events
002458.SZ,002458.SZ_20190927_1,2019-09-27,2019-09-26,2019-09-27,0.3,,,,wind:wind_get_stock_events
002458.SZ,002458.SZ_20200319_1,2020-03-19,2020-03-18,2020-03-19,1,,0.7,2020-03-19,wind:wind_get_stock_events
002458.SZ,002458.SZ_20200923_1,2020-09-23,2020-09-22,2020-09-23,0.1,,,,wind:wind_get_stock_events
002458.SZ,002458.SZ_20240527_1,2024-05-27,2024-05-24,2024-05-27,0.2,,,,wind:wind_get_stock_events
002458.SZ,002458.SZ_20250110_1,2025-01-10,2025-01-09,2025-01-10,0.1,,,,wind:wind_get_stock_events
002458.SZ,002458.SZ_20250515_1,2025-05-15,2025-05-14,2025-05-15,0.1,,,,wind:wind_get_stock_events
002458.SZ,002458.SZ_20250910_1,2025-09-10,2025-09-09,2025-09-10,0.15,,,,wind:wind_get_stock_events
002458.SZ,002458.SZ_20260515_1,2026-05-15,2026-05-14,,,,0.3,2026-05-15,wind:wind_get_stock_events
002458.SZ,002458.SZ_20260820_1,2026-08-20,2026-08-19,2026-08-20,0.15,,,,wind:wind_get_stock_events
002459.SZ,002459.SZ_20210723_1,2021-07-23,2021-07-22,2021-07-23,0.2,,,,wind:wind_get_stock_events
002459.SZ,002459.SZ_20220617_1,2022-06-17,2022-06-16,2022-06-17,0.15,,0.4,2022-06-17,wind:wind_get_stock_events
002459.SZ,002459.SZ_20230425_1,2023-04-25,2023-04-24,2023-04-25,0.24,,0.4,2023-04-25,wind:wind_get_stock_events
002459.SZ,002459.SZ_20240530_1,2024-05-30,2024-05-29,2024-05-30,0.563,,,,wind:wind_get_stock_events
002461.SZ,002461.SZ_20150513_1,2015-05-13,2015-05-12,2015-05-13,0.03,,,,wind:wind_get_stock_events
002461.SZ,002461.SZ_20160530_1,2016-05-30,2016-05-27,2016-05-30,0.05,,,,wind:wind_get_stock_events
002461.SZ,002461.SZ_20170512_1,2017-05-12,2017-05-11,2017-05-12,0.06,,,,wind:wind_get_stock_events
002461.SZ,002461.SZ_20180514_1,2018-05-14,2018-05-11,2018-05-14,0.1,,1,2018-05-14,wind:wind_get_stock_events
002461.SZ,002461.SZ_20190515_1,2019-05-15,2019-05-14,2019-05-15,0.1,,,,wind:wind_get_stock_events
002461.SZ,002461.SZ_20200515_1,2020-05-15,2020-05-14,2020-05-15,0.1,,,,wind:wind_get_stock_events
002461.SZ,002461.SZ_20210615_1,2021-06-15,2021-06-11,2021-06-15,0.115,,,,wind:wind_get_stock_events
002461.SZ,002461.SZ_20220610_1,2022-06-10,2022-06-09,2022-06-10,0.12,,,,wind:wind_get_stock_events
002461.SZ,002461.SZ_20230609_1,2023-06-09,2023-06-08,2023-06-09,0.12,,,,wind:wind_get_stock_events
002461.SZ,002461.SZ_20240607_1,2024-06-07,2024-06-06,2024-06-07,0.125,,,,wind:wind_get_stock_events
002461.SZ,002461.SZ_20250612_1,2025-06-12,2025-06-11,2025-06-12,0.17,,,,wind:wind_get_stock_events
002461.SZ,002461.SZ_20260612_1,2026-06-12,2026-06-11,2026-06-12,0.19,,,,wind:wind_get_stock_events
002462.SZ,002462.SZ_20150610_1,2015-06-10,2015-06-09,2015-06-10,0.12,,,,wind:wind_get_stock_events
002462.SZ,002462.SZ_20160624_1,2016-06-24,2016-06-23,2016-06-24,0.25,,,,wind:wind_get_stock_events
002462.SZ,002462.SZ_20170630_1,2017-06-30,2017-06-29,2017-06-30,0.15,,,,wind:wind_get_stock_events
002462.SZ,002462.SZ_20180629_1,2018-06-29,2018-06-28,2018-06-29,0.15,,,,wind:wind_get_stock_events
002462.SZ,002462.SZ_20190517_1,2019-05-17,2019-05-16,2019-05-17,0.15,,,,wind:wind_get_stock_events
002462.SZ,002462.SZ_20200630_1,2020-06-30,2020-06-29,2020-06-30,0.4,,,,wind:wind_get_stock_events
002462.SZ,002462.SZ_20210618_1,2021-06-18,2021-06-17,2021-06-18,0.33,,,,wind:wind_get_stock_events
002462.SZ,002462.SZ_20220624_1,2022-06-24,2022-06-23,2022-06-24,0.37,,,,wind:wind_get_stock_events
002462.SZ,002462.SZ_20230630_1,2023-06-30,2023-06-29,2023-06-30,0.31,,,,wind:wind_get_stock_events
002462.SZ,002462.SZ_20240627_1,2024-06-27,2024-06-26,2024-06-27,0.26,,,,wind:wind_get_stock_events
002462.SZ,002462.SZ_20250630_1,2025-06-30,2025-06-27,2025-06-30,0.17,,,,wind:wind_get_stock_events
002462.SZ,002462.SZ_20260828_1,2026-08-28,2026-08-27,2026-08-28,0.115,,,,wind:wind_get_stock_events
002463.SZ,002463.SZ_20170522_1,2017-05-22,2017-05-19,2017-05-22,0.05,,,,wind:wind_get_stock_events
002463.SZ,002463.SZ_20180510_1,2018-05-10,2018-05-09,2018-05-10,0.05,,,,wind:wind_get_stock_events
002463.SZ,002463.SZ_20190513_1,2019-05-13,2019-05-10,2019-05-13,0.1,,,,wind:wind_get_stock_events
002463.SZ,002463.SZ_20200511_1,2020-05-11,2020-05-08,2020-05-11,0.2,,,,wind:wind_get_stock_events
002463.SZ,002463.SZ_20210716_1,2021-07-16,2021-07-15,2021-07-16,0.2,,0.1,2021-07-16,wind:wind_get_stock_events
002463.SZ,002463.SZ_20220513_1,2022-05-13,2022-05-12,2022-05-13,0.15,,,,wind:wind_get_stock_events
002463.SZ,002463.SZ_20230426_1,2023-04-26,2023-04-25,2023-04-26,0.15,,,,wind:wind_get_stock_events
002463.SZ,002463.SZ_20240520_1,2024-05-20,2024-05-17,2024-05-20,0.5,,,,wind:wind_get_stock_events
002463.SZ,002463.SZ_20250514_1,2025-05-14,2025-05-13,2025-05-14,0.5,,,,wind:wind_get_stock_events
002463.SZ,002463.SZ_20260508_1,2026-05-08,2026-05-07,2026-05-08,0.5,,,,wind:wind_get_stock_events
002465.SZ,002465.SZ_20150512_1,2015-05-12,2015-05-11,2015-05-12,0.2,,,,wind:wind_get_stock_events
002465.SZ,002465.SZ_20150925_1,2015-09-25,2015-09-24,,,,1,2015-09-25,wind:wind_get_stock_events
002465.SZ,002465.SZ_20160530_1,2016-05-30,2016-05-27,2016-05-30,0.15,,,,wind:wind_get_stock_events
002465.SZ,002465.SZ_20170525_1,2017-05-25,2017-05-24,2017-05-25,0.1,,,,wind:wind_get_stock_events
002465.SZ,002465.SZ_20180510_1,2018-05-10,2018-05-09,2018-05-10,0.08,,,,wind:wind_get_stock_events
002465.SZ,002465.SZ_20190531_1,2019-05-31,2019-05-30,2019-05-31,0.12,,,,wind:wind_get_stock_events
002465.SZ,002465.SZ_20200529_1,2020-05-29,2020-05-28,2020-05-29,0.12,,,,wind:wind_get_stock_events
002465.SZ,002465.SZ_20210524_1,2021-05-24,2021-05-21,2021-05-24,0.132,,,,wind:wind_get_stock_events
002465.SZ,002465.SZ_20220512_1,2022-05-12,2022-05-11,2022-05-12,0.15,,,,wind:wind_get_stock_events
002465.SZ,002465.SZ_20230511_1,2023-05-11,2023-05-10,2023-05-11,0.15,,,,wind:wind_get_stock_events
002465.SZ,002465.SZ_20240531_1,2024-05-31,2024-05-30,2024-05-31,0.15,,,,wind:wind_get_stock_events
002465.SZ,002465.SZ_20250530_1,2025-05-30,2025-05-29,2025-05-30,0.06,,,,wind:wind_get_stock_events
002465.SZ,002465.SZ_20260521_1,2026-05-21,2026-05-20,2026-05-21,0.06,,,,wind:wind_get_stock_events
002466.SZ,002466.SZ_20160527_1,2016-05-27,2016-05-26,2016-05-27,0.3,,2.8,2016-05-27,wind:wind_get_stock_events
002466.SZ,002466.SZ_20170510_1,2017-05-10,2017-05-09,2017-05-10,0.18,,,,wind:wind_get_stock_events
002466.SZ,002466.SZ_20180507_1,2018-05-07,2018-05-04,2018-05-07,0.2,,,,wind:wind_get_stock_events
002466.SZ,002466.SZ_20190619_1,2019-06-19,2019-06-18,2019-06-19,0.18,,,,wind:wind_get_stock_events
002466.SZ,002466.SZ_20230630_1,2023-06-30,2023-06-29,2023-06-30,3,,,,wind:wind_get_stock_events
002466.SZ,002466.SZ_20240607_1,2024-06-07,2024-06-06,2024-06-07,1.35,,,,wind:wind_get_stock_events
002467.SZ,002467.SZ_20150506_1,2015-05-06,2015-05-05,2015-05-06,0.18,,0.5,2015-05-06,wind:wind_get_stock_events
002467.SZ,002467.SZ_20160531_1,2016-05-31,2016-05-30,2016-05-31,0.04,,,,wind:wind_get_stock_events
002467.SZ,002467.SZ_20190515_1,2019-05-15,2019-05-14,2019-05-15,0.1,,0.7,2019-05-15,wind:wind_get_stock_events
002467.SZ,002467.SZ_20200605_1,2020-06-05,2020-06-04,2020-06-05,0.05,,,,wind:wind_get_stock_events
002467.SZ,002467.SZ_20210604_1,2021-06-04,2021-06-03,2021-06-04,0.15,,,,wind:wind_get_stock_events
002467.SZ,002467.SZ_20230515_1,2023-05-15,2023-05-12,2023-05-15,0.16,,,,wind:wind_get_stock_events
002467.SZ,002467.SZ_20250430_1,2025-04-30,2025-04-29,2025-04-30,0.01,,,,wind:wind_get_stock_events
002468.SZ,002468.SZ_20150601_1,2015-06-01,2015-05-29,2015-06-01,0.01,,,,wind:wind_get_stock_events
002468.SZ,002468.SZ_20160428_1,2016-04-28,2016-04-27,2016-04-28,0.01,,,,wind:wind_get_stock_events
002468.SZ,002468.SZ_20170526_1,2017-05-26,2017-05-25,2017-05-26,0.1,,,,wind:wind_get_stock_events
002468.SZ,002468.SZ_20180615_1,2018-06-15,2018-06-14,2018-06-15,0.2,,,,wind:wind_get_stock_events
002468.SZ,002468.SZ_20190530_1,2019-05-30,2019-05-29,2019-05-30,0.5,,,,wind:wind_get_stock_events
002468.SZ,002468.SZ_20200622_1,2020-06-22,2020-06-19,2020-06-22,0.1,,,,wind:wind_get_stock_events
002468.SZ,002468.SZ_20240619_1,2024-06-19,2024-06-18,2024-06-19,0.02,,,,wind:wind_get_stock_events
002468.SZ,002468.SZ_20250605_1,2025-06-05,2025-06-04,2025-06-05,0.067,,,,wind:wind_get_stock_events
002468.SZ,002468.SZ_20260610_1,2026-06-10,2026-06-09,2026-06-10,0.1,,,,wind:wind_get_stock_events
002469.SZ,002469.SZ_20150506_1,2015-05-06,2015-05-05,2015-05-06,0.15,,,,wind:wind_get_stock_events
002469.SZ,002469.SZ_20160427_1,2016-04-27,2016-04-26,2016-04-27,0.15,,0.5,2016-04-27,wind:wind_get_stock_events
002469.SZ,002469.SZ_20170427_1,2017-04-27,2017-04-26,2017-04-27,0.1,,,,wind:wind_get_stock_events
002469.SZ,002469.SZ_20180426_1,2018-04-26,2018-04-25,2018-04-26,0.05,,,,wind:wind_get_stock_events
002469.SZ,002469.SZ_20190426_1,2019-04-26,2019-04-25,2019-04-26,0.1,,,,wind:wind_get_stock_events
002469.SZ,002469.SZ_20200526_1,2020-05-26,2020-05-25,2020-05-26,0.1,,,,wind:wind_get_stock_events
002469.SZ,002469.SZ_20210430_1,2021-04-30,2021-04-29,2021-04-30,0.15,,,,wind:wind_get_stock_events
002469.SZ,002469.SZ_20220428_1,2022-04-28,2022-04-27,2022-04-28,0.25,,,,wind:wind_get_stock_events
002469.SZ,002469.SZ_20230525_1,2023-05-25,2023-05-24,2023-05-25,0.25,,,,wind:wind_get_stock_events
002469.SZ,002469.SZ_20240426_1,2024-04-26,2024-04-25,2024-04-26,0.3,,,,wind:wind_get_stock_events
002469.SZ,002469.SZ_20240906_1,2024-09-06,2024-09-05,2024-09-06,0.1,,,,wind:wind_get_stock_events
002469.SZ,002469.SZ_20250430_1,2025-04-30,2025-04-29,2025-04-30,0.3,,,,wind:wind_get_stock_events
002469.SZ,002469.SZ_20250919_1,2025-09-19,2025-09-18,2025-09-19,0.1,,,,wind:wind_get_stock_events
002469.SZ,002469.SZ_20260522_1,2026-05-22,2026-05-21,2026-05-22,0.2,,,,wind:wind_get_stock_events
002470.SZ,002470.SZ_20150522_1,2015-05-22,2015-05-21,2015-05-22,0.15,,1,2015-05-22,wind:wind_get_stock_events
002470.SZ,002470.SZ_20160512_1,2016-05-12,2016-05-11,2016-05-12,0.1,,1,2016-05-12,wind:wind_get_stock_events
002470.SZ,002470.SZ_20170717_1,2017-07-17,2017-07-14,2017-07-17,0.1,,,,wind:wind_get_stock_events
002470.SZ,002470.SZ_20180619_1,2018-06-19,2018-06-15,2018-06-19,0.08,,,,wind:wind_get_stock_events
002472.SZ,002472.SZ_20150521_1,2015-05-21,2015-05-20,2015-05-21,0.12,,,,wind:wind_get_stock_events
002472.SZ,002472.SZ_20160518_1,2016-05-18,2016-05-17,2016-05-18,0.12,,,,wind:wind_get_stock_events
002472.SZ,002472.SZ_20160926_1,2016-09-26,2016-09-23,,,,1,2016-09-26,wind:wind_get_stock_events
002472.SZ,002472.SZ_20170427_1,2017-04-27,2017-04-26,2017-04-27,0.08,,,,wind:wind_get_stock_events
002472.SZ,002472.SZ_20180608_1,2018-06-08,2018-06-07,2018-06-08,0.06,,,,wind:wind_get_stock_events
002472.SZ,002472.SZ_20190606_1,2019-06-06,2019-06-05,2019-06-06,0.06,,,,wind:wind_get_stock_events
002472.SZ,002472.SZ_20200602_1,2020-06-02,2020-06-01,2020-06-02,0.046,,,,wind:wind_get_stock_events
002472.SZ,002472.SZ_20210604_1,2021-06-04,2021-06-03,2021-06-04,0.02,,,,wind:wind_get_stock_events
002472.SZ,002472.SZ_20220609_1,2022-06-09,2022-06-08,2022-06-09,0.06,,,,wind:wind_get_stock_events
002472.SZ,002472.SZ_20230526_1,2023-05-26,2023-05-25,2023-05-26,0.08,,,,wind:wind_get_stock_events
002472.SZ,002472.SZ_20240605_1,2024-06-05,2024-06-04,2024-06-05,0.12,,,,wind:wind_get_stock_events
002472.SZ,002472.SZ_20250613_1,2025-06-13,2025-06-12,2025-06-13,0.226,,,,wind:wind_get_stock_events
002472.SZ,002472.SZ_20251027_1,2025-10-27,2025-10-24,2025-10-27,0.18,,,,wind:wind_get_stock_events
002472.SZ,002472.SZ_20260706_1,2026-07-06,2026-07-03,2026-07-06,0.28,,,,wind:wind_get_stock_events
002474.SZ,002474.SZ_20150512_1,2015-05-12,2015-05-11,2015-05-12,0.015,,,,wind:wind_get_stock_events
002474.SZ,002474.SZ_20170512_1,2017-05-12,2017-05-11,2017-05-12,0.01,,,,wind:wind_get_stock_events
002474.SZ,002474.SZ_20180514_1,2018-05-14,2018-05-11,2018-05-14,0.01,,,,wind:wind_get_stock_events
002474.SZ,002474.SZ_20190516_1,2019-05-16,2019-05-15,2019-05-16,0.01,,,,wind:wind_get_stock_events
002474.SZ,002474.SZ_20210528_1,2021-05-28,2021-05-27,2021-05-28,0.015,,,,wind:wind_get_stock_events
002474.SZ,002474.SZ_20220531_1,2022-05-31,2022-05-30,2022-05-31,0.01,,,,wind:wind_get_stock_events
002475.SZ,002475.SZ_20150619_1,2015-06-19,2015-06-18,2015-06-19,0.08,,0.5,2015-06-19,wind:wind_get_stock_events
002475.SZ,002475.SZ_20160613_1,2016-06-13,2016-06-08,2016-06-13,0.09,,0.5,2016-06-13,wind:wind_get_stock_events
002475.SZ,002475.SZ_20170706_1,2017-07-06,2017-07-05,2017-07-06,0.08,,0.5,2017-07-06,wind:wind_get_stock_events
002475.SZ,002475.SZ_20180717_1,2018-07-17,2018-07-16,2018-07-17,0.06,,0.3,2018-07-17,wind:wind_get_stock_events
002475.SZ,002475.SZ_20190705_1,2019-07-05,2019-07-04,2019-07-05,0.05,,0.3,2019-07-05,wind:wind_get_stock_events
002475.SZ,002475.SZ_20200617_1,2020-06-17,2020-06-16,2020-06-17,0.12,,0.3,2020-06-17,wind:wind_get_stock_events
002475.SZ,002475.SZ_20210708_1,2021-07-08,2021-07-07,2021-07-08,0.11,,,,wind:wind_get_stock_events
002475.SZ,002475.SZ_20220713_1,2022-07-13,2022-07-12,2022-07-13,0.11,,,,wind:wind_get_stock_events
002475.SZ,002475.SZ_20230615_1,2023-06-15,2023-06-14,2023-06-15,0.13,,,,wind:wind_get_stock_events
002475.SZ,002475.SZ_20240711_1,2024-07-11,2024-07-10,2024-07-11,0.2989,,,,wind:wind_get_stock_events
002475.SZ,002475.SZ_20250714_1,2025-07-14,2025-07-11,2025-07-14,0.1999,,,,wind:wind_get_stock_events
002475.SZ,002475.SZ_20260212_1,2026-02-12,2026-02-11,2026-02-12,0.1599,,,,wind:wind_get_stock_events
002475.SZ,002475.SZ_20260720_1,2026-07-20,2026-07-17,2026-07-20,0.1391,,,,wind:wind_get_stock_events
002476.SZ,002476.SZ_20150701_1,2015-07-01,2015-06-30,2015-07-01,0.03,,,,wind:wind_get_stock_events
002476.SZ,002476.SZ_20160622_1,2016-06-22,2016-06-21,2016-06-22,0.03,,,,wind:wind_get_stock_events
002476.SZ,002476.SZ_20170619_1,2017-06-19,2017-06-16,2017-06-19,0.03,,,,wind:wind_get_stock_events
002476.SZ,002476.SZ_20180703_1,2018-07-03,2018-07-02,2018-07-03,0.01,,,,wind:wind_get_stock_events
002476.SZ,002476.SZ_20240613_1,2024-06-13,2024-06-12,2024-06-13,0.01,,,,wind:wind_get_stock_events
002476.SZ,002476.SZ_20250618_1,2025-06-18,2025-06-17,2025-06-18,0.01,,,,wind:wind_get_stock_events
002478.SZ,002478.SZ_20150504_1,2015-05-04,2015-04-30,2015-05-04,0.2,,,,wind:wind_get_stock_events
002478.SZ,002478.SZ_20160506_1,2016-05-06,2016-05-05,2016-05-06,0.2,,,,wind:wind_get_stock_events
002478.SZ,002478.SZ_20170426_1,2017-04-26,2017-04-25,2017-04-26,1,,1,2017-04-26,wind:wind_get_stock_events
002478.SZ,002478.SZ_20180704_1,2018-07-04,2018-07-03,2018-07-04,0.1,,,,wind:wind_get_stock_events
002478.SZ,002478.SZ_20190717_1,2019-07-17,2019-07-16,2019-07-17,0.12,,,,wind:wind_get_stock_events
002478.SZ,002478.SZ_20200715_1,2020-07-15,2020-07-14,2020-07-15,0.13,,,,wind:wind_get_stock_events
002478.SZ,002478.SZ_20210528_1,2021-05-28,2021-05-27,2021-05-28,0.1,,,,wind:wind_get_stock_events
002478.SZ,002478.SZ_20220601_1,2022-06-01,2022-05-31,2022-06-01,0.08,,,,wind:wind_get_stock_events
002478.SZ,002478.SZ_20230517_1,2023-05-17,2023-05-16,2023-05-17,0.18,,,,wind:wind_get_stock_events
002478.SZ,002478.SZ_20240524_1,2024-05-24,2024-05-23,2024-05-24,0.28,,,,wind:wind_get_stock_events
002478.SZ,002478.SZ_20250528_1,2025-05-28,2025-05-27,2025-05-28,0.22,,,,wind:wind_get_stock_events
002478.SZ,002478.SZ_20260626_1,2026-06-26,2026-06-25,2026-06-26,0.2,,,,wind:wind_get_stock_events
002479.SZ,002479.SZ_20150512_1,2015-05-12,2015-05-11,2015-05-12,0.1317,,,,wind:wind_get_stock_events
002479.SZ,002479.SZ_20160503_1,2016-05-03,2016-04-29,2016-05-03,0.15,,,,wind:wind_get_stock_events
002479.SZ,002479.SZ_20170303_1,2017-03-03,2017-03-02,2017-03-03,0.1,,,,wind:wind_get_stock_events
002479.SZ,002479.SZ_20180613_1,2018-06-13,2018-06-12,2018-06-13,0.1,,,,wind:wind_get_stock_events
002479.SZ,002479.SZ_20190531_1,2019-05-31,2019-05-30,2019-05-31,0.05,,,,wind:wind_get_stock_events
002479.SZ,002479.SZ_20200604_1,2020-06-04,2020-06-03,2020-06-04,0.15,,,,wind:wind_get_stock_events
002479.SZ,002479.SZ_20210519_1,2021-05-19,2021-05-18,2021-05-19,0.15,,,,wind:wind_get_stock_events
002479.SZ,002479.SZ_20220517_1,2022-05-17,2022-05-16,2022-05-17,0.2,,,,wind:wind_get_stock_events
002479.SZ,002479.SZ_20230505_1,2023-05-05,2023-05-04,2023-05-05,0.2,,,,wind:wind_get_stock_events
002479.SZ,002479.SZ_20240523_1,2024-05-23,2024-05-22,2024-05-23,0.15,,,,wind:wind_get_stock_events
002479.SZ,002479.SZ_20250527_1,2025-05-27,2025-05-26,2025-05-27,0.15,,,,wind:wind_get_stock_events
002479.SZ,002479.SZ_20260522_1,2026-05-22,2026-05-21,2026-05-22,0.1,,,,wind:wind_get_stock_events
002479.SZ,002479.SZ_20260922_1,2026-09-22,2026-09-21,2026-09-22,0.05,,,,wind:wind_get_stock_events
002481.SZ,002481.SZ_20150717_1,2015-07-17,2015-07-16,2015-07-17,0.03,,,,wind:wind_get_stock_events
002481.SZ,002481.SZ_20151027_1,2015-10-27,2015-10-26,,,,1.5,2015-10-27,wind:wind_get_stock_events
002481.SZ,002481.SZ_20160812_1,2016-08-12,2016-08-11,2016-08-12,0.01,,,,wind:wind_get_stock_events
002481.SZ,002481.SZ_20170704_1,2017-07-04,2017-07-03,2017-07-04,0.04,,,,wind:wind_get_stock_events
002481.SZ,002481.SZ_20180705_1,2018-07-05,2018-07-04,2018-07-05,0.0102,,,,wind:wind_get_stock_events
002481.SZ,002481.SZ_20200605_1,2020-06-05,2020-06-04,2020-06-05,0.02,,,,wind:wind_get_stock_events
002481.SZ,002481.SZ_20210525_1,2021-05-25,2021-05-24,2021-05-25,0.1,,,,wind:wind_get_stock_events
002481.SZ,002481.SZ_20240603_1,2024-06-03,2024-05-31,2024-06-03,0.03,,,,wind:wind_get_stock_events
002481.SZ,002481.SZ_20241101_1,2024-11-01,2024-10-31,2024-11-01,0.02,,,,wind:wind_get_stock_events
002481.SZ,002481.SZ_20250715_1,2025-07-15,2025-07-14,2025-07-15,0.0201,,,,wind:wind_get_stock_events
002481.SZ,002481.SZ_20251028_1,2025-10-28,2025-10-27,2025-10-28,0.01,,,,wind:wind_get_stock_events
002484.SZ,002484.SZ_20150513_1,2015-05-13,2015-05-12,2015-05-13,0.1,,,,wind:wind_get_stock_events
002484.SZ,002484.SZ_20160511_1,2016-05-11,2016-05-10,2016-05-11,0.1,,0.6,2016-05-11,wind:wind_get_stock_events
002484.SZ,002484.SZ_20170516_1,2017-05-16,2017-05-15,2017-05-16,0.1,,0.3,2017-05-16,wind:wind_get_stock_events
002484.SZ,002484.SZ_20180525_1,2018-05-25,2018-05-24,2018-05-25,0.08,,,,wind:wind_get_stock_events
002484.SZ,002484.SZ_20190606_1,2019-06-06,2019-06-05,2019-06-06,0.08,,,,wind:wind_get_stock_events
002484.SZ,002484.SZ_20200512_1,2020-05-12,2020-05-11,2020-05-12,0.08,,,,wind:wind_get_stock_events
002484.SZ,002484.SZ_20210510_1,2021-05-10,2021-05-07,2021-05-10,0.12,,,,wind:wind_get_stock_events
002484.SZ,002484.SZ_20220429_1,2022-04-29,2022-04-28,2022-04-29,0.12,,,,wind:wind_get_stock_events
002484.SZ,002484.SZ_20230509_1,2023-05-09,2023-05-08,2023-05-09,0.15,,,,wind:wind_get_stock_events
002484.SZ,002484.SZ_20240617_1,2024-06-17,2024-06-14,2024-06-17,0.26,,,,wind:wind_get_stock_events
002484.SZ,002484.SZ_20250530_1,2025-05-30,2025-05-29,2025-05-30,0.26,,,,wind:wind_get_stock_events
002484.SZ,002484.SZ_20260528_1,2026-05-28,2026-05-27,2026-05-28,0.26,,,,wind:wind_get_stock_events
002486.SZ,002486.SZ_20150710_1,2015-07-10,2015-07-09,2015-07-10,0.01,,,,wind:wind_get_stock_events
002486.SZ,002486.SZ_20230605_1,2023-06-05,2023-06-02,2023-06-05,0.012,,,,wind:wind_get_stock_events
002486.SZ,002486.SZ_20260610_1,2026-06-10,2026-06-09,2026-06-10,0.012,,,,wind:wind_get_stock_events
002487.SZ,002487.SZ_20150408_1,2015-04-08,2015-04-07,2015-04-08,0.01,,0.5,2015-04-08,wind:wind_get_stock_events
002487.SZ,002487.SZ_20160510_1,2016-05-10,2016-05-09,2016-05-10,0.02,,,,wind:wind_get_stock_events
002487.SZ,002487.SZ_20170531_1,2017-05-31,2017-05-26,2017-05-31,0.01,,,,wind:wind_get_stock_events
002487.SZ,002487.SZ_20180712_1,2018-07-12,2018-07-11,2018-07-12,0.01,,,,wind:wind_get_stock_events
002487.SZ,002487.SZ_20190716_1,2019-07-16,2019-07-15,2019-07-16,0.01,,,,wind:wind_get_stock_events
002487.SZ,002487.SZ_20200630_1,2020-06-30,2020-06-29,2020-06-30,0.026,,,,wind:wind_get_stock_events
002487.SZ,002487.SZ_20210618_1,2021-06-18,2021-06-17,2021-06-18,0.008,,,,wind:wind_get_stock_events
002487.SZ,002487.SZ_20220718_1,2022-07-18,2022-07-15,2022-07-18,0.022,,,,wind:wind_get_stock_events
002487.SZ,002487.SZ_20230712_1,2023-07-12,2023-07-11,2023-07-12,0.028,,,,wind:wind_get_stock_events
002487.SZ,002487.SZ_20240612_1,2024-06-12,2024-06-11,2024-06-12,0.182,,,,wind:wind_get_stock_events
002487.SZ,002487.SZ_20250623_1,2025-06-23,2025-06-20,2025-06-23,0.08,,,,wind:wind_get_stock_events
002487.SZ,002487.SZ_20251028_1,2025-10-28,2025-10-27,2025-10-28,0.086,,,,wind:wind_get_stock_events
002487.SZ,002487.SZ_20260415_1,2026-04-15,2026-04-14,2026-04-15,0.087,,,,wind:wind_get_stock_events
002487.SZ,002487.SZ_20260922_1,2026-09-22,2026-09-21,2026-09-22,0.088,,,,wind:wind_get_stock_events
002491.SZ,002491.SZ_20150520_1,2015-05-20,2015-05-19,2015-05-20,0.1,,2,2015-05-20,wind:wind_get_stock_events
002491.SZ,002491.SZ_20160526_1,2016-05-26,2016-05-25,2016-05-26,0.02,,,,wind:wind_get_stock_events
002491.SZ,002491.SZ_20170707_1,2017-07-07,2017-07-06,2017-07-07,0.05,,,,wind:wind_get_stock_events
002491.SZ,002491.SZ_20180621_1,2018-06-21,2018-06-20,2018-06-21,0.05,,,,wind:wind_get_stock_events
002491.SZ,002491.SZ_20190712_1,2019-07-12,2019-07-11,2019-07-12,0.05,,,,wind:wind_get_stock_events
002492.SZ,002492.SZ_20150507_1,2015-05-07,2015-05-06,2015-05-07,0.05,,,,wind:wind_get_stock_events
002492.SZ,002492.SZ_20160530_1,2016-05-30,2016-05-27,2016-05-30,0.04,,,,wind:wind_get_stock_events
002492.SZ,002492.SZ_20170428_1,2017-04-28,2017-04-27,2017-04-28,0.06,,0.5,2017-04-28,wind:wind_get_stock_events
002492.SZ,002492.SZ_20180510_1,2018-05-10,2018-05-09,2018-05-10,0.05,,,,wind:wind_get_stock_events
002492.SZ,002492.SZ_20190510_1,2019-05-10,2019-05-09,2019-05-10,0.04,,,,wind:wind_get_stock_events
002492.SZ,002492.SZ_20200512_1,2020-05-12,2020-05-11,2020-05-12,0.04,,,,wind:wind_get_stock_events
002492.SZ,002492.SZ_20210610_1,2021-06-10,2021-06-09,2021-06-10,0.02,,,,wind:wind_get_stock_events
002492.SZ,002492.SZ_20220427_1,2022-04-27,2022-04-26,2022-04-27,0.04,,,,wind:wind_get_stock_events
002492.SZ,002492.SZ_20230512_1,2023-05-12,2023-05-11,2023-05-12,0.08,,,,wind:wind_get_stock_events
002492.SZ,002492.SZ_20240524_1,2024-05-24,2024-05-23,2024-05-24,0.12,,,,wind:wind_get_stock_events
002492.SZ,002492.SZ_20250527_1,2025-05-27,2025-05-26,2025-05-27,0.02,,,,wind:wind_get_stock_events
002493.SZ,002493.SZ_20150616_1,2015-06-16,2015-06-15,2015-06-16,0.05,,,,wind:wind_get_stock_events
002493.SZ,002493.SZ_20150925_1,2015-09-25,2015-09-24,,,,1,2015-09-25,wind:wind_get_stock_events
002493.SZ,002493.SZ_20160606_1,2016-06-06,2016-06-03,2016-06-06,0.025,,,,wind:wind_get_stock_events
002493.SZ,002493.SZ_20170518_1,2017-05-18,2017-05-17,2017-05-18,0.12,,0.5,2017-05-18,wind:wind_get_stock_events
002493.SZ,002493.SZ_20180508_1,2018-05-08,2018-05-07,2018-05-08,0.12,,0.5,2018-05-08,wind:wind_get_stock_events
002493.SZ,002493.SZ_20190528_1,2019-05-28,2019-05-27,2019-05-28,0.1,,,,wind:wind_get_stock_events
002493.SZ,002493.SZ_20200528_1,2020-05-28,2020-05-27,2020-05-28,0.12,,,,wind:wind_get_stock_events
002493.SZ,002493.SZ_20210601_1,2021-06-01,2021-05-31,2021-06-01,0.15,,0.5,2021-06-01,wind:wind_get_stock_events
002493.SZ,002493.SZ_20220606_1,2022-06-06,2022-06-02,2022-06-06,0.15,,,,wind:wind_get_stock_events
002493.SZ,002493.SZ_20230526_1,2023-05-26,2023-05-25,2023-05-26,0.15,,,,wind:wind_get_stock_events
002493.SZ,002493.SZ_20240605_1,2024-06-05,2024-06-04,2024-06-05,0.1,,,,wind:wind_get_stock_events
002493.SZ,002493.SZ_20250528_1,2025-05-28,2025-05-27,2025-05-28,0.1,,,,wind:wind_get_stock_events
002493.SZ,002493.SZ_20260601_1,2026-06-01,2026-05-29,2026-06-01,0.1,,,,wind:wind_get_stock_events
002498.SZ,002498.SZ_20150616_1,2015-06-16,2015-06-15,2015-06-16,0.1,,,,wind:wind_get_stock_events
002498.SZ,002498.SZ_20151016_1,2015-10-16,2015-10-15,2015-10-16,0.3,1.1,1,2015-10-16,wind:wind_get_stock_events
002498.SZ,002498.SZ_20160628_1,2016-06-28,2016-06-27,2016-06-28,0.035,,,,wind:wind_get_stock_events
002498.SZ,002498.SZ_20170628_1,2017-06-28,2017-06-27,2017-06-28,0.036,,,,wind:wind_get_stock_events
002498.SZ,002498.SZ_20180607_1,2018-06-07,2018-06-06,2018-06-07,0.036,,,,wind:wind_get_stock_events
002498.SZ,002498.SZ_20190618_1,2019-06-18,2019-06-17,2019-06-18,0.036,,,,wind:wind_get_stock_events
002498.SZ,002498.SZ_20200618_1,2020-06-18,2020-06-17,2020-06-18,0.036,,,,wind:wind_get_stock_events
002498.SZ,002498.SZ_20210622_1,2021-06-22,2021-06-21,2021-06-22,0.036,,,,wind:wind_get_stock_events
002498.SZ,002498.SZ_20220615_1,2022-06-15,2022-06-14,2022-06-15,0.036,,,,wind:wind_get_stock_events
002498.SZ,002498.SZ_20230616_1,2023-06-16,2023-06-15,2023-06-16,0.036,,,,wind:wind_get_stock_events
002498.SZ,002498.SZ_20240612_1,2024-06-12,2024-06-11,2024-06-12,0.036,,,,wind:wind_get_stock_events
002498.SZ,002498.SZ_20250617_1,2025-06-17,2025-06-16,2025-06-17,0.04,,,,wind:wind_get_stock_events
002498.SZ,002498.SZ_20260612_1,2026-06-12,2026-06-11,2026-06-12,0.04,,,,wind:wind_get_stock_events
002500.SZ,002500.SZ_20150710_1,2015-07-10,2015-07-09,2015-07-10,0.05,,,,wind:wind_get_stock_events
002500.SZ,002500.SZ_20160713_1,2016-07-13,2016-07-12,2016-07-13,0.2,,,,wind:wind_get_stock_events
002500.SZ,002500.SZ_20170612_1,2017-06-12,2017-06-09,2017-06-12,0.09,,,,wind:wind_get_stock_events
002500.SZ,002500.SZ_20180608_1,2018-06-08,2018-06-07,2018-06-08,0.09,,,,wind:wind_get_stock_events
002500.SZ,002500.SZ_20190712_1,2019-07-12,2019-07-11,2019-07-12,0.05,,,,wind:wind_get_stock_events
002500.SZ,002500.SZ_20200529_1,2020-05-29,2020-05-28,2020-05-29,0.1,,,,wind:wind_get_stock_events
002500.SZ,002500.SZ_20210625_1,2021-06-25,2021-06-24,2021-06-25,0.11,,,,wind:wind_get_stock_events
002500.SZ,002500.SZ_20220629_1,2022-06-29,2022-06-28,2022-06-29,0.12,,,,wind:wind_get_stock_events
002500.SZ,002500.SZ_20230630_1,2023-06-30,2023-06-29,2023-06-30,0.08,,,,wind:wind_get_stock_events
002500.SZ,002500.SZ_20240628_1,2024-06-28,2024-06-27,2024-06-28,0.09,,,,wind:wind_get_stock_events
002500.SZ,002500.SZ_20241227_1,2024-12-27,2024-12-26,2024-12-27,0.05,,,,wind:wind_get_stock_events
002500.SZ,002500.SZ_20250627_1,2025-06-27,2025-06-26,2025-06-27,0.05,,,,wind:wind_get_stock_events
002500.SZ,002500.SZ_20250926_1,2025-09-26,2025-09-25,2025-09-26,0.05,,,,wind:wind_get_stock_events
002500.SZ,002500.SZ_20260626_1,2026-06-26,2026-06-25,2026-06-26,0.08,,,,wind:wind_get_stock_events
002501.SZ,002501.SZ_20150409_1,2015-04-09,2015-04-08,2015-04-09,0.18,,1,2015-04-09,wind:wind_get_stock_events
002501.SZ,002501.SZ_20170816_1,2017-08-16,2017-08-15,2017-08-16,0.05,,,,wind:wind_get_stock_events
002507.SZ,002507.SZ_20150703_1,2015-07-03,2015-07-02,2015-07-03,0.1,,0.6,2015-07-03,wind:wind_get_stock_events
002507.SZ,002507.SZ_20160511_1,2016-05-11,2016-05-10,2016-05-11,0.2,,0.6,2016-05-11,wind:wind_get_stock_events
002507.SZ,002507.SZ_20170526_1,2017-05-26,2017-05-25,2017-05-26,0.1,,0.5,2017-05-26,wind:wind_get_stock_events
002507.SZ,002507.SZ_20180613_1,2018-06-13,2018-06-12,2018-06-13,0.15,,,,wind:wind_get_stock_events
002507.SZ,002507.SZ_20190618_1,2019-06-18,2019-06-17,2019-06-18,0.26,,,,wind:wind_get_stock_events
002507.SZ,002507.SZ_20200618_1,2020-06-18,2020-06-17,2020-06-18,0.3,,,,wind:wind_get_stock_events
002507.SZ,002507.SZ_20211018_1,2021-10-18,2021-10-15,2021-10-18,0.3,,,,wind:wind_get_stock_events
002507.SZ,002507.SZ_20220518_1,2022-05-18,2022-05-17,2022-05-18,0.35,,,,wind:wind_get_stock_events
002507.SZ,002507.SZ_20230616_1,2023-06-16,2023-06-15,2023-06-16,0.38,,0.3,2023-06-16,wind:wind_get_stock_events
002507.SZ,002507.SZ_20240618_1,2024-06-18,2024-06-17,2024-06-18,0.3,,,,wind:wind_get_stock_events
002507.SZ,002507.SZ_20250604_1,2025-06-04,2025-06-03,2025-06-04,0.42,,,,wind:wind_get_stock_events
002507.SZ,002507.SZ_20260116_1,2026-01-16,2026-01-15,2026-01-16,0.2,,,,wind:wind_get_stock_events
002507.SZ,002507.SZ_20260528_1,2026-05-28,2026-05-27,2026-05-28,0.22,,,,wind:wind_get_stock_events
002508.SZ,002508.SZ_20150514_1,2015-05-14,2015-05-13,2015-05-14,0.5,,0.5,2015-05-14,wind:wind_get_stock_events
002508.SZ,002508.SZ_20160602_1,2016-06-02,2016-06-01,2016-06-02,0.6,,0.5,2016-06-02,wind:wind_get_stock_events
002508.SZ,002508.SZ_20170510_1,2017-05-10,2017-05-09,2017-05-10,0.5,,0.3,2017-05-10,wind:wind_get_stock_events
002508.SZ,002508.SZ_20180515_1,2018-05-15,2018-05-14,2018-05-15,0.75,,,,wind:wind_get_stock_events
002508.SZ,002508.SZ_20190527_1,2019-05-27,2019-05-24,2019-05-27,0.8,,,,wind:wind_get_stock_events
002508.SZ,002508.SZ_20200601_1,2020-06-01,2020-05-29,2020-06-01,0.5,,,,wind:wind_get_stock_events
002508.SZ,002508.SZ_20210531_1,2021-05-31,2021-05-28,2021-05-31,0.5,,,,wind:wind_get_stock_events
002508.SZ,002508.SZ_20220616_1,2022-06-16,2022-06-15,2022-06-16,0.5,,,,wind:wind_get_stock_events
002508.SZ,002508.SZ_20230530_1,2023-05-30,2023-05-29,2023-05-30,0.5,,,,wind:wind_get_stock_events
002508.SZ,002508.SZ_20240110_1,2024-01-10,2024-01-09,2024-01-10,0.5,,,,wind:wind_get_stock_events
002508.SZ,002508.SZ_20240529_1,2024-05-29,2024-05-28,2024-05-29,0.5,,,,wind:wind_get_stock_events
002508.SZ,002508.SZ_20240905_1,2024-09-05,2024-09-04,2024-09-05,0.5,,,,wind:wind_get_stock_events
002508.SZ,002508.SZ_20250604_1,2025-06-04,2025-06-03,2025-06-04,0.5,,,,wind:wind_get_stock_events
002508.SZ,002508.SZ_20250912_1,2025-09-12,2025-09-11,2025-09-12,0.5,,,,wind:wind_get_stock_events
002508.SZ,002508.SZ_20260603_1,2026-06-03,2026-06-02,2026-06-03,0.5,,,,wind:wind_get_stock_events
002510.SZ,002510.SZ_20150508_1,2015-05-08,2015-05-07,2015-05-08,0.1,,,,wind:wind_get_stock_events
002510.SZ,002510.SZ_20160429_1,2016-04-29,2016-04-28,2016-04-29,0.1,,1,2016-04-29,wind:wind_get_stock_events
002510.SZ,002510.SZ_20170511_1,2017-05-11,2017-05-10,2017-05-11,0.04,,,,wind:wind_get_stock_events
002510.SZ,002510.SZ_20180612_1,2018-06-12,2018-06-11,2018-06-12,0.03,,,,wind:wind_get_stock_events
002510.SZ,002510.SZ_20190612_1,2019-06-12,2019-06-11,2019-06-12,0.03,,,,wind:wind_get_stock_events
002510.SZ,002510.SZ_20240614_1,2024-06-14,2024-06-13,2024-06-14,0.03,,,,wind:wind_get_stock_events
002510.SZ,002510.SZ_20250709_1,2025-07-09,2025-07-08,2025-07-09,0.03,,,,wind:wind_get_stock_events
002513.SZ,002513.SZ_20170613_1,2017-06-13,2017-06-12,2017-06-13,0.04,,,,wind:wind_get_stock_events
002514.SZ,002514.SZ_20160527_1,2016-05-27,2016-05-26,,,,1,2016-05-27,wind:wind_get_stock_events
002515.SZ,002515.SZ_20150522_1,2015-05-22,2015-05-21,2015-05-22,0.08,,1,2015-05-22,wind:wind_get_stock_events
002515.SZ,002515.SZ_20160414_1,2016-04-14,2016-04-13,2016-04-14,0.05,,0.7,2016-04-14,wind:wind_get_stock_events
002515.SZ,002515.SZ_20170522_1,2017-05-22,2017-05-19,,,,0.6,2017-05-22,wind:wind_get_stock_events
002515.SZ,002515.SZ_20200526_1,2020-05-26,2020-05-25,2020-05-26,0.05,,,,wind:wind_get_stock_events
002515.SZ,002515.SZ_20210521_1,2021-05-21,2021-05-20,2021-05-21,0.03,,,,wind:wind_get_stock_events
002515.SZ,002515.SZ_20220428_1,2022-04-28,2022-04-27,2022-04-28,0.02,,,,wind:wind_get_stock_events
002515.SZ,002515.SZ_20230524_1,2023-05-24,2023-05-23,2023-05-24,0.02,,,,wind:wind_get_stock_events
002515.SZ,002515.SZ_20240606_1,2024-06-06,2024-06-05,2024-06-06,0.02,,,,wind:wind_get_stock_events
002515.SZ,002515.SZ_20250508_1,2025-05-08,2025-05-07,2025-05-08,0.03,,,,wind:wind_get_stock_events
002515.SZ,002515.SZ_20260602_1,2026-06-02,2026-06-01,2026-06-02,0.01,,,,wind:wind_get_stock_events
002516.SZ,002516.SZ_20150515_1,2015-05-15,2015-05-14,2015-05-15,0.1,,1.5,2015-05-15,wind:wind_get_stock_events
002516.SZ,002516.SZ_20160527_1,2016-05-27,2016-05-26,2016-05-27,0.05,0.1,0.9,2016-05-27,wind:wind_get_stock_events
002516.SZ,002516.SZ_20170607_1,2017-06-07,2017-06-06,2017-06-07,0.02,,,,wind:wind_get_stock_events
002516.SZ,002516.SZ_20180525_1,2018-05-25,2018-05-24,2018-05-25,0.1,,,,wind:wind_get_stock_events
002516.SZ,002516.SZ_20180926_1,2018-09-26,2018-09-25,2018-09-26,0.2,,,,wind:wind_get_stock_events
002516.SZ,002516.SZ_20190517_1,2019-05-17,2019-05-16,2019-05-17,0.25,,,,wind:wind_get_stock_events
002516.SZ,002516.SZ_20200522_1,2020-05-22,2020-05-21,2020-05-22,0.25,,,,wind:wind_get_stock_events
002516.SZ,002516.SZ_20210520_1,2021-05-20,2021-05-19,2021-05-20,0.05,,,,wind:wind_get_stock_events
002516.SZ,002516.SZ_20220517_1,2022-05-17,2022-05-16,2022-05-17,0.05,,,,wind:wind_get_stock_events
002516.SZ,002516.SZ_20230509_1,2023-05-09,2023-05-08,2023-05-09,0.2,,,,wind:wind_get_stock_events
002516.SZ,002516.SZ_20240422_1,2024-04-22,2024-04-19,2024-04-22,0.1,,,,wind:wind_get_stock_events
002516.SZ,002516.SZ_20250425_1,2025-04-25,2025-04-24,2025-04-25,0.08,,,,wind:wind_get_stock_events
002516.SZ,002516.SZ_20260515_1,2026-05-15,2026-05-14,2026-05-15,0.08,,,,wind:wind_get_stock_events
002517.SZ,002517.SZ_20170525_1,2017-05-25,2017-05-24,2017-05-25,0.1,,,,wind:wind_get_stock_events
002517.SZ,002517.SZ_20170927_1,2017-09-27,2017-09-26,2017-09-27,0.1,,1,2017-09-27,wind:wind_get_stock_events
002517.SZ,002517.SZ_20180613_1,2018-06-13,2018-06-12,2018-06-13,0.12,,0.5,2018-06-13,wind:wind_get_stock_events
002517.SZ,002517.SZ_20230928_1,2023-09-28,2023-09-27,2023-09-28,0.1,,,,wind:wind_get_stock_events
002517.SZ,002517.SZ_20240605_1,2024-06-05,2024-06-04,2024-06-05,0.1,,,,wind:wind_get_stock_events
002517.SZ,002517.SZ_20240903_1,2024-09-03,2024-09-02,2024-09-03,0.1,,,,wind:wind_get_stock_events
002517.SZ,002517.SZ_20250606_1,2025-06-06,2025-06-05,2025-06-06,0.1,,,,wind:wind_get_stock_events
002517.SZ,002517.SZ_20260609_1,2026-06-09,2026-06-08,2026-06-09,0.1,,,,wind:wind_get_stock_events
002519.SZ,002519.SZ_20150514_1,2015-05-14,2015-05-13,2015-05-14,0.4,,1,2015-05-14,wind:wind_get_stock_events
002519.SZ,002519.SZ_20160524_1,2016-05-24,2016-05-23,2016-05-24,0.25,,,,wind:wind_get_stock_events
002519.SZ,002519.SZ_20170526_1,2017-05-26,2017-05-25,2017-05-26,0.15,,0.7,2017-05-26,wind:wind_get_stock_events
002519.SZ,002519.SZ_20230428_1,2023-04-28,2023-04-27,2023-04-28,0.1,,,,wind:wind_get_stock_events
002519.SZ,002519.SZ_20240423_1,2024-04-23,2024-04-22,2024-04-23,0.1,,,,wind:wind_get_stock_events
002520.SZ,002520.SZ_20150521_1,2015-05-21,2015-05-20,2015-05-21,0.1,,0.5,2015-05-21,wind:wind_get_stock_events
002520.SZ,002520.SZ_20160608_1,2016-06-08,2016-06-07,2016-06-08,0.05,,0.5,2016-06-08,wind:wind_get_stock_events
002520.SZ,002520.SZ_20180508_1,2018-05-08,2018-05-07,2018-05-08,0.1,,,,wind:wind_get_stock_events
002520.SZ,002520.SZ_20190628_1,2019-06-28,2019-06-27,2019-06-28,0.1001,,,,wind:wind_get_stock_events
002520.SZ,002520.SZ_20200604_1,2020-06-04,2020-06-03,2020-06-04,0.045,,,,wind:wind_get_stock_events
002520.SZ,002520.SZ_20210608_1,2021-06-08,2021-06-07,2021-06-08,0.057,,,,wind:wind_get_stock_events
002521.SZ,002521.SZ_20150618_1,2015-06-18,2015-06-17,2015-06-18,0.3,,,,wind:wind_get_stock_events
002521.SZ,002521.SZ_20160518_1,2016-05-18,2016-05-17,2016-05-18,0.2,,,,wind:wind_get_stock_events
002521.SZ,002521.SZ_20170510_1,2017-05-10,2017-05-09,2017-05-10,0.3,,,,wind:wind_get_stock_events
002521.SZ,002521.SZ_20180510_1,2018-05-10,2018-05-09,2018-05-10,0.2,,,,wind:wind_get_stock_events
002521.SZ,002521.SZ_20190619_1,2019-06-19,2019-06-18,2019-06-19,0.05,,,,wind:wind_get_stock_events
002521.SZ,002521.SZ_20200528_1,2020-05-28,2020-05-27,2020-05-28,0.1,,,,wind:wind_get_stock_events
002521.SZ,002521.SZ_20210520_1,2021-05-20,2021-05-19,2021-05-20,0.1,,,,wind:wind_get_stock_events
002521.SZ,002521.SZ_20220531_1,2022-05-31,2022-05-30,2022-05-31,0.1,,,,wind:wind_get_stock_events
002521.SZ,002521.SZ_20230619_1,2023-06-19,2023-06-16,2023-06-19,0.1,,,,wind:wind_get_stock_events
002521.SZ,002521.SZ_20240517_1,2024-05-17,2024-05-16,2024-05-17,0.2,,,,wind:wind_get_stock_events
002521.SZ,002521.SZ_20250519_1,2025-05-19,2025-05-16,2025-05-19,0.3,,,,wind:wind_get_stock_events
002521.SZ,002521.SZ_20250917_1,2025-09-17,2025-09-16,2025-09-17,0.1,,,,wind:wind_get_stock_events
002521.SZ,002521.SZ_20260601_1,2026-06-01,2026-05-29,2026-06-01,0.17,,,,wind:wind_get_stock_events
002521.SZ,002521.SZ_20260828_1,2026-08-28,2026-08-27,2026-08-28,0.1,,,,wind:wind_get_stock_events
002522.SZ,002522.SZ_20150506_1,2015-05-06,2015-05-05,2015-05-06,0.1,,1,2015-05-06,wind:wind_get_stock_events
002522.SZ,002522.SZ_20160310_1,2016-03-10,2016-03-09,2016-03-10,0.04,,,,wind:wind_get_stock_events
002522.SZ,002522.SZ_20170601_1,2017-06-01,2017-05-31,2017-06-01,0.1,,,,wind:wind_get_stock_events
002522.SZ,002522.SZ_20180605_1,2018-06-05,2018-06-04,2018-06-05,0.06,,,,wind:wind_get_stock_events
002522.SZ,002522.SZ_20190610_1,2019-06-10,2019-06-06,2019-06-10,0.03,,,,wind:wind_get_stock_events
002522.SZ,002522.SZ_20200528_1,2020-05-28,2020-05-27,2020-05-28,0.07,,,,wind:wind_get_stock_events
002522.SZ,002522.SZ_20210426_1,2021-04-26,2021-04-23,2021-04-26,0.08,,,,wind:wind_get_stock_events
002522.SZ,002522.SZ_20220622_1,2022-06-22,2022-06-21,2022-06-22,0.03,,,,wind:wind_get_stock_events
002522.SZ,002522.SZ_20230605_1,2023-06-05,2023-06-02,2023-06-05,0.03,,,,wind:wind_get_stock_events
002522.SZ,002522.SZ_20240530_1,2024-05-30,2024-05-29,2024-05-30,0.035,,,,wind:wind_get_stock_events
002522.SZ,002522.SZ_20250530_1,2025-05-30,2025-05-29,2025-05-30,0.025,,,,wind:wind_get_stock_events
002522.SZ,002522.SZ_20260609_1,2026-06-09,2026-06-08,2026-06-09,0.02,,,,wind:wind_get_stock_events
002523.SZ,002523.SZ_20150420_1,2015-04-20,2015-04-17,2015-04-20,0.05,,0.3,2015-04-20,wind:wind_get_stock_events
002523.SZ,002523.SZ_20160511_1,2016-05-11,2016-05-10,2016-05-11,0.05,,0.5,2016-05-11,wind:wind_get_stock_events
002523.SZ,002523.SZ_20170511_1,2017-05-11,2017-05-10,2017-05-11,0.02,,0.2,2017-05-11,wind:wind_get_stock_events
002523.SZ,002523.SZ_20180511_1,2018-05-11,2018-05-10,2018-05-11,0.05,,0.4,2018-05-11,wind:wind_get_stock_events
002523.SZ,002523.SZ_20190626_1,2019-06-26,2019-06-25,2019-06-26,0.03,,,,wind:wind_get_stock_events
002523.SZ,002523.SZ_20200529_1,2020-05-29,2020-05-28,2020-05-29,0.03,,,,wind:wind_get_stock_events
002523.SZ,002523.SZ_20210709_1,2021-07-09,2021-07-08,2021-07-09,0.02,,,,wind:wind_get_stock_events
002523.SZ,002523.SZ_20220616_1,2022-06-16,2022-06-15,2022-06-16,0.02,,,,wind:wind_get_stock_events
002523.SZ,002523.SZ_20230629_1,2023-06-29,2023-06-28,2023-06-29,0.015,,,,wind:wind_get_stock_events
002523.SZ,002523.SZ_20240626_1,2024-06-26,2024-06-25,2024-06-26,0.015,,,,wind:wind_get_stock_events
002523.SZ,002523.SZ_20250703_1,2025-07-03,2025-07-02,2025-07-03,0.015,,,,wind:wind_get_stock_events
002523.SZ,002523.SZ_20260703_1,2026-07-03,2026-07-02,2026-07-03,0.02,,,,wind:wind_get_stock_events
002528.SZ,002528.SZ_20150619_1,2015-06-19,2015-06-18,2015-06-19,0.1,,0.5,2015-06-19,wind:wind_get_stock_events
002528.SZ,002528.SZ_20160523_1,2016-05-23,2016-05-20,,,,0.3,2016-05-23,wind:wind_get_stock_events
002531.SZ,002531.SZ_20150526_1,2015-05-26,2015-05-25,2015-05-26,0.1,,1,2015-05-26,wind:wind_get_stock_events
002531.SZ,002531.SZ_20160615_1,2016-06-15,2016-06-14,2016-06-15,0.05,,0.8,2016-06-15,wind:wind_get_stock_events
002531.SZ,002531.SZ_20170607_1,2017-06-07,2017-06-06,2017-06-07,0.12,,,,wind:wind_get_stock_events
002531.SZ,002531.SZ_20180629_1,2018-06-29,2018-06-28,2018-06-29,0.033,,,,wind:wind_get_stock_events
002531.SZ,002531.SZ_20190711_1,2019-07-11,2019-07-10,2019-07-11,0.0601,,,,wind:wind_get_stock_events
002531.SZ,002531.SZ_20200710_1,2020-07-10,2020-07-09,2020-07-10,0.1,,,,wind:wind_get_stock_events
002531.SZ,002531.SZ_20210702_1,2021-07-02,2021-07-01,2021-07-02,0.15,,,,wind:wind_get_stock_events
002531.SZ,002531.SZ_20220701_1,2022-07-01,2022-06-30,2022-07-01,0.08,,,,wind:wind_get_stock_events
002531.SZ,002531.SZ_20240715_1,2024-07-15,2024-07-12,2024-07-15,0.075,,,,wind:wind_get_stock_events
002531.SZ,002531.SZ_20250530_1,2025-05-30,2025-05-29,2025-05-30,0.02,,,,wind:wind_get_stock_events
002532.SZ,002532.SZ_20150602_1,2015-06-02,2015-06-01,2015-06-02,0.05,,,,wind:wind_get_stock_events
002532.SZ,002532.SZ_20160517_1,2016-05-17,2016-05-16,2016-05-17,0.05,,,,wind:wind_get_stock_events
002532.SZ,002532.SZ_20170606_1,2017-06-06,2017-06-05,2017-06-06,0.05,,0.6,2017-06-06,wind:wind_get_stock_events
002532.SZ,002532.SZ_20180509_1,2018-05-09,2018-05-08,2018-05-09,0.2,,,,wind:wind_get_stock_events
002532.SZ,002532.SZ_20190507_1,2019-05-07,2019-05-06,2019-05-07,0.2,,,,wind:wind_get_stock_events
002532.SZ,002532.SZ_20210701_1,2021-07-01,2021-06-30,2021-07-01,0.2,,,,wind:wind_get_stock_events
002532.SZ,002532.SZ_20211222_1,2021-12-22,2021-12-21,2021-12-22,0.2,,,,wind:wind_get_stock_events
002532.SZ,002532.SZ_20220621_1,2022-06-21,2022-06-20,2022-06-21,0.2,,,,wind:wind_get_stock_events
002532.SZ,002532.SZ_20230419_1,2023-04-19,2023-04-18,2023-04-19,0.2,,,,wind:wind_get_stock_events
002532.SZ,002532.SZ_20240522_1,2024-05-22,2024-05-21,2024-05-22,0.15,,,,wind:wind_get_stock_events
002532.SZ,002532.SZ_20241121_1,2024-11-21,2024-11-20,2024-11-21,0.2,,,,wind:wind_get_stock_events
002532.SZ,002532.SZ_20250522_1,2025-05-22,2025-05-21,2025-05-22,0.2,,,,wind:wind_get_stock_events
002532.SZ,002532.SZ_20251030_1,2025-10-30,2025-10-29,2025-10-30,0.2,,,,wind:wind_get_stock_events
002532.SZ,002532.SZ_20260211_1,2026-02-11,2026-02-10,2026-02-11,0.1,,,,wind:wind_get_stock_events
002532.SZ,002532.SZ_20260515_1,2026-05-15,2026-05-14,2026-05-15,0.25,,,,wind:wind_get_stock_events
002532.SZ,002532.SZ_20260819_1,2026-08-19,2026-08-18,2026-08-19,0.3,,,,wind:wind_get_stock_events
002533.SZ,002533.SZ_20150515_1,2015-05-15,2015-05-14,2015-05-15,0.1,,,,wind:wind_get_stock_events
002533.SZ,002533.SZ_20160505_1,2016-05-05,2016-05-04,2016-05-05,0.1,,,,wind:wind_get_stock_events
002533.SZ,002533.SZ_20170510_1,2017-05-10,2017-05-09,2017-05-10,0.15,,,,wind:wind_get_stock_events
002533.SZ,002533.SZ_20180521_1,2018-05-21,2018-05-18,2018-05-21,0.1,,,,wind:wind_get_stock_events
002533.SZ,002533.SZ_20190508_1,2019-05-08,2019-05-07,2019-05-08,0.15,,,,wind:wind_get_stock_events
002533.SZ,002533.SZ_20200519_1,2020-05-19,2020-05-18,2020-05-19,0.25,,,,wind:wind_get_stock_events
002533.SZ,002533.SZ_20210526_1,2021-05-26,2021-05-25,2021-05-26,0.25,,,,wind:wind_get_stock_events
002533.SZ,002533.SZ_20220511_1,2022-05-11,2022-05-10,2022-05-11,0.3,,,,wind:wind_get_stock_events
002533.SZ,002533.SZ_20230519_1,2023-05-19,2023-05-18,2023-05-19,0.35,,,,wind:wind_get_stock_events
002533.SZ,002533.SZ_20240522_1,2024-05-22,2024-05-21,2024-05-22,0.4,,,,wind:wind_get_stock_events
002533.SZ,002533.SZ_20241030_1,2024-10-30,2024-10-29,2024-10-30,0.2,,,,wind:wind_get_stock_events
002533.SZ,002533.SZ_20250522_1,2025-05-22,2025-05-21,2025-05-22,0.25,,,,wind:wind_get_stock_events
002533.SZ,002533.SZ_20260521_1,2026-05-21,2026-05-20,2026-05-21,0.45,,,,wind:wind_get_stock_events
002534.SZ,002534.SZ_20150601_1,2015-06-01,2015-05-29,2015-06-01,0.15,,,,wind:wind_get_stock_events
002534.SZ,002534.SZ_20160506_1,2016-05-06,2016-05-05,2016-05-06,0.1,,0.5,2016-05-06,wind:wind_get_stock_events
002534.SZ,002534.SZ_20170525_1,2017-05-25,2017-05-24,2017-05-25,0.15,,0.2,2017-05-25,wind:wind_get_stock_events
002534.SZ,002534.SZ_20180504_1,2018-05-04,2018-05-03,2018-05-04,0.2,,,,wind:wind_get_stock_events
002534.SZ,002534.SZ_20190514_1,2019-05-14,2019-05-13,2019-05-14,0.2,,,,wind:wind_get_stock_events
002534.SZ,002534.SZ_20200525_1,2020-05-25,2020-05-22,2020-05-25,0.4,,,,wind:wind_get_stock_events
002534.SZ,002534.SZ_20210520_1,2021-05-20,2021-05-19,2021-05-20,0.4,,,,wind:wind_get_stock_events
002534.SZ,002534.SZ_20220520_1,2022-05-20,2022-05-19,2022-05-20,0.2,,,,wind:wind_get_stock_events
002534.SZ,002534.SZ_20230615_1,2023-06-15,2023-06-14,2023-06-15,0.1,,,,wind:wind_get_stock_events
002534.SZ,002534.SZ_20240523_1,2024-05-23,2024-05-22,2024-05-23,0.1,,,,wind:wind_get_stock_events
002534.SZ,002534.SZ_20250529_1,2025-05-29,2025-05-28,2025-05-29,0.2,,,,wind:wind_get_stock_events
002534.SZ,002534.SZ_20260529_1,2026-05-29,2026-05-28,2026-05-29,0.1,,,,wind:wind_get_stock_events
002535.SZ,002535.SZ_20150608_1,2015-06-08,2015-06-05,2015-06-08,0.02,,,,wind:wind_get_stock_events
002535.SZ,002535.SZ_20160429_1,2016-04-29,2016-04-28,,,,0.3,2016-04-29,wind:wind_get_stock_events
002538.SZ,002538.SZ_20150302_1,2015-03-02,2015-02-27,2015-03-02,0.1,,1,2015-03-02,wind:wind_get_stock_events
002538.SZ,002538.SZ_20160420_1,2016-04-20,2016-04-19,2016-04-20,0.1,,,,wind:wind_get_stock_events
002538.SZ,002538.SZ_20170705_1,2017-07-05,2017-07-04,2017-07-05,0.1,,,,wind:wind_get_stock_events
002538.SZ,002538.SZ_20180525_1,2018-05-25,2018-05-24,2018-05-25,0.15,,,,wind:wind_get_stock_events
002538.SZ,002538.SZ_20190530_1,2019-05-30,2019-05-29,2019-05-30,0.1,,,,wind:wind_get_stock_events
002538.SZ,002538.SZ_20200508_1,2020-05-08,2020-05-07,2020-05-08,0.08,,,,wind:wind_get_stock_events
002538.SZ,002538.SZ_20210531_1,2021-05-31,2021-05-28,2021-05-31,0.25,,,,wind:wind_get_stock_events
002538.SZ,002538.SZ_20220706_1,2022-07-06,2022-07-05,2022-07-06,0.26,,,,wind:wind_get_stock_events
002538.SZ,002538.SZ_20230529_1,2023-05-29,2023-05-26,2023-05-29,0.26,,,,wind:wind_get_stock_events
002538.SZ,002538.SZ_20240617_1,2024-06-17,2024-06-14,2024-06-17,0.12,,,,wind:wind_get_stock_events
002538.SZ,002538.SZ_20241008_1,2024-10-08,2024-09-30,2024-10-08,0.12,,,,wind:wind_get_stock_events
002538.SZ,002538.SZ_20250612_1,2025-06-12,2025-06-11,2025-06-12,0.12,,,,wind:wind_get_stock_events
002538.SZ,002538.SZ_20260625_1,2026-06-25,2026-06-24,2026-06-25,0.12,,,,wind:wind_get_stock_events
002539.SZ,002539.SZ_20150529_1,2015-05-29,2015-05-28,2015-05-29,0.2,,,,wind:wind_get_stock_events
002539.SZ,002539.SZ_20150921_1,2015-09-21,2015-09-18,,,,1.5,2015-09-21,wind:wind_get_stock_events
002539.SZ,002539.SZ_20160429_1,2016-04-29,2016-04-28,2016-04-29,0.08,,,,wind:wind_get_stock_events
002539.SZ,002539.SZ_20170718_1,2017-07-18,2017-07-17,2017-07-18,0.08,,,,wind:wind_get_stock_events
002539.SZ,002539.SZ_20180705_1,2018-07-05,2018-07-04,2018-07-05,0.08,,,,wind:wind_get_stock_events
002539.SZ,002539.SZ_20180914_1,2018-09-14,2018-09-13,2018-09-14,0.06,,,,wind:wind_get_stock_events
002539.SZ,002539.SZ_20190529_1,2019-05-29,2019-05-28,2019-05-29,0.1,,,,wind:wind_get_stock_events
002539.SZ,002539.SZ_20200617_1,2020-06-17,2020-06-16,2020-06-17,0.15,,,,wind:wind_get_stock_events
002539.SZ,002539.SZ_20210519_1,2021-05-19,2021-05-18,2021-05-19,0.2,,,,wind:wind_get_stock_events
002539.SZ,002539.SZ_20220608_1,2022-06-08,2022-06-07,2022-06-08,0.4,,,,wind:wind_get_stock_events
002539.SZ,002539.SZ_20230512_1,2023-05-12,2023-05-11,2023-05-12,0.3,,,,wind:wind_get_stock_events
002539.SZ,002539.SZ_20240516_1,2024-05-16,2024-05-15,2024-05-16,0.2,,,,wind:wind_get_stock_events
002539.SZ,002539.SZ_20250313_1,2025-03-13,2025-03-12,2025-03-13,0.1,,,,wind:wind_get_stock_events
002539.SZ,002539.SZ_20250703_1,2025-07-03,2025-07-02,2025-07-03,0.1,,,,wind:wind_get_stock_events
002539.SZ,002539.SZ_20260617_1,2026-06-17,2026-06-16,2026-06-17,0.2,,,,wind:wind_get_stock_events
002540.SZ,002540.SZ_20150413_1,2015-04-13,2015-04-10,,,,1.5,2015-04-13,wind:wind_get_stock_events
002540.SZ,002540.SZ_20160617_1,2016-06-17,2016-06-16,2016-06-17,0.05,,,,wind:wind_get_stock_events
002540.SZ,002540.SZ_20170524_1,2017-05-24,2017-05-23,2017-05-24,0.06,,,,wind:wind_get_stock_events
002540.SZ,002540.SZ_20180621_1,2018-06-21,2018-06-20,2018-06-21,0.06,,,,wind:wind_get_stock_events
002540.SZ,002540.SZ_20190612_1,2019-06-12,2019-06-11,2019-06-12,0.3203,,,,wind:wind_get_stock_events
002540.SZ,002540.SZ_20190925_1,2019-09-25,2019-09-24,2019-09-25,0.16,,,,wind:wind_get_stock_events
002540.SZ,002540.SZ_20200529_1,2020-05-29,2020-05-28,2020-05-29,0.08,,,,wind:wind_get_stock_events
002540.SZ,002540.SZ_20201105_1,2020-11-05,2020-11-04,2020-11-05,0.1605,,,,wind:wind_get_stock_events
002540.SZ,002540.SZ_20210623_1,2021-06-23,2021-06-22,2021-06-23,0.06,,,,wind:wind_get_stock_events
002540.SZ,002540.SZ_20220708_1,2022-07-08,2022-07-07,2022-07-08,0.1001,,,,wind:wind_get_stock_events
002540.SZ,002540.SZ_20230526_1,2023-05-26,2023-05-25,2023-05-26,0.25,,,,wind:wind_get_stock_events
002540.SZ,002540.SZ_20230915_1,2023-09-15,2023-09-14,2023-09-15,0.16,,,,wind:wind_get_stock_events
002540.SZ,002540.SZ_20240530_1,2024-05-30,2024-05-29,2024-05-30,0.325,,,,wind:wind_get_stock_events
002540.SZ,002540.SZ_20240926_1,2024-09-26,2024-09-25,2024-09-26,0.16,,,,wind:wind_get_stock_events
002540.SZ,002540.SZ_20250529_1,2025-05-29,2025-05-28,2025-05-29,0.2,,,,wind:wind_get_stock_events
002540.SZ,002540.SZ_20250923_1,2025-09-23,2025-09-22,2025-09-23,0.1,,,,wind:wind_get_stock_events
002540.SZ,002540.SZ_20260706_1,2026-07-06,2026-07-03,2026-07-06,0.08,,,,wind:wind_get_stock_events
002541.SZ,002541.SZ_20150610_1,2015-06-10,2015-06-09,2015-06-10,0.07,,,,wind:wind_get_stock_events
002541.SZ,002541.SZ_20160413_1,2016-04-13,2016-04-12,2016-04-13,0.07,,,,wind:wind_get_stock_events
002541.SZ,002541.SZ_20170609_1,2017-06-09,2017-06-08,2017-06-09,0.05,,,,wind:wind_get_stock_events
002541.SZ,002541.SZ_20180612_1,2018-06-12,2018-06-11,2018-06-12,0.065,,0.5,2018-06-12,wind:wind_get_stock_events
002541.SZ,002541.SZ_20190614_1,2019-06-14,2019-06-13,2019-06-14,0.085,,,,wind:wind_get_stock_events
002541.SZ,002541.SZ_20200623_1,2020-06-23,2020-06-22,2020-06-23,0.16,,,,wind:wind_get_stock_events
002541.SZ,002541.SZ_20210609_1,2021-06-09,2021-06-08,2021-06-09,0.23,,,,wind:wind_get_stock_events
002541.SZ,002541.SZ_20220615_1,2022-06-15,2022-06-14,2022-06-15,0.33,,0.3,2022-06-15,wind:wind_get_stock_events
002541.SZ,002541.SZ_20230614_1,2023-06-14,2023-06-13,2023-06-14,0.26,,,,wind:wind_get_stock_events
002541.SZ,002541.SZ_20240521_1,2024-05-21,2024-05-20,2024-05-21,0.52,,,,wind:wind_get_stock_events
002541.SZ,002541.SZ_20250620_1,2025-06-20,2025-06-19,2025-06-20,0.36,,,,wind:wind_get_stock_events
002541.SZ,002541.SZ_20260708_1,2026-07-08,2026-07-07,2026-07-08,0.28,,,,wind:wind_get_stock_events
002543.SZ,002543.SZ_20150611_1,2015-06-11,2015-06-10,2015-06-11,0.18,,,,wind:wind_get_stock_events
002543.SZ,002543.SZ_20160527_1,2016-05-27,2016-05-26,2016-05-27,0.25,,,,wind:wind_get_stock_events
002543.SZ,002543.SZ_20160923_1,2016-09-23,2016-09-22,2016-09-23,0.5,,,,wind:wind_get_stock_events
002543.SZ,002543.SZ_20170523_1,2017-05-23,2017-05-22,2017-05-23,0.73,,,,wind:wind_get_stock_events
002543.SZ,002543.SZ_20180712_1,2018-07-12,2018-07-11,2018-07-12,0.5,,0.3,2018-07-12,wind:wind_get_stock_events
002543.SZ,002543.SZ_20190705_1,2019-07-05,2019-07-04,2019-07-05,0.43,,0.3,2019-07-05,wind:wind_get_stock_events
002543.SZ,002543.SZ_20200618_1,2020-06-18,2020-06-17,2020-06-18,0.33,,,,wind:wind_get_stock_events
002543.SZ,002543.SZ_20210608_1,2021-06-08,2021-06-07,2021-06-08,0.33,,,,wind:wind_get_stock_events
002543.SZ,002543.SZ_20220616_1,2022-06-16,2022-06-15,2022-06-16,0.33,,,,wind:wind_get_stock_events
002543.SZ,002543.SZ_20230605_1,2023-06-05,2023-06-02,2023-06-05,0.4,,,,wind:wind_get_stock_events
002543.SZ,002543.SZ_20240618_1,2024-06-18,2024-06-17,2024-06-18,0.4,,,,wind:wind_get_stock_events
002543.SZ,002543.SZ_20241011_1,2024-10-11,2024-10-10,2024-10-11,0.2,,,,wind:wind_get_stock_events
002543.SZ,002543.SZ_20250613_1,2025-06-13,2025-06-12,2025-06-13,0.24,,,,wind:wind_get_stock_events
002543.SZ,002543.SZ_20250912_1,2025-09-12,2025-09-11,2025-09-12,0.02,,,,wind:wind_get_stock_events
002543.SZ,002543.SZ_20260612_1,2026-06-12,2026-06-11,2026-06-12,0.24,,,,wind:wind_get_stock_events
002544.SZ,002544.SZ_20150821_1,2015-08-21,2015-08-20,2015-08-21,0.02,,,,wind:wind_get_stock_events
002544.SZ,002544.SZ_20160705_1,2016-07-05,2016-07-04,2016-07-05,0.03,,,,wind:wind_get_stock_events
002544.SZ,002544.SZ_20170511_1,2017-05-11,2017-05-10,2017-05-11,0.03,,,,wind:wind_get_stock_events
002544.SZ,002544.SZ_20180706_1,2018-07-06,2018-07-05,2018-07-06,0.11,,,,wind:wind_get_stock_events
002544.SZ,002544.SZ_20190715_1,2019-07-15,2019-07-12,2019-07-15,0.03,,,,wind:wind_get_stock_events
002544.SZ,002544.SZ_20200716_1,2020-07-16,2020-07-15,2020-07-16,0.033,,,,wind:wind_get_stock_events
002544.SZ,002544.SZ_20210713_1,2021-07-13,2021-07-12,2021-07-13,0.071,,,,wind:wind_get_stock_events
002544.SZ,002544.SZ_20220708_1,2022-07-08,2022-07-07,2022-07-08,0.104,,,,wind:wind_get_stock_events
002544.SZ,002544.SZ_20230711_1,2023-07-11,2023-07-10,2023-07-11,0.1565,,,,wind:wind_get_stock_events
002544.SZ,002544.SZ_20240711_1,2024-07-11,2024-07-10,2024-07-11,0.0261,,,,wind:wind_get_stock_events
002544.SZ,002544.SZ_20250710_1,2025-07-10,2025-07-09,2025-07-10,0.0083,,,,wind:wind_get_stock_events
002544.SZ,002544.SZ_20260710_1,2026-07-10,2026-07-09,2026-07-10,0.0185,,,,wind:wind_get_stock_events
002545.SZ,002545.SZ_20150610_1,2015-06-10,2015-06-09,2015-06-10,0.05,,,,wind:wind_get_stock_events
002545.SZ,002545.SZ_20151019_1,2015-10-19,2015-10-16,2015-10-19,1.5,,2,2015-10-19,wind:wind_get_stock_events
002545.SZ,002545.SZ_20160608_1,2016-06-08,2016-06-07,2016-06-08,0.06,,,,wind:wind_get_stock_events
002545.SZ,002545.SZ_20170801_1,2017-08-01,2017-07-31,2017-08-01,0.02,,,,wind:wind_get_stock_events
002545.SZ,002545.SZ_20180612_1,2018-06-12,2018-06-11,2018-06-12,0.05,,,,wind:wind_get_stock_events
002545.SZ,002545.SZ_20190712_1,2019-07-12,2019-07-11,2019-07-12,0.12,,,,wind:wind_get_stock_events
002545.SZ,002545.SZ_20200716_1,2020-07-16,2020-07-15,2020-07-16,0.08,,,,wind:wind_get_stock_events
002545.SZ,002545.SZ_20210714_1,2021-07-14,2021-07-13,2021-07-14,0.1,,,,wind:wind_get_stock_events
002545.SZ,002545.SZ_20220705_1,2022-07-05,2022-07-04,2022-07-05,0.25,,,,wind:wind_get_stock_events
002545.SZ,002545.SZ_20230530_1,2023-05-30,2023-05-29,2023-05-30,0.41,,,,wind:wind_get_stock_events
002545.SZ,002545.SZ_20240712_1,2024-07-12,2024-07-11,2024-07-12,0.3,,,,wind:wind_get_stock_events
002545.SZ,002545.SZ_20250716_1,2025-07-16,2025-07-15,2025-07-16,0.3,,,,wind:wind_get_stock_events
002545.SZ,002545.SZ_20260720_1,2026-07-20,2026-07-17,2026-07-20,0.3,,,,wind:wind_get_stock_events
002546.SZ,002546.SZ_20150506_1,2015-05-06,2015-05-05,2015-05-06,0.3,,,,wind:wind_get_stock_events
002546.SZ,002546.SZ_20160324_1,2016-03-24,2016-03-23,2016-03-24,0.3,,1.8,2016-03-24,wind:wind_get_stock_events
002546.SZ,002546.SZ_20170602_1,2017-06-02,2017-06-01,2017-06-02,0.011,,,,wind:wind_get_stock_events
002546.SZ,002546.SZ_20180528_1,2018-05-28,2018-05-25,2018-05-28,0.12,,,,wind:wind_get_stock_events
002546.SZ,002546.SZ_20190507_1,2019-05-07,2019-05-06,2019-05-07,0.12,,,,wind:wind_get_stock_events
002546.SZ,002546.SZ_20200511_1,2020-05-11,2020-05-08,2020-05-11,0.014,,,,wind:wind_get_stock_events
002546.SZ,002546.SZ_20210429_1,2021-04-29,2021-04-28,2021-04-29,0.12,,,,wind:wind_get_stock_events
002546.SZ,002546.SZ_20220331_1,2022-03-31,2022-03-30,2022-03-31,0.12,,,,wind:wind_get_stock_events
002546.SZ,002546.SZ_20230518_1,2023-05-18,2023-05-17,2023-05-18,0.12,,,,wind:wind_get_stock_events
002546.SZ,002546.SZ_20240520_1,2024-05-20,2024-05-17,2024-05-20,0.12,,,,wind:wind_get_stock_events
002546.SZ,002546.SZ_20250514_1,2025-05-14,2025-05-13,2025-05-14,0.12,,,,wind:wind_get_stock_events
002546.SZ,002546.SZ_20260424_1,2026-04-24,2026-04-23,2026-04-24,0.12,,,,wind:wind_get_stock_events
002547.SZ,002547.SZ_20150529_1,2015-05-29,2015-05-28,2015-05-29,0.05,,,,wind:wind_get_stock_events
002547.SZ,002547.SZ_20151022_1,2015-10-22,2015-10-21,,,,2,2015-10-22,wind:wind_get_stock_events
002547.SZ,002547.SZ_20160517_1,2016-05-17,2016-05-16,2016-05-17,0.02,,,,wind:wind_get_stock_events
002547.SZ,002547.SZ_20170518_1,2017-05-18,2017-05-17,2017-05-18,0.05,,,,wind:wind_get_stock_events
002548.SZ,002548.SZ_20150514_1,2015-05-14,2015-05-13,2015-05-14,0.1,,,,wind:wind_get_stock_events
002548.SZ,002548.SZ_20160601_1,2016-06-01,2016-05-31,2016-06-01,0.15,,,,wind:wind_get_stock_events
002548.SZ,002548.SZ_20170609_1,2017-06-09,2017-06-08,2017-06-09,0.15,,,,wind:wind_get_stock_events
002548.SZ,002548.SZ_20180528_1,2018-05-28,2018-05-25,2018-05-28,0.1,,,,wind:wind_get_stock_events
002548.SZ,002548.SZ_20200615_1,2020-06-15,2020-06-12,2020-06-15,0.02,,0.3,2020-06-15,wind:wind_get_stock_events
002548.SZ,002548.SZ_20210625_1,2021-06-25,2021-06-24,2021-06-25,0.03,,,,wind:wind_get_stock_events
002549.SZ,002549.SZ_20150603_1,2015-06-03,2015-06-02,,,,0.4,2015-06-03,wind:wind_get_stock_events
002549.SZ,002549.SZ_20170707_1,2017-07-07,2017-07-06,2017-07-07,0.1,,0.1,2017-07-07,wind:wind_get_stock_events
002549.SZ,002549.SZ_20180530_1,2018-05-30,2018-05-29,2018-05-30,0.05,,,,wind:wind_get_stock_events
002549.SZ,002549.SZ_20190521_1,2019-05-21,2019-05-20,2019-05-21,0.1,,,,wind:wind_get_stock_events
002549.SZ,002549.SZ_20200610_1,2020-06-10,2020-06-09,2020-06-10,0.1,,,,wind:wind_get_stock_events
002549.SZ,002549.SZ_20210625_1,2021-06-25,2021-06-24,2021-06-25,0.05,,,,wind:wind_get_stock_events
002549.SZ,002549.SZ_20220527_1,2022-05-27,2022-05-26,2022-05-27,0.05,,,,wind:wind_get_stock_events
002549.SZ,002549.SZ_20260527_1,2026-05-27,2026-05-26,2026-05-27,0.05,,,,wind:wind_get_stock_events
002552.SZ,002552.SZ_20150708_1,2015-07-08,2015-07-07,2015-07-08,0.02,,,,wind:wind_get_stock_events
002552.SZ,002552.SZ_20160628_1,2016-06-28,2016-06-27,2016-06-28,0.01,,,,wind:wind_get_stock_events
002552.SZ,002552.SZ_20241031_1,2024-10-31,2024-10-30,2024-10-31,0.14,,,,wind:wind_get_stock_events
002552.SZ,002552.SZ_20251104_1,2025-11-04,2025-11-03,2025-11-04,0.2,,,,wind:wind_get_stock_events
002553.SZ,002553.SZ_20150512_1,2015-05-12,2015-05-11,2015-05-12,0.2,,1,2015-05-12,wind:wind_get_stock_events
002553.SZ,002553.SZ_20160607_1,2016-06-07,2016-06-06,2016-06-07,0.1,,,,wind:wind_get_stock_events
002553.SZ,002553.SZ_20170524_1,2017-05-24,2017-05-23,2017-05-24,0.2,,,,wind:wind_get_stock_events
002553.SZ,002553.SZ_20180528_1,2018-05-28,2018-05-25,2018-05-28,0.2,,,,wind:wind_get_stock_events
002553.SZ,002553.SZ_20190527_1,2019-05-27,2019-05-24,2019-05-27,0.2,,,,wind:wind_get_stock_events
002553.SZ,002553.SZ_20200428_1,2020-04-28,2020-04-27,2020-04-28,0.1,,,,wind:wind_get_stock_events
002553.SZ,002553.SZ_20210430_1,2021-04-30,2021-04-29,2021-04-30,0.1,,,,wind:wind_get_stock_events
002553.SZ,002553.SZ_20220623_1,2022-06-23,2022-06-22,2022-06-23,0.2,,,,wind:wind_get_stock_events
002553.SZ,002553.SZ_20230516_1,2023-05-16,2023-05-15,2023-05-16,0.1,,,,wind:wind_get_stock_events
002553.SZ,002553.SZ_20240524_1,2024-05-24,2024-05-23,2024-05-24,0.1,,,,wind:wind_get_stock_events
002553.SZ,002553.SZ_20241024_1,2024-10-24,2024-10-23,2024-10-24,0.1,,,,wind:wind_get_stock_events
002553.SZ,002553.SZ_20250708_1,2025-07-08,2025-07-07,2025-07-08,0.1,,,,wind:wind_get_stock_events
002553.SZ,002553.SZ_20260617_1,2026-06-17,2026-06-16,2026-06-17,0.1,,,,wind:wind_get_stock_events
002554.SZ,002554.SZ_20150617_1,2015-06-17,2015-06-16,2015-06-17,0.05,,,,wind:wind_get_stock_events
002554.SZ,002554.SZ_20160628_1,2016-06-28,2016-06-27,2016-06-28,0.2,,1,2016-06-28,wind:wind_get_stock_events
002554.SZ,002554.SZ_20170707_1,2017-07-07,2017-07-06,2017-07-07,0.025,,,,wind:wind_get_stock_events
002554.SZ,002554.SZ_20180713_1,2018-07-13,2018-07-12,2018-07-13,0.01,,,,wind:wind_get_stock_events
002554.SZ,002554.SZ_20200717_1,2020-07-17,2020-07-16,2020-07-17,0.008,,,,wind:wind_get_stock_events
002554.SZ,002554.SZ_20220712_1,2022-07-12,2022-07-11,2022-07-12,0.007,,,,wind:wind_get_stock_events
002554.SZ,002554.SZ_20230712_1,2023-07-12,2023-07-11,2023-07-12,0.012,,,,wind:wind_get_stock_events
002554.SZ,002554.SZ_20240712_1,2024-07-12,2024-07-11,2024-07-12,0.008,,,,wind:wind_get_stock_events
002555.SZ,002555.SZ_20150515_1,2015-05-15,2015-05-14,2015-05-15,0.1,,1.7,2015-05-15,wind:wind_get_stock_events
002555.SZ,002555.SZ_20160606_1,2016-06-06,2016-06-03,2016-06-06,0.1,,1,2016-06-06,wind:wind_get_stock_events
002555.SZ,002555.SZ_20170524_1,2017-05-24,2017-05-23,2017-05-24,0.1,,,,wind:wind_get_stock_events
002555.SZ,002555.SZ_20180705_1,2018-07-05,2018-07-04,2018-07-05,0.1,,,,wind:wind_get_stock_events
002555.SZ,002555.SZ_20180927_1,2018-09-27,2018-09-26,2018-09-27,0.1,,,,wind:wind_get_stock_events
002555.SZ,002555.SZ_20190716_1,2019-07-16,2019-07-15,2019-07-16,0.2,,,,wind:wind_get_stock_events
002555.SZ,002555.SZ_20190926_1,2019-09-26,2019-09-25,2019-09-26,0.1,,,,wind:wind_get_stock_events
002555.SZ,002555.SZ_20200511_1,2020-05-11,2020-05-08,2020-05-11,0.3,,,,wind:wind_get_stock_events
002555.SZ,002555.SZ_20200925_1,2020-09-25,2020-09-24,2020-09-25,0.3,,,,wind:wind_get_stock_events
002555.SZ,002555.SZ_20210818_1,2021-08-18,2021-08-17,2021-08-18,0.2,,,,wind:wind_get_stock_events
002555.SZ,002555.SZ_20211109_1,2021-11-09,2021-11-08,2021-11-09,0.15,,,,wind:wind_get_stock_events
002555.SZ,002555.SZ_20220527_1,2022-05-27,2022-05-26,2022-05-27,0.37,,,,wind:wind_get_stock_events
002555.SZ,002555.SZ_20220926_1,2022-09-26,2022-09-23,2022-09-26,0.35,,,,wind:wind_get_stock_events
002555.SZ,002555.SZ_20230602_1,2023-06-02,2023-06-01,2023-06-02,0.45,,,,wind:wind_get_stock_events
002555.SZ,002555.SZ_20230928_1,2023-09-28,2023-09-27,2023-09-28,0.45,,,,wind:wind_get_stock_events
002555.SZ,002555.SZ_20240521_1,2024-05-21,2024-05-20,2024-05-21,0.37,,,,wind:wind_get_stock_events
002555.SZ,002555.SZ_20240524_1,2024-05-24,2024-05-23,2024-05-24,0.21,,,,wind:wind_get_stock_events
002555.SZ,002555.SZ_20240904_1,2024-09-04,2024-09-03,2024-09-04,0.21,,,,wind:wind_get_stock_events
002555.SZ,002555.SZ_20241108_1,2024-11-08,2024-11-07,2024-11-08,0.21,,,,wind:wind_get_stock_events
002555.SZ,002555.SZ_20250521_1,2025-05-21,2025-05-20,2025-05-21,0.37,,,,wind:wind_get_stock_events
002555.SZ,002555.SZ_20250527_1,2025-05-27,2025-05-26,2025-05-27,0.21,,,,wind:wind_get_stock_events
002555.SZ,002555.SZ_20250904_1,2025-09-04,2025-09-03,2025-09-04,0.21,,,,wind:wind_get_stock_events
002555.SZ,002555.SZ_20251106_1,2025-11-06,2025-11-05,2025-11-06,0.21,,,,wind:wind_get_stock_events
002555.SZ,002555.SZ_20260522_1,2026-05-22,2026-05-21,2026-05-22,0.4,,,,wind:wind_get_stock_events
002555.SZ,002555.SZ_20260602_1,2026-06-02,2026-06-01,2026-06-02,0.21,,,,wind:wind_get_stock_events
002555.SZ,002555.SZ_20260903_1,2026-09-03,2026-09-02,2026-09-03,0.1,,,,wind:wind_get_stock_events
002556.SZ,002556.SZ_20150716_1,2015-07-16,2015-07-15,2015-07-16,0.1,,,,wind:wind_get_stock_events
002556.SZ,002556.SZ_20160701_1,2016-07-01,2016-06-30,2016-07-01,0.1,,0.5,2016-07-01,wind:wind_get_stock_events
002556.SZ,002556.SZ_20170721_1,2017-07-21,2017-07-20,2017-07-21,0.07,,,,wind:wind_get_stock_events
002556.SZ,002556.SZ_20180713_1,2018-07-13,2018-07-12,2018-07-13,0.07,,,,wind:wind_get_stock_events
002556.SZ,002556.SZ_20190627_1,2019-06-27,2019-06-26,2019-06-27,0.07,,,,wind:wind_get_stock_events
002556.SZ,002556.SZ_20200612_1,2020-06-12,2020-06-11,2020-06-12,0.1,,,,wind:wind_get_stock_events
002556.SZ,002556.SZ_20210720_1,2021-07-20,2021-07-19,2021-07-20,0.1,,,,wind:wind_get_stock_events
002556.SZ,002556.SZ_20211209_1,2021-12-09,2021-12-08,2021-12-09,0.2,,,,wind:wind_get_stock_events
002556.SZ,002556.SZ_20220527_1,2022-05-27,2022-05-26,2022-05-27,0.2,,,,wind:wind_get_stock_events
002556.SZ,002556.SZ_20230607_1,2023-06-07,2023-06-06,2023-06-07,0.3,,,,wind:wind_get_stock_events
002556.SZ,002556.SZ_20240529_1,2024-05-29,2024-05-28,2024-05-29,0.2,,,,wind:wind_get_stock_events
002556.SZ,002556.SZ_20250529_1,2025-05-29,2025-05-28,2025-05-29,0.2,,,,wind:wind_get_stock_events
002556.SZ,002556.SZ_20251224_1,2025-12-24,2025-12-23,2025-12-24,0.05,,,,wind:wind_get_stock_events
002556.SZ,002556.SZ_20260611_1,2026-06-11,2026-06-10,2026-06-11,0.1,,,,wind:wind_get_stock_events
002557.SZ,002557.SZ_20150528_1,2015-05-28,2015-05-27,2015-05-28,0.7,,0.5,2015-05-28,wind:wind_get_stock_events
002557.SZ,002557.SZ_20160523_1,2016-05-23,2016-05-20,2016-05-23,0.5,,,,wind:wind_get_stock_events
002557.SZ,002557.SZ_20170524_1,2017-05-24,2017-05-23,2017-05-24,0.4,,,,wind:wind_get_stock_events
002557.SZ,002557.SZ_20180530_1,2018-05-30,2018-05-29,2018-05-30,0.35,,,,wind:wind_get_stock_events
002557.SZ,002557.SZ_20190531_1,2019-05-31,2019-05-30,2019-05-31,0.5,,,,wind:wind_get_stock_events
002557.SZ,002557.SZ_20200611_1,2020-06-11,2020-06-10,2020-06-11,0.7,,,,wind:wind_get_stock_events
002557.SZ,002557.SZ_20210611_1,2021-06-11,2021-06-10,2021-06-11,0.8,,,,wind:wind_get_stock_events
002557.SZ,002557.SZ_20220622_1,2022-06-22,2022-06-21,2022-06-22,0.85,,,,wind:wind_get_stock_events
002557.SZ,002557.SZ_20230620_1,2023-06-20,2023-06-19,2023-06-20,1,,,,wind:wind_get_stock_events
002557.SZ,002557.SZ_20240614_1,2024-06-14,2024-06-13,2024-06-14,1,,,,wind:wind_get_stock_events
002557.SZ,002557.SZ_20250117_1,2025-01-17,2025-01-16,2025-01-17,0.3,,,,wind:wind_get_stock_events
002557.SZ,002557.SZ_20250620_1,2025-06-20,2025-06-19,2025-06-20,1,,,,wind:wind_get_stock_events
002557.SZ,002557.SZ_20260615_1,2026-06-15,2026-06-12,2026-06-15,1,,,,wind:wind_get_stock_events
002560.SZ,002560.SZ_20150612_1,2015-06-12,2015-06-11,2015-06-12,0.15,,,,wind:wind_get_stock_events
002560.SZ,002560.SZ_20160509_1,2016-05-09,2016-05-06,,,,2,2016-05-09,wind:wind_get_stock_events
002560.SZ,002560.SZ_20170713_1,2017-07-13,2017-07-12,2017-07-13,0.05,,,,wind:wind_get_stock_events
002560.SZ,002560.SZ_20180525_1,2018-05-25,2018-05-24,2018-05-25,0.02,,,,wind:wind_get_stock_events
002560.SZ,002560.SZ_20190827_1,2019-08-27,2019-08-26,2019-08-27,0.1,,,,wind:wind_get_stock_events
002560.SZ,002560.SZ_20200821_1,2020-08-21,2020-08-20,2020-08-21,0.1,,,,wind:wind_get_stock_events
002560.SZ,002560.SZ_20241022_1,2024-10-22,2024-10-21,2024-10-22,0.1,,,,wind:wind_get_stock_events
002560.SZ,002560.SZ_20260513_1,2026-05-13,2026-05-12,2026-05-13,0.1,,0.4,2026-05-13,wind:wind_get_stock_events
002566.SZ,002566.SZ_20150626_1,2015-06-26,2015-06-25,2015-06-26,0.05,,,,wind:wind_get_stock_events
002566.SZ,002566.SZ_20180628_1,2018-06-28,2018-06-27,2018-06-28,0.05,,,,wind:wind_get_stock_events
002566.SZ,002566.SZ_20200616_1,2020-06-16,2020-06-15,2020-06-16,0.05,,,,wind:wind_get_stock_events
002566.SZ,002566.SZ_20210518_1,2021-05-18,2021-05-17,2021-05-18,0.03,,,,wind:wind_get_stock_events
002566.SZ,002566.SZ_20220707_1,2022-07-07,2022-07-06,2022-07-07,0.03,,,,wind:wind_get_stock_events
002566.SZ,002566.SZ_20230707_1,2023-07-07,2023-07-06,2023-07-07,0.05,,,,wind:wind_get_stock_events
002566.SZ,002566.SZ_20240522_1,2024-05-22,2024-05-21,2024-05-22,0.15,,,,wind:wind_get_stock_events
002566.SZ,002566.SZ_20250522_1,2025-05-22,2025-05-21,2025-05-22,0.1,,,,wind:wind_get_stock_events
002566.SZ,002566.SZ_20260529_1,2026-05-29,2026-05-28,2026-05-29,0.08,,,,wind:wind_get_stock_events
002568.SZ,002568.SZ_20150929_1,2015-09-29,2015-09-28,2015-09-29,1,,1,2015-09-29,wind:wind_get_stock_events
002568.SZ,002568.SZ_20180925_1,2018-09-25,2018-09-21,2018-09-25,0.12,,,,wind:wind_get_stock_events
002568.SZ,002568.SZ_20190822_1,2019-08-22,2019-08-21,2019-08-22,0.4,,,,wind:wind_get_stock_events
002568.SZ,002568.SZ_20200827_1,2020-08-27,2020-08-26,2020-08-27,0.6,,,,wind:wind_get_stock_events
002568.SZ,002568.SZ_20210608_1,2021-06-08,2021-06-07,2021-06-08,0.5,,0.4,2021-06-08,wind:wind_get_stock_events
002568.SZ,002568.SZ_20220616_1,2022-06-16,2022-06-15,2022-06-16,0.5,,0.4,2022-06-16,wind:wind_get_stock_events
002568.SZ,002568.SZ_20230825_1,2023-08-25,2023-08-24,2023-08-25,0.5,,,,wind:wind_get_stock_events
002568.SZ,002568.SZ_20250605_1,2025-06-05,2025-06-04,2025-06-05,0.3,,,,wind:wind_get_stock_events
002568.SZ,002568.SZ_20260605_1,2026-06-05,2026-06-04,2026-06-05,0.3,,,,wind:wind_get_stock_events
002572.SZ,002572.SZ_20150507_1,2015-05-07,2015-05-06,2015-05-07,0.35,,,,wind:wind_get_stock_events
002572.SZ,002572.SZ_20160303_1,2016-03-03,2016-03-02,2016-03-03,0.5,,,,wind:wind_get_stock_events
002572.SZ,002572.SZ_20170424_1,2017-04-24,2017-04-21,2017-04-24,0.7,,1,2017-04-24,wind:wind_get_stock_events
002572.SZ,002572.SZ_20180425_1,2018-04-25,2018-04-24,2018-04-25,0.45,,,,wind:wind_get_stock_events
002572.SZ,002572.SZ_20190404_1,2019-04-04,2019-04-03,2019-04-04,0.5,,,,wind:wind_get_stock_events
002572.SZ,002572.SZ_20200424_1,2020-04-24,2020-04-23,2020-04-24,0.55,,,,wind:wind_get_stock_events
002572.SZ,002572.SZ_20210524_1,2021-05-24,2021-05-21,2021-05-24,0.6,,,,wind:wind_get_stock_events
002572.SZ,002572.SZ_20220527_1,2022-05-27,2022-05-26,2022-05-27,0.6,,,,wind:wind_get_stock_events
002572.SZ,002572.SZ_20230516_1,2023-05-16,2023-05-15,2023-05-16,0.7,,,,wind:wind_get_stock_events
002572.SZ,002572.SZ_20240521_1,2024-05-21,2024-05-20,2024-05-21,1,,,,wind:wind_get_stock_events
002572.SZ,002572.SZ_20250529_1,2025-05-29,2025-05-28,2025-05-29,1,,,,wind:wind_get_stock_events
002572.SZ,002572.SZ_20260521_1,2026-05-21,2026-05-20,2026-05-21,0.8,,,,wind:wind_get_stock_events
002574.SZ,002574.SZ_20150604_1,2015-06-04,2015-06-03,2015-06-04,0.1,,,,wind:wind_get_stock_events
002574.SZ,002574.SZ_20160617_1,2016-06-17,2016-06-16,2016-06-17,0.05,,,,wind:wind_get_stock_events
002574.SZ,002574.SZ_20170609_1,2017-06-09,2017-06-08,2017-06-09,0.05,,,,wind:wind_get_stock_events
002574.SZ,002574.SZ_20180607_1,2018-06-07,2018-06-06,2018-06-07,0.05,,,,wind:wind_get_stock_events
002574.SZ,002574.SZ_20190617_1,2019-06-17,2019-06-14,2019-06-17,0.05,,,,wind:wind_get_stock_events
002574.SZ,002574.SZ_20200611_1,2020-06-11,2020-06-10,2020-06-11,0.03,,,,wind:wind_get_stock_events
002574.SZ,002574.SZ_20240710_1,2024-07-10,2024-07-09,2024-07-10,0.1,,,,wind:wind_get_stock_events
002576.SZ,002576.SZ_20160621_1,2016-06-21,2016-06-20,2016-06-21,0.03,,,,wind:wind_get_stock_events
002576.SZ,002576.SZ_20170613_1,2017-06-13,2017-06-12,2017-06-13,0.01,,,,wind:wind_get_stock_events
002576.SZ,002576.SZ_20180530_1,2018-05-30,2018-05-29,2018-05-30,0.01,,,,wind:wind_get_stock_events
002576.SZ,002576.SZ_20190620_1,2019-06-20,2019-06-19,2019-06-20,0.05,,,,wind:wind_get_stock_events
002576.SZ,002576.SZ_20200716_1,2020-07-16,2020-07-15,2020-07-16,0.05,,,,wind:wind_get_stock_events
002576.SZ,002576.SZ_20210625_1,2021-06-25,2021-06-24,2021-06-25,0.1,,,,wind:wind_get_stock_events
002576.SZ,002576.SZ_20220708_1,2022-07-08,2022-07-07,2022-07-08,0.08,,,,wind:wind_get_stock_events
002576.SZ,002576.SZ_20230707_1,2023-07-07,2023-07-06,2023-07-07,0.038,,,,wind:wind_get_stock_events
002576.SZ,002576.SZ_20240613_1,2024-06-13,2024-06-12,2024-06-13,0.055,,,,wind:wind_get_stock_events
002576.SZ,002576.SZ_20250711_1,2025-07-11,2025-07-10,2025-07-11,0.08,,,,wind:wind_get_stock_events
002576.SZ,002576.SZ_20260610_1,2026-06-10,2026-06-09,2026-06-10,0.08,,,,wind:wind_get_stock_events
002578.SZ,002578.SZ_20150528_1,2015-05-28,2015-05-27,2015-05-28,0.2,,1.5,2015-05-28,wind:wind_get_stock_events
002578.SZ,002578.SZ_20170523_1,2017-05-23,2017-05-22,,,,1,2017-05-23,wind:wind_get_stock_events
002578.SZ,002578.SZ_20180608_1,2018-06-08,2018-06-07,2018-06-08,0.02,,,,wind:wind_get_stock_events
002578.SZ,002578.SZ_20210622_1,2021-06-22,2021-06-21,2021-06-22,0.03,,,,wind:wind_get_stock_events
002578.SZ,002578.SZ_20240606_1,2024-06-06,2024-06-05,2024-06-06,0.04,,,,wind:wind_get_stock_events
002579.SZ,002579.SZ_20150626_1,2015-06-26,2015-06-25,2015-06-26,0.03,,0.5,2015-06-26,wind:wind_get_stock_events
002579.SZ,002579.SZ_20160623_1,2016-06-23,2016-06-22,2016-06-23,0.03,,,,wind:wind_get_stock_events
002579.SZ,002579.SZ_20170613_1,2017-06-13,2017-06-12,2017-06-13,0.1,,,,wind:wind_get_stock_events
002579.SZ,002579.SZ_20180627_1,2018-06-27,2018-06-26,2018-06-27,0.1,,,,wind:wind_get_stock_events
002579.SZ,002579.SZ_20190604_1,2019-06-04,2019-06-03,2019-06-04,0.1,,,,wind:wind_get_stock_events
002579.SZ,002579.SZ_20200616_1,2020-06-16,2020-06-15,2020-06-16,0.1,,,,wind:wind_get_stock_events
002579.SZ,002579.SZ_20210615_1,2021-06-15,2021-06-11,2021-06-15,0.06,,0.2,2021-06-15,wind:wind_get_stock_events
002579.SZ,002579.SZ_20220531_1,2022-05-31,2022-05-30,2022-05-31,0.08,,,,wind:wind_get_stock_events
002579.SZ,002579.SZ_20230620_1,2023-06-20,2023-06-19,2023-06-20,0.08,,,,wind:wind_get_stock_events
002580.SZ,002580.SZ_20150504_1,2015-05-04,2015-04-30,2015-05-04,0.1,,0.8,2015-05-04,wind:wind_get_stock_events
002580.SZ,002580.SZ_20160621_1,2016-06-21,2016-06-20,2016-06-21,0.05,,,,wind:wind_get_stock_events
002580.SZ,002580.SZ_20170418_1,2017-04-18,2017-04-17,2017-04-18,0.05,,0.6,2017-04-18,wind:wind_get_stock_events
002580.SZ,002580.SZ_20200603_1,2020-06-03,2020-06-02,2020-06-03,0.025,,,,wind:wind_get_stock_events
002580.SZ,002580.SZ_20210520_1,2021-05-20,2021-05-19,2021-05-20,0.025,,,,wind:wind_get_stock_events
002580.SZ,002580.SZ_20230616_1,2023-06-16,2023-06-15,2023-06-16,0.019,,,,wind:wind_get_stock_events
002580.SZ,002580.SZ_20240621_1,2024-06-21,2024-06-20,2024-06-21,0.057,,,,wind:wind_get_stock_events
002580.SZ,002580.SZ_20250627_1,2025-06-27,2025-06-26,2025-06-27,0.04,,,,wind:wind_get_stock_events
002580.SZ,002580.SZ_20260612_1,2026-06-12,2026-06-11,2026-06-12,0.04,,,,wind:wind_get_stock_events
002582.SZ,002582.SZ_20150706_1,2015-07-06,2015-07-03,2015-07-06,0.1,,,,wind:wind_get_stock_events
002582.SZ,002582.SZ_20170526_1,2017-05-26,2017-05-25,2017-05-26,0.07,,1,2017-05-26,wind:wind_get_stock_events
002582.SZ,002582.SZ_20180604_1,2018-06-04,2018-06-01,2018-06-04,0.07,,,,wind:wind_get_stock_events
002582.SZ,002582.SZ_20190523_1,2019-05-23,2019-05-22,2019-05-23,0.079,,,,wind:wind_get_stock_events
002582.SZ,002582.SZ_20200528_1,2020-05-28,2020-05-27,2020-05-28,0.086,,,,wind:wind_get_stock_events
002582.SZ,002582.SZ_20210531_1,2021-05-31,2021-05-28,2021-05-31,1,,,,wind:wind_get_stock_events
002582.SZ,002582.SZ_20220530_1,2022-05-30,2022-05-27,2022-05-30,0.1,,,,wind:wind_get_stock_events
002582.SZ,002582.SZ_20230602_1,2023-06-02,2023-06-01,2023-06-02,0.1,,,,wind:wind_get_stock_events
002582.SZ,002582.SZ_20240527_1,2024-05-27,2024-05-24,2024-05-27,0.6,,,,wind:wind_get_stock_events
002582.SZ,002582.SZ_20240904_1,2024-09-04,2024-09-03,2024-09-04,0.4,,,,wind:wind_get_stock_events
002582.SZ,002582.SZ_20250526_1,2025-05-26,2025-05-23,2025-05-26,1,,,,wind:wind_get_stock_events
002582.SZ,002582.SZ_20260601_1,2026-06-01,2026-05-29,2026-06-01,0.6,,,,wind:wind_get_stock_events
002584.SZ,002584.SZ_20150602_1,2015-06-02,2015-06-01,2015-06-02,0.04,,,,wind:wind_get_stock_events
002584.SZ,002584.SZ_20160427_1,2016-04-27,2016-04-26,2016-04-27,0.1,,1.5,2016-04-27,wind:wind_get_stock_events
002584.SZ,002584.SZ_20170512_1,2017-05-12,2017-05-11,2017-05-12,0.05,,,,wind:wind_get_stock_events
002584.SZ,002584.SZ_20240710_1,2024-07-10,2024-07-09,2024-07-10,0.02,,,,wind:wind_get_stock_events
002584.SZ,002584.SZ_20241223_1,2024-12-23,2024-12-20,2024-12-23,0.033,,,,wind:wind_get_stock_events
002585.SZ,002585.SZ_20150609_1,2015-06-09,2015-06-08,2015-06-09,0.03,,0.3,2015-06-09,wind:wind_get_stock_events
002585.SZ,002585.SZ_20160419_1,2016-04-19,2016-04-18,2016-04-19,0.02,,,,wind:wind_get_stock_events
002585.SZ,002585.SZ_20170628_1,2017-06-28,2017-06-27,2017-06-28,0.02,,0.3,2017-06-28,wind:wind_get_stock_events
002585.SZ,002585.SZ_20180711_1,2018-07-11,2018-07-10,2018-07-11,0.01,,,,wind:wind_get_stock_events
002585.SZ,002585.SZ_20190419_1,2019-04-19,2019-04-18,2019-04-19,0.2,,,,wind:wind_get_stock_events
002585.SZ,002585.SZ_20200611_1,2020-06-11,2020-06-10,2020-06-11,0.03,,,,wind:wind_get_stock_events
002585.SZ,002585.SZ_20210608_1,2021-06-08,2021-06-07,2021-06-08,0.2,,,,wind:wind_get_stock_events
002585.SZ,002585.SZ_20220517_1,2022-05-17,2022-05-16,2022-05-17,0.3,,,,wind:wind_get_stock_events
002585.SZ,002585.SZ_20230629_1,2023-06-29,2023-06-28,2023-06-29,0.2,,,,wind:wind_get_stock_events
002585.SZ,002585.SZ_20240625_1,2024-06-25,2024-06-24,2024-06-25,0.03,,,,wind:wind_get_stock_events
002585.SZ,002585.SZ_20250618_1,2025-06-18,2025-06-17,2025-06-18,0.03,,,,wind:wind_get_stock_events
002585.SZ,002585.SZ_20260529_1,2026-05-29,2026-05-28,2026-05-29,0.02,,,,wind:wind_get_stock_events
002586.SZ,002586.SZ_20150605_1,2015-06-05,2015-06-04,2015-06-05,0.1,,1,2015-06-05,wind:wind_get_stock_events
002586.SZ,002586.SZ_20160608_1,2016-06-08,2016-06-07,2016-06-08,0.05,,,,wind:wind_get_stock_events
002586.SZ,002586.SZ_20170711_1,2017-07-11,2017-07-10,2017-07-11,0.05,,,,wind:wind_get_stock_events
002586.SZ,002586.SZ_20180615_1,2018-06-15,2018-06-14,2018-06-15,0.0455,,,,wind:wind_get_stock_events
002586.SZ,002586.SZ_20190719_1,2019-07-19,2019-07-18,2019-07-19,0.15,,,,wind:wind_get_stock_events
002589.SZ,002589.SZ_20150709_1,2015-07-09,2015-07-08,2015-07-09,0.066,,,,wind:wind_get_stock_events
002589.SZ,002589.SZ_20150923_1,2015-09-23,2015-09-22,,,,1,2015-09-23,wind:wind_get_stock_events
002589.SZ,002589.SZ_20160519_1,2016-05-19,2016-05-18,2016-05-19,0.043,,,,wind:wind_get_stock_events
002589.SZ,002589.SZ_20170515_1,2017-05-15,2017-05-12,2017-05-15,0.091,,1.3,2017-05-15,wind:wind_get_stock_events
002589.SZ,002589.SZ_20180718_1,2018-07-18,2018-07-17,2018-07-18,0.068,,,,wind:wind_get_stock_events
002589.SZ,002589.SZ_20190627_1,2019-06-27,2019-06-26,2019-06-27,0.052,,,,wind:wind_get_stock_events
002589.SZ,002589.SZ_20210623_1,2021-06-23,2021-06-22,2021-06-23,0.018,,,,wind:wind_get_stock_events
002589.SZ,002589.SZ_20220722_1,2022-07-22,2022-07-21,2022-07-22,0.009,,,,wind:wind_get_stock_events
002589.SZ,002589.SZ_20240604_1,2024-06-04,2024-06-03,2024-06-04,0.013,,,,wind:wind_get_stock_events
002589.SZ,002589.SZ_20241129_1,2024-11-29,2024-11-28,2024-11-29,0.007,,,,wind:wind_get_stock_events
002589.SZ,002589.SZ_20250708_1,2025-07-08,2025-07-07,2025-07-08,0.004,,,,wind:wind_get_stock_events
002589.SZ,002589.SZ_20260630_1,2026-06-30,2026-06-29,2026-06-30,0.002,,,,wind:wind_get_stock_events
002590.SZ,002590.SZ_20150529_1,2015-05-29,2015-05-28,2015-05-29,0.08,0.3,0.7,2015-05-29,wind:wind_get_stock_events
002590.SZ,002590.SZ_20160525_1,2016-05-25,2016-05-24,2016-05-25,0.04,,,,wind:wind_get_stock_events
002590.SZ,002590.SZ_20170704_1,2017-07-04,2017-07-03,2017-07-04,0.025,,,,wind:wind_get_stock_events
002590.SZ,002590.SZ_20180601_1,2018-06-01,2018-05-31,2018-06-01,0.03,,,,wind:wind_get_stock_events
002590.SZ,002590.SZ_20200605_1,2020-06-05,2020-06-04,2020-06-05,0.1,,,,wind:wind_get_stock_events
002590.SZ,002590.SZ_20210608_1,2021-06-08,2021-06-07,2021-06-08,0.05,,,,wind:wind_get_stock_events
002590.SZ,002590.SZ_20220704_1,2022-07-04,2022-07-01,2022-07-04,0.085,,,,wind:wind_get_stock_events
002590.SZ,002590.SZ_20230627_1,2023-06-27,2023-06-26,2023-06-27,0.08,,,,wind:wind_get_stock_events
002590.SZ,002590.SZ_20250617_1,2025-06-17,2025-06-16,2025-06-17,0.06,,,,wind:wind_get_stock_events
002590.SZ,002590.SZ_20260528_1,2026-05-28,2026-05-27,2026-05-28,0.085,,,,wind:wind_get_stock_events
002591.SZ,002591.SZ_20150707_1,2015-07-07,2015-07-06,2015-07-07,0.005,,,,wind:wind_get_stock_events
002591.SZ,002591.SZ_20180621_1,2018-06-21,2018-06-20,2018-06-21,0.3003,,,,wind:wind_get_stock_events
002593.SZ,002593.SZ_20150414_1,2015-04-14,2015-04-13,2015-04-14,0.06,,,,wind:wind_get_stock_events
002593.SZ,002593.SZ_20160517_1,2016-05-17,2016-05-16,2016-05-17,0.1,,2,2016-05-17,wind:wind_get_stock_events
002593.SZ,002593.SZ_20170703_1,2017-07-03,2017-06-30,2017-07-03,0.0499,,,,wind:wind_get_stock_events
002593.SZ,002593.SZ_20180703_1,2018-07-03,2018-07-02,2018-07-03,0.05,,,,wind:wind_get_stock_events
002593.SZ,002593.SZ_20190524_1,2019-05-24,2019-05-23,2019-05-24,0.0503,,,,wind:wind_get_stock_events
002593.SZ,002593.SZ_20200622_1,2020-06-22,2020-06-19,2020-06-22,0.05,,,,wind:wind_get_stock_events
002593.SZ,002593.SZ_20210518_1,2021-05-18,2021-05-17,2021-05-18,0.05,,,,wind:wind_get_stock_events
002593.SZ,002593.SZ_20220624_1,2022-06-24,2022-06-23,2022-06-24,0.05,,,,wind:wind_get_stock_events
002593.SZ,002593.SZ_20240528_1,2024-05-28,2024-05-27,2024-05-28,0.05,,,,wind:wind_get_stock_events
002593.SZ,002593.SZ_20250521_1,2025-05-21,2025-05-20,2025-05-21,0.05,,,,wind:wind_get_stock_events
002593.SZ,002593.SZ_20260522_1,2026-05-22,2026-05-21,2026-05-22,0.05,,,,wind:wind_get_stock_events
002595.SZ,002595.SZ_20150410_1,2015-04-10,2015-04-09,2015-04-10,0.5,,1,2015-04-10,wind:wind_get_stock_events
002595.SZ,002595.SZ_20160511_1,2016-05-11,2016-05-10,2016-05-11,0.25,,,,wind:wind_get_stock_events
002595.SZ,002595.SZ_20170512_1,2017-05-12,2017-05-11,2017-05-12,0.375,,,,wind:wind_get_stock_events
002595.SZ,002595.SZ_20180706_1,2018-07-06,2018-07-05,2018-07-06,0.375,,,,wind:wind_get_stock_events
002595.SZ,002595.SZ_20190619_1,2019-06-19,2019-06-18,2019-06-19,0.375,,,,wind:wind_get_stock_events
002595.SZ,002595.SZ_20201015_1,2020-10-15,2020-10-14,2020-10-15,0.375,,,,wind:wind_get_stock_events
002595.SZ,002595.SZ_20210929_1,2021-09-29,2021-09-28,2021-09-29,0.375,,,,wind:wind_get_stock_events
002595.SZ,002595.SZ_20220630_1,2022-06-30,2022-06-29,2022-06-30,0.375,,,,wind:wind_get_stock_events
002595.SZ,002595.SZ_20230629_1,2023-06-29,2023-06-28,2023-06-29,0.375,,,,wind:wind_get_stock_events
002595.SZ,002595.SZ_20240710_1,2024-07-10,2024-07-09,2024-07-10,0.625,,,,wind:wind_get_stock_events
002595.SZ,002595.SZ_20241023_1,2024-10-23,2024-10-22,2024-10-23,0.375,,,,wind:wind_get_stock_events
002595.SZ,002595.SZ_20250710_1,2025-07-10,2025-07-09,2025-07-10,0.4,,,,wind:wind_get_stock_events
002595.SZ,002595.SZ_20260511_1,2026-05-11,2026-05-08,2026-05-11,1,,0.45,2026-05-11,wind:wind_get_stock_events
002596.SZ,002596.SZ_20150616_1,2015-06-16,2015-06-15,2015-06-16,0.02,,,,wind:wind_get_stock_events
002596.SZ,002596.SZ_20160617_1,2016-06-17,2016-06-16,2016-06-17,0.03,,,,wind:wind_get_stock_events
002596.SZ,002596.SZ_20170428_1,2017-04-28,2017-04-27,2017-04-28,0.03,,2,2017-04-28,wind:wind_get_stock_events
002596.SZ,002596.SZ_20180528_1,2018-05-28,2018-05-25,2018-05-28,0.02,,,,wind:wind_get_stock_events
002596.SZ,002596.SZ_20190612_1,2019-06-12,2019-06-11,2019-06-12,0.008,,,,wind:wind_get_stock_events
002596.SZ,002596.SZ_20210609_1,2021-06-09,2021-06-08,2021-06-09,0.01,,,,wind:wind_get_stock_events
002597.SZ,002597.SZ_20150421_1,2015-04-21,2015-04-20,2015-04-21,0.3,,1,2015-04-21,wind:wind_get_stock_events
002597.SZ,002597.SZ_20160512_1,2016-05-12,2016-05-11,2016-05-12,0.17,,,,wind:wind_get_stock_events
002597.SZ,002597.SZ_20170427_1,2017-04-27,2017-04-26,2017-04-27,0.4,,,,wind:wind_get_stock_events
002597.SZ,002597.SZ_20180411_1,2018-04-11,2018-04-10,2018-04-11,0.6,,,,wind:wind_get_stock_events
002597.SZ,002597.SZ_20190426_1,2019-04-26,2019-04-25,2019-04-26,0.36,,,,wind:wind_get_stock_events
002597.SZ,002597.SZ_20200416_1,2020-04-16,2020-04-15,2020-04-16,0.54,,,,wind:wind_get_stock_events
002597.SZ,002597.SZ_20210521_1,2021-05-21,2021-05-20,2021-05-21,0.45,,,,wind:wind_get_stock_events
002597.SZ,002597.SZ_20220429_1,2022-04-29,2022-04-28,2022-04-29,0.65,,,,wind:wind_get_stock_events
002597.SZ,002597.SZ_20230531_1,2023-05-31,2023-05-30,2023-05-31,0.8,,,,wind:wind_get_stock_events
002597.SZ,002597.SZ_20240524_1,2024-05-24,2024-05-23,2024-05-24,0.2,,,,wind:wind_get_stock_events
002597.SZ,002597.SZ_20250522_1,2025-05-22,2025-05-21,2025-05-22,0.83,,,,wind:wind_get_stock_events
002597.SZ,002597.SZ_20260521_1,2026-05-21,2026-05-20,2026-05-21,0.2,,,,wind:wind_get_stock_events
002597.SZ,002597.SZ_20260929_1,2026-09-29,2026-09-28,2026-09-29,0.15,,,,wind:wind_get_stock_events
002598.SZ,002598.SZ_20150611_1,2015-06-11,2015-06-10,2015-06-11,0.1,,,,wind:wind_get_stock_events
002598.SZ,002598.SZ_20160510_1,2016-05-10,2016-05-09,2016-05-10,0.2,,,,wind:wind_get_stock_events
002598.SZ,002598.SZ_20170711_1,2017-07-11,2017-07-10,2017-07-11,0.2,,,,wind:wind_get_stock_events
002598.SZ,002598.SZ_20190510_1,2019-05-10,2019-05-09,2019-05-10,0.2,,,,wind:wind_get_stock_events
002598.SZ,002598.SZ_20200617_1,2020-06-17,2020-06-16,2020-06-17,0.19,,,,wind:wind_get_stock_events
002598.SZ,002598.SZ_20220520_1,2022-05-20,2022-05-19,2022-05-20,0.1,,,,wind:wind_get_stock_events
002598.SZ,002598.SZ_20230626_1,2023-06-26,2023-06-21,2023-06-26,0.1,,,,wind:wind_get_stock_events
002598.SZ,002598.SZ_20240705_1,2024-07-05,2024-07-04,2024-07-05,0.1,,,,wind:wind_get_stock_events
002598.SZ,002598.SZ_20250725_1,2025-07-25,2025-07-24,2025-07-25,0.1,,,,wind:wind_get_stock_events
002598.SZ,002598.SZ_20260710_1,2026-07-10,2026-07-09,2026-07-10,0.1,,,,wind:wind_get_stock_events
002599.SZ,002599.SZ_20150529_1,2015-05-29,2015-05-28,2015-05-29,0.03,,,,wind:wind_get_stock_events
002599.SZ,002599.SZ_20160704_1,2016-07-04,2016-07-01,2016-07-04,0.03,,,,wind:wind_get_stock_events
002599.SZ,002599.SZ_20170607_1,2017-06-07,2017-06-06,2017-06-07,0.03,,1,2017-06-07,wind:wind_get_stock_events
002599.SZ,002599.SZ_20180627_1,2018-06-27,2018-06-26,2018-06-27,0.05,,,,wind:wind_get_stock_events
002599.SZ,002599.SZ_20190802_1,2019-08-02,2019-08-01,,,,0.7,2019-08-02,wind:wind_get_stock_events
002599.SZ,002599.SZ_20240531_1,2024-05-31,2024-05-30,2024-05-31,0.02,,,,wind:wind_get_stock_events
002599.SZ,002599.SZ_20250530_1,2025-05-30,2025-05-29,2025-05-30,0.02,,,,wind:wind_get_stock_events
002599.SZ,002599.SZ_20260616_1,2026-06-16,2026-06-15,2026-06-16,0.01,,,,wind:wind_get_stock_events
002600.SZ,002600.SZ_20150410_1,2015-04-10,2015-04-09,2015-04-10,0.1,,1,2015-04-10,wind:wind_get_stock_events
002600.SZ,002600.SZ_20161019_1,2016-10-19,2016-10-18,2016-10-19,0.05,,,,wind:wind_get_stock_events
002600.SZ,002600.SZ_20170717_1,2017-07-17,2017-07-14,2017-07-17,0.1,,1,2017-07-17,wind:wind_get_stock_events
002600.SZ,002600.SZ_20200924_1,2020-09-24,2020-09-23,2020-09-24,0.2,,,,wind:wind_get_stock_events
002600.SZ,002600.SZ_20230707_1,2023-07-07,2023-07-06,2023-07-07,0.1155,,,,wind:wind_get_stock_events
002600.SZ,002600.SZ_20231019_1,2023-10-19,2023-10-18,2023-10-19,0.03,,,,wind:wind_get_stock_events
002600.SZ,002600.SZ_20240530_1,2024-05-30,2024-05-29,2024-05-30,0.03,,,,wind:wind_get_stock_events
002600.SZ,002600.SZ_20250507_1,2025-05-07,2025-05-06,2025-05-07,0.02,,,,wind:wind_get_stock_events
002600.SZ,002600.SZ_20251104_1,2025-11-04,2025-11-03,2025-11-04,0.02,,,,wind:wind_get_stock_events
002600.SZ,002600.SZ_20260519_1,2026-05-19,2026-05-18,2026-05-19,0.02,,,,wind:wind_get_stock_events
002600.SZ,002600.SZ_20260908_1,2026-09-08,2026-09-07,2026-09-08,0.02,,,,wind:wind_get_stock_events
002601.SZ,002601.SZ_20150424_1,2015-04-24,2015-04-23,2015-04-24,0.1,,,,wind:wind_get_stock_events
002601.SZ,002601.SZ_20160427_1,2016-04-27,2016-04-26,2016-04-27,0.35,,2.5,2016-04-27,wind:wind_get_stock_events
002601.SZ,002601.SZ_20161208_1,2016-12-08,2016-12-07,2016-12-08,0.3,,,,wind:wind_get_stock_events
002601.SZ,002601.SZ_20170512_1,2017-05-12,2017-05-11,2017-05-12,0.2008,,,,wind:wind_get_stock_events
002601.SZ,002601.SZ_20171207_1,2017-12-07,2017-12-06,2017-12-07,0.5,,,,wind:wind_get_stock_events
002601.SZ,002601.SZ_20180504_1,2018-05-04,2018-05-03,2018-05-04,0.55,,,,wind:wind_get_stock_events
002601.SZ,002601.SZ_20181025_1,2018-10-25,2018-10-24,2018-10-25,0.654,,,,wind:wind_get_stock_events
002601.SZ,002601.SZ_20190617_1,2019-06-17,2019-06-14,2019-06-17,0.1,,,,wind:wind_get_stock_events
002601.SZ,002601.SZ_20190619_1,2019-06-19,2019-06-18,2019-06-19,0.6,,,,wind:wind_get_stock_events
002601.SZ,002601.SZ_20191213_1,2019-12-13,2019-12-12,2019-12-13,0.15,,,,wind:wind_get_stock_events
002601.SZ,002601.SZ_20200610_1,2020-06-10,2020-06-09,2020-06-10,0.9,,,,wind:wind_get_stock_events
002601.SZ,002601.SZ_20201217_1,2020-12-17,2020-12-16,2020-12-17,0.11,,,,wind:wind_get_stock_events
002601.SZ,002601.SZ_20210517_1,2021-05-17,2021-05-14,2021-05-17,0.9,,,,wind:wind_get_stock_events
002601.SZ,002601.SZ_20211119_1,2021-11-19,2021-11-18,2021-11-19,0.25,,,,wind:wind_get_stock_events
002601.SZ,002601.SZ_20220516_1,2022-05-16,2022-05-13,2022-05-16,1,,,,wind:wind_get_stock_events
002601.SZ,002601.SZ_20221118_1,2022-11-18,2022-11-17,2022-11-18,0.2,,,,wind:wind_get_stock_events
002601.SZ,002601.SZ_20230529_1,2023-05-29,2023-05-26,2023-05-29,0.6,,,,wind:wind_get_stock_events
002601.SZ,002601.SZ_20231108_1,2023-11-08,2023-11-07,2023-11-08,0.3,,,,wind:wind_get_stock_events
002601.SZ,002601.SZ_20240530_1,2024-05-30,2024-05-29,2024-05-30,0.6,,,,wind:wind_get_stock_events
002601.SZ,002601.SZ_20241211_1,2024-12-11,2024-12-10,2024-12-11,0.3,,,,wind:wind_get_stock_events
002601.SZ,002601.SZ_20250611_1,2025-06-11,2025-06-10,2025-06-11,0.5,,,,wind:wind_get_stock_events
002601.SZ,002601.SZ_20251217_1,2025-12-17,2025-12-16,2025-12-17,0.1,,,,wind:wind_get_stock_events
002603.SZ,002603.SZ_20150520_1,2015-05-20,2015-05-19,2015-05-20,0.1,,1,2015-05-20,wind:wind_get_stock_events
002603.SZ,002603.SZ_20160614_1,2016-06-14,2016-06-13,2016-06-14,0.1,,,,wind:wind_get_stock_events
002603.SZ,002603.SZ_20170612_1,2017-06-12,2017-06-09,2017-06-12,0.1,,,,wind:wind_get_stock_events
002603.SZ,002603.SZ_20180702_1,2018-07-02,2018-06-29,2018-07-02,0.1,,,,wind:wind_get_stock_events
002603.SZ,002603.SZ_20190701_1,2019-07-01,2019-06-28,2019-07-01,0.1,,,,wind:wind_get_stock_events
002603.SZ,002603.SZ_20200602_1,2020-06-02,2020-06-01,2020-06-02,0.2,,,,wind:wind_get_stock_events
002603.SZ,002603.SZ_20210707_1,2021-07-07,2021-07-06,2021-07-07,1,,0.4,2021-07-07,wind:wind_get_stock_events
002603.SZ,002603.SZ_20220719_1,2022-07-19,2022-07-18,2022-07-19,0.3,,,,wind:wind_get_stock_events
002603.SZ,002603.SZ_20230717_1,2023-07-17,2023-07-14,2023-07-17,0.5,,,,wind:wind_get_stock_events
002603.SZ,002603.SZ_20240719_1,2024-07-19,2024-07-18,2024-07-19,0.3,,,,wind:wind_get_stock_events
002603.SZ,002603.SZ_20251022_1,2025-10-22,2025-10-21,2025-10-22,0.3,,,,wind:wind_get_stock_events
002603.SZ,002603.SZ_20260616_1,2026-06-16,2026-06-15,2026-06-16,0.5,,,,wind:wind_get_stock_events
002605.SZ,002605.SZ_20160720_1,2016-07-20,2016-07-19,2016-07-20,0.1,,,,wind:wind_get_stock_events
002605.SZ,002605.SZ_20180628_1,2018-06-28,2018-06-27,2018-06-28,0.1,,,,wind:wind_get_stock_events
002605.SZ,002605.SZ_20190710_1,2019-07-10,2019-07-09,2019-07-10,0.1,,,,wind:wind_get_stock_events
002605.SZ,002605.SZ_20200618_1,2020-06-18,2020-06-17,2020-06-18,0.4017,,,,wind:wind_get_stock_events
002605.SZ,002605.SZ_20210618_1,2021-06-18,2021-06-17,2021-06-18,0.5,,,,wind:wind_get_stock_events
002605.SZ,002605.SZ_20220805_1,2022-08-05,2022-08-04,2022-08-05,0.3,,,,wind:wind_get_stock_events
002605.SZ,002605.SZ_20230605_1,2023-06-05,2023-06-02,2023-06-05,0.25,,,,wind:wind_get_stock_events
002605.SZ,002605.SZ_20240620_1,2024-06-20,2024-06-19,2024-06-20,0.9,,,,wind:wind_get_stock_events
002605.SZ,002605.SZ_20250605_1,2025-06-05,2025-06-04,2025-06-05,0.5,,,,wind:wind_get_stock_events
002605.SZ,002605.SZ_20260610_1,2026-06-10,2026-06-09,2026-06-10,0.5,,,,wind:wind_get_stock_events
002605.SZ,002605.SZ_20260914_1,2026-09-14,2026-09-11,2026-09-14,0.2,,,,wind:wind_get_stock_events
002606.SZ,002606.SZ_20150518_1,2015-05-18,2015-05-15,2015-05-18,0.075,,,,wind:wind_get_stock_events
002606.SZ,002606.SZ_20160629_1,2016-06-29,2016-06-28,2016-06-29,0.075,,,,wind:wind_get_stock_events
002606.SZ,002606.SZ_20170512_1,2017-05-12,2017-05-11,2017-05-12,0.1,,1,2017-05-12,wind:wind_get_stock_events
002606.SZ,002606.SZ_20180619_1,2018-06-19,2018-06-15,2018-06-19,0.015,,,,wind:wind_get_stock_events
002606.SZ,002606.SZ_20200715_1,2020-07-15,2020-07-14,2020-07-15,0.012,,,,wind:wind_get_stock_events
002606.SZ,002606.SZ_20210608_1,2021-06-08,2021-06-07,2021-06-08,0.025,,,,wind:wind_get_stock_events
002606.SZ,002606.SZ_20220613_1,2022-06-13,2022-06-10,2022-06-13,0.036,,,,wind:wind_get_stock_events
002606.SZ,002606.SZ_20230706_1,2023-07-06,2023-07-05,2023-07-06,0.042,,,,wind:wind_get_stock_events
002606.SZ,002606.SZ_20240701_1,2024-07-01,2024-06-28,2024-07-01,0.013,,,,wind:wind_get_stock_events
002606.SZ,002606.SZ_20241230_1,2024-12-30,2024-12-27,2024-12-30,0.054,,,,wind:wind_get_stock_events
002606.SZ,002606.SZ_20250528_1,2025-05-28,2025-05-27,2025-05-28,0.02,,,,wind:wind_get_stock_events
002606.SZ,002606.SZ_20250926_1,2025-09-26,2025-09-25,2025-09-26,0.011,,,,wind:wind_get_stock_events
002606.SZ,002606.SZ_20260529_1,2026-05-29,2026-05-28,2026-05-29,0.038,,,,wind:wind_get_stock_events
002606.SZ,002606.SZ_20260915_1,2026-09-15,2026-09-14,2026-09-15,0.036,,,,wind:wind_get_stock_events
002608.SZ,002608.SZ_20210630_1,2021-06-30,2021-06-29,2021-06-30,0.2,,,,wind:wind_get_stock_events
002608.SZ,002608.SZ_20230713_1,2023-07-13,2023-07-12,2023-07-13,0.1,,,,wind:wind_get_stock_events
002608.SZ,002608.SZ_20240705_1,2024-07-05,2024-07-04,2024-07-05,0.1,,,,wind:wind_get_stock_events
002608.SZ,002608.SZ_20250718_1,2025-07-18,2025-07-17,2025-07-18,0.1,,,,wind:wind_get_stock_events
002608.SZ,002608.SZ_20260714_1,2026-07-14,2026-07-13,2026-07-14,0.13,,,,wind:wind_get_stock_events
002612.SZ,002612.SZ_20160512_1,2016-05-12,2016-05-11,2016-05-12,0.2,,1,2016-05-12,wind:wind_get_stock_events
002612.SZ,002612.SZ_20170525_1,2017-05-25,2017-05-24,2017-05-25,0.05,,,,wind:wind_get_stock_events
002612.SZ,002612.SZ_20180510_1,2018-05-10,2018-05-09,2018-05-10,0.15,,,,wind:wind_get_stock_events
002612.SZ,002612.SZ_20181018_1,2018-10-18,2018-10-17,2018-10-18,0.1,,,,wind:wind_get_stock_events
002612.SZ,002612.SZ_20190508_1,2019-05-08,2019-05-07,2019-05-08,0.15,,,,wind:wind_get_stock_events
002612.SZ,002612.SZ_20190923_1,2019-09-23,2019-09-20,2019-09-23,0.2,,,,wind:wind_get_stock_events
002612.SZ,002612.SZ_20200521_1,2020-05-21,2020-05-20,2020-05-21,0.12,,,,wind:wind_get_stock_events
002612.SZ,002612.SZ_20210716_1,2021-07-16,2021-07-15,2021-07-16,0.3,,,,wind:wind_get_stock_events
002612.SZ,002612.SZ_20220610_1,2022-06-10,2022-06-09,2022-06-10,0.07,,,,wind:wind_get_stock_events
002612.SZ,002612.SZ_20240531_1,2024-05-31,2024-05-30,2024-05-31,0.45,,,,wind:wind_get_stock_events
002612.SZ,002612.SZ_20250522_1,2025-05-22,2025-05-21,2025-05-22,0.4,,,,wind:wind_get_stock_events
002612.SZ,002612.SZ_20260526_1,2026-05-26,2026-05-25,2026-05-26,1.2,,,,wind:wind_get_stock_events
002614.SZ,002614.SZ_20150528_1,2015-05-28,2015-05-27,2015-05-28,0.1,,0.5,2015-05-28,wind:wind_get_stock_events
002614.SZ,002614.SZ_20160531_1,2016-05-31,2016-05-30,2016-05-31,0.1,,,,wind:wind_get_stock_events
002614.SZ,002614.SZ_20170605_1,2017-06-05,2017-06-02,2017-06-05,0.1,,,,wind:wind_get_stock_events
002614.SZ,002614.SZ_20180604_1,2018-06-04,2018-06-01,2018-06-04,0.1,,,,wind:wind_get_stock_events
002614.SZ,002614.SZ_20190530_1,2019-05-30,2019-05-29,2019-05-30,0.1,,,,wind:wind_get_stock_events
002614.SZ,002614.SZ_20200529_1,2020-05-29,2020-05-28,2020-05-29,0.2,,,,wind:wind_get_stock_events
002614.SZ,002614.SZ_20210430_1,2021-04-30,2021-04-29,2021-04-30,0.3,,,,wind:wind_get_stock_events
002614.SZ,002614.SZ_20220531_1,2022-05-31,2022-05-30,2022-05-31,0.3,,,,wind:wind_get_stock_events
002614.SZ,002614.SZ_20230529_1,2023-05-29,2023-05-26,2023-05-29,0.3,,,,wind:wind_get_stock_events
002614.SZ,002614.SZ_20240529_1,2024-05-29,2024-05-28,2024-05-29,0.3,,,,wind:wind_get_stock_events
002614.SZ,002614.SZ_20250529_1,2025-05-29,2025-05-28,2025-05-29,0.1,,,,wind:wind_get_stock_events
002614.SZ,002614.SZ_20260529_1,2026-05-29,2026-05-28,2026-05-29,0.1,,,,wind:wind_get_stock_events
002617.SZ,002617.SZ_20150928_1,2015-09-28,2015-09-25,2015-09-28,0.01,,1,2015-09-28,wind:wind_get_stock_events
002617.SZ,002617.SZ_20160527_1,2016-05-27,2016-05-26,2016-05-27,0.04,,0.7,2016-05-27,wind:wind_get_stock_events
002617.SZ,002617.SZ_20170505_1,2017-05-05,2017-05-04,2017-05-05,0.03,,,,wind:wind_get_stock_events
002617.SZ,002617.SZ_20180525_1,2018-05-25,2018-05-24,2018-05-25,0.02,,0.5,2018-05-25,wind:wind_get_stock_events
002622.SZ,002622.SZ_20150323_1,2015-03-23,2015-03-20,2015-03-23,1,,1.8,2015-03-23,wind:wind_get_stock_events
002622.SZ,002622.SZ_20160519_1,2016-05-19,2016-05-18,,,,1,2016-05-19,wind:wind_get_stock_events
002623.SZ,002623.SZ_20150616_1,2015-06-16,2015-06-15,2015-06-16,0.03,,,,wind:wind_get_stock_events
002623.SZ,002623.SZ_20160621_1,2016-06-21,2016-06-20,2016-06-21,0.04,,,,wind:wind_get_stock_events
002623.SZ,002623.SZ_20170620_1,2017-06-20,2017-06-19,2017-06-20,0.013,,,,wind:wind_get_stock_events
002623.SZ,002623.SZ_20220517_1,2022-05-17,2022-05-16,2022-05-17,0.06,,,,wind:wind_get_stock_events
002623.SZ,002623.SZ_20230530_1,2023-05-30,2023-05-29,2023-05-30,0.2,,,,wind:wind_get_stock_events
002623.SZ,002623.SZ_20240528_1,2024-05-28,2024-05-27,2024-05-28,0.5,,,,wind:wind_get_stock_events
002623.SZ,002623.SZ_20250528_1,2025-05-28,2025-05-27,2025-05-28,0.5,,,,wind:wind_get_stock_events
002623.SZ,002623.SZ_20260604_1,2026-06-04,2026-06-03,2026-06-04,0.4,,,,wind:wind_get_stock_events
002624.SZ,002624.SZ_20150618_1,2015-06-18,2015-06-17,2015-06-18,0.04,,,,wind:wind_get_stock_events
002624.SZ,002624.SZ_20160527_1,2016-05-27,2016-05-26,2016-05-27,0.0266,,,,wind:wind_get_stock_events
002624.SZ,002624.SZ_20170427_1,2017-04-27,2017-04-26,2017-04-27,0.0888,,,,wind:wind_get_stock_events
002624.SZ,002624.SZ_20180502_1,2018-05-02,2018-04-27,2018-05-02,0.17,,,,wind:wind_get_stock_events
002624.SZ,002624.SZ_20190611_1,2019-06-11,2019-06-10,2019-06-11,0.18,,,,wind:wind_get_stock_events
002624.SZ,002624.SZ_20200721_1,2020-07-21,2020-07-20,2020-07-21,0.24,,0.5,2020-07-21,wind:wind_get_stock_events
002624.SZ,002624.SZ_20210526_1,2021-05-26,2021-05-25,2021-05-26,0.16,,,,wind:wind_get_stock_events
002624.SZ,002624.SZ_20220526_1,2022-05-26,2022-05-25,2022-05-26,1.2,,,,wind:wind_get_stock_events
002624.SZ,002624.SZ_20230512_1,2023-05-12,2023-05-11,2023-05-12,0.35,,,,wind:wind_get_stock_events
002624.SZ,002624.SZ_20240605_1,2024-06-05,2024-06-04,2024-06-05,0.46,,,,wind:wind_get_stock_events
002624.SZ,002624.SZ_20250609_1,2025-06-09,2025-06-06,2025-06-09,0.23,,,,wind:wind_get_stock_events
002624.SZ,002624.SZ_20260604_1,2026-06-04,2026-06-03,2026-06-04,0.33,,,,wind:wind_get_stock_events
002625.SZ,002625.SZ_20150326_1,2015-03-26,2015-03-25,,,,0.7001,2015-03-26,wind:wind_get_stock_events
002625.SZ,002625.SZ_20160713_1,2016-07-13,2016-07-12,2016-07-13,0.02,,,,wind:wind_get_stock_events
002625.SZ,002625.SZ_20180606_1,2018-06-06,2018-06-05,2018-06-06,0.011,,0.7,2018-06-06,wind:wind_get_stock_events
002625.SZ,002625.SZ_20221223_1,2022-12-23,2022-12-22,2022-12-23,0.135,,,,wind:wind_get_stock_events
002625.SZ,002625.SZ_20241017_1,2024-10-17,2024-10-16,2024-10-17,0.233,,,,wind:wind_get_stock_events
002625.SZ,002625.SZ_20260630_1,2026-06-30,2026-06-29,2026-06-30,0.035,,,,wind:wind_get_stock_events
002626.SZ,002626.SZ_20150609_1,2015-06-09,2015-06-08,2015-06-09,0.3,,1,2015-06-09,wind:wind_get_stock_events
002626.SZ,002626.SZ_20160613_1,2016-06-13,2016-06-08,2016-06-13,0.05,,,,wind:wind_get_stock_events
002626.SZ,002626.SZ_20170612_1,2017-06-12,2017-06-09,2017-06-12,0.2,,,,wind:wind_get_stock_events
002626.SZ,002626.SZ_20180511_1,2018-05-11,2018-05-10,2018-05-11,0.4,,,,wind:wind_get_stock_events
002626.SZ,002626.SZ_20190528_1,2019-05-28,2019-05-27,2019-05-28,0.8,,,,wind:wind_get_stock_events
002626.SZ,002626.SZ_20200529_1,2020-05-29,2020-05-28,2020-05-29,0.6,,,,wind:wind_get_stock_events
002626.SZ,002626.SZ_20210618_1,2021-06-18,2021-06-17,2021-06-18,0.6,,,,wind:wind_get_stock_events
002626.SZ,002626.SZ_20220617_1,2022-06-17,2022-06-16,2022-06-17,0.6,,,,wind:wind_get_stock_events
002626.SZ,002626.SZ_20230526_1,2023-05-26,2023-05-25,2023-05-26,0.2,,,,wind:wind_get_stock_events
002626.SZ,002626.SZ_20240606_1,2024-06-06,2024-06-05,2024-06-06,0.2,,,,wind:wind_get_stock_events
002626.SZ,002626.SZ_20250620_1,2025-06-20,2025-06-19,2025-06-20,0.4,,,,wind:wind_get_stock_events
002626.SZ,002626.SZ_20260610_1,2026-06-10,2026-06-09,2026-06-10,0.4,,,,wind:wind_get_stock_events
002627.SZ,002627.SZ_20150624_1,2015-06-24,2015-06-23,2015-06-24,0.2,,,,wind:wind_get_stock_events
002627.SZ,002627.SZ_20160706_1,2016-07-06,2016-07-05,2016-07-06,0.15,,,,wind:wind_get_stock_events
002627.SZ,002627.SZ_20170606_1,2017-06-06,2017-06-05,2017-06-06,0.15,,,,wind:wind_get_stock_events
002627.SZ,002627.SZ_20180705_1,2018-07-05,2018-07-04,2018-07-05,0.15,,0.7,2018-07-05,wind:wind_get_stock_events
002627.SZ,002627.SZ_20190606_1,2019-06-06,2019-06-05,2019-06-06,0.15,,,,wind:wind_get_stock_events
002627.SZ,002627.SZ_20200619_1,2020-06-19,2020-06-18,2020-06-19,0.1,,0.7,2020-06-19,wind:wind_get_stock_events
002627.SZ,002627.SZ_20210603_1,2021-06-03,2021-06-02,2021-06-03,0.05,,,,wind:wind_get_stock_events
002627.SZ,002627.SZ_20220711_1,2022-07-11,2022-07-08,2022-07-11,0.1,,,,wind:wind_get_stock_events
002627.SZ,002627.SZ_20240614_1,2024-06-14,2024-06-13,2024-06-14,0.1,,,,wind:wind_get_stock_events
002627.SZ,002627.SZ_20250627_1,2025-06-27,2025-06-26,2025-06-27,0.1,,,,wind:wind_get_stock_events
002627.SZ,002627.SZ_20260618_1,2026-06-18,2026-06-17,2026-06-18,0.05,,,,wind:wind_get_stock_events
002628.SZ,002628.SZ_20150615_1,2015-06-15,2015-06-12,2015-06-15,0.05,,,,wind:wind_get_stock_events
002628.SZ,002628.SZ_20160811_1,2016-08-11,2016-08-10,2016-08-11,0.015,,,,wind:wind_get_stock_events
002628.SZ,002628.SZ_20170613_1,2017-06-13,2017-06-12,2017-06-13,0.05,,,,wind:wind_get_stock_events
002628.SZ,002628.SZ_20200527_1,2020-05-27,2020-05-26,2020-05-27,0.012,,,,wind:wind_get_stock_events
002628.SZ,002628.SZ_20230720_1,2023-07-20,2023-07-19,2023-07-20,0.023,,,,wind:wind_get_stock_events
002629.SZ,002629.SZ_20150604_1,2015-06-04,2015-06-03,2015-06-04,0.02,,0.5,2015-06-04,wind:wind_get_stock_events
002630.SZ,002630.SZ_20150708_1,2015-07-08,2015-07-07,2015-07-08,0.1,,1,2015-07-08,wind:wind_get_stock_events
002630.SZ,002630.SZ_20160623_1,2016-06-23,2016-06-22,2016-06-23,0.035,,,,wind:wind_get_stock_events
002630.SZ,002630.SZ_20170623_1,2017-06-23,2017-06-22,2017-06-23,0.03,,,,wind:wind_get_stock_events
002630.SZ,002630.SZ_20180518_1,2018-05-18,2018-05-17,2018-05-18,0.03,,0.6,2018-05-18,wind:wind_get_stock_events
002631.SZ,002631.SZ_20150428_1,2015-04-28,2015-04-27,2015-04-28,0.05,,1,2015-04-28,wind:wind_get_stock_events
002631.SZ,002631.SZ_20160621_1,2016-06-21,2016-06-20,2016-06-21,0.025,,,,wind:wind_get_stock_events
002631.SZ,002631.SZ_20170522_1,2017-05-22,2017-05-19,2017-05-22,0.03,,,,wind:wind_get_stock_events
002631.SZ,002631.SZ_20180521_1,2018-05-21,2018-05-18,2018-05-21,0.02,,,,wind:wind_get_stock_events
002631.SZ,002631.SZ_20190527_1,2019-05-27,2019-05-24,2019-05-27,0.06,,,,wind:wind_get_stock_events
002631.SZ,002631.SZ_20200601_1,2020-06-01,2020-05-29,2020-06-01,0.06,,,,wind:wind_get_stock_events
002631.SZ,002631.SZ_20210524_1,2021-05-24,2021-05-21,2021-05-24,0.03,,,,wind:wind_get_stock_events
002631.SZ,002631.SZ_20220617_1,2022-06-17,2022-06-16,2022-06-17,0.03,,,,wind:wind_get_stock_events
002631.SZ,002631.SZ_20230620_1,2023-06-20,2023-06-19,2023-06-20,0.03,,,,wind:wind_get_stock_events
002631.SZ,002631.SZ_20240528_1,2024-05-28,2024-05-27,2024-05-28,0.03,,,,wind:wind_get_stock_events
002632.SZ,002632.SZ_20150417_1,2015-04-17,2015-04-16,2015-04-17,0.05,,1,2015-04-17,wind:wind_get_stock_events
002632.SZ,002632.SZ_20160527_1,2016-05-27,2016-05-26,2016-05-27,0.05,,1,2016-05-27,wind:wind_get_stock_events
002632.SZ,002632.SZ_20170511_1,2017-05-11,2017-05-10,2017-05-11,0.03,,,,wind:wind_get_stock_events
002632.SZ,002632.SZ_20180604_1,2018-06-04,2018-06-01,2018-06-04,0.05,,,,wind:wind_get_stock_events
002632.SZ,002632.SZ_20190613_1,2019-06-13,2019-06-12,2019-06-13,0.35,,,,wind:wind_get_stock_events
002632.SZ,002632.SZ_20200617_1,2020-06-17,2020-06-16,2020-06-17,0.03,,,,wind:wind_get_stock_events
002632.SZ,002632.SZ_20200928_1,2020-09-28,2020-09-25,2020-09-28,0.13,,,,wind:wind_get_stock_events
002632.SZ,002632.SZ_20220527_1,2022-05-27,2022-05-26,2022-05-27,0.05,,,,wind:wind_get_stock_events
002632.SZ,002632.SZ_20230525_1,2023-05-25,2023-05-24,2023-05-25,0.45,,,,wind:wind_get_stock_events
002632.SZ,002632.SZ_20240530_1,2024-05-30,2024-05-29,2024-05-30,0.3,,,,wind:wind_get_stock_events
002632.SZ,002632.SZ_20240919_1,2024-09-19,2024-09-18,2024-09-19,0.13,,,,wind:wind_get_stock_events
002632.SZ,002632.SZ_20250522_1,2025-05-22,2025-05-21,2025-05-22,0.13,,,,wind:wind_get_stock_events
002632.SZ,002632.SZ_20250915_1,2025-09-15,2025-09-12,2025-09-15,0.13,,,,wind:wind_get_stock_events
002632.SZ,002632.SZ_20260511_1,2026-05-11,2026-05-08,2026-05-11,0.17,,,,wind:wind_get_stock_events
002635.SZ,002635.SZ_20150424_1,2015-04-24,2015-04-23,2015-04-24,0.23,,1,2015-04-24,wind:wind_get_stock_events
002635.SZ,002635.SZ_20160503_1,2016-05-03,2016-04-29,2016-05-03,0.3,,,,wind:wind_get_stock_events
002635.SZ,002635.SZ_20170519_1,2017-05-19,2017-05-18,2017-05-19,0.3,,0.5,2017-05-19,wind:wind_get_stock_events
002635.SZ,002635.SZ_20180615_1,2018-06-15,2018-06-14,2018-06-15,0.1,,,,wind:wind_get_stock_events
002635.SZ,002635.SZ_20190604_1,2019-06-04,2019-06-03,2019-06-04,0.1,,,,wind:wind_get_stock_events
002635.SZ,002635.SZ_20210531_1,2021-05-31,2021-05-28,2021-05-31,0.2,,,,wind:wind_get_stock_events
002635.SZ,002635.SZ_20220517_1,2022-05-17,2022-05-16,2022-05-17,0.2,,,,wind:wind_get_stock_events
002635.SZ,002635.SZ_20230620_1,2023-06-20,2023-06-19,2023-06-20,0.2,,,,wind:wind_get_stock_events
002635.SZ,002635.SZ_20240611_1,2024-06-11,2024-06-07,2024-06-11,0.3,,,,wind:wind_get_stock_events
002635.SZ,002635.SZ_20250513_1,2025-05-13,2025-05-12,2025-05-13,0.2,,,,wind:wind_get_stock_events
002635.SZ,002635.SZ_20260512_1,2026-05-12,2026-05-11,2026-05-12,0.15,,,,wind:wind_get_stock_events
002637.SZ,002637.SZ_20150430_1,2015-04-30,2015-04-29,2015-04-30,0.1,,,,wind:wind_get_stock_events
002637.SZ,002637.SZ_20160505_1,2016-05-05,2016-05-04,2016-05-05,0.1,,1,2016-05-05,wind:wind_get_stock_events
002637.SZ,002637.SZ_20170613_1,2017-06-13,2017-06-12,2017-06-13,0.15,,,,wind:wind_get_stock_events
002637.SZ,002637.SZ_20180530_1,2018-05-30,2018-05-29,2018-05-30,0.2,,,,wind:wind_get_stock_events
002637.SZ,002637.SZ_20190704_1,2019-07-04,2019-07-03,2019-07-04,0.1,,,,wind:wind_get_stock_events
002637.SZ,002637.SZ_20200604_1,2020-06-04,2020-06-03,2020-06-04,0.1,,,,wind:wind_get_stock_events
002637.SZ,002637.SZ_20210519_1,2021-05-19,2021-05-18,2021-05-19,0.15,,,,wind:wind_get_stock_events
002637.SZ,002637.SZ_20220620_1,2022-06-20,2022-06-17,2022-06-20,0.2,,,,wind:wind_get_stock_events
002637.SZ,002637.SZ_20230606_1,2023-06-06,2023-06-05,2023-06-06,0.1,,,,wind:wind_get_stock_events
002637.SZ,002637.SZ_20240618_1,2024-06-18,2024-06-17,2024-06-18,0.1,,,,wind:wind_get_stock_events
002637.SZ,002637.SZ_20250618_1,2025-06-18,2025-06-17,2025-06-18,0.12,,,,wind:wind_get_stock_events
002637.SZ,002637.SZ_20260703_1,2026-07-03,2026-07-02,2026-07-03,0.12,,,,wind:wind_get_stock_events
002638.SZ,002638.SZ_20151106_1,2015-11-06,2015-11-05,2015-11-06,0.01,,,,wind:wind_get_stock_events
002638.SZ,002638.SZ_20160704_1,2016-07-04,2016-07-01,,,,1.5,2016-07-04,wind:wind_get_stock_events
002639.SZ,002639.SZ_20150529_1,2015-05-29,2015-05-28,2015-05-29,0.02,,,,wind:wind_get_stock_events
002639.SZ,002639.SZ_20151008_1,2015-10-08,2015-09-30,,,,2,2015-10-08,wind:wind_get_stock_events
002639.SZ,002639.SZ_20160526_1,2016-05-26,2016-05-25,2016-05-26,0.0085,,,,wind:wind_get_stock_events
002639.SZ,002639.SZ_20170711_1,2017-07-11,2017-07-10,2017-07-11,0.0148,,,,wind:wind_get_stock_events
002639.SZ,002639.SZ_20190712_1,2019-07-12,2019-07-11,2019-07-12,0.0069,,,,wind:wind_get_stock_events
002643.SZ,002643.SZ_20150518_1,2015-05-18,2015-05-15,2015-05-18,0.18,,,,wind:wind_get_stock_events
002643.SZ,002643.SZ_20160420_1,2016-04-20,2016-04-19,2016-04-20,0.3,,,,wind:wind_get_stock_events
002643.SZ,002643.SZ_20170515_1,2017-05-15,2017-05-12,2017-05-15,0.35,,1.5,2017-05-15,wind:wind_get_stock_events
002643.SZ,002643.SZ_20180605_1,2018-06-05,2018-06-04,2018-06-05,0.153,,,,wind:wind_get_stock_events
002643.SZ,002643.SZ_20190620_1,2019-06-20,2019-06-19,2019-06-20,0.176,,,,wind:wind_get_stock_events
002643.SZ,002643.SZ_20200618_1,2020-06-18,2020-06-17,2020-06-18,0.204,,,,wind:wind_get_stock_events
002643.SZ,002643.SZ_20210609_1,2021-06-09,2021-06-08,2021-06-09,0.205,,,,wind:wind_get_stock_events
002643.SZ,002643.SZ_20220606_1,2022-06-06,2022-06-02,2022-06-06,0.255,,,,wind:wind_get_stock_events
002643.SZ,002643.SZ_20230609_1,2023-06-09,2023-06-08,2023-06-09,0.295,,,,wind:wind_get_stock_events
002643.SZ,002643.SZ_20240606_1,2024-06-06,2024-06-05,2024-06-06,0.3,,,,wind:wind_get_stock_events
002643.SZ,002643.SZ_20250606_1,2025-06-06,2025-06-05,2025-06-06,0.1,,,,wind:wind_get_stock_events
002643.SZ,002643.SZ_20260611_1,2026-06-11,2026-06-10,2026-06-11,0.125,,,,wind:wind_get_stock_events
002645.SZ,002645.SZ_20150518_1,2015-05-18,2015-05-15,2015-05-18,0.015,,,,wind:wind_get_stock_events
002645.SZ,002645.SZ_20170607_1,2017-06-07,2017-06-06,2017-06-07,0.025,,,,wind:wind_get_stock_events
002645.SZ,002645.SZ_20180620_1,2018-06-20,2018-06-19,2018-06-20,0.08,,0.7,2018-06-20,wind:wind_get_stock_events
002645.SZ,002645.SZ_20190612_1,2019-06-12,2019-06-11,2019-06-12,0.12,,0.3,2019-06-12,wind:wind_get_stock_events
002645.SZ,002645.SZ_20200609_1,2020-06-09,2020-06-08,2020-06-09,0.06,,,,wind:wind_get_stock_events
002645.SZ,002645.SZ_20210616_1,2021-06-16,2021-06-15,2021-06-16,0.08,,,,wind:wind_get_stock_events
002645.SZ,002645.SZ_20220613_1,2022-06-13,2022-06-10,2022-06-13,0.1,,,,wind:wind_get_stock_events
002645.SZ,002645.SZ_20230601_1,2023-06-01,2023-05-31,2023-06-01,0.2,,,,wind:wind_get_stock_events
002645.SZ,002645.SZ_20260605_1,2026-06-05,2026-06-04,2026-06-05,0.1,,0.2,2026-06-05,wind:wind_get_stock_events
002646.SZ,002646.SZ_20150714_1,2015-07-14,2015-07-13,2015-07-14,0.25,,,,wind:wind_get_stock_events
002646.SZ,002646.SZ_20160715_1,2016-07-15,2016-07-14,2016-07-15,0.18,,,,wind:wind_get_stock_events
002646.SZ,002646.SZ_20170615_1,2017-06-15,2017-06-14,2017-06-15,0.17,,,,wind:wind_get_stock_events
002646.SZ,002646.SZ_20180710_1,2018-07-10,2018-07-09,2018-07-10,0.07,,,,wind:wind_get_stock_events
002646.SZ,002646.SZ_20190605_1,2019-06-05,2019-06-04,2019-06-05,0.12,,,,wind:wind_get_stock_events
002646.SZ,002646.SZ_20200702_1,2020-07-02,2020-07-01,2020-07-02,0.03,,,,wind:wind_get_stock_events
002646.SZ,002646.SZ_20220624_1,2022-06-24,2022-06-23,2022-06-24,0.05,,,,wind:wind_get_stock_events
002646.SZ,002646.SZ_20230712_1,2023-07-12,2023-07-11,2023-07-12,0.06,,,,wind:wind_get_stock_events
002646.SZ,002646.SZ_20240625_1,2024-06-25,2024-06-24,2024-06-25,0.13,,,,wind:wind_get_stock_events
002646.SZ,002646.SZ_20240913_1,2024-09-13,2024-09-12,2024-09-13,0.033,,,,wind:wind_get_stock_events
002646.SZ,002646.SZ_20250710_1,2025-07-10,2025-07-09,2025-07-10,0.011,,,,wind:wind_get_stock_events
002646.SZ,002646.SZ_20260707_1,2026-07-07,2026-07-06,2026-07-07,0.005,,,,wind:wind_get_stock_events
002648.SZ,002648.SZ_20170414_1,2017-04-14,2017-04-13,2017-04-14,0.116,,,,wind:wind_get_stock_events
002648.SZ,002648.SZ_20180418_1,2018-04-18,2018-04-17,2018-04-18,0.088,,,,wind:wind_get_stock_events
002648.SZ,002648.SZ_20190429_1,2019-04-29,2019-04-26,2019-04-29,0.09,,,,wind:wind_get_stock_events
002648.SZ,002648.SZ_20200518_1,2020-05-18,2020-05-15,2020-05-18,0.18,,,,wind:wind_get_stock_events
002648.SZ,002648.SZ_20210603_1,2021-06-03,2021-06-02,2021-06-03,0.17,,0.4,2021-06-03,wind:wind_get_stock_events
002648.SZ,002648.SZ_20220606_1,2022-06-06,2022-06-02,2022-06-06,0.3493,,0.3992,2022-06-06,wind:wind_get_stock_events
002648.SZ,002648.SZ_20221013_1,2022-10-13,2022-10-12,2022-10-13,0.4,,0.4,2022-10-13,wind:wind_get_stock_events
002648.SZ,002648.SZ_20240514_1,2024-05-14,2024-05-13,2024-05-14,0.4,,,,wind:wind_get_stock_events
002648.SZ,002648.SZ_20250609_1,2025-06-09,2025-06-06,2025-06-09,0.5,,,,wind:wind_get_stock_events
002648.SZ,002648.SZ_20260612_1,2026-06-12,2026-06-11,2026-06-12,0.5,,,,wind:wind_get_stock_events
002649.SZ,002649.SZ_20150515_1,2015-05-15,2015-05-14,2015-05-15,0.3101,,,,wind:wind_get_stock_events
002649.SZ,002649.SZ_20160531_1,2016-05-31,2016-05-30,2016-05-31,0.2209,,,,wind:wind_get_stock_events
002649.SZ,002649.SZ_20170605_1,2017-06-05,2017-06-02,2017-06-05,0.17,,2,2017-06-05,wind:wind_get_stock_events
002649.SZ,002649.SZ_20180607_1,2018-06-07,2018-06-06,2018-06-07,0.0831,,,,wind:wind_get_stock_events
002649.SZ,002649.SZ_20190506_1,2019-05-06,2019-04-30,2019-05-06,0.086,,,,wind:wind_get_stock_events
002649.SZ,002649.SZ_20200618_1,2020-06-18,2020-06-17,2020-06-18,0.094,,,,wind:wind_get_stock_events
002649.SZ,002649.SZ_20210422_1,2021-04-22,2021-04-21,2021-04-22,0.218,,,,wind:wind_get_stock_events
002649.SZ,002649.SZ_20220513_1,2022-05-13,2022-05-12,2022-05-13,0.31,,,,wind:wind_get_stock_events
002649.SZ,002649.SZ_20230526_1,2023-05-26,2023-05-25,2023-05-26,0.205,,,,wind:wind_get_stock_events
002649.SZ,002649.SZ_20240716_1,2024-07-16,2024-07-15,2024-07-16,0.026,,,,wind:wind_get_stock_events
002649.SZ,002649.SZ_20250529_1,2025-05-29,2025-05-28,2025-05-29,0.171,,,,wind:wind_get_stock_events
002649.SZ,002649.SZ_20260624_1,2026-06-24,2026-06-23,2026-06-24,0.13,,,,wind:wind_get_stock_events
002652.SZ,002652.SZ_20150414_1,2015-04-14,2015-04-13,2015-04-14,0.05,0.2,0.8,2015-04-14,wind:wind_get_stock_events
002652.SZ,002652.SZ_20160413_1,2016-04-13,2016-04-12,2016-04-13,0.05,,,,wind:wind_get_stock_events
002652.SZ,002652.SZ_20170511_1,2017-05-11,2017-05-10,2017-05-11,0.1,0.4,0.2,2017-05-11,wind:wind_get_stock_events
002652.SZ,002652.SZ_20180607_1,2018-06-07,2018-06-06,2018-06-07,0.05,,,,wind:wind_get_stock_events
002653.SZ,002653.SZ_20150527_1,2015-05-27,2015-05-26,2015-05-27,0.2,,,,wind:wind_get_stock_events
002653.SZ,002653.SZ_20160426_1,2016-04-26,2016-04-25,2016-04-26,0.25,,,,wind:wind_get_stock_events
002653.SZ,002653.SZ_20170609_1,2017-06-09,2017-06-08,2017-06-09,0.46,,,,wind:wind_get_stock_events
002653.SZ,002653.SZ_20180702_1,2018-07-02,2018-06-29,2018-07-02,0.28,,,,wind:wind_get_stock_events
002653.SZ,002653.SZ_20190515_1,2019-05-15,2019-05-14,2019-05-15,0.19,,,,wind:wind_get_stock_events
002653.SZ,002653.SZ_20200703_1,2020-07-03,2020-07-02,2020-07-03,0.0919,,,,wind:wind_get_stock_events
002653.SZ,002653.SZ_20210428_1,2021-04-28,2021-04-27,2021-04-28,0.372,,,,wind:wind_get_stock_events
002653.SZ,002653.SZ_20220705_1,2022-07-05,2022-07-04,2022-07-05,0.1852,,,,wind:wind_get_stock_events
002653.SZ,002653.SZ_20240524_1,2024-05-24,2024-05-23,2024-05-24,0.2,,,,wind:wind_get_stock_events
002653.SZ,002653.SZ_20240918_1,2024-09-18,2024-09-13,2024-09-18,0.145,,,,wind:wind_get_stock_events
002653.SZ,002653.SZ_20250124_1,2025-01-24,2025-01-23,2025-01-24,0.135,,,,wind:wind_get_stock_events
002653.SZ,002653.SZ_20250515_1,2025-05-15,2025-05-14,2025-05-15,0.135,,,,wind:wind_get_stock_events
002653.SZ,002653.SZ_20260515_1,2026-05-15,2026-05-14,2026-05-15,0.267,,,,wind:wind_get_stock_events
002653.SZ,002653.SZ_20260904_1,2026-09-04,2026-09-03,2026-09-04,0.526,,,,wind:wind_get_stock_events
002654.SZ,002654.SZ_20150327_1,2015-03-27,2015-03-26,2015-03-27,0.05,,,,wind:wind_get_stock_events
002654.SZ,002654.SZ_20160301_1,2016-03-01,2016-02-29,2016-03-01,0.05,,2,2016-03-01,wind:wind_get_stock_events
002654.SZ,002654.SZ_20170519_1,2017-05-19,2017-05-18,2017-05-19,0.04,,,,wind:wind_get_stock_events
002654.SZ,002654.SZ_20180529_1,2018-05-29,2018-05-28,2018-05-29,0.05,,,,wind:wind_get_stock_events
002654.SZ,002654.SZ_20260709_1,2026-07-09,2026-07-08,2026-07-09,0.018,,,,wind:wind_get_stock_events
002655.SZ,002655.SZ_20150702_1,2015-07-02,2015-07-01,2015-07-02,0.014,,,,wind:wind_get_stock_events
002655.SZ,002655.SZ_20160513_1,2016-05-13,2016-05-12,2016-05-13,0.011,,,,wind:wind_get_stock_events
002655.SZ,002655.SZ_20170516_1,2017-05-16,2017-05-15,2017-05-16,0.011,,,,wind:wind_get_stock_events
002655.SZ,002655.SZ_20230711_1,2023-07-11,2023-07-10,2023-07-11,0.04,,,,wind:wind_get_stock_events
002655.SZ,002655.SZ_20240529_1,2024-05-29,2024-05-28,2024-05-29,0.03,,,,wind:wind_get_stock_events
002655.SZ,002655.SZ_20250530_1,2025-05-30,2025-05-29,2025-05-30,0.03,,,,wind:wind_get_stock_events
002655.SZ,002655.SZ_20260529_1,2026-05-29,2026-05-28,2026-05-29,0.03,,,,wind:wind_get_stock_events
002657.SZ,002657.SZ_20150320_1,2015-03-20,2015-03-19,2015-03-20,0.06,,1,2015-03-20,wind:wind_get_stock_events
002657.SZ,002657.SZ_20160627_1,2016-06-27,2016-06-24,2016-06-27,0.04,,,,wind:wind_get_stock_events
002657.SZ,002657.SZ_20170710_1,2017-07-10,2017-07-07,2017-07-10,0.05,,,,wind:wind_get_stock_events
002657.SZ,002657.SZ_20190708_1,2019-07-08,2019-07-05,2019-07-08,0.005,,,,wind:wind_get_stock_events
002657.SZ,002657.SZ_20210712_1,2021-07-12,2021-07-09,2021-07-12,0.0032,,,,wind:wind_get_stock_events
002658.SZ,002658.SZ_20150417_1,2015-04-17,2015-04-16,2015-04-17,0.15,,1.2,2015-04-17,wind:wind_get_stock_events
002658.SZ,002658.SZ_20160412_1,2016-04-12,2016-04-11,2016-04-12,0.088,,,,wind:wind_get_stock_events
002658.SZ,002658.SZ_20170425_1,2017-04-25,2017-04-24,2017-04-25,0.066,,,,wind:wind_get_stock_events
002658.SZ,002658.SZ_20180427_1,2018-04-27,2018-04-26,2018-04-27,0.072,,,,wind:wind_get_stock_events
002658.SZ,002658.SZ_20190523_1,2019-05-23,2019-05-22,2019-05-23,0.1,,,,wind:wind_get_stock_events
002658.SZ,002658.SZ_20200519_1,2020-05-19,2020-05-18,2020-05-19,0.106,,,,wind:wind_get_stock_events
002658.SZ,002658.SZ_20210517_1,2021-05-17,2021-05-14,2021-05-17,0.12,,,,wind:wind_get_stock_events
002658.SZ,002658.SZ_20211019_1,2021-10-19,2021-10-18,2021-10-19,0.15,,,,wind:wind_get_stock_events
002658.SZ,002658.SZ_20220510_1,2022-05-10,2022-05-09,2022-05-10,0.3,,,,wind:wind_get_stock_events
002658.SZ,002658.SZ_20230512_1,2023-05-12,2023-05-11,2023-05-12,0.39,,,,wind:wind_get_stock_events
002658.SZ,002658.SZ_20240522_1,2024-05-22,2024-05-21,2024-05-22,0.3,,,,wind:wind_get_stock_events
002658.SZ,002658.SZ_20250430_1,2025-04-30,2025-04-29,2025-04-30,0.25,,,,wind:wind_get_stock_events
002658.SZ,002658.SZ_20260515_1,2026-05-15,2026-05-14,2026-05-15,0.2,,,,wind:wind_get_stock_events
002659.SZ,002659.SZ_20150612_1,2015-06-12,2015-06-11,2015-06-12,0.004,,,,wind:wind_get_stock_events
002662.SZ,002662.SZ_20150615_1,2015-06-15,2015-06-12,2015-06-15,0.3,,,,wind:wind_get_stock_events
002662.SZ,002662.SZ_20160517_1,2016-05-17,2016-05-16,2016-05-17,0.3,,,,wind:wind_get_stock_events
002662.SZ,002662.SZ_20170419_1,2017-04-19,2017-04-18,2017-04-19,0.35,,1,2017-04-19,wind:wind_get_stock_events
002662.SZ,002662.SZ_20180615_1,2018-06-15,2018-06-14,2018-06-15,0.064,,,,wind:wind_get_stock_events
002662.SZ,002662.SZ_20190712_1,2019-07-12,2019-07-11,2019-07-12,0.02,,,,wind:wind_get_stock_events
002662.SZ,002662.SZ_20230428_1,2023-04-28,2023-04-27,2023-04-28,0.07,,,,wind:wind_get_stock_events
002662.SZ,002662.SZ_20240429_1,2024-04-29,2024-04-26,2024-04-29,0.1,,,,wind:wind_get_stock_events
002662.SZ,002662.SZ_20250516_1,2025-05-16,2025-05-15,2025-05-16,0.072,,,,wind:wind_get_stock_events
002662.SZ,002662.SZ_20260615_1,2026-06-15,2026-06-12,2026-06-15,0.05,,,,wind:wind_get_stock_events
002663.SZ,002663.SZ_20150601_1,2015-06-01,2015-05-29,2015-06-01,0.0618,,1.4948,2015-06-01,wind:wind_get_stock_events
002663.SZ,002663.SZ_20160616_1,2016-06-16,2016-06-15,2016-06-16,0.012,,,,wind:wind_get_stock_events
002663.SZ,002663.SZ_20170421_1,2017-04-21,2017-04-20,2017-04-21,0.007,,,,wind:wind_get_stock_events
002663.SZ,002663.SZ_20180604_1,2018-06-04,2018-06-01,2018-06-04,0.009,,,,wind:wind_get_stock_events
002663.SZ,002663.SZ_20190606_1,2019-06-06,2019-06-05,2019-06-06,0.003,,,,wind:wind_get_stock_events
002667.SZ,002667.SZ_20150529_1,2015-05-29,2015-05-28,2015-05-29,0.07,,1,2015-05-29,wind:wind_get_stock_events
002667.SZ,002667.SZ_20160427_1,2016-04-27,2016-04-26,2016-04-27,0.01,,,,wind:wind_get_stock_events
002667.SZ,002667.SZ_20180502_1,2018-05-02,2018-04-27,2018-05-02,0.024,,0.7,2018-05-02,wind:wind_get_stock_events
002667.SZ,002667.SZ_20190702_1,2019-07-02,2019-07-01,2019-07-02,0.01,,,,wind:wind_get_stock_events
002667.SZ,002667.SZ_20200703_1,2020-07-03,2020-07-02,2020-07-03,0.006,,,,wind:wind_get_stock_events
002667.SZ,002667.SZ_20210519_1,2021-05-19,2021-05-18,2021-05-19,0.003,,,,wind:wind_get_stock_events
002669.SZ,002669.SZ_20150505_1,2015-05-05,2015-05-04,2015-05-05,0.07,,,,wind:wind_get_stock_events
002669.SZ,002669.SZ_20160621_1,2016-06-21,2016-06-20,2016-06-21,0.108,,,,wind:wind_get_stock_events
002669.SZ,002669.SZ_20170523_1,2017-05-23,2017-05-22,2017-05-23,0.072,,,,wind:wind_get_stock_events
002669.SZ,002669.SZ_20180524_1,2018-05-24,2018-05-23,2018-05-24,0.037,,,,wind:wind_get_stock_events
002669.SZ,002669.SZ_20190521_1,2019-05-21,2019-05-20,2019-05-21,0.077,,,,wind:wind_get_stock_events
002669.SZ,002669.SZ_20200612_1,2020-06-12,2020-06-11,2020-06-12,0.0802,,,,wind:wind_get_stock_events
002669.SZ,002669.SZ_20210517_1,2021-05-17,2021-05-14,2021-05-17,0.2,,,,wind:wind_get_stock_events
002669.SZ,002669.SZ_20240529_1,2024-05-29,2024-05-28,2024-05-29,0.07,,,,wind:wind_get_stock_events
002669.SZ,002669.SZ_20260529_1,2026-05-29,2026-05-28,2026-05-29,0.1,,,,wind:wind_get_stock_events
002670.SZ,002670.SZ_20150604_1,2015-06-04,2015-06-03,2015-06-04,0.4,,,,wind:wind_get_stock_events
002670.SZ,002670.SZ_20170428_1,2017-04-28,2017-04-27,2017-04-28,0.02,,0.6,2017-04-28,wind:wind_get_stock_events
002670.SZ,002670.SZ_20180629_1,2018-06-29,2018-06-28,2018-06-29,0.01,,0.3009,2018-06-29,wind:wind_get_stock_events
002672.SZ,002672.SZ_20150626_1,2015-06-26,2015-06-25,2015-06-26,0.15,,1.5,2015-06-26,wind:wind_get_stock_events
002672.SZ,002672.SZ_20160621_1,2016-06-21,2016-06-20,2016-06-21,0.08,,,,wind:wind_get_stock_events
002672.SZ,002672.SZ_20170727_1,2017-07-27,2017-07-26,2017-07-27,0.121,,,,wind:wind_get_stock_events
002672.SZ,002672.SZ_20180704_1,2018-07-04,2018-07-03,2018-07-04,0.161,,,,wind:wind_get_stock_events
002672.SZ,002672.SZ_20190710_1,2019-07-10,2019-07-09,2019-07-10,0.14,,,,wind:wind_get_stock_events
002672.SZ,002672.SZ_20200730_1,2020-07-30,2020-07-29,2020-07-30,0.15,,,,wind:wind_get_stock_events
002672.SZ,002672.SZ_20210709_1,2021-07-09,2021-07-08,2021-07-09,0.11,,,,wind:wind_get_stock_events
002672.SZ,002672.SZ_20220721_1,2022-07-21,2022-07-20,2022-07-21,0.055,,,,wind:wind_get_stock_events
002674.SZ,002674.SZ_20150519_1,2015-05-19,2015-05-18,2015-05-19,0.15,,,,wind:wind_get_stock_events
002674.SZ,002674.SZ_20170605_1,2017-06-05,2017-06-02,2017-06-05,0.15,,,,wind:wind_get_stock_events
002674.SZ,002674.SZ_20180510_1,2018-05-10,2018-05-09,2018-05-10,0.5,,,,wind:wind_get_stock_events
002674.SZ,002674.SZ_20190508_1,2019-05-08,2019-05-07,2019-05-08,0.6,,,,wind:wind_get_stock_events
002674.SZ,002674.SZ_20200522_1,2020-05-22,2020-05-21,2020-05-22,0.6,,,,wind:wind_get_stock_events
002674.SZ,002674.SZ_20220527_1,2022-05-27,2022-05-26,2022-05-27,0.3,,,,wind:wind_get_stock_events
002674.SZ,002674.SZ_20230609_1,2023-06-09,2023-06-08,2023-06-09,0.5,,,,wind:wind_get_stock_events
002674.SZ,002674.SZ_20240529_1,2024-05-29,2024-05-28,2024-05-29,0.6,,,,wind:wind_get_stock_events
002674.SZ,002674.SZ_20250715_1,2025-07-15,2025-07-14,2025-07-15,0.15,,,,wind:wind_get_stock_events
002675.SZ,002675.SZ_20150515_1,2015-05-15,2015-05-14,2015-05-15,0.15,,,,wind:wind_get_stock_events
002675.SZ,002675.SZ_20160520_1,2016-05-20,2016-05-19,2016-05-20,0.11,,,,wind:wind_get_stock_events
002675.SZ,002675.SZ_20160830_1,2016-08-30,2016-08-29,,,,2,2016-08-30,wind:wind_get_stock_events
002675.SZ,002675.SZ_20170616_1,2017-06-16,2017-06-15,2017-06-16,0.04,,,,wind:wind_get_stock_events
002675.SZ,002675.SZ_20180524_1,2018-05-24,2018-05-23,2018-05-24,0.027,,,,wind:wind_get_stock_events
002675.SZ,002675.SZ_20190424_1,2019-04-24,2019-04-23,2019-04-24,0.048,,,,wind:wind_get_stock_events
002675.SZ,002675.SZ_20200527_1,2020-05-27,2020-05-26,2020-05-27,0.25,,,,wind:wind_get_stock_events
002675.SZ,002675.SZ_20210604_1,2021-06-04,2021-06-03,2021-06-04,0.25,,,,wind:wind_get_stock_events
002675.SZ,002675.SZ_20220609_1,2022-06-09,2022-06-08,2022-06-09,0.15,,,,wind:wind_get_stock_events
002675.SZ,002675.SZ_20230710_1,2023-07-10,2023-07-07,2023-07-10,0.15,,,,wind:wind_get_stock_events
002675.SZ,002675.SZ_20240624_1,2024-06-24,2024-06-21,2024-06-24,0.125,,,,wind:wind_get_stock_events
002675.SZ,002675.SZ_20241219_1,2024-12-19,2024-12-18,2024-12-19,0.05,,,,wind:wind_get_stock_events
002675.SZ,002675.SZ_20250527_1,2025-05-27,2025-05-26,2025-05-27,0.03,,,,wind:wind_get_stock_events
002675.SZ,002675.SZ_20260429_1,2026-04-29,2026-04-28,2026-04-29,0.0806,,,,wind:wind_get_stock_events
002676.SZ,002676.SZ_20150617_1,2015-06-17,2015-06-16,2015-06-17,0.09,,,,wind:wind_get_stock_events
002676.SZ,002676.SZ_20160311_1,2016-03-11,2016-03-10,2016-03-11,0.01,,1.5,2016-03-11,wind:wind_get_stock_events
002676.SZ,002676.SZ_20170607_1,2017-06-07,2017-06-06,2017-06-07,0.015,,0.8,2017-06-07,wind:wind_get_stock_events
002676.SZ,002676.SZ_20241016_1,2024-10-16,2024-10-15,2024-10-16,0.01,,,,wind:wind_get_stock_events
002676.SZ,002676.SZ_20250529_1,2025-05-29,2025-05-28,2025-05-29,0.01,,,,wind:wind_get_stock_events
002676.SZ,002676.SZ_20260610_1,2026-06-10,2026-06-09,2026-06-10,0.01,,,,wind:wind_get_stock_events
002677.SZ,002677.SZ_20150604_1,2015-06-04,2015-06-03,2015-06-04,0.5,,1,2015-06-04,wind:wind_get_stock_events
002677.SZ,002677.SZ_20160616_1,2016-06-16,2016-06-15,2016-06-16,0.25,,0.6,2016-06-16,wind:wind_get_stock_events
002677.SZ,002677.SZ_20170425_1,2017-04-25,2017-04-24,2017-04-25,0.31,,,,wind:wind_get_stock_events
002677.SZ,002677.SZ_20180410_1,2018-04-10,2018-04-09,2018-04-10,0.465,,,,wind:wind_get_stock_events
002677.SZ,002677.SZ_20190424_1,2019-04-24,2019-04-23,2019-04-24,0.465,,,,wind:wind_get_stock_events
002677.SZ,002677.SZ_20200520_1,2020-05-20,2020-05-19,2020-05-20,0.542,,,,wind:wind_get_stock_events
002677.SZ,002677.SZ_20210518_1,2021-05-18,2021-05-17,2021-05-18,0.6,,,,wind:wind_get_stock_events
002677.SZ,002677.SZ_20220513_1,2022-05-13,2022-05-12,2022-05-13,0.66,,,,wind:wind_get_stock_events
002677.SZ,002677.SZ_20230523_1,2023-05-23,2023-05-22,2023-05-23,0.62,,,,wind:wind_get_stock_events
002677.SZ,002677.SZ_20240524_1,2024-05-24,2024-05-23,2024-05-24,0.75,,,,wind:wind_get_stock_events
002677.SZ,002677.SZ_20250528_1,2025-05-28,2025-05-27,2025-05-28,0.3,,,,wind:wind_get_stock_events
002677.SZ,002677.SZ_20260622_1,2026-06-22,2026-06-18,2026-06-22,0.016,,,,wind:wind_get_stock_events
002678.SZ,002678.SZ_20150723_1,2015-07-23,2015-07-22,2015-07-23,0.07,,,,wind:wind_get_stock_events
002678.SZ,002678.SZ_20160722_1,2016-07-22,2016-07-21,2016-07-22,0.07,,,,wind:wind_get_stock_events
002678.SZ,002678.SZ_20170621_1,2017-06-21,2017-06-20,2017-06-21,0.07,,,,wind:wind_get_stock_events
002678.SZ,002678.SZ_20180703_1,2018-07-03,2018-07-02,2018-07-03,0.08,,0.3,2018-07-03,wind:wind_get_stock_events
002678.SZ,002678.SZ_20190611_1,2019-06-11,2019-06-10,2019-06-11,0.065,,,,wind:wind_get_stock_events
002678.SZ,002678.SZ_20200629_1,2020-06-29,2020-06-24,2020-06-29,0.035,,,,wind:wind_get_stock_events
002678.SZ,002678.SZ_20210702_1,2021-07-02,2021-07-01,2021-07-02,0.037,,,,wind:wind_get_stock_events
002678.SZ,002678.SZ_20220610_1,2022-06-10,2022-06-09,2022-06-10,0.043,,,,wind:wind_get_stock_events
002678.SZ,002678.SZ_20230620_1,2023-06-20,2023-06-19,2023-06-20,0.028,,,,wind:wind_get_stock_events
002678.SZ,002678.SZ_20240509_1,2024-05-09,2024-05-08,2024-05-09,0.002,,,,wind:wind_get_stock_events
002679.SZ,002679.SZ_20150619_1,2015-06-19,2015-06-18,2015-06-19,0.09,,,,wind:wind_get_stock_events
002679.SZ,002679.SZ_20160525_1,2016-05-25,2016-05-24,2016-05-25,0.086,,,,wind:wind_get_stock_events
002679.SZ,002679.SZ_20170712_1,2017-07-12,2017-07-11,2017-07-12,0.078,,,,wind:wind_get_stock_events
002679.SZ,002679.SZ_20180718_1,2018-07-18,2018-07-17,2018-07-18,0.5,,0.7,2018-07-18,wind:wind_get_stock_events
002679.SZ,002679.SZ_20190719_1,2019-07-19,2019-07-18,2019-07-19,0.055,,,,wind:wind_get_stock_events
002679.SZ,002679.SZ_20200717_1,2020-07-17,2020-07-16,2020-07-17,0.02,,,,wind:wind_get_stock_events
002679.SZ,002679.SZ_20210611_1,2021-06-11,2021-06-10,2021-06-11,0.03,,,,wind:wind_get_stock_events
002679.SZ,002679.SZ_20220610_1,2022-06-10,2022-06-09,2022-06-10,0.035,,,,wind:wind_get_stock_events
002679.SZ,002679.SZ_20230608_1,2023-06-08,2023-06-07,2023-06-08,0.043,,,,wind:wind_get_stock_events
002679.SZ,002679.SZ_20240709_1,2024-07-09,2024-07-08,2024-07-09,0.0255,,,,wind:wind_get_stock_events
002679.SZ,002679.SZ_20250716_1,2025-07-16,2025-07-15,2025-07-16,0.0366,,,,wind:wind_get_stock_events
002679.SZ,002679.SZ_20260717_1,2026-07-17,2026-07-16,2026-07-17,0.029,,,,wind:wind_get_stock_events
002681.SZ,002681.SZ_20150615_1,2015-06-15,2015-06-12,2015-06-15,0.15,,0.8,2015-06-15,wind:wind_get_stock_events
002681.SZ,002681.SZ_20160527_1,2016-05-27,2016-05-26,2016-05-27,0.1,,1,2016-05-27,wind:wind_get_stock_events
002681.SZ,002681.SZ_20170602_1,2017-06-02,2017-06-01,2017-06-02,0.05,,,,wind:wind_get_stock_events
002681.SZ,002681.SZ_20180704_1,2018-07-04,2018-07-03,2018-07-04,0.0597,,0.3977,2018-07-04,wind:wind_get_stock_events
002683.SZ,002683.SZ_20150710_1,2015-07-10,2015-07-09,2015-07-10,0.3,,1.5,2015-07-10,wind:wind_get_stock_events
002683.SZ,002683.SZ_20160517_1,2016-05-17,2016-05-16,2016-05-17,0.05,,,,wind:wind_get_stock_events
002683.SZ,002683.SZ_20170413_1,2017-04-13,2017-04-12,2017-04-13,0.05,,,,wind:wind_get_stock_events
002683.SZ,002683.SZ_20180620_1,2018-06-20,2018-06-19,2018-06-20,0.1,,,,wind:wind_get_stock_events
002683.SZ,002683.SZ_20190621_1,2019-06-21,2019-06-20,2019-06-21,0.15,,,,wind:wind_get_stock_events
002683.SZ,002683.SZ_20200703_1,2020-07-03,2020-07-02,2020-07-03,0.2,,,,wind:wind_get_stock_events
002683.SZ,002683.SZ_20210608_1,2021-06-08,2021-06-07,2021-06-08,0.22,,,,wind:wind_get_stock_events
002683.SZ,002683.SZ_20220608_1,2022-06-08,2022-06-07,2022-06-08,0.3,,,,wind:wind_get_stock_events
002683.SZ,002683.SZ_20230522_1,2023-05-22,2023-05-19,2023-05-22,0.3,,,,wind:wind_get_stock_events
002683.SZ,002683.SZ_20240510_1,2024-05-10,2024-05-09,2024-05-10,0.56,,,,wind:wind_get_stock_events
002683.SZ,002683.SZ_20240926_1,2024-09-26,2024-09-25,2024-09-26,0.2,,,,wind:wind_get_stock_events
002683.SZ,002683.SZ_20250526_1,2025-05-26,2025-05-23,2025-05-26,0.45,,,,wind:wind_get_stock_events
002683.SZ,002683.SZ_20250924_1,2025-09-24,2025-09-23,2025-09-24,0.2,,,,wind:wind_get_stock_events
002683.SZ,002683.SZ_20260429_1,2026-04-29,2026-04-28,2026-04-29,0.45,,,,wind:wind_get_stock_events
002683.SZ,002683.SZ_20260910_1,2026-09-10,2026-09-09,2026-09-10,0.2,,,,wind:wind_get_stock_events
002685.SZ,002685.SZ_20150423_1,2015-04-23,2015-04-22,2015-04-23,0.025,,1.8,2015-04-23,wind:wind_get_stock_events
002685.SZ,002685.SZ_20160530_1,2016-05-30,2016-05-27,2016-05-30,0.025,,,,wind:wind_get_stock_events
002685.SZ,002685.SZ_20170426_1,2017-04-26,2017-04-25,2017-04-26,0.025,,,,wind:wind_get_stock_events
002685.SZ,002685.SZ_20180614_1,2018-06-14,2018-06-13,2018-06-14,0.03,,,,wind:wind_get_stock_events
002685.SZ,002685.SZ_20190606_1,2019-06-06,2019-06-05,2019-06-06,0.05,,,,wind:wind_get_stock_events
002685.SZ,002685.SZ_20200615_1,2020-06-15,2020-06-12,2020-06-15,0.05,,,,wind:wind_get_stock_events
002686.SZ,002686.SZ_20150814_1,2015-08-14,2015-08-13,2015-08-14,0.08,,0.5,2015-08-14,wind:wind_get_stock_events
002686.SZ,002686.SZ_20160628_1,2016-06-28,2016-06-27,2016-06-28,0.06,,,,wind:wind_get_stock_events
002686.SZ,002686.SZ_20170420_1,2017-04-20,2017-04-19,2017-04-20,0.07,,,,wind:wind_get_stock_events
002686.SZ,002686.SZ_20180717_1,2018-07-17,2018-07-16,2018-07-17,0.07,,,,wind:wind_get_stock_events
002686.SZ,002686.SZ_20190716_1,2019-07-16,2019-07-15,2019-07-16,0.02,,,,wind:wind_get_stock_events
002686.SZ,002686.SZ_20220527_1,2022-05-27,2022-05-26,2022-05-27,0.02,,,,wind:wind_get_stock_events
002686.SZ,002686.SZ_20230714_1,2023-07-14,2023-07-13,2023-07-14,0.02,,,,wind:wind_get_stock_events
002686.SZ,002686.SZ_20240628_1,2024-06-28,2024-06-27,2024-06-28,0.02,,,,wind:wind_get_stock_events
002686.SZ,002686.SZ_20250707_1,2025-07-07,2025-07-04,2025-07-07,0.01,,,,wind:wind_get_stock_events
002686.SZ,002686.SZ_20260710_1,2026-07-10,2026-07-09,2026-07-10,0.02,,,,wind:wind_get_stock_events
002687.SZ,002687.SZ_20150507_1,2015-05-07,2015-05-06,2015-05-07,0.3,,0.5,2015-05-07,wind:wind_get_stock_events
002687.SZ,002687.SZ_20160509_1,2016-05-09,2016-05-06,2016-05-09,0.15,,,,wind:wind_get_stock_events
002687.SZ,002687.SZ_20170524_1,2017-05-24,2017-05-23,2017-05-24,0.15,,,,wind:wind_get_stock_events
002687.SZ,002687.SZ_20180523_1,2018-05-23,2018-05-22,2018-05-23,0.15,,,,wind:wind_get_stock_events
002687.SZ,002687.SZ_20190521_1,2019-05-21,2019-05-20,2019-05-21,0.15,,,,wind:wind_get_stock_events
002687.SZ,002687.SZ_20210519_1,2021-05-19,2021-05-18,2021-05-19,0.2,,,,wind:wind_get_stock_events
002687.SZ,002687.SZ_20220621_1,2022-06-21,2022-06-20,2022-06-21,0.2,,0.45,2022-06-21,wind:wind_get_stock_events
002687.SZ,002687.SZ_20230606_1,2023-06-06,2023-06-05,2023-06-06,0.15,,,,wind:wind_get_stock_events
002687.SZ,002687.SZ_20240409_1,2024-04-09,2024-04-08,2024-04-09,0.2,,0.01,2024-04-09,wind:wind_get_stock_events
002687.SZ,002687.SZ_20260611_1,2026-06-11,2026-06-10,2026-06-11,0.085,,,,wind:wind_get_stock_events
002689.SZ,002689.SZ_20150529_1,2015-05-29,2015-05-28,2015-05-29,0.3,,0.8,2015-05-29,wind:wind_get_stock_events
002689.SZ,002689.SZ_20180710_1,2018-07-10,2018-07-09,2018-07-10,0.1,,0.1,2018-07-10,wind:wind_get_stock_events
002689.SZ,002689.SZ_20260529_1,2026-05-29,2026-05-28,2026-05-29,0.05,,,,wind:wind_get_stock_events
002691.SZ,002691.SZ_20150611_1,2015-06-11,2015-06-10,2015-06-11,0.015,,,,wind:wind_get_stock_events
002691.SZ,002691.SZ_20160411_1,2016-04-11,2016-04-08,2016-04-11,0.008,,,,wind:wind_get_stock_events
002691.SZ,002691.SZ_20170612_1,2017-06-12,2017-06-09,2017-06-12,0.027,,,,wind:wind_get_stock_events
002691.SZ,002691.SZ_20180611_1,2018-06-11,2018-06-08,2018-06-11,0.01,,0.7,2018-06-11,wind:wind_get_stock_events
002691.SZ,002691.SZ_20190709_1,2019-07-09,2019-07-08,2019-07-09,0.007,,,,wind:wind_get_stock_events
002691.SZ,002691.SZ_20200710_1,2020-07-10,2020-07-09,2020-07-10,0.007,,,,wind:wind_get_stock_events
002691.SZ,002691.SZ_20220712_1,2022-07-12,2022-07-11,2022-07-12,0.008,,,,wind:wind_get_stock_events
002691.SZ,002691.SZ_20230713_1,2023-07-13,2023-07-12,2023-07-13,0.007,,,,wind:wind_get_stock_events
002692.SZ,002692.SZ_20150701_1,2015-07-01,2015-06-30,2015-07-01,0.05,,,,wind:wind_get_stock_events
002692.SZ,002692.SZ_20160524_1,2016-05-24,2016-05-23,2016-05-24,0.15,,1.2,2016-05-24,wind:wind_get_stock_events
002692.SZ,002692.SZ_20170626_1,2017-06-26,2017-06-23,2017-06-26,0.03,,,,wind:wind_get_stock_events
002692.SZ,002692.SZ_20180717_1,2018-07-17,2018-07-16,2018-07-17,0.01,,,,wind:wind_get_stock_events
002692.SZ,002692.SZ_20240619_1,2024-06-19,2024-06-18,2024-06-19,0.02,,,,wind:wind_get_stock_events
002692.SZ,002692.SZ_20250421_1,2025-04-21,2025-04-18,2025-04-21,0.02,,,,wind:wind_get_stock_events
002692.SZ,002692.SZ_20260610_1,2026-06-10,2026-06-09,2026-06-10,0.02,,,,wind:wind_get_stock_events
002693.SZ,002693.SZ_20150310_1,2015-03-10,2015-03-09,2015-03-10,0.1,,0.5,2015-03-10,wind:wind_get_stock_events
002694.SZ,002694.SZ_20150722_1,2015-07-22,2015-07-21,2015-07-22,0.3472,,,,wind:wind_get_stock_events
002694.SZ,002694.SZ_20160706_1,2016-07-06,2016-07-05,2016-07-06,0.011,,,,wind:wind_get_stock_events
002694.SZ,002694.SZ_20170519_1,2017-05-19,2017-05-18,2017-05-19,0.012,,0.6,2017-05-19,wind:wind_get_stock_events
002694.SZ,002694.SZ_20180817_1,2018-08-17,2018-08-16,2018-08-17,0.004,,,,wind:wind_get_stock_events
002695.SZ,002695.SZ_20150522_1,2015-05-22,2015-05-21,2015-05-22,0.216,,,,wind:wind_get_stock_events
002695.SZ,002695.SZ_20160419_1,2016-04-19,2016-04-18,2016-04-19,0.116,,,,wind:wind_get_stock_events
002695.SZ,002695.SZ_20160922_1,2016-09-22,2016-09-21,2016-09-22,0.125,0.5,2.5,2016-09-22,wind:wind_get_stock_events
002695.SZ,002695.SZ_20170428_1,2017-04-28,2017-04-27,2017-04-28,0.01,,,,wind:wind_get_stock_events
002695.SZ,002695.SZ_20180510_1,2018-05-10,2018-05-09,2018-05-10,0.07,,,,wind:wind_get_stock_events
002695.SZ,002695.SZ_20190514_1,2019-05-14,2019-05-13,2019-05-14,0.082,,,,wind:wind_get_stock_events
002695.SZ,002695.SZ_20200508_1,2020-05-08,2020-05-07,2020-05-08,0.1,,,,wind:wind_get_stock_events
002695.SZ,002695.SZ_20210514_1,2021-05-14,2021-05-13,2021-05-14,0.13,,,,wind:wind_get_stock_events
002695.SZ,002695.SZ_20220614_1,2022-06-14,2022-06-13,2022-06-14,0.06,,,,wind:wind_get_stock_events
002695.SZ,002695.SZ_20230515_1,2023-05-15,2023-05-12,2023-05-15,0.015,,,,wind:wind_get_stock_events
002695.SZ,002695.SZ_20240506_1,2024-05-06,2024-04-30,2024-05-06,0.18,,,,wind:wind_get_stock_events
002695.SZ,002695.SZ_20250516_1,2025-05-16,2025-05-15,2025-05-16,0.11,,,,wind:wind_get_stock_events
002695.SZ,002695.SZ_20260527_1,2026-05-27,2026-05-26,2026-05-27,0.1,,,,wind:wind_get_stock_events
002696.SZ,002696.SZ_20150608_1,2015-06-08,2015-06-05,2015-06-08,0.15,,,,wind:wind_get_stock_events
002696.SZ,002696.SZ_20160622_1,2016-06-22,2016-06-21,2016-06-22,0.1,,,,wind:wind_get_stock_events
002696.SZ,002696.SZ_20170608_1,2017-06-08,2017-06-07,2017-06-08,0.1,,,,wind:wind_get_stock_events
002696.SZ,002696.SZ_20180612_1,2018-06-12,2018-06-11,2018-06-12,0.35,,0.7,2018-06-12,wind:wind_get_stock_events
002696.SZ,002696.SZ_20190709_1,2019-07-09,2019-07-08,2019-07-09,0.05,,,,wind:wind_get_stock_events
002696.SZ,002696.SZ_20260609_1,2026-06-09,2026-06-08,2026-06-09,0.05,,,,wind:wind_get_stock_events
002697.SZ,002697.SZ_20150420_1,2015-04-20,2015-04-17,2015-04-20,0.016,,,,wind:wind_get_stock_events
002697.SZ,002697.SZ_20150928_1,2015-09-28,2015-09-25,2015-09-28,0.05,0.2,0.5,2015-09-28,wind:wind_get_stock_events
002697.SZ,002697.SZ_20170425_1,2017-04-25,2017-04-24,2017-04-25,0.019,,,,wind:wind_get_stock_events
002697.SZ,002697.SZ_20180601_1,2018-06-01,2018-05-31,2018-06-01,0.021,,,,wind:wind_get_stock_events
002697.SZ,002697.SZ_20190514_1,2019-05-14,2019-05-13,2019-05-14,0.053,,,,wind:wind_get_stock_events
002697.SZ,002697.SZ_20200514_1,2020-05-14,2020-05-13,2020-05-14,0.087,,,,wind:wind_get_stock_events
002697.SZ,002697.SZ_20210514_1,2021-05-14,2021-05-13,2021-05-14,0.084,,,,wind:wind_get_stock_events
002697.SZ,002697.SZ_20210916_1,2021-09-16,2021-09-15,2021-09-16,0.074,,,,wind:wind_get_stock_events
002697.SZ,002697.SZ_20220513_1,2022-05-13,2022-05-12,2022-05-13,0.014,,,,wind:wind_get_stock_events
002697.SZ,002697.SZ_20230523_1,2023-05-23,2023-05-22,2023-05-23,0.442,,,,wind:wind_get_stock_events
002697.SZ,002697.SZ_20240514_1,2024-05-14,2024-05-13,2024-05-14,0.124,,,,wind:wind_get_stock_events
002697.SZ,002697.SZ_20250528_1,2025-05-28,2025-05-27,2025-05-28,0.115,,,,wind:wind_get_stock_events
002697.SZ,002697.SZ_20260529_1,2026-05-29,2026-05-28,2026-05-29,0.107,,,,wind:wind_get_stock_events
002698.SZ,002698.SZ_20150924_1,2015-09-24,2015-09-23,2015-09-24,0.12,,0.7,2015-09-24,wind:wind_get_stock_events
002698.SZ,002698.SZ_20160531_1,2016-05-31,2016-05-30,2016-05-31,0.07,,,,wind:wind_get_stock_events
002698.SZ,002698.SZ_20170615_1,2017-06-15,2017-06-14,2017-06-15,0.07,,,,wind:wind_get_stock_events
002698.SZ,002698.SZ_20180531_1,2018-05-31,2018-05-30,2018-05-31,0.08,,,,wind:wind_get_stock_events
002698.SZ,002698.SZ_20190531_1,2019-05-31,2019-05-30,2019-05-31,0.14,0.3,0.2,2019-05-31,wind:wind_get_stock_events
002698.SZ,002698.SZ_20200618_1,2020-06-18,2020-06-17,2020-06-18,0.18,,,,wind:wind_get_stock_events
002698.SZ,002698.SZ_20210622_1,2021-06-22,2021-06-21,2021-06-22,0.2,,,,wind:wind_get_stock_events
002698.SZ,002698.SZ_20220617_1,2022-06-17,2022-06-16,2022-06-17,0.25,,,,wind:wind_get_stock_events
002698.SZ,002698.SZ_20230711_1,2023-07-11,2023-07-10,2023-07-11,0.25,,,,wind:wind_get_stock_events
002698.SZ,002698.SZ_20240620_1,2024-06-20,2024-06-19,2024-06-20,0.25,,,,wind:wind_get_stock_events
002698.SZ,002698.SZ_20250620_1,2025-06-20,2025-06-19,2025-06-20,0.25,,,,wind:wind_get_stock_events
002698.SZ,002698.SZ_20260708_1,2026-07-08,2026-07-07,2026-07-08,0.25,,,,wind:wind_get_stock_events
002700.SZ,002700.SZ_20150430_1,2015-04-30,2015-04-29,2015-04-30,0.08,,0.8,2015-04-30,wind:wind_get_stock_events
002700.SZ,002700.SZ_20160506_1,2016-05-06,2016-05-05,2016-05-06,0.045,,,,wind:wind_get_stock_events
002700.SZ,002700.SZ_20170510_1,2017-05-10,2017-05-09,2017-05-10,0.032,,,,wind:wind_get_stock_events
002700.SZ,002700.SZ_20180508_1,2018-05-08,2018-05-07,2018-05-08,0.03,,,,wind:wind_get_stock_events
002700.SZ,002700.SZ_20190530_1,2019-05-30,2019-05-29,2019-05-30,0.03,,,,wind:wind_get_stock_events
002700.SZ,002700.SZ_20200710_1,2020-07-10,2020-07-09,2020-07-10,0.035,,,,wind:wind_get_stock_events
002700.SZ,002700.SZ_20210625_1,2021-06-25,2021-06-24,2021-06-25,0.035,,,,wind:wind_get_stock_events
002700.SZ,002700.SZ_20230615_1,2023-06-15,2023-06-14,2023-06-15,0.06,,,,wind:wind_get_stock_events
002700.SZ,002700.SZ_20240710_1,2024-07-10,2024-07-09,2024-07-10,0.072,,,,wind:wind_get_stock_events
002700.SZ,002700.SZ_20250530_1,2025-05-30,2025-05-29,2025-05-30,0.066,,,,wind:wind_get_stock_events
002700.SZ,002700.SZ_20260717_1,2026-07-17,2026-07-16,2026-07-17,0.025,,,,wind:wind_get_stock_events
002701.SZ,002701.SZ_20150424_1,2015-04-24,2015-04-23,2015-04-24,0.66,,0.6,2015-04-24,wind:wind_get_stock_events
002701.SZ,002701.SZ_20160506_1,2016-05-06,2016-05-05,2016-05-06,0.45,0.4,1,2016-05-06,wind:wind_get_stock_events
002701.SZ,002701.SZ_20180713_1,2018-07-13,2018-07-12,2018-07-13,0.1769,,,,wind:wind_get_stock_events
002701.SZ,002701.SZ_20191025_1,2019-10-25,2019-10-24,2019-10-25,0.108,,,,wind:wind_get_stock_events
002701.SZ,002701.SZ_20200618_1,2020-06-18,2020-06-17,2020-06-18,0.063,,,,wind:wind_get_stock_events
002701.SZ,002701.SZ_20201020_1,2020-10-20,2020-10-19,2020-10-20,0.117,,,,wind:wind_get_stock_events
002701.SZ,002701.SZ_20210609_1,2021-06-09,2021-06-08,2021-06-09,0.04,,,,wind:wind_get_stock_events
002701.SZ,002701.SZ_20220714_1,2022-07-14,2022-07-13,2022-07-14,0.136,,,,wind:wind_get_stock_events
002701.SZ,002701.SZ_20230712_1,2023-07-12,2023-07-11,2023-07-12,0.12,,,,wind:wind_get_stock_events
002701.SZ,002701.SZ_20240719_1,2024-07-19,2024-07-18,2024-07-19,0.12,,,,wind:wind_get_stock_events
002701.SZ,002701.SZ_20250627_1,2025-06-27,2025-06-26,2025-06-27,0.12,,,,wind:wind_get_stock_events
002701.SZ,002701.SZ_20260605_1,2026-06-05,2026-06-04,2026-06-05,0.12,,,,wind:wind_get_stock_events
002702.SZ,002702.SZ_20150507_1,2015-05-07,2015-05-06,2015-05-07,0.1,,1,2015-05-07,wind:wind_get_stock_events
002702.SZ,002702.SZ_20170427_1,2017-04-27,2017-04-26,,,,0.7,2017-04-27,wind:wind_get_stock_events
002702.SZ,002702.SZ_20190508_1,2019-05-08,2019-05-07,2019-05-08,0.05,,,,wind:wind_get_stock_events
002702.SZ,002702.SZ_20200601_1,2020-06-01,2020-05-29,2020-06-01,0.05,,,,wind:wind_get_stock_events
002702.SZ,002702.SZ_20210531_1,2021-05-31,2021-05-28,2021-05-31,0.05,,,,wind:wind_get_stock_events
002702.SZ,002702.SZ_20230609_1,2023-06-09,2023-06-08,2023-06-09,0.1,,,,wind:wind_get_stock_events
002702.SZ,002702.SZ_20240606_1,2024-06-06,2024-06-05,2024-06-06,0.04,,,,wind:wind_get_stock_events
002703.SZ,002703.SZ_20150731_1,2015-07-31,2015-07-30,2015-07-31,0.1,,,,wind:wind_get_stock_events
002703.SZ,002703.SZ_20160718_1,2016-07-18,2016-07-15,2016-07-18,0.1,,,,wind:wind_get_stock_events
002703.SZ,002703.SZ_20170731_1,2017-07-31,2017-07-28,2017-07-31,0.1,,1.5,2017-07-31,wind:wind_get_stock_events
002703.SZ,002703.SZ_20240816_1,2024-08-16,2024-08-15,2024-08-16,0.0243,,,,wind:wind_get_stock_events
002703.SZ,002703.SZ_20250527_1,2025-05-27,2025-05-26,2025-05-27,0.06,,,,wind:wind_get_stock_events
002703.SZ,002703.SZ_20260831_1,2026-08-31,2026-08-28,2026-08-31,0.06,,,,wind:wind_get_stock_events
002706.SZ,002706.SZ_20150430_1,2015-04-30,2015-04-29,2015-04-30,0.35,,0.3,2015-04-30,wind:wind_get_stock_events
002706.SZ,002706.SZ_20160517_1,2016-05-17,2016-05-16,2016-05-17,0.5,,1,2016-05-17,wind:wind_get_stock_events
002706.SZ,002706.SZ_20170426_1,2017-04-26,2017-04-25,2017-04-26,0.4,,1,2017-04-26,wind:wind_get_stock_events
002706.SZ,002706.SZ_20180425_1,2018-04-25,2018-04-24,2018-04-25,0.25,,0.5,2018-04-25,wind:wind_get_stock_events
002706.SZ,002706.SZ_20190424_1,2019-04-24,2019-04-23,2019-04-24,0.25,,,,wind:wind_get_stock_events
002706.SZ,002706.SZ_20200428_1,2020-04-28,2020-04-27,2020-04-28,0.25,,,,wind:wind_get_stock_events
002706.SZ,002706.SZ_20210427_1,2021-04-27,2021-04-26,2021-04-27,0.3,,0.3,2021-04-27,wind:wind_get_stock_events
002706.SZ,002706.SZ_20220923_1,2022-09-23,2022-09-22,2022-09-23,0.2,,,,wind:wind_get_stock_events
002706.SZ,002706.SZ_20230505_1,2023-05-05,2023-05-04,2023-05-05,0.2,,,,wind:wind_get_stock_events
002706.SZ,002706.SZ_20240514_1,2024-05-14,2024-05-13,2024-05-14,0.25,,,,wind:wind_get_stock_events
002706.SZ,002706.SZ_20250513_1,2025-05-13,2025-05-12,2025-05-13,0.22,,,,wind:wind_get_stock_events
002706.SZ,002706.SZ_20260518_1,2026-05-18,2026-05-15,2026-05-18,0.2,,,,wind:wind_get_stock_events
002707.SZ,002707.SZ_20150514_1,2015-05-14,2015-05-13,2015-05-14,0.2,,2,2015-05-14,wind:wind_get_stock_events
002707.SZ,002707.SZ_20150929_1,2015-09-29,2015-09-28,,,,1,2015-09-29,wind:wind_get_stock_events
002707.SZ,002707.SZ_20160422_1,2016-04-22,2016-04-21,2016-04-22,0.05,,1,2016-04-22,wind:wind_get_stock_events
002707.SZ,002707.SZ_20170531_1,2017-05-31,2017-05-26,2017-05-31,0.025,,,,wind:wind_get_stock_events
002707.SZ,002707.SZ_20180622_1,2018-06-22,2018-06-21,2018-06-22,0.028,,,,wind:wind_get_stock_events
002707.SZ,002707.SZ_20190711_1,2019-07-11,2019-07-10,2019-07-11,0.023,,,,wind:wind_get_stock_events
002712.SZ,002712.SZ_20150703_1,2015-07-03,2015-07-02,2015-07-03,0.15,,,,wind:wind_get_stock_events
002712.SZ,002712.SZ_20160617_1,2016-06-17,2016-06-16,2016-06-17,0.15,,2,2016-06-17,wind:wind_get_stock_events
002712.SZ,002712.SZ_20170718_1,2017-07-18,2017-07-17,2017-07-18,0.07,,,,wind:wind_get_stock_events
002712.SZ,002712.SZ_20180710_1,2018-07-10,2018-07-09,2018-07-10,0.11,,,,wind:wind_get_stock_events
002712.SZ,002712.SZ_20180927_1,2018-09-27,2018-09-26,,,,0.7,2018-09-27,wind:wind_get_stock_events
002712.SZ,002712.SZ_20190620_1,2019-06-20,2019-06-19,2019-06-20,0.0083,,,,wind:wind_get_stock_events
002713.SZ,002713.SZ_20150521_1,2015-05-21,2015-05-20,2015-05-21,0.6,,1,2015-05-21,wind:wind_get_stock_events
002713.SZ,002713.SZ_20160530_1,2016-05-30,2016-05-27,2016-05-30,0.4,,,,wind:wind_get_stock_events
002713.SZ,002713.SZ_20170428_1,2017-04-28,2017-04-27,2017-04-28,0.8,,,,wind:wind_get_stock_events
002713.SZ,002713.SZ_20180608_1,2018-06-08,2018-06-07,2018-06-08,1.1,,,,wind:wind_get_stock_events
002713.SZ,002713.SZ_20190621_1,2019-06-21,2019-06-20,2019-06-21,0.88,,0.6,2019-06-21,wind:wind_get_stock_events
002713.SZ,002713.SZ_20251230_1,2025-12-30,2025-12-29,,,,1.2678,2025-12-30,wind:wind_get_stock_events
002714.SZ,002714.SZ_20150610_1,2015-06-10,2015-06-09,2015-06-10,0.061,,1,2015-06-10,wind:wind_get_stock_events
002714.SZ,002714.SZ_20160708_1,2016-07-08,2016-07-07,2016-07-08,0.353,,1,2016-07-08,wind:wind_get_stock_events
002714.SZ,002714.SZ_20170711_1,2017-07-11,2017-07-10,2017-07-11,0.691,,,,wind:wind_get_stock_events
002714.SZ,002714.SZ_20180703_1,2018-07-03,2018-07-02,2018-07-03,0.69,,0.8,2018-07-03,wind:wind_get_stock_events
002714.SZ,002714.SZ_20190704_1,2019-07-04,2019-07-03,2019-07-04,0.05,,,,wind:wind_get_stock_events
002714.SZ,002714.SZ_20200604_1,2020-06-04,2020-06-03,2020-06-04,0.55,,0.7,2020-06-04,wind:wind_get_stock_events
002714.SZ,002714.SZ_20210603_1,2021-06-03,2021-06-02,2021-06-03,1.461,,0.4,2021-06-03,wind:wind_get_stock_events
002714.SZ,002714.SZ_20220609_1,2022-06-09,2022-06-08,2022-06-09,0.248,,,,wind:wind_get_stock_events
002714.SZ,002714.SZ_20230713_1,2023-07-13,2023-07-12,2023-07-13,0.7382,,,,wind:wind_get_stock_events
002714.SZ,002714.SZ_20241230_1,2024-12-30,2024-12-27,2024-12-30,0.8348,,,,wind:wind_get_stock_events
002714.SZ,002714.SZ_20250626_1,2025-06-26,2025-06-25,2025-06-26,0.5743,,,,wind:wind_get_stock_events
002714.SZ,002714.SZ_20251016_1,2025-10-16,2025-10-15,2025-10-16,0.9275,,,,wind:wind_get_stock_events
002714.SZ,002714.SZ_20260527_1,2026-05-27,2026-05-26,2026-05-27,0.427,,,,wind:wind_get_stock_events
002716.SZ,002716.SZ_20150625_1,2015-06-25,2015-06-24,2015-06-25,0.1,,1.2,2015-06-25,wind:wind_get_stock_events
002716.SZ,002716.SZ_20160622_1,2016-06-22,2016-06-21,2016-06-22,0.05,,,,wind:wind_get_stock_events
002716.SZ,002716.SZ_20170712_1,2017-07-12,2017-07-11,2017-07-12,0.05,,,,wind:wind_get_stock_events
002716.SZ,002716.SZ_20180724_1,2018-07-24,2018-07-23,2018-07-24,0.1,,0.7,2018-07-24,wind:wind_get_stock_events
002717.SZ,002717.SZ_20150409_1,2015-04-09,2015-04-08,2015-04-09,0.075,,1,2015-04-09,wind:wind_get_stock_events
002717.SZ,002717.SZ_20160513_1,2016-05-13,2016-05-12,2016-05-13,0.034,,,,wind:wind_get_stock_events
002717.SZ,002717.SZ_20170512_1,2017-05-12,2017-05-11,2017-05-12,0.125,,,,wind:wind_get_stock_events
002717.SZ,002717.SZ_20180424_1,2018-04-24,2018-04-23,2018-04-24,0.175,,1.3,2018-04-24,wind:wind_get_stock_events
002717.SZ,002717.SZ_20190530_1,2019-05-30,2019-05-29,2019-05-30,0.08,,0.5,2019-05-30,wind:wind_get_stock_events
002717.SZ,002717.SZ_20200717_1,2020-07-17,2020-07-16,2020-07-17,0.022,,,,wind:wind_get_stock_events
002719.SZ,002719.SZ_20150720_1,2015-07-20,2015-07-17,2015-07-20,0.071,,,,wind:wind_get_stock_events
002719.SZ,002719.SZ_20160617_1,2016-06-17,2016-06-16,2016-06-17,0.1238,,,,wind:wind_get_stock_events
002719.SZ,002719.SZ_20170714_1,2017-07-14,2017-07-13,2017-07-14,0.046,,,,wind:wind_get_stock_events
002719.SZ,002719.SZ_20180706_1,2018-07-06,2018-07-05,2018-07-06,0.049,,0.6,2018-07-06,wind:wind_get_stock_events
002719.SZ,002719.SZ_20210603_1,2021-06-03,2021-06-02,2021-06-03,0.0173,,,,wind:wind_get_stock_events
002719.SZ,002719.SZ_20220715_1,2022-07-15,2022-07-14,2022-07-15,0.0193,,,,wind:wind_get_stock_events
002721.SZ,002721.SZ_20150508_1,2015-05-08,2015-05-07,2015-05-08,0.1,,,,wind:wind_get_stock_events
002721.SZ,002721.SZ_20150930_1,2015-09-30,2015-09-29,,,,2,2015-09-30,wind:wind_get_stock_events
002721.SZ,002721.SZ_20160624_1,2016-06-24,2016-06-23,2016-06-24,0.04,,,,wind:wind_get_stock_events
002721.SZ,002721.SZ_20170717_1,2017-07-17,2017-07-14,2017-07-17,0.042,,,,wind:wind_get_stock_events
002721.SZ,002721.SZ_20180713_1,2018-07-13,2018-07-12,2018-07-13,0.035,,,,wind:wind_get_stock_events
002721.SZ,002721.SZ_20231117_1,2023-11-17,2023-11-16,,,,1.8,2023-11-17,wind:wind_get_stock_events
002723.SZ,002723.SZ_20150626_1,2015-06-26,2015-06-25,2015-06-26,0.2,0.5,0.5,2015-06-26,wind:wind_get_stock_events
002723.SZ,002723.SZ_20160627_1,2016-06-27,2016-06-24,2016-06-27,0.05,,,,wind:wind_get_stock_events
002723.SZ,002723.SZ_20200605_1,2020-06-05,2020-06-04,2020-06-05,0.04,,,,wind:wind_get_stock_events
002723.SZ,002723.SZ_20210628_1,2021-06-28,2021-06-25,2021-06-28,0.018,,0.4,2021-06-28,wind:wind_get_stock_events
002723.SZ,002723.SZ_20240712_1,2024-07-12,2024-07-11,2024-07-12,0.019,,,,wind:wind_get_stock_events
002724.SZ,002724.SZ_20150529_1,2015-05-29,2015-05-28,2015-05-29,0.171,,,,wind:wind_get_stock_events
002724.SZ,002724.SZ_20160601_1,2016-06-01,2016-05-31,2016-06-01,0.035,,,,wind:wind_get_stock_events
002724.SZ,002724.SZ_20170620_1,2017-06-20,2017-06-19,2017-06-20,0.055,,0.5,2017-06-20,wind:wind_get_stock_events
002724.SZ,002724.SZ_20180626_1,2018-06-26,2018-06-25,2018-06-26,0.1,,0.2,2018-06-26,wind:wind_get_stock_events
002724.SZ,002724.SZ_20190625_1,2019-06-25,2019-06-24,2019-06-25,0.1,,,,wind:wind_get_stock_events
002724.SZ,002724.SZ_20200525_1,2020-05-25,2020-05-22,2020-05-25,0.1,,,,wind:wind_get_stock_events
002724.SZ,002724.SZ_20210528_1,2021-05-28,2021-05-27,2021-05-28,0.1539,,,,wind:wind_get_stock_events
002724.SZ,002724.SZ_20220627_1,2022-06-27,2022-06-24,2022-06-27,0.2,,,,wind:wind_get_stock_events
002724.SZ,002724.SZ_20230710_1,2023-07-10,2023-07-07,2023-07-10,0.07,,,,wind:wind_get_stock_events
002724.SZ,002724.SZ_20240530_1,2024-05-30,2024-05-29,2024-05-30,0.04,,,,wind:wind_get_stock_events
002724.SZ,002724.SZ_20250604_1,2025-06-04,2025-06-03,2025-06-04,0.05,,,,wind:wind_get_stock_events
002724.SZ,002724.SZ_20260604_1,2026-06-04,2026-06-03,2026-06-04,0.1,,,,wind:wind_get_stock_events
002726.SZ,002726.SZ_20150427_1,2015-04-27,2015-04-24,2015-04-27,0.15,,1,2015-04-27,wind:wind_get_stock_events
002726.SZ,002726.SZ_20160608_1,2016-06-08,2016-06-07,2016-06-08,0.08,,,,wind:wind_get_stock_events
002726.SZ,002726.SZ_20170810_1,2017-08-10,2017-08-09,2017-08-10,0.16,,,,wind:wind_get_stock_events
002726.SZ,002726.SZ_20170825_1,2017-08-25,2017-08-24,,,,0.7,2017-08-25,wind:wind_get_stock_events
002726.SZ,002726.SZ_20180814_1,2018-08-14,2018-08-13,2018-08-14,0.05,,,,wind:wind_get_stock_events
002726.SZ,002726.SZ_20190822_1,2019-08-22,2019-08-21,2019-08-22,0.047,,,,wind:wind_get_stock_events
002726.SZ,002726.SZ_20191011_1,2019-10-11,2019-10-10,,,,0.3,2019-10-11,wind:wind_get_stock_events
002726.SZ,002726.SZ_20200610_1,2020-06-10,2020-06-09,2020-06-10,0.049,,,,wind:wind_get_stock_events
002726.SZ,002726.SZ_20210430_1,2021-04-30,2021-04-29,2021-04-30,0.182,,,,wind:wind_get_stock_events
002727.SZ,002727.SZ_20150409_1,2015-04-09,2015-04-08,2015-04-09,0.6,,,,wind:wind_get_stock_events
002727.SZ,002727.SZ_20160413_1,2016-04-13,2016-04-12,2016-04-13,0.5,,1,2016-04-13,wind:wind_get_stock_events
002727.SZ,002727.SZ_20170413_1,2017-04-13,2017-04-12,2017-04-13,0.2,,,,wind:wind_get_stock_events
002727.SZ,002727.SZ_20180614_1,2018-06-14,2018-06-13,2018-06-14,0.3,,,,wind:wind_get_stock_events
002727.SZ,002727.SZ_20190403_1,2019-04-03,2019-04-02,2019-04-03,0.3,,,,wind:wind_get_stock_events
002727.SZ,002727.SZ_20200430_1,2020-04-30,2020-04-29,2020-04-30,0.3,,,,wind:wind_get_stock_events
002727.SZ,002727.SZ_20210421_1,2021-04-21,2021-04-20,2021-04-21,0.3,,,,wind:wind_get_stock_events
002727.SZ,002727.SZ_20220429_1,2022-04-29,2022-04-28,2022-04-29,0.3,,,,wind:wind_get_stock_events
002727.SZ,002727.SZ_20230526_1,2023-05-26,2023-05-25,2023-05-26,0.4,,,,wind:wind_get_stock_events
002727.SZ,002727.SZ_20240530_1,2024-05-30,2024-05-29,2024-05-30,0.4,,,,wind:wind_get_stock_events
002727.SZ,002727.SZ_20250604_1,2025-06-04,2025-06-03,2025-06-04,0.3,,,,wind:wind_get_stock_events
002727.SZ,002727.SZ_20250925_1,2025-09-25,2025-09-24,2025-09-25,0.2,,,,wind:wind_get_stock_events
002727.SZ,002727.SZ_20260529_1,2026-05-29,2026-05-28,2026-05-29,0.2,,,,wind:wind_get_stock_events
002727.SZ,002727.SZ_20260924_1,2026-09-24,2026-09-23,2026-09-24,0.2,,,,wind:wind_get_stock_events
002728.SZ,002728.SZ_20150703_1,2015-07-03,2015-07-02,2015-07-03,0.15,,1,2015-07-03,wind:wind_get_stock_events
002728.SZ,002728.SZ_20160825_1,2016-08-25,2016-08-24,2016-08-25,0.065,,,,wind:wind_get_stock_events
002728.SZ,002728.SZ_20170811_1,2017-08-11,2017-08-10,2017-08-11,0.075,,,,wind:wind_get_stock_events
002728.SZ,002728.SZ_20180420_1,2018-04-20,2018-04-19,2018-04-20,0.5,,,,wind:wind_get_stock_events
002728.SZ,002728.SZ_20190329_1,2019-03-29,2019-03-28,2019-03-29,0.65,,,,wind:wind_get_stock_events
002728.SZ,002728.SZ_20200428_1,2020-04-28,2020-04-27,2020-04-28,0.75,,,,wind:wind_get_stock_events
002728.SZ,002728.SZ_20210603_1,2021-06-03,2021-06-02,2021-06-03,0.65,,,,wind:wind_get_stock_events
002728.SZ,002728.SZ_20220510_1,2022-05-10,2022-05-09,2022-05-10,0.65,,,,wind:wind_get_stock_events
002728.SZ,002728.SZ_20230526_1,2023-05-26,2023-05-25,2023-05-26,0.65,,0.4,2023-05-26,wind:wind_get_stock_events
002728.SZ,002728.SZ_20240424_1,2024-04-24,2024-04-23,2024-04-24,0.5,,0.4,2024-04-24,wind:wind_get_stock_events
002728.SZ,002728.SZ_20250725_1,2025-07-25,2025-07-24,2025-07-25,0.05,,,,wind:wind_get_stock_events
002728.SZ,002728.SZ_20260618_1,2026-06-18,2026-06-17,2026-06-18,0.15,,,,wind:wind_get_stock_events
002729.SZ,002729.SZ_20150709_1,2015-07-09,2015-07-08,2015-07-09,0.2,,,,wind:wind_get_stock_events
002729.SZ,002729.SZ_20160617_1,2016-06-17,2016-06-16,2016-06-17,0.1,,,,wind:wind_get_stock_events
002729.SZ,002729.SZ_20170714_1,2017-07-14,2017-07-13,2017-07-14,0.1,,,,wind:wind_get_stock_events
002729.SZ,002729.SZ_20180524_1,2018-05-24,2018-05-23,2018-05-24,0.1,,,,wind:wind_get_stock_events
002729.SZ,002729.SZ_20190708_1,2019-07-08,2019-07-05,2019-07-08,0.07,,,,wind:wind_get_stock_events
002729.SZ,002729.SZ_20200609_1,2020-06-09,2020-06-08,2020-06-09,0.07,,,,wind:wind_get_stock_events
002729.SZ,002729.SZ_20210616_1,2021-06-16,2021-06-15,2021-06-16,0.04,,,,wind:wind_get_stock_events
002729.SZ,002729.SZ_20211013_1,2021-10-13,2021-10-12,,,,0.4,2021-10-13,wind:wind_get_stock_events
002729.SZ,002729.SZ_20220608_1,2022-06-08,2022-06-07,2022-06-08,0.04,,0.4,2022-06-08,wind:wind_get_stock_events
002729.SZ,002729.SZ_20220929_1,2022-09-29,2022-09-28,,,,0.4,2022-09-29,wind:wind_get_stock_events
002729.SZ,002729.SZ_20240614_1,2024-06-14,2024-06-13,2024-06-14,0.028,,,,wind:wind_get_stock_events
002729.SZ,002729.SZ_20250122_1,2025-01-22,2025-01-21,2025-01-22,0.028,,,,wind:wind_get_stock_events
002729.SZ,002729.SZ_20251202_1,2025-12-02,2025-12-01,2025-12-02,0.028,,,,wind:wind_get_stock_events
002731.SZ,002731.SZ_20150624_1,2015-06-24,2015-06-23,2015-06-24,0.06,,,,wind:wind_get_stock_events
002731.SZ,002731.SZ_20160706_1,2016-07-06,2016-07-05,2016-07-06,0.08,,,,wind:wind_get_stock_events
002731.SZ,002731.SZ_20170706_1,2017-07-06,2017-07-05,2017-07-06,0.08,,,,wind:wind_get_stock_events
002731.SZ,002731.SZ_20180615_1,2018-06-15,2018-06-14,2018-06-15,0.05,,,,wind:wind_get_stock_events
002731.SZ,002731.SZ_20190708_1,2019-07-08,2019-07-05,2019-07-08,0.05,,0.7,2019-07-08,wind:wind_get_stock_events
002731.SZ,002731.SZ_20200706_1,2020-07-06,2020-07-03,2020-07-06,0.015,,,,wind:wind_get_stock_events
002731.SZ,002731.SZ_20210714_1,2021-07-14,2021-07-13,2021-07-14,0.015,,,,wind:wind_get_stock_events
002731.SZ,002731.SZ_20220608_1,2022-06-08,2022-06-07,2022-06-08,0.01,,,,wind:wind_get_stock_events
002731.SZ,002731.SZ_20230608_1,2023-06-08,2023-06-07,2023-06-08,0.01,,,,wind:wind_get_stock_events
002731.SZ,002731.SZ_20240719_1,2024-07-19,2024-07-18,2024-07-19,0.071,,,,wind:wind_get_stock_events
002731.SZ,002731.SZ_20250814_1,2025-08-14,2025-08-13,2025-08-14,0.09,,,,wind:wind_get_stock_events
002733.SZ,002733.SZ_20150512_1,2015-05-12,2015-05-11,2015-05-12,0.22,,0.5,2015-05-12,wind:wind_get_stock_events
002733.SZ,002733.SZ_20150915_1,2015-09-15,2015-09-14,,,,0.5,2015-09-15,wind:wind_get_stock_events
002733.SZ,002733.SZ_20160527_1,2016-05-27,2016-05-26,2016-05-27,0.15,,,,wind:wind_get_stock_events
002733.SZ,002733.SZ_20170620_1,2017-06-20,2017-06-19,2017-06-20,0.15,,,,wind:wind_get_stock_events
002733.SZ,002733.SZ_20180525_1,2018-05-25,2018-05-24,2018-05-25,0.05,,,,wind:wind_get_stock_events
002733.SZ,002733.SZ_20180913_1,2018-09-13,2018-09-12,2018-09-13,0.05,,,,wind:wind_get_stock_events
002733.SZ,002733.SZ_20190527_1,2019-05-27,2019-05-24,2019-05-27,0.15,,,,wind:wind_get_stock_events
002733.SZ,002733.SZ_20200601_1,2020-06-01,2020-05-29,2020-06-01,0.25,,,,wind:wind_get_stock_events
002733.SZ,002733.SZ_20210527_1,2021-05-27,2021-05-26,2021-05-27,0.1,,,,wind:wind_get_stock_events
002733.SZ,002733.SZ_20230607_1,2023-06-07,2023-06-06,2023-06-07,0.1,,,,wind:wind_get_stock_events
002733.SZ,002733.SZ_20240612_1,2024-06-12,2024-06-11,2024-06-12,0.15,,,,wind:wind_get_stock_events
002733.SZ,002733.SZ_20250611_1,2025-06-11,2025-06-10,2025-06-11,0.1,,,,wind:wind_get_stock_events
002733.SZ,002733.SZ_20260603_1,2026-06-03,2026-06-02,2026-06-03,0.1,,,,wind:wind_get_stock_events
002733.SZ,002733.SZ_20260930_1,2026-09-30,2026-09-29,2026-09-30,0.05,,,,wind:wind_get_stock_events
002735.SZ,002735.SZ_20150527_1,2015-05-27,2015-05-26,2015-05-27,0.082,,,,wind:wind_get_stock_events
002735.SZ,002735.SZ_20160603_1,2016-06-03,2016-06-02,2016-06-03,0.082,,,,wind:wind_get_stock_events
002735.SZ,002735.SZ_20170619_1,2017-06-19,2017-06-16,2017-06-19,0.12,,,,wind:wind_get_stock_events
002735.SZ,002735.SZ_20180531_1,2018-05-31,2018-05-30,2018-05-31,0.092,,,,wind:wind_get_stock_events
002735.SZ,002735.SZ_20190610_1,2019-06-10,2019-06-06,2019-06-10,0.235,,0.7,2019-06-10,wind:wind_get_stock_events
002735.SZ,002735.SZ_20210715_1,2021-07-15,2021-07-14,2021-07-15,0.13,,0.4,2021-07-15,wind:wind_get_stock_events
002735.SZ,002735.SZ_20230516_1,2023-05-16,2023-05-15,2023-05-16,0.07,,0.4,2023-05-16,wind:wind_get_stock_events
002735.SZ,002735.SZ_20240711_1,2024-07-11,2024-07-10,2024-07-11,0.048,,,,wind:wind_get_stock_events
002735.SZ,002735.SZ_20250613_1,2025-06-13,2025-06-12,2025-06-13,0.013,,,,wind:wind_get_stock_events
002737.SZ,002737.SZ_20150611_1,2015-06-11,2015-06-10,2015-06-11,0.35,,1,2015-06-11,wind:wind_get_stock_events
002737.SZ,002737.SZ_20160802_1,2016-08-02,2016-08-01,2016-08-02,0.3,,,,wind:wind_get_stock_events
002737.SZ,002737.SZ_20170601_1,2017-06-01,2017-05-31,2017-06-01,0.3,,,,wind:wind_get_stock_events
002737.SZ,002737.SZ_20180418_1,2018-04-18,2018-04-17,2018-04-18,1,,1,2018-04-18,wind:wind_get_stock_events
002737.SZ,002737.SZ_20190423_1,2019-04-23,2019-04-22,2019-04-23,1,,,,wind:wind_get_stock_events
002737.SZ,002737.SZ_20200528_1,2020-05-28,2020-05-27,2020-05-28,1,,,,wind:wind_get_stock_events
002737.SZ,002737.SZ_20210712_1,2021-07-12,2021-07-09,2021-07-12,0.35,,,,wind:wind_get_stock_events
002737.SZ,002737.SZ_20220602_1,2022-06-02,2022-06-01,2022-06-02,0.7,,,,wind:wind_get_stock_events
002737.SZ,002737.SZ_20230607_1,2023-06-07,2023-06-06,2023-06-07,1,,,,wind:wind_get_stock_events
002737.SZ,002737.SZ_20240614_1,2024-06-14,2024-06-13,2024-06-14,1.5,,,,wind:wind_get_stock_events
002737.SZ,002737.SZ_20250718_1,2025-07-18,2025-07-17,2025-07-18,0.5,,,,wind:wind_get_stock_events
002737.SZ,002737.SZ_20260717_1,2026-07-17,2026-07-16,2026-07-17,0.2,,,,wind:wind_get_stock_events
002738.SZ,002738.SZ_20150619_1,2015-06-19,2015-06-18,2015-06-19,0.15,,,,wind:wind_get_stock_events
002738.SZ,002738.SZ_20160620_1,2016-06-20,2016-06-17,2016-06-20,0.1,,0.5,2016-06-20,wind:wind_get_stock_events
002738.SZ,002738.SZ_20170713_1,2017-07-13,2017-07-12,2017-07-13,0.1,,,,wind:wind_get_stock_events
002738.SZ,002738.SZ_20180622_1,2018-06-22,2018-06-21,2018-06-22,0.05,,,,wind:wind_get_stock_events
002738.SZ,002738.SZ_20190719_1,2019-07-19,2019-07-18,2019-07-19,0.05,,,,wind:wind_get_stock_events
002738.SZ,002738.SZ_20200520_1,2020-05-20,2020-05-19,2020-05-20,0.05,,,,wind:wind_get_stock_events
002738.SZ,002738.SZ_20210623_1,2021-06-23,2021-06-22,2021-06-23,0.05,,,,wind:wind_get_stock_events
002738.SZ,002738.SZ_20220601_1,2022-06-01,2022-05-31,2022-06-01,0.1,,0.4,2022-06-01,wind:wind_get_stock_events
002738.SZ,002738.SZ_20230531_1,2023-05-31,2023-05-30,2023-05-31,1,,0.4,2023-05-31,wind:wind_get_stock_events
002738.SZ,002738.SZ_20240530_1,2024-05-30,2024-05-29,2024-05-30,1,,,,wind:wind_get_stock_events
002738.SZ,002738.SZ_20250704_1,2025-07-04,2025-07-03,2025-07-04,0.5,,,,wind:wind_get_stock_events
002738.SZ,002738.SZ_20260522_1,2026-05-22,2026-05-21,2026-05-22,0.5,,,,wind:wind_get_stock_events
002739.SZ,002739.SZ_20150928_1,2015-09-28,2015-09-25,,,,1,2015-09-28,wind:wind_get_stock_events
002739.SZ,002739.SZ_20160622_1,2016-06-22,2016-06-21,2016-06-22,0.2,,,,wind:wind_get_stock_events
002739.SZ,002739.SZ_20170619_1,2017-06-19,2017-06-16,2017-06-19,0.2,,,,wind:wind_get_stock_events
002739.SZ,002739.SZ_20180808_1,2018-08-08,2018-08-07,2018-08-08,0.2,,0.5,2018-08-08,wind:wind_get_stock_events
002741.SZ,002741.SZ_20151102_1,2015-11-02,2015-10-30,2015-11-02,0.2,,2,2015-11-02,wind:wind_get_stock_events
002741.SZ,002741.SZ_20170523_1,2017-05-23,2017-05-22,2017-05-23,0.05,,,,wind:wind_get_stock_events
002741.SZ,002741.SZ_20180425_1,2018-04-25,2018-04-24,2018-04-25,0.1,,,,wind:wind_get_stock_events
002741.SZ,002741.SZ_20190613_1,2019-06-13,2019-06-12,2019-06-13,0.085,,,,wind:wind_get_stock_events
002741.SZ,002741.SZ_20220610_1,2022-06-10,2022-06-09,2022-06-10,0.03,,,,wind:wind_get_stock_events
002741.SZ,002741.SZ_20260512_1,2026-05-12,2026-05-11,2026-05-12,0.1,,,,wind:wind_get_stock_events
002745.SZ,002745.SZ_20160408_1,2016-04-08,2016-04-07,2016-04-08,0.12,,,,wind:wind_get_stock_events
002745.SZ,002745.SZ_20170718_1,2017-07-18,2017-07-17,2017-07-18,0.17,,,,wind:wind_get_stock_events
002745.SZ,002745.SZ_20180411_1,2018-04-11,2018-04-10,2018-04-11,0.247,,1,2018-04-11,wind:wind_get_stock_events
002745.SZ,002745.SZ_20181102_1,2018-11-02,2018-11-01,2018-11-02,0.075,,,,wind:wind_get_stock_events
002745.SZ,002745.SZ_20190529_1,2019-05-29,2019-05-28,2019-05-29,0.13,,,,wind:wind_get_stock_events
002745.SZ,002745.SZ_20200610_1,2020-06-10,2020-06-09,2020-06-10,0.15,,,,wind:wind_get_stock_events
002745.SZ,002745.SZ_20210618_1,2021-06-18,2021-06-17,2021-06-18,0.126,,,,wind:wind_get_stock_events
002745.SZ,002745.SZ_20220527_1,2022-05-27,2022-05-26,2022-05-27,0.138,,,,wind:wind_get_stock_events
002745.SZ,002745.SZ_20230529_1,2023-05-29,2023-05-26,2023-05-29,0.1,,,,wind:wind_get_stock_events
002745.SZ,002745.SZ_20240522_1,2024-05-22,2024-05-21,2024-05-22,0.338,,,,wind:wind_get_stock_events
002745.SZ,002745.SZ_20241108_1,2024-11-08,2024-11-07,2024-11-08,0.36,,,,wind:wind_get_stock_events
002745.SZ,002745.SZ_20250716_1,2025-07-16,2025-07-15,2025-07-16,0.05,,,,wind:wind_get_stock_events
002746.SZ,002746.SZ_20160517_1,2016-05-17,2016-05-16,2016-05-17,0.1,,,,wind:wind_get_stock_events
002746.SZ,002746.SZ_20170619_1,2017-06-19,2017-06-16,2017-06-19,0.2,,,,wind:wind_get_stock_events
002746.SZ,002746.SZ_20180524_1,2018-05-24,2018-05-23,2018-05-24,0.4,,0.7,2018-05-24,wind:wind_get_stock_events
002746.SZ,002746.SZ_20190528_1,2019-05-28,2019-05-27,2019-05-28,0.5,,0.5,2019-05-28,wind:wind_get_stock_events
002746.SZ,002746.SZ_20200424_1,2020-04-24,2020-04-23,2020-04-24,0.4,,,,wind:wind_get_stock_events
002746.SZ,002746.SZ_20210609_1,2021-06-09,2021-06-08,2021-06-09,0.3,,0.5,2021-06-09,wind:wind_get_stock_events
002746.SZ,002746.SZ_20220630_1,2022-06-30,2022-06-29,2022-06-30,0.1,,,,wind:wind_get_stock_events
002746.SZ,002746.SZ_20230629_1,2023-06-29,2023-06-28,2023-06-29,0.1,,,,wind:wind_get_stock_events
002746.SZ,002746.SZ_20240530_1,2024-05-30,2024-05-29,2024-05-30,0.15,,,,wind:wind_get_stock_events
002746.SZ,002746.SZ_20250110_1,2025-01-10,2025-01-09,2025-01-10,0.1,,,,wind:wind_get_stock_events
002746.SZ,002746.SZ_20250612_1,2025-06-12,2025-06-11,2025-06-12,0.15,,,,wind:wind_get_stock_events
002746.SZ,002746.SZ_20250926_1,2025-09-26,2025-09-25,2025-09-26,0.1,,,,wind:wind_get_stock_events
002746.SZ,002746.SZ_20260528_1,2026-05-28,2026-05-27,2026-05-28,0.2,,,,wind:wind_get_stock_events
002746.SZ,002746.SZ_20260923_1,2026-09-23,2026-09-22,2026-09-23,0.15,,,,wind:wind_get_stock_events
002747.SZ,002747.SZ_20160525_1,2016-05-25,2016-05-24,2016-05-25,0.4,,1,2016-05-25,wind:wind_get_stock_events
002747.SZ,002747.SZ_20170607_1,2017-06-07,2017-06-06,2017-06-07,0.2,,2,2017-06-07,wind:wind_get_stock_events
002747.SZ,002747.SZ_20180530_1,2018-05-30,2018-05-29,2018-05-30,0.072,,,,wind:wind_get_stock_events
002747.SZ,002747.SZ_20190603_1,2019-06-03,2019-05-31,2019-06-03,0.072,,,,wind:wind_get_stock_events
002747.SZ,002747.SZ_20210930_1,2021-09-30,2021-09-29,2021-09-30,0.045,,,,wind:wind_get_stock_events
002747.SZ,002747.SZ_20220623_1,2022-06-23,2022-06-22,2022-06-23,0.03,,,,wind:wind_get_stock_events
002747.SZ,002747.SZ_20230706_1,2023-07-06,2023-07-05,2023-07-06,0.03,,,,wind:wind_get_stock_events
002747.SZ,002747.SZ_20240607_1,2024-06-07,2024-06-06,2024-06-07,0.06,,,,wind:wind_get_stock_events
002749.SZ,002749.SZ_20160601_1,2016-06-01,2016-05-31,2016-06-01,1,,,,wind:wind_get_stock_events
002749.SZ,002749.SZ_20170511_1,2017-05-11,2017-05-10,2017-05-11,3,,,,wind:wind_get_stock_events
002749.SZ,002749.SZ_20180502_1,2018-05-02,2018-04-27,2018-05-02,2,,0.7,2018-05-02,wind:wind_get_stock_events
002749.SZ,002749.SZ_20181009_1,2018-10-09,2018-10-08,,,,0.7,2018-10-09,wind:wind_get_stock_events
002749.SZ,002749.SZ_20190528_1,2019-05-28,2019-05-27,2019-05-28,0.23,,0.7,2019-05-28,wind:wind_get_stock_events
002749.SZ,002749.SZ_20200529_1,2020-05-29,2020-05-28,2020-05-29,0.25,,0.158,2020-05-29,wind:wind_get_stock_events
002749.SZ,002749.SZ_20210604_1,2021-06-04,2021-06-03,2021-06-04,0.22,,,,wind:wind_get_stock_events
002749.SZ,002749.SZ_20220527_1,2022-05-27,2022-05-26,2022-05-27,0.22,,,,wind:wind_get_stock_events
002749.SZ,002749.SZ_20230519_1,2023-05-19,2023-05-18,2023-05-19,0.2,,,,wind:wind_get_stock_events
002749.SZ,002749.SZ_20240131_1,2024-01-31,2024-01-30,2024-01-31,0.3,,,,wind:wind_get_stock_events
002749.SZ,002749.SZ_20240529_1,2024-05-29,2024-05-28,2024-05-29,0.25,,,,wind:wind_get_stock_events
002749.SZ,002749.SZ_20240828_1,2024-08-28,2024-08-27,2024-08-28,0.3,,,,wind:wind_get_stock_events
002749.SZ,002749.SZ_20250121_1,2025-01-21,2025-01-20,2025-01-21,0.3,,,,wind:wind_get_stock_events
002749.SZ,002749.SZ_20250428_1,2025-04-28,2025-04-25,2025-04-28,0.3,,,,wind:wind_get_stock_events
002749.SZ,002749.SZ_20250819_1,2025-08-19,2025-08-18,2025-08-19,0.4,,,,wind:wind_get_stock_events
002749.SZ,002749.SZ_20251125_1,2025-11-25,2025-11-24,2025-11-25,0.3,,,,wind:wind_get_stock_events
002749.SZ,002749.SZ_20260522_1,2026-05-22,2026-05-21,2026-05-22,0.2,,0.2,2026-05-22,wind:wind_get_stock_events
002749.SZ,002749.SZ_20260827_1,2026-08-27,2026-08-26,2026-08-27,0.25,,,,wind:wind_get_stock_events
002752.SZ,002752.SZ_20160524_1,2016-05-24,2016-05-23,2016-05-24,0.1,0.4,0.1,2016-05-24,wind:wind_get_stock_events
002752.SZ,002752.SZ_20170609_1,2017-06-09,2017-06-08,2017-06-09,0.05,0.1,0.2,2017-06-09,wind:wind_get_stock_events
002752.SZ,002752.SZ_20180627_1,2018-06-27,2018-06-26,2018-06-27,0.05,,,,wind:wind_get_stock_events
002752.SZ,002752.SZ_20190612_1,2019-06-12,2019-06-11,2019-06-12,0.025,,,,wind:wind_get_stock_events
002752.SZ,002752.SZ_20200602_1,2020-06-02,2020-06-01,2020-06-02,0.025,,,,wind:wind_get_stock_events
002752.SZ,002752.SZ_20210611_1,2021-06-11,2021-06-10,2021-06-11,0.01,,,,wind:wind_get_stock_events
002752.SZ,002752.SZ_20220701_1,2022-07-01,2022-06-30,2022-07-01,0.03,,,,wind:wind_get_stock_events
002752.SZ,002752.SZ_20230717_1,2023-07-17,2023-07-14,2023-07-17,0.05,,,,wind:wind_get_stock_events
002752.SZ,002752.SZ_20240710_1,2024-07-10,2024-07-09,2024-07-10,0.1,,,,wind:wind_get_stock_events
002752.SZ,002752.SZ_20250710_1,2025-07-10,2025-07-09,2025-07-10,0.1,,,,wind:wind_get_stock_events
002752.SZ,002752.SZ_20260519_1,2026-05-19,2026-05-18,2026-05-19,0.1,,,,wind:wind_get_stock_events
002753.SZ,002753.SZ_20160422_1,2016-04-22,2016-04-21,2016-04-22,0.18,,0.5,2016-04-22,wind:wind_get_stock_events
002753.SZ,002753.SZ_20170613_1,2017-06-13,2017-06-12,2017-06-13,0.081,,0.5,2017-06-13,wind:wind_get_stock_events
002753.SZ,002753.SZ_20180605_1,2018-06-05,2018-06-04,2018-06-05,0.161,,0.5,2018-06-05,wind:wind_get_stock_events
002753.SZ,002753.SZ_20190614_1,2019-06-14,2019-06-13,2019-06-14,0.25,,,,wind:wind_get_stock_events
002753.SZ,002753.SZ_20200623_1,2020-06-23,2020-06-22,2020-06-23,0.04,,,,wind:wind_get_stock_events
002753.SZ,002753.SZ_20210602_1,2021-06-02,2021-06-01,2021-06-02,0.085,,,,wind:wind_get_stock_events
002753.SZ,002753.SZ_20220606_1,2022-06-06,2022-06-02,2022-06-06,0.212,,,,wind:wind_get_stock_events
002753.SZ,002753.SZ_20230621_1,2023-06-21,2023-06-20,2023-06-21,0.016,,,,wind:wind_get_stock_events
002753.SZ,002753.SZ_20240626_1,2024-06-26,2024-06-25,2024-06-26,0.137,,,,wind:wind_get_stock_events
002753.SZ,002753.SZ_20250617_1,2025-06-17,2025-06-16,2025-06-17,0.15,,,,wind:wind_get_stock_events
002753.SZ,002753.SZ_20260608_1,2026-06-08,2026-06-05,2026-06-08,0.046,,,,wind:wind_get_stock_events
002755.SZ,002755.SZ_20160531_1,2016-05-31,2016-05-30,2016-05-31,0.035,,,,wind:wind_get_stock_events
002755.SZ,002755.SZ_20170629_1,2017-06-29,2017-06-28,2017-06-29,0.012,,,,wind:wind_get_stock_events
002755.SZ,002755.SZ_20180531_1,2018-05-31,2018-05-30,2018-05-31,0.035,,0.7,2018-05-31,wind:wind_get_stock_events
002755.SZ,002755.SZ_20190627_1,2019-06-27,2019-06-26,2019-06-27,0.12,,,,wind:wind_get_stock_events
002755.SZ,002755.SZ_20200619_1,2020-06-19,2020-06-18,2020-06-19,0.22,,,,wind:wind_get_stock_events
002755.SZ,002755.SZ_20210618_1,2021-06-18,2021-06-17,2021-06-18,0.2,,,,wind:wind_get_stock_events
002755.SZ,002755.SZ_20220620_1,2022-06-20,2022-06-17,2022-06-20,0.1,,,,wind:wind_get_stock_events
002755.SZ,002755.SZ_20250616_1,2025-06-16,2025-06-13,2025-06-16,0.12,,,,wind:wind_get_stock_events
002755.SZ,002755.SZ_20260618_1,2026-06-18,2026-06-17,2026-06-18,0.12,,,,wind:wind_get_stock_events
002756.SZ,002756.SZ_20160620_1,2016-06-20,2016-06-17,2016-06-20,0.2,,0.8,2016-06-20,wind:wind_get_stock_events
002756.SZ,002756.SZ_20170420_1,2017-04-20,2017-04-19,2017-04-20,0.13,,,,wind:wind_get_stock_events
002756.SZ,002756.SZ_20180611_1,2018-06-11,2018-06-08,2018-06-11,1,,,,wind:wind_get_stock_events
002756.SZ,002756.SZ_20190523_1,2019-05-23,2019-05-22,2019-05-23,1,,,,wind:wind_get_stock_events
002756.SZ,002756.SZ_20200422_1,2020-04-22,2020-04-21,2020-04-22,0.456,,,,wind:wind_get_stock_events
002756.SZ,002756.SZ_20210601_1,2021-06-01,2021-05-31,2021-06-01,0.31,,,,wind:wind_get_stock_events
002756.SZ,002756.SZ_20220527_1,2022-05-27,2022-05-26,2022-05-27,0.5,,,,wind:wind_get_stock_events
002756.SZ,002756.SZ_20230421_1,2023-04-21,2023-04-20,2023-04-21,5,,0.3,2023-04-21,wind:wind_get_stock_events
002756.SZ,002756.SZ_20230927_1,2023-09-27,2023-09-26,2023-09-27,1,,,,wind:wind_get_stock_events
002756.SZ,002756.SZ_20240530_1,2024-05-30,2024-05-29,2024-05-30,2,,,,wind:wind_get_stock_events
002756.SZ,002756.SZ_20241010_1,2024-10-10,2024-10-09,2024-10-10,0.5,,,,wind:wind_get_stock_events
002756.SZ,002756.SZ_20250509_1,2025-05-09,2025-05-08,2025-05-09,0.5,,,,wind:wind_get_stock_events
002756.SZ,002756.SZ_20251022_1,2025-10-22,2025-10-21,2025-10-22,0.3,,,,wind:wind_get_stock_events
002756.SZ,002756.SZ_20260529_1,2026-05-29,2026-05-28,2026-05-29,0.4,,,,wind:wind_get_stock_events
002758.SZ,002758.SZ_20160608_1,2016-06-08,2016-06-07,2016-06-08,0.3,,1.5,2016-06-08,wind:wind_get_stock_events
002758.SZ,002758.SZ_20170512_1,2017-05-12,2017-05-11,2017-05-12,0.11,,0.5,2017-05-12,wind:wind_get_stock_events
002758.SZ,002758.SZ_20180509_1,2018-05-09,2018-05-08,2018-05-09,0.08,,,,wind:wind_get_stock_events
002758.SZ,002758.SZ_20190611_1,2019-06-11,2019-06-10,2019-06-11,0.08,,,,wind:wind_get_stock_events
002758.SZ,002758.SZ_20200526_1,2020-05-26,2020-05-25,2020-05-26,0.08,,,,wind:wind_get_stock_events
002758.SZ,002758.SZ_20210607_1,2021-06-07,2021-06-04,2021-06-07,0.18,,,,wind:wind_get_stock_events
002758.SZ,002758.SZ_20220530_1,2022-05-30,2022-05-27,2022-05-30,0.3,,,,wind:wind_get_stock_events
002758.SZ,002758.SZ_20230526_1,2023-05-26,2023-05-25,2023-05-26,0.3,,,,wind:wind_get_stock_events
002758.SZ,002758.SZ_20240528_1,2024-05-28,2024-05-27,2024-05-28,0.3,,,,wind:wind_get_stock_events
002758.SZ,002758.SZ_20250527_1,2025-05-27,2025-05-26,2025-05-27,0.3,,,,wind:wind_get_stock_events
002758.SZ,002758.SZ_20260710_1,2026-07-10,2026-07-09,2026-07-10,0.33,,,,wind:wind_get_stock_events
002763.SZ,002763.SZ_20160526_1,2016-05-26,2016-05-25,2016-05-26,0.3,,,,wind:wind_get_stock_events
002763.SZ,002763.SZ_20170510_1,2017-05-10,2017-05-09,2017-05-10,0.4,,,,wind:wind_get_stock_events
002763.SZ,002763.SZ_20170922_1,2017-09-22,2017-09-21,,,,0.8,2017-09-22,wind:wind_get_stock_events
002763.SZ,002763.SZ_20180521_1,2018-05-21,2018-05-18,2018-05-21,0.3,,,,wind:wind_get_stock_events
002763.SZ,002763.SZ_20190527_1,2019-05-27,2019-05-24,2019-05-27,0.45,,,,wind:wind_get_stock_events
002763.SZ,002763.SZ_20200605_1,2020-06-05,2020-06-04,2020-06-05,0.4,,,,wind:wind_get_stock_events
002763.SZ,002763.SZ_20210609_1,2021-06-09,2021-06-08,2021-06-09,1,,,,wind:wind_get_stock_events
002763.SZ,002763.SZ_20230607_1,2023-06-07,2023-06-06,2023-06-07,0.5,,,,wind:wind_get_stock_events
002763.SZ,002763.SZ_20240510_1,2024-05-10,2024-05-09,2024-05-10,0.4,,,,wind:wind_get_stock_events
002763.SZ,002763.SZ_20250529_1,2025-05-29,2025-05-28,2025-05-29,0.15,,,,wind:wind_get_stock_events
002763.SZ,002763.SZ_20250924_1,2025-09-24,2025-09-23,2025-09-24,0.3,,,,wind:wind_get_stock_events
002763.SZ,002763.SZ_20260515_1,2026-05-15,2026-05-14,2026-05-15,0.8,,,,wind:wind_get_stock_events
002766.SZ,002766.SZ_20160714_1,2016-07-14,2016-07-13,2016-07-14,0.108,,,,wind:wind_get_stock_events
002766.SZ,002766.SZ_20170713_1,2017-07-13,2017-07-12,2017-07-13,0.1,,1,2017-07-13,wind:wind_get_stock_events
002766.SZ,002766.SZ_20180716_1,2018-07-16,2018-07-13,2018-07-16,0.025,,,,wind:wind_get_stock_events
002766.SZ,002766.SZ_20220104_1,2022-01-04,2021-12-31,,,,1,2022-01-04,wind:wind_get_stock_events
002767.SZ,002767.SZ_20160531_1,2016-05-31,2016-05-30,2016-05-31,0.1,,0.5,2016-05-31,wind:wind_get_stock_events
002767.SZ,002767.SZ_20170712_1,2017-07-12,2017-07-11,2017-07-12,0.08,,,,wind:wind_get_stock_events
002767.SZ,002767.SZ_20180705_1,2018-07-05,2018-07-04,2018-07-05,0.056,,,,wind:wind_get_stock_events
002767.SZ,002767.SZ_20190712_1,2019-07-12,2019-07-11,2019-07-12,0.031,,,,wind:wind_get_stock_events
002767.SZ,002767.SZ_20200710_1,2020-07-10,2020-07-09,2020-07-10,0.035,,,,wind:wind_get_stock_events
002767.SZ,002767.SZ_20210701_1,2021-07-01,2021-06-30,2021-07-01,0.028,,,,wind:wind_get_stock_events
002767.SZ,002767.SZ_20220629_1,2022-06-29,2022-06-28,2022-06-29,0.027,,,,wind:wind_get_stock_events
002767.SZ,002767.SZ_20240628_1,2024-06-28,2024-06-27,2024-06-28,0.016,,,,wind:wind_get_stock_events
002767.SZ,002767.SZ_20250710_1,2025-07-10,2025-07-09,2025-07-10,0.044,,,,wind:wind_get_stock_events
002767.SZ,002767.SZ_20260709_1,2026-07-09,2026-07-08,2026-07-09,0.031,,,,wind:wind_get_stock_events
002769.SZ,002769.SZ_20150925_1,2015-09-25,2015-09-24,,,,1,2015-09-25,wind:wind_get_stock_events
002769.SZ,002769.SZ_20160711_1,2016-07-11,2016-07-08,2016-07-11,0.2099,,1.4994,2016-07-11,wind:wind_get_stock_events
002769.SZ,002769.SZ_20170609_1,2017-06-09,2017-06-08,2017-06-09,0.1,,,,wind:wind_get_stock_events
002769.SZ,002769.SZ_20180528_1,2018-05-28,2018-05-25,2018-05-28,0.033,,,,wind:wind_get_stock_events
002769.SZ,002769.SZ_20190603_1,2019-06-03,2019-05-31,2019-06-03,0.047,,,,wind:wind_get_stock_events
002769.SZ,002769.SZ_20200601_1,2020-06-01,2020-05-29,2020-06-01,0.018,,,,wind:wind_get_stock_events
002769.SZ,002769.SZ_20210601_1,2021-06-01,2021-05-31,2021-06-01,0.036,,,,wind:wind_get_stock_events
002769.SZ,002769.SZ_20220609_1,2022-06-09,2022-06-08,2022-06-09,0.02,,,,wind:wind_get_stock_events
002769.SZ,002769.SZ_20260605_1,2026-06-05,2026-06-04,2026-06-05,0.016,,,,wind:wind_get_stock_events
002771.SZ,002771.SZ_20160620_1,2016-06-20,2016-06-17,2016-06-20,0.3,,,,wind:wind_get_stock_events
002771.SZ,002771.SZ_20170616_1,2017-06-16,2017-06-15,2017-06-16,0.3,,1,2017-06-16,wind:wind_get_stock_events
002771.SZ,002771.SZ_20180518_1,2018-05-18,2018-05-17,2018-05-18,0.15,,,,wind:wind_get_stock_events
002771.SZ,002771.SZ_20190611_1,2019-06-11,2019-06-10,2019-06-11,0.075,,0.3,2019-06-11,wind:wind_get_stock_events
002771.SZ,002771.SZ_20200605_1,2020-06-05,2020-06-04,2020-06-05,0.035,,,,wind:wind_get_stock_events
002771.SZ,002771.SZ_20210611_1,2021-06-11,2021-06-10,2021-06-11,0.02,,,,wind:wind_get_stock_events
002771.SZ,002771.SZ_20220708_1,2022-07-08,2022-07-07,2022-07-08,0.013,,,,wind:wind_get_stock_events
002771.SZ,002771.SZ_20230705_1,2023-07-05,2023-07-04,2023-07-05,0.013,,,,wind:wind_get_stock_events
002771.SZ,002771.SZ_20250625_1,2025-06-25,2025-06-24,2025-06-25,0.0102,,,,wind:wind_get_stock_events
002772.SZ,002772.SZ_20160415_1,2016-04-15,2016-04-14,2016-04-15,0.1051,,1.0513,2016-04-15,wind:wind_get_stock_events
002772.SZ,002772.SZ_20170331_1,2017-03-31,2017-03-30,2017-03-31,0.1,,,,wind:wind_get_stock_events
002772.SZ,002772.SZ_20180515_1,2018-05-15,2018-05-14,2018-05-15,0.1,,,,wind:wind_get_stock_events
002772.SZ,002772.SZ_20190522_1,2019-05-22,2019-05-21,2019-05-22,0.1,,,,wind:wind_get_stock_events
002772.SZ,002772.SZ_20200605_1,2020-06-05,2020-06-04,2020-06-05,0.1,,,,wind:wind_get_stock_events
002772.SZ,002772.SZ_20210520_1,2021-05-20,2021-05-19,2021-05-20,0.1,,,,wind:wind_get_stock_events
002772.SZ,002772.SZ_20220519_1,2022-05-19,2022-05-18,2022-05-19,0.1,,,,wind:wind_get_stock_events
002772.SZ,002772.SZ_20230509_1,2023-05-09,2023-05-08,2023-05-09,0.3,,,,wind:wind_get_stock_events
002772.SZ,002772.SZ_20240516_1,2024-05-16,2024-05-15,2024-05-16,0.3,,,,wind:wind_get_stock_events
002772.SZ,002772.SZ_20250519_1,2025-05-19,2025-05-16,2025-05-19,0.3,,,,wind:wind_get_stock_events
002772.SZ,002772.SZ_20260203_1,2026-02-03,2026-02-02,2026-02-03,0.15,,,,wind:wind_get_stock_events
002772.SZ,002772.SZ_20260519_1,2026-05-19,2026-05-18,2026-05-19,0.3,,,,wind:wind_get_stock_events
002773.SZ,002773.SZ_20160608_1,2016-06-08,2016-06-07,2016-06-08,0.2,,0.5,2016-06-08,wind:wind_get_stock_events
002773.SZ,002773.SZ_20170601_1,2017-06-01,2017-05-31,2017-06-01,0.15,,,,wind:wind_get_stock_events
002773.SZ,002773.SZ_20180611_1,2018-06-11,2018-06-08,2018-06-11,0.28,,,,wind:wind_get_stock_events
002773.SZ,002773.SZ_20190606_1,2019-06-06,2019-06-05,2019-06-06,0.28,,0.3,2019-06-06,wind:wind_get_stock_events
002773.SZ,002773.SZ_20200612_1,2020-06-12,2020-06-11,2020-06-12,0.28,,,,wind:wind_get_stock_events
002773.SZ,002773.SZ_20210611_1,2021-06-11,2021-06-10,2021-06-11,0.1,,,,wind:wind_get_stock_events
002773.SZ,002773.SZ_20220608_1,2022-06-08,2022-06-07,2022-06-08,0.1,,,,wind:wind_get_stock_events
002773.SZ,002773.SZ_20230606_1,2023-06-06,2023-06-05,2023-06-06,0.15,,,,wind:wind_get_stock_events
002773.SZ,002773.SZ_20240528_1,2024-05-28,2024-05-27,2024-05-28,0.38,,,,wind:wind_get_stock_events
002773.SZ,002773.SZ_20250606_1,2025-06-06,2025-06-05,2025-06-06,0.6,,,,wind:wind_get_stock_events
002773.SZ,002773.SZ_20260609_1,2026-06-09,2026-06-08,2026-06-09,0.7,,,,wind:wind_get_stock_events
002774.SZ,002774.SZ_20180608_1,2018-06-08,2018-06-07,2018-06-08,0.067,,,,wind:wind_get_stock_events
002774.SZ,002774.SZ_20190529_1,2019-05-29,2019-05-28,2019-05-29,0.042,,,,wind:wind_get_stock_events
002774.SZ,002774.SZ_20200522_1,2020-05-22,2020-05-21,2020-05-22,0.045,,,,wind:wind_get_stock_events
002774.SZ,002774.SZ_20210616_1,2021-06-16,2021-06-15,2021-06-16,0.05,,,,wind:wind_get_stock_events
002774.SZ,002774.SZ_20220622_1,2022-06-22,2022-06-21,2022-06-22,0.7,,,,wind:wind_get_stock_events
002774.SZ,002774.SZ_20230523_1,2023-05-23,2023-05-22,2023-05-23,0.25,,,,wind:wind_get_stock_events
002774.SZ,002774.SZ_20240515_1,2024-05-15,2024-05-14,2024-05-15,0.4,,,,wind:wind_get_stock_events
002774.SZ,002774.SZ_20250507_1,2025-05-07,2025-05-06,2025-05-07,0.36,,,,wind:wind_get_stock_events
002774.SZ,002774.SZ_20260522_1,2026-05-22,2026-05-21,2026-05-22,0.3,,,,wind:wind_get_stock_events
002778.SZ,002778.SZ_20170615_1,2017-06-15,2017-06-14,2017-06-15,0.08,,,,wind:wind_get_stock_events
002778.SZ,002778.SZ_20180615_1,2018-06-15,2018-06-14,2018-06-15,0.07,,,,wind:wind_get_stock_events
002778.SZ,002778.SZ_20190626_1,2019-06-26,2019-06-25,2019-06-26,0.045,,,,wind:wind_get_stock_events
002778.SZ,002778.SZ_20200617_1,2020-06-17,2020-06-16,2020-06-17,0.04,,,,wind:wind_get_stock_events
002778.SZ,002778.SZ_20210604_1,2021-06-04,2021-06-03,2021-06-04,0.1,0.4,,2021-06-04,wind:wind_get_stock_events
002778.SZ,002778.SZ_20220523_1,2022-05-23,2022-05-20,2022-05-23,0.15,,,,wind:wind_get_stock_events
002779.SZ,002779.SZ_20160701_1,2016-07-01,2016-06-30,2016-07-01,0.115,,0.5,2016-07-01,wind:wind_get_stock_events
002779.SZ,002779.SZ_20170705_1,2017-07-05,2017-07-04,2017-07-05,0.055,,,,wind:wind_get_stock_events
002779.SZ,002779.SZ_20180705_1,2018-07-05,2018-07-04,2018-07-05,0.036,,,,wind:wind_get_stock_events
002779.SZ,002779.SZ_20190704_1,2019-07-04,2019-07-03,2019-07-04,0.018,,,,wind:wind_get_stock_events
002779.SZ,002779.SZ_20200723_1,2020-07-23,2020-07-22,2020-07-23,0.012,,,,wind:wind_get_stock_events
002779.SZ,002779.SZ_20220714_1,2022-07-14,2022-07-13,2022-07-14,0.02,,,,wind:wind_get_stock_events
002779.SZ,002779.SZ_20230713_1,2023-07-13,2023-07-12,2023-07-13,0.042,,,,wind:wind_get_stock_events
002779.SZ,002779.SZ_20240703_1,2024-07-03,2024-07-02,2024-07-03,0.15,,,,wind:wind_get_stock_events
002779.SZ,002779.SZ_20250611_1,2025-06-11,2025-06-10,2025-06-11,0.11,,0.4,2025-06-11,wind:wind_get_stock_events
002779.SZ,002779.SZ_20260622_1,2026-06-22,2026-06-18,2026-06-22,0.173,,,,wind:wind_get_stock_events
002780.SZ,002780.SZ_20160629_1,2016-06-29,2016-06-28,2016-06-29,0.0993,,,,wind:wind_get_stock_events
002780.SZ,002780.SZ_20170516_1,2017-05-16,2017-05-15,2017-05-16,0.06,,0.5001,2017-05-16,wind:wind_get_stock_events
002780.SZ,002780.SZ_20190522_1,2019-05-22,2019-05-21,2019-05-22,0.02,,0.3,2019-05-22,wind:wind_get_stock_events
002780.SZ,002780.SZ_20260603_1,2026-06-03,2026-06-02,2026-06-03,0.05,,,,wind:wind_get_stock_events
002780.SZ,002780.SZ_20260922_1,2026-09-22,2026-09-21,2026-09-22,0.02,,,,wind:wind_get_stock_events
002782.SZ,002782.SZ_20160608_1,2016-06-08,2016-06-07,2016-06-08,0.1,,1.5,2016-06-08,wind:wind_get_stock_events
002782.SZ,002782.SZ_20170607_1,2017-06-07,2017-06-06,2017-06-07,0.1,,,,wind:wind_get_stock_events
002782.SZ,002782.SZ_20180426_1,2018-04-26,2018-04-25,2018-04-26,0.2,,,,wind:wind_get_stock_events
002782.SZ,002782.SZ_20190430_1,2019-04-30,2019-04-29,2019-04-30,0.1,,,,wind:wind_get_stock_events
002782.SZ,002782.SZ_20200515_1,2020-05-15,2020-05-14,2020-05-15,0.1,,,,wind:wind_get_stock_events
002782.SZ,002782.SZ_20210512_1,2021-05-12,2021-05-11,2021-05-12,0.15,,,,wind:wind_get_stock_events
002782.SZ,002782.SZ_20220622_1,2022-06-22,2022-06-21,2022-06-22,0.05,,,,wind:wind_get_stock_events
002782.SZ,002782.SZ_20230512_1,2023-05-12,2023-05-11,2023-05-12,0.08,,,,wind:wind_get_stock_events
002782.SZ,002782.SZ_20240515_1,2024-05-15,2024-05-14,2024-05-15,0.08,,,,wind:wind_get_stock_events
002782.SZ,002782.SZ_20250528_1,2025-05-28,2025-05-27,2025-05-28,0.15,,,,wind:wind_get_stock_events
002782.SZ,002782.SZ_20260515_1,2026-05-15,2026-05-14,2026-05-15,0.2,,,,wind:wind_get_stock_events
002785.SZ,002785.SZ_20160706_1,2016-07-06,2016-07-05,2016-07-06,0.011,,,,wind:wind_get_stock_events
002785.SZ,002785.SZ_20170804_1,2017-08-04,2017-08-03,2017-08-04,0.012,,,,wind:wind_get_stock_events
002785.SZ,002785.SZ_20190718_1,2019-07-18,2019-07-17,2019-07-18,0.006,,,,wind:wind_get_stock_events
002785.SZ,002785.SZ_20210721_1,2021-07-21,2021-07-20,2021-07-21,0.007,,,,wind:wind_get_stock_events
002787.SZ,002787.SZ_20160707_1,2016-07-07,2016-07-06,2016-07-07,0.5,,,,wind:wind_get_stock_events
002787.SZ,002787.SZ_20170612_1,2017-06-12,2017-06-09,2017-06-12,0.5,,1,2017-06-12,wind:wind_get_stock_events
002787.SZ,002787.SZ_20180606_1,2018-06-06,2018-06-05,2018-06-06,0.2,,,,wind:wind_get_stock_events
002787.SZ,002787.SZ_20190530_1,2019-05-30,2019-05-29,2019-05-30,0.05,,,,wind:wind_get_stock_events
002787.SZ,002787.SZ_20200605_1,2020-06-05,2020-06-04,2020-06-05,0.1,,,,wind:wind_get_stock_events
002787.SZ,002787.SZ_20210611_1,2021-06-11,2021-06-10,2021-06-11,0.05,,,,wind:wind_get_stock_events
002787.SZ,002787.SZ_20250521_1,2025-05-21,2025-05-20,2025-05-21,0.1,,,,wind:wind_get_stock_events
002788.SZ,002788.SZ_20170607_1,2017-06-07,2017-06-06,2017-06-07,0.2,,,,wind:wind_get_stock_events
002788.SZ,002788.SZ_20180525_1,2018-05-25,2018-05-24,2018-05-25,0.2,0.5,,2018-05-25,wind:wind_get_stock_events
002788.SZ,002788.SZ_20190529_1,2019-05-29,2019-05-28,2019-05-29,0.2,,0.7,2019-05-29,wind:wind_get_stock_events
002788.SZ,002788.SZ_20200608_1,2020-06-08,2020-06-05,2020-06-08,0.15,,,,wind:wind_get_stock_events
002788.SZ,002788.SZ_20210603_1,2021-06-03,2021-06-02,2021-06-03,0.2,,,,wind:wind_get_stock_events
002788.SZ,002788.SZ_20220706_1,2022-07-06,2022-07-05,2022-07-06,0.3,,,,wind:wind_get_stock_events
002788.SZ,002788.SZ_20230614_1,2023-06-14,2023-06-13,2023-06-14,0.3,,,,wind:wind_get_stock_events
002788.SZ,002788.SZ_20240704_1,2024-07-04,2024-07-03,2024-07-04,0.3,,,,wind:wind_get_stock_events
002788.SZ,002788.SZ_20250710_1,2025-07-10,2025-07-09,2025-07-10,0.35,,,,wind:wind_get_stock_events
002788.SZ,002788.SZ_20260710_1,2026-07-10,2026-07-09,2026-07-10,0.35,,,,wind:wind_get_stock_events
002790.SZ,002790.SZ_20170601_1,2017-06-01,2017-05-31,2017-06-01,0.4,,,,wind:wind_get_stock_events
002790.SZ,002790.SZ_20180525_1,2018-05-25,2018-05-24,2018-05-25,0.5,,0.6,2018-05-25,wind:wind_get_stock_events
002790.SZ,002790.SZ_20190530_1,2019-05-30,2019-05-29,2019-05-30,0.3,,0.6,2019-05-30,wind:wind_get_stock_events
002790.SZ,002790.SZ_20200623_1,2020-06-23,2020-06-22,2020-06-23,0.2,,,,wind:wind_get_stock_events
002790.SZ,002790.SZ_20210630_1,2021-06-30,2021-06-29,2021-06-30,0.15,,,,wind:wind_get_stock_events
002790.SZ,002790.SZ_20220530_1,2022-05-30,2022-05-27,2022-05-30,0.15,,,,wind:wind_get_stock_events
002790.SZ,002790.SZ_20230601_1,2023-06-01,2023-05-31,2023-06-01,0.2,,,,wind:wind_get_stock_events
002790.SZ,002790.SZ_20240618_1,2024-06-18,2024-06-17,2024-06-18,0.25,,,,wind:wind_get_stock_events
002790.SZ,002790.SZ_20241219_1,2024-12-19,2024-12-18,2024-12-19,0.04,,,,wind:wind_get_stock_events
002790.SZ,002790.SZ_20250619_1,2025-06-19,2025-06-18,2025-06-19,0.2,,,,wind:wind_get_stock_events
002790.SZ,002790.SZ_20260623_1,2026-06-23,2026-06-22,2026-06-23,0.015,,,,wind:wind_get_stock_events
002791.SZ,002791.SZ_20170608_1,2017-06-08,2017-06-07,2017-06-08,0.25,,0.5,2017-06-08,wind:wind_get_stock_events
002791.SZ,002791.SZ_20180614_1,2018-06-14,2018-06-13,2018-06-14,0.1,,,,wind:wind_get_stock_events
002791.SZ,002791.SZ_20190618_1,2019-06-18,2019-06-17,2019-06-18,0.1,,,,wind:wind_get_stock_events
002791.SZ,002791.SZ_20200610_1,2020-06-10,2020-06-09,2020-06-10,0.15,,,,wind:wind_get_stock_events
002791.SZ,002791.SZ_20210629_1,2021-06-29,2021-06-28,2021-06-29,0.55,,,,wind:wind_get_stock_events
002791.SZ,002791.SZ_20220707_1,2022-07-07,2022-07-06,2022-07-07,0.35,,,,wind:wind_get_stock_events
002791.SZ,002791.SZ_20230628_1,2023-06-28,2023-06-27,2023-06-28,0.1,,,,wind:wind_get_stock_events
002791.SZ,002791.SZ_20240429_1,2024-04-29,2024-04-26,2024-04-29,0.1,,,,wind:wind_get_stock_events
002791.SZ,002791.SZ_20250521_1,2025-05-21,2025-05-20,2025-05-21,0.2,,,,wind:wind_get_stock_events
002792.SZ,002792.SZ_20170616_1,2017-06-16,2017-06-15,2017-06-16,0.2,,,,wind:wind_get_stock_events
002792.SZ,002792.SZ_20180629_1,2018-06-29,2018-06-28,2018-06-29,0.05,,,,wind:wind_get_stock_events
002792.SZ,002792.SZ_20190618_1,2019-06-18,2019-06-17,2019-06-18,0.04,,0.5,2019-06-18,wind:wind_get_stock_events
002792.SZ,002792.SZ_20200619_1,2020-06-19,2020-06-18,2020-06-19,0.02,,,,wind:wind_get_stock_events
002792.SZ,002792.SZ_20210527_1,2021-05-27,2021-05-26,2021-05-27,0.3,,,,wind:wind_get_stock_events
002792.SZ,002792.SZ_20220607_1,2022-06-07,2022-06-06,2022-06-07,0.02,,,,wind:wind_get_stock_events
002792.SZ,002792.SZ_20230707_1,2023-07-07,2023-07-06,2023-07-07,0.1,,,,wind:wind_get_stock_events
002792.SZ,002792.SZ_20240618_1,2024-06-18,2024-06-17,2024-06-18,0.2,,0.3,2024-06-18,wind:wind_get_stock_events
002792.SZ,002792.SZ_20250606_1,2025-06-06,2025-06-05,2025-06-06,0.025,,,,wind:wind_get_stock_events
002792.SZ,002792.SZ_20260616_1,2026-06-16,2026-06-15,2026-06-16,0.025,,,,wind:wind_get_stock_events
002795.SZ,002795.SZ_20170511_1,2017-05-11,2017-05-10,2017-05-11,0.5,,1,2017-05-11,wind:wind_get_stock_events
002795.SZ,002795.SZ_20180622_1,2018-06-22,2018-06-21,2018-06-22,0.25,,,,wind:wind_get_stock_events
002795.SZ,002795.SZ_20190402_1,2019-04-02,2019-04-01,2019-04-02,0.5,,,,wind:wind_get_stock_events
002795.SZ,002795.SZ_20220601_1,2022-06-01,2022-05-31,,,,0.4,2022-06-01,wind:wind_get_stock_events
002795.SZ,002795.SZ_20230601_1,2023-06-01,2023-05-31,,,,0.4,2023-06-01,wind:wind_get_stock_events
002798.SZ,002798.SZ_20170512_1,2017-05-12,2017-05-11,2017-05-12,0.3,,,,wind:wind_get_stock_events
002798.SZ,002798.SZ_20180518_1,2018-05-18,2018-05-17,2018-05-18,0.2,,0.7,2018-05-18,wind:wind_get_stock_events
002798.SZ,002798.SZ_20180925_1,2018-09-25,2018-09-21,,,,0.7,2018-09-25,wind:wind_get_stock_events
002798.SZ,002798.SZ_20190606_1,2019-06-06,2019-06-05,2019-06-06,0.3,,,,wind:wind_get_stock_events
002798.SZ,002798.SZ_20200609_1,2020-06-09,2020-06-08,2020-06-09,0.099,,,,wind:wind_get_stock_events
002798.SZ,002798.SZ_20210430_1,2021-04-30,2021-04-29,2021-04-30,0.2,,,,wind:wind_get_stock_events
002798.SZ,002798.SZ_20220602_1,2022-06-02,2022-06-01,2022-06-02,0.2,,,,wind:wind_get_stock_events
002799.SZ,002799.SZ_20170627_1,2017-06-27,2017-06-26,2017-06-27,0.2,0.5,,2017-06-27,wind:wind_get_stock_events
002799.SZ,002799.SZ_20190711_1,2019-07-11,2019-07-10,2019-07-11,0.035,,,,wind:wind_get_stock_events
002799.SZ,002799.SZ_20200714_1,2020-07-14,2020-07-13,2020-07-14,0.1,,0.2,2020-07-14,wind:wind_get_stock_events
002799.SZ,002799.SZ_20210527_1,2021-05-27,2021-05-26,2021-05-27,0.08,,0.4,2021-05-27,wind:wind_get_stock_events
002799.SZ,002799.SZ_20230808_1,2023-08-08,2023-08-07,2023-08-08,0.02,,,,wind:wind_get_stock_events
002799.SZ,002799.SZ_20240816_1,2024-08-16,2024-08-15,2024-08-16,0.036,,,,wind:wind_get_stock_events
002800.SZ,002800.SZ_20170802_1,2017-08-02,2017-08-01,2017-08-02,0.1,,,,wind:wind_get_stock_events
002800.SZ,002800.SZ_20180713_1,2018-07-13,2018-07-12,2018-07-13,0.12,,,,wind:wind_get_stock_events
002800.SZ,002800.SZ_20190604_1,2019-06-04,2019-06-03,2019-06-04,0.016,,,,wind:wind_get_stock_events
002800.SZ,002800.SZ_20200612_1,2020-06-12,2020-06-11,2020-06-12,0.055,,,,wind:wind_get_stock_events
002800.SZ,002800.SZ_20210526_1,2021-05-26,2021-05-25,2021-05-26,0.079,,0.4,2021-05-26,wind:wind_get_stock_events
002800.SZ,002800.SZ_20220614_1,2022-06-14,2022-06-13,2022-06-14,0.111,,,,wind:wind_get_stock_events
002800.SZ,002800.SZ_20240702_1,2024-07-02,2024-07-01,,,,0.4,2024-07-02,wind:wind_get_stock_events
002800.SZ,002800.SZ_20250625_1,2025-06-25,2025-06-24,2025-06-25,0.03,,,,wind:wind_get_stock_events
002801.SZ,002801.SZ_20160920_1,2016-09-20,2016-09-19,2016-09-20,0.2,,,,wind:wind_get_stock_events
002801.SZ,002801.SZ_20170420_1,2017-04-20,2017-04-19,2017-04-20,0.3,,1,2017-04-20,wind:wind_get_stock_events
002801.SZ,002801.SZ_20180525_1,2018-05-25,2018-05-24,2018-05-25,0.5,,,,wind:wind_get_stock_events
002801.SZ,002801.SZ_20190606_1,2019-06-06,2019-06-05,2019-06-06,0.3,,,,wind:wind_get_stock_events
002801.SZ,002801.SZ_20200703_1,2020-07-03,2020-07-02,2020-07-03,0.3,,0.3,2020-07-03,wind:wind_get_stock_events
002801.SZ,002801.SZ_20210603_1,2021-06-03,2021-06-02,2021-06-03,0.3,,0.5,2021-06-03,wind:wind_get_stock_events
002801.SZ,002801.SZ_20211026_1,2021-10-26,2021-10-25,2021-10-26,0.2,,,,wind:wind_get_stock_events
002801.SZ,002801.SZ_20220422_1,2022-04-22,2022-04-21,2022-04-22,0.5,,,,wind:wind_get_stock_events
002801.SZ,002801.SZ_20230517_1,2023-05-17,2023-05-16,2023-05-17,0.5,,,,wind:wind_get_stock_events
002801.SZ,002801.SZ_20240613_1,2024-06-13,2024-06-12,2024-06-13,0.3,,,,wind:wind_get_stock_events
002801.SZ,002801.SZ_20250528_1,2025-05-28,2025-05-27,2025-05-28,0.35,,,,wind:wind_get_stock_events
002801.SZ,002801.SZ_20250930_1,2025-09-30,2025-09-29,2025-09-30,0.15,,,,wind:wind_get_stock_events
002801.SZ,002801.SZ_20260520_1,2026-05-20,2026-05-19,2026-05-20,0.35,,,,wind:wind_get_stock_events
002801.SZ,002801.SZ_20260826_1,2026-08-26,2026-08-25,2026-08-26,0.15,,,,wind:wind_get_stock_events
002802.SZ,002802.SZ_20160928_1,2016-09-28,2016-09-27,2016-09-28,0.15,,,,wind:wind_get_stock_events
002802.SZ,002802.SZ_20170714_1,2017-07-14,2017-07-13,2017-07-14,0.15,,,,wind:wind_get_stock_events
002802.SZ,002802.SZ_20180615_1,2018-06-15,2018-06-14,2018-06-15,0.3511,,,,wind:wind_get_stock_events
002802.SZ,002802.SZ_20190717_1,2019-07-17,2019-07-16,2019-07-17,1,,,,wind:wind_get_stock_events
002802.SZ,002802.SZ_20200528_1,2020-05-28,2020-05-27,2020-05-28,0.5,,,,wind:wind_get_stock_events
002802.SZ,002802.SZ_20200916_1,2020-09-16,2020-09-15,2020-09-16,0.3,,,,wind:wind_get_stock_events
002802.SZ,002802.SZ_20210604_1,2021-06-04,2021-06-03,2021-06-04,0.5,,,,wind:wind_get_stock_events
002802.SZ,002802.SZ_20220608_1,2022-06-08,2022-06-07,2022-06-08,0.4,,0.3,2022-06-08,wind:wind_get_stock_events
002802.SZ,002802.SZ_20230512_1,2023-05-12,2023-05-11,2023-05-12,0.6,,0.3,2023-05-12,wind:wind_get_stock_events
002802.SZ,002802.SZ_20240722_1,2024-07-22,2024-07-19,2024-07-22,0.25,,,,wind:wind_get_stock_events
002802.SZ,002802.SZ_20241106_1,2024-11-06,2024-11-05,2024-11-06,0.12,,,,wind:wind_get_stock_events
002802.SZ,002802.SZ_20250716_1,2025-07-16,2025-07-15,2025-07-16,0.1,,,,wind:wind_get_stock_events
002802.SZ,002802.SZ_20260529_1,2026-05-29,2026-05-28,2026-05-29,0.1,,,,wind:wind_get_stock_events
002803.SZ,002803.SZ_20170608_1,2017-06-08,2017-06-07,2017-06-08,0.12,,,,wind:wind_get_stock_events
002803.SZ,002803.SZ_20180626_1,2018-06-26,2018-06-25,2018-06-26,0.13,,,,wind:wind_get_stock_events
002803.SZ,002803.SZ_20181218_1,2018-12-18,2018-12-17,,,,0.7,2018-12-18,wind:wind_get_stock_events
002803.SZ,002803.SZ_20190702_1,2019-07-02,2019-07-01,2019-07-02,0.443,,,,wind:wind_get_stock_events
002803.SZ,002803.SZ_20200609_1,2020-06-09,2020-06-08,2020-06-09,0.1,,0.7,2020-06-09,wind:wind_get_stock_events
002803.SZ,002803.SZ_20210712_1,2021-07-12,2021-07-09,2021-07-12,0.1,,,,wind:wind_get_stock_events
002803.SZ,002803.SZ_20230310_1,2023-03-10,2023-03-09,2023-03-10,0.263,,,,wind:wind_get_stock_events
002803.SZ,002803.SZ_20230925_1,2023-09-25,2023-09-22,2023-09-25,0.2,,,,wind:wind_get_stock_events
002803.SZ,002803.SZ_20240430_1,2024-04-30,2024-04-29,2024-04-30,0.36,,,,wind:wind_get_stock_events
002803.SZ,002803.SZ_20241217_1,2024-12-17,2024-12-16,2024-12-17,0.18,,,,wind:wind_get_stock_events
002803.SZ,002803.SZ_20250522_1,2025-05-22,2025-05-21,2025-05-22,0.158,,,,wind:wind_get_stock_events
002803.SZ,002803.SZ_20251015_1,2025-10-15,2025-10-14,2025-10-15,0.18,,,,wind:wind_get_stock_events
002803.SZ,002803.SZ_20260624_1,2026-06-24,2026-06-23,2026-06-24,0.18,,,,wind:wind_get_stock_events
002805.SZ,002805.SZ_20170706_1,2017-07-06,2017-07-05,2017-07-06,0.055,,,,wind:wind_get_stock_events
002805.SZ,002805.SZ_20180629_1,2018-06-29,2018-06-28,2018-06-29,0.07,,,,wind:wind_get_stock_events
002805.SZ,002805.SZ_20190619_1,2019-06-19,2019-06-18,2019-06-19,0.033,,0.5,2019-06-19,wind:wind_get_stock_events
002805.SZ,002805.SZ_20220629_1,2022-06-29,2022-06-28,2022-06-29,0.03,,,,wind:wind_get_stock_events
002805.SZ,002805.SZ_20230526_1,2023-05-26,2023-05-25,2023-05-26,0.1,,0.4,2023-05-26,wind:wind_get_stock_events
002806.SZ,002806.SZ_20170518_1,2017-05-18,2017-05-17,2017-05-18,0.1,,0.7,2017-05-18,wind:wind_get_stock_events
002806.SZ,002806.SZ_20180604_1,2018-06-04,2018-06-01,2018-06-04,0.08,,,,wind:wind_get_stock_events
002806.SZ,002806.SZ_20190523_1,2019-05-23,2019-05-22,2019-05-23,0.08,,,,wind:wind_get_stock_events
002806.SZ,002806.SZ_20200529_1,2020-05-29,2020-05-28,2020-05-29,0.08,,,,wind:wind_get_stock_events
002809.SZ,002809.SZ_20170511_1,2017-05-11,2017-05-10,2017-05-11,0.3,,0.5,2017-05-11,wind:wind_get_stock_events
002809.SZ,002809.SZ_20180604_1,2018-06-04,2018-06-01,2018-06-04,0.2,,,,wind:wind_get_stock_events
002809.SZ,002809.SZ_20190612_1,2019-06-12,2019-06-11,2019-06-12,0.2,,,,wind:wind_get_stock_events
002809.SZ,002809.SZ_20200527_1,2020-05-27,2020-05-26,2020-05-27,0.062,,0.7,2020-05-27,wind:wind_get_stock_events
002809.SZ,002809.SZ_20200923_1,2020-09-23,2020-09-22,2020-09-23,0.1,,,,wind:wind_get_stock_events
002809.SZ,002809.SZ_20220602_1,2022-06-02,2022-06-01,2022-06-02,0.1,,,,wind:wind_get_stock_events
002809.SZ,002809.SZ_20230629_1,2023-06-29,2023-06-28,2023-06-29,0.1,,,,wind:wind_get_stock_events
002809.SZ,002809.SZ_20240607_1,2024-06-07,2024-06-06,2024-06-07,0.15,,,,wind:wind_get_stock_events
002809.SZ,002809.SZ_20250619_1,2025-06-19,2025-06-18,2025-06-19,0.3,,,,wind:wind_get_stock_events
002809.SZ,002809.SZ_20260626_1,2026-06-26,2026-06-25,2026-06-26,0.1,,,,wind:wind_get_stock_events
002810.SZ,002810.SZ_20161215_1,2016-12-15,2016-12-14,2016-12-15,0.15,,,,wind:wind_get_stock_events
002810.SZ,002810.SZ_20170713_1,2017-07-13,2017-07-12,2017-07-13,0.05,,,,wind:wind_get_stock_events
002810.SZ,002810.SZ_20180627_1,2018-06-27,2018-06-26,,,,0.2,2018-06-27,wind:wind_get_stock_events
002810.SZ,002810.SZ_20190529_1,2019-05-29,2019-05-28,2019-05-29,0.2,,0.6,2019-05-29,wind:wind_get_stock_events
002810.SZ,002810.SZ_20200707_1,2020-07-07,2020-07-06,2020-07-07,0.4,,,,wind:wind_get_stock_events
002810.SZ,002810.SZ_20210602_1,2021-06-02,2021-06-01,,,,0.7,2021-06-02,wind:wind_get_stock_events
002810.SZ,002810.SZ_20220715_1,2022-07-15,2022-07-14,2022-07-15,0.1,,,,wind:wind_get_stock_events
002810.SZ,002810.SZ_20230616_1,2023-06-16,2023-06-15,2023-06-16,0.3,,,,wind:wind_get_stock_events
002810.SZ,002810.SZ_20240705_1,2024-07-05,2024-07-04,2024-07-05,0.2,,,,wind:wind_get_stock_events
002810.SZ,002810.SZ_20250103_1,2025-01-03,2025-01-02,2025-01-03,0.15,,,,wind:wind_get_stock_events
002810.SZ,002810.SZ_20250917_1,2025-09-17,2025-09-16,2025-09-17,0.1,,,,wind:wind_get_stock_events
002810.SZ,002810.SZ_20260715_1,2026-07-15,2026-07-14,2026-07-15,0.2,,,,wind:wind_get_stock_events
002810.SZ,002810.SZ_20260923_1,2026-09-23,2026-09-22,2026-09-23,0.2,,,,wind:wind_get_stock_events
002813.SZ,002813.SZ_20170622_1,2017-06-22,2017-06-21,2017-06-22,0.25,,,,wind:wind_get_stock_events
002813.SZ,002813.SZ_20180706_1,2018-07-06,2018-07-05,2018-07-06,0.059,,,,wind:wind_get_stock_events
002813.SZ,002813.SZ_20190711_1,2019-07-11,2019-07-10,2019-07-11,0.03,,,,wind:wind_get_stock_events
002815.SZ,002815.SZ_20170512_1,2017-05-12,2017-05-11,2017-05-12,0.45,,,,wind:wind_get_stock_events
002815.SZ,002815.SZ_20180504_1,2018-05-04,2018-05-03,2018-05-04,0.54,,1,2018-05-04,wind:wind_get_stock_events
002815.SZ,002815.SZ_20190423_1,2019-04-23,2019-04-22,2019-04-23,0.34,,,,wind:wind_get_stock_events
002815.SZ,002815.SZ_20200603_1,2020-06-03,2020-06-02,2020-06-03,0.3,,,,wind:wind_get_stock_events
002815.SZ,002815.SZ_20210520_1,2021-05-20,2021-05-19,2021-05-20,0.25,,,,wind:wind_get_stock_events
002815.SZ,002815.SZ_20220520_1,2022-05-20,2022-05-19,2022-05-20,0.31,,,,wind:wind_get_stock_events
002815.SZ,002815.SZ_20230519_1,2023-05-19,2023-05-18,2023-05-19,0.29,,,,wind:wind_get_stock_events
002815.SZ,002815.SZ_20240524_1,2024-05-24,2024-05-23,2024-05-24,0.2,,,,wind:wind_get_stock_events
002815.SZ,002815.SZ_20250522_1,2025-05-22,2025-05-21,2025-05-22,0.12,,,,wind:wind_get_stock_events
002815.SZ,002815.SZ_20260529_1,2026-05-29,2026-05-28,2026-05-29,0.13,,,,wind:wind_get_stock_events
002817.SZ,002817.SZ_20170515_1,2017-05-15,2017-05-12,2017-05-15,0.13,,,,wind:wind_get_stock_events
002817.SZ,002817.SZ_20180529_1,2018-05-29,2018-05-28,2018-05-29,0.11,,,,wind:wind_get_stock_events
002817.SZ,002817.SZ_20190618_1,2019-06-18,2019-06-17,2019-06-18,0.085,,,,wind:wind_get_stock_events
002817.SZ,002817.SZ_20200609_1,2020-06-09,2020-06-08,2020-06-09,0.095,,0.7,2020-06-09,wind:wind_get_stock_events
002817.SZ,002817.SZ_20210609_1,2021-06-09,2021-06-08,2021-06-09,0.06,,0.45,2021-06-09,wind:wind_get_stock_events
002817.SZ,002817.SZ_20220429_1,2022-04-29,2022-04-28,2022-04-29,0.08,,0.4,2022-04-29,wind:wind_get_stock_events
002817.SZ,002817.SZ_20230607_1,2023-06-07,2023-06-06,2023-06-07,0.06,,,,wind:wind_get_stock_events
002817.SZ,002817.SZ_20240627_1,2024-06-27,2024-06-26,2024-06-27,0.085,,,,wind:wind_get_stock_events
002817.SZ,002817.SZ_20250107_1,2025-01-07,2025-01-06,2025-01-07,0.027,,,,wind:wind_get_stock_events
002817.SZ,002817.SZ_20250522_1,2025-05-22,2025-05-21,2025-05-22,0.038,,,,wind:wind_get_stock_events
002817.SZ,002817.SZ_20251231_1,2025-12-31,2025-12-30,2025-12-31,0.033,,,,wind:wind_get_stock_events
002817.SZ,002817.SZ_20260526_1,2026-05-26,2026-05-25,2026-05-26,0.053,,,,wind:wind_get_stock_events
002821.SZ,002821.SZ_20170614_1,2017-06-14,2017-06-13,2017-06-14,0.5,,1,2017-06-14,wind:wind_get_stock_events
002821.SZ,002821.SZ_20180525_1,2018-05-25,2018-05-24,2018-05-25,0.35,,,,wind:wind_get_stock_events
002821.SZ,002821.SZ_20190610_1,2019-06-10,2019-06-06,2019-06-10,0.4,,,,wind:wind_get_stock_events
002821.SZ,002821.SZ_20200624_1,2020-06-24,2020-06-23,2020-06-24,0.5,,,,wind:wind_get_stock_events
002821.SZ,002821.SZ_20210713_1,2021-07-13,2021-07-12,2021-07-13,0.6,,,,wind:wind_get_stock_events
002821.SZ,002821.SZ_20220721_1,2022-07-21,2022-07-20,2022-07-21,0.8,,0.4,2022-07-21,wind:wind_get_stock_events
002821.SZ,002821.SZ_20230628_1,2023-06-28,2023-06-27,2023-06-28,1.8,,,,wind:wind_get_stock_events
002821.SZ,002821.SZ_20240628_1,2024-06-28,2024-06-27,2024-06-28,1.8,,,,wind:wind_get_stock_events
002821.SZ,002821.SZ_20250626_1,2025-06-26,2025-06-25,2025-06-26,1.1,,,,wind:wind_get_stock_events
002821.SZ,002821.SZ_20260626_1,2026-06-26,2026-06-25,2026-06-26,1.3,,,,wind:wind_get_stock_events
002823.SZ,002823.SZ_20170606_1,2017-06-06,2017-06-05,2017-06-06,0.2734,,0.9841,2017-06-06,wind:wind_get_stock_events
002823.SZ,002823.SZ_20180531_1,2018-05-31,2018-05-30,2018-05-31,0.1578,,,,wind:wind_get_stock_events
002823.SZ,002823.SZ_20190530_1,2019-05-30,2019-05-29,2019-05-30,0.2574,,,,wind:wind_get_stock_events
002823.SZ,002823.SZ_20200601_1,2020-06-01,2020-05-29,2020-06-01,0.0691,,,,wind:wind_get_stock_events
002823.SZ,002823.SZ_20210531_1,2021-05-31,2021-05-28,2021-05-31,0.1045,,,,wind:wind_get_stock_events
002823.SZ,002823.SZ_20220601_1,2022-06-01,2022-05-31,2022-06-01,0.0101,,,,wind:wind_get_stock_events
002823.SZ,002823.SZ_20230609_1,2023-06-09,2023-06-08,2023-06-09,0.035,,,,wind:wind_get_stock_events
002823.SZ,002823.SZ_20240517_1,2024-05-17,2024-05-16,2024-05-17,0.0805,,,,wind:wind_get_stock_events
002823.SZ,002823.SZ_20241010_1,2024-10-10,2024-10-09,2024-10-10,0.0763,,,,wind:wind_get_stock_events
002823.SZ,002823.SZ_20241127_1,2024-11-27,2024-11-26,2024-11-27,0.1832,,,,wind:wind_get_stock_events
002823.SZ,002823.SZ_20250520_1,2025-05-20,2025-05-19,2025-05-20,0.1527,,,,wind:wind_get_stock_events
002823.SZ,002823.SZ_20250924_1,2025-09-24,2025-09-23,2025-09-24,0.1832,,,,wind:wind_get_stock_events
002823.SZ,002823.SZ_20260518_1,2026-05-18,2026-05-15,2026-05-18,0.2443,,,,wind:wind_get_stock_events
002823.SZ,002823.SZ_20260910_1,2026-09-10,2026-09-09,2026-09-10,0.1832,,,,wind:wind_get_stock_events
002824.SZ,002824.SZ_20180713_1,2018-07-13,2018-07-12,2018-07-13,0.067,,,,wind:wind_get_stock_events
002824.SZ,002824.SZ_20190606_1,2019-06-06,2019-06-05,2019-06-06,0.021,,,,wind:wind_get_stock_events
002824.SZ,002824.SZ_20200708_1,2020-07-08,2020-07-07,2020-07-08,0.012,,,,wind:wind_get_stock_events
002824.SZ,002824.SZ_20210708_1,2021-07-08,2021-07-07,2021-07-08,0.063,,,,wind:wind_get_stock_events
002824.SZ,002824.SZ_20220601_1,2022-06-01,2022-05-31,2022-06-01,0.202,,,,wind:wind_get_stock_events
002824.SZ,002824.SZ_20230706_1,2023-07-06,2023-07-05,2023-07-06,0.3132,,0.4002,2023-07-06,wind:wind_get_stock_events
002824.SZ,002824.SZ_20240716_1,2024-07-16,2024-07-15,2024-07-16,0.1906,,,,wind:wind_get_stock_events
002824.SZ,002824.SZ_20250708_1,2025-07-08,2025-07-07,2025-07-08,0.17,,,,wind:wind_get_stock_events
002824.SZ,002824.SZ_20260604_1,2026-06-04,2026-06-03,2026-06-04,0.17,,,,wind:wind_get_stock_events
002825.SZ,002825.SZ_20170523_1,2017-05-23,2017-05-22,2017-05-23,0.2,,,,wind:wind_get_stock_events
002825.SZ,002825.SZ_20180626_1,2018-06-26,2018-06-25,2018-06-26,0.1,,0.4,2018-06-26,wind:wind_get_stock_events
002825.SZ,002825.SZ_20190419_1,2019-04-19,2019-04-18,2019-04-19,0.1,,,,wind:wind_get_stock_events
002825.SZ,002825.SZ_20200623_1,2020-06-23,2020-06-22,2020-06-23,0.1997,,,,wind:wind_get_stock_events
002825.SZ,002825.SZ_20210427_1,2021-04-27,2021-04-26,2021-04-27,0.4,,,,wind:wind_get_stock_events
002825.SZ,002825.SZ_20220602_1,2022-06-02,2022-06-01,2022-06-02,0.25,,0.4,2022-06-02,wind:wind_get_stock_events
002825.SZ,002825.SZ_20230707_1,2023-07-07,2023-07-06,2023-07-07,0.2998,,0.3997,2023-07-07,wind:wind_get_stock_events
002825.SZ,002825.SZ_20240628_1,2024-06-28,2024-06-27,2024-06-28,0.12,,,,wind:wind_get_stock_events
002825.SZ,002825.SZ_20240930_1,2024-09-30,2024-09-27,2024-09-30,0.02,,,,wind:wind_get_stock_events
002825.SZ,002825.SZ_20250612_1,2025-06-12,2025-06-11,2025-06-12,0.12,,,,wind:wind_get_stock_events
002825.SZ,002825.SZ_20260622_1,2026-06-22,2026-06-18,2026-06-22,0.12,,,,wind:wind_get_stock_events
002827.SZ,002827.SZ_20170523_1,2017-05-23,2017-05-22,2017-05-23,0.3,,,,wind:wind_get_stock_events
002827.SZ,002827.SZ_20180625_1,2018-06-25,2018-06-22,2018-06-25,0.4,,,,wind:wind_get_stock_events
002827.SZ,002827.SZ_20190704_1,2019-07-04,2019-07-03,2019-07-04,0.4,,0.5,2019-07-04,wind:wind_get_stock_events
002827.SZ,002827.SZ_20200713_1,2020-07-13,2020-07-10,2020-07-13,0.15,,,,wind:wind_get_stock_events
002827.SZ,002827.SZ_20210625_1,2021-06-25,2021-06-24,2021-06-25,0.15,,,,wind:wind_get_stock_events
002827.SZ,002827.SZ_20220824_1,2022-08-24,2022-08-23,2022-08-24,0.15,,,,wind:wind_get_stock_events
002827.SZ,002827.SZ_20230705_1,2023-07-05,2023-07-04,2023-07-05,0.15,,,,wind:wind_get_stock_events
002827.SZ,002827.SZ_20240621_1,2024-06-21,2024-06-20,2024-06-21,0.15,,,,wind:wind_get_stock_events
002827.SZ,002827.SZ_20250310_1,2025-03-10,2025-03-07,2025-03-10,0.07,,,,wind:wind_get_stock_events
002827.SZ,002827.SZ_20250616_1,2025-06-16,2025-06-13,2025-06-16,0.08,,,,wind:wind_get_stock_events
002827.SZ,002827.SZ_20251201_1,2025-12-01,2025-11-28,2025-12-01,0.07,,,,wind:wind_get_stock_events
002827.SZ,002827.SZ_20260609_1,2026-06-09,2026-06-08,2026-06-09,0.14,,,,wind:wind_get_stock_events
002828.SZ,002828.SZ_20170613_1,2017-06-13,2017-06-12,2017-06-13,0.125,,,,wind:wind_get_stock_events
002828.SZ,002828.SZ_20180525_1,2018-05-25,2018-05-24,2018-05-25,0.11,,0.7,2018-05-25,wind:wind_get_stock_events
002828.SZ,002828.SZ_20190705_1,2019-07-05,2019-07-04,2019-07-05,0.06,,,,wind:wind_get_stock_events
002828.SZ,002828.SZ_20200717_1,2020-07-17,2020-07-16,2020-07-17,0.0607,,,,wind:wind_get_stock_events
002828.SZ,002828.SZ_20210706_1,2021-07-06,2021-07-05,2021-07-06,0.06,,,,wind:wind_get_stock_events
002828.SZ,002828.SZ_20220628_1,2022-06-28,2022-06-27,2022-06-28,0.06,,,,wind:wind_get_stock_events
002828.SZ,002828.SZ_20240620_1,2024-06-20,2024-06-19,2024-06-20,0.0883,,,,wind:wind_get_stock_events
002828.SZ,002828.SZ_20250708_1,2025-07-08,2025-07-07,2025-07-08,0.05,,,,wind:wind_get_stock_events
002829.SZ,002829.SZ_20170413_1,2017-04-13,2017-04-12,2017-04-13,0.2,,1,2017-04-13,wind:wind_get_stock_events
002829.SZ,002829.SZ_20180620_1,2018-06-20,2018-06-19,2018-06-20,0.02,,,,wind:wind_get_stock_events
002829.SZ,002829.SZ_20210527_1,2021-05-27,2021-05-26,2021-05-27,0.1,,,,wind:wind_get_stock_events
002829.SZ,002829.SZ_20220610_1,2022-06-10,2022-06-09,2022-06-10,0.15,,,,wind:wind_get_stock_events
002829.SZ,002829.SZ_20230704_1,2023-07-04,2023-07-03,2023-07-04,0.36,,0.2,2023-07-04,wind:wind_get_stock_events
002830.SZ,002830.SZ_20170523_1,2017-05-23,2017-05-22,2017-05-23,0.25,,1,2017-05-23,wind:wind_get_stock_events
002830.SZ,002830.SZ_20180529_1,2018-05-29,2018-05-28,2018-05-29,0.12,,,,wind:wind_get_stock_events
002830.SZ,002830.SZ_20190530_1,2019-05-30,2019-05-29,2019-05-30,0.16,,,,wind:wind_get_stock_events
002830.SZ,002830.SZ_20200526_1,2020-05-26,2020-05-25,2020-05-26,0.13,,,,wind:wind_get_stock_events
002830.SZ,002830.SZ_20210609_1,2021-06-09,2021-06-08,2021-06-09,0.12,,,,wind:wind_get_stock_events
002830.SZ,002830.SZ_20220608_1,2022-06-08,2022-06-07,2022-06-08,0.15,,,,wind:wind_get_stock_events
002830.SZ,002830.SZ_20230607_1,2023-06-07,2023-06-06,2023-06-07,0.12,,,,wind:wind_get_stock_events
002830.SZ,002830.SZ_20240607_1,2024-06-07,2024-06-06,2024-06-07,0.24,,,,wind:wind_get_stock_events
002830.SZ,002830.SZ_20250606_1,2025-06-06,2025-06-05,2025-06-06,0.25,,,,wind:wind_get_stock_events
002830.SZ,002830.SZ_20260604_1,2026-06-04,2026-06-03,2026-06-04,0.2,,0.4,2026-06-04,wind:wind_get_stock_events
002831.SZ,002831.SZ_20170703_1,2017-07-03,2017-06-30,2017-07-03,0.5,,,,wind:wind_get_stock_events
002831.SZ,002831.SZ_20180521_1,2018-05-21,2018-05-18,2018-05-21,0.6,,,,wind:wind_get_stock_events
002831.SZ,002831.SZ_20190513_1,2019-05-13,2019-05-10,2019-05-13,0.6,,1.2,2019-05-13,wind:wind_get_stock_events
002831.SZ,002831.SZ_20200612_1,2020-06-12,2020-06-11,2020-06-12,0.28,,,,wind:wind_get_stock_events
002831.SZ,002831.SZ_20210611_1,2021-06-11,2021-06-10,2021-06-11,0.28,,,,wind:wind_get_stock_events
002831.SZ,002831.SZ_20220610_1,2022-06-10,2022-06-09,2022-06-10,0.2207,,,,wind:wind_get_stock_events
002831.SZ,002831.SZ_20230608_1,2023-06-08,2023-06-07,2023-06-08,0.3267,,,,wind:wind_get_stock_events
002831.SZ,002831.SZ_20230926_1,2023-09-26,2023-09-25,2023-09-26,0.327,,,,wind:wind_get_stock_events
002831.SZ,002831.SZ_20240529_1,2024-05-29,2024-05-28,2024-05-29,0.6202,,,,wind:wind_get_stock_events
002831.SZ,002831.SZ_20241011_1,2024-10-11,2024-10-10,2024-10-11,0.3302,,,,wind:wind_get_stock_events
002831.SZ,002831.SZ_20250530_1,2025-05-30,2025-05-29,2025-05-30,0.6041,,,,wind:wind_get_stock_events
002831.SZ,002831.SZ_20250923_1,2025-09-23,2025-09-22,2025-09-23,0.43,,,,wind:wind_get_stock_events
002831.SZ,002831.SZ_20260604_1,2026-06-04,2026-06-03,2026-06-04,0.8038,,0.4019,2026-06-04,wind:wind_get_stock_events
002831.SZ,002831.SZ_20260929_1,2026-09-29,2026-09-28,2026-09-29,0.14,,,,wind:wind_get_stock_events
002832.SZ,002832.SZ_20170726_1,2017-07-26,2017-07-25,2017-07-26,0.2,,,,wind:wind_get_stock_events
002832.SZ,002832.SZ_20180611_1,2018-06-11,2018-06-08,2018-06-11,1,,0.7,2018-06-11,wind:wind_get_stock_events
002832.SZ,002832.SZ_20190709_1,2019-07-09,2019-07-08,2019-07-09,0.5,,0.7,2019-07-09,wind:wind_get_stock_events
002832.SZ,002832.SZ_20200522_1,2020-05-22,2020-05-21,2020-05-22,0.5,,0.7,2020-05-22,wind:wind_get_stock_events
002832.SZ,002832.SZ_20210707_1,2021-07-07,2021-07-06,2021-07-07,0.3,,,,wind:wind_get_stock_events
002832.SZ,002832.SZ_20220707_1,2022-07-07,2022-07-06,2022-07-07,0.3,,,,wind:wind_get_stock_events
002832.SZ,002832.SZ_20230612_1,2023-06-12,2023-06-09,2023-06-12,0.3,,,,wind:wind_get_stock_events
002832.SZ,002832.SZ_20240816_1,2024-08-16,2024-08-15,2024-08-16,1,,,,wind:wind_get_stock_events
002832.SZ,002832.SZ_20250805_1,2025-08-05,2025-08-04,2025-08-05,0.5,,,,wind:wind_get_stock_events
002832.SZ,002832.SZ_20251229_1,2025-12-29,2025-12-26,2025-12-29,0.02,,,,wind:wind_get_stock_events
002832.SZ,002832.SZ_20260609_1,2026-06-09,2026-06-08,2026-06-09,0.7,,,,wind:wind_get_stock_events
002833.SZ,002833.SZ_20170606_1,2017-06-06,2017-06-05,2017-06-06,0.16,,,,wind:wind_get_stock_events
002833.SZ,002833.SZ_20180522_1,2018-05-22,2018-05-21,2018-05-22,0.24,,,,wind:wind_get_stock_events
002833.SZ,002833.SZ_20180921_1,2018-09-21,2018-09-20,2018-09-21,0.3,,,,wind:wind_get_stock_events
002833.SZ,002833.SZ_20190529_1,2019-05-29,2019-05-28,2019-05-29,0.3,,,,wind:wind_get_stock_events
002833.SZ,002833.SZ_20200602_1,2020-06-02,2020-06-01,2020-06-02,0.6,,0.6,2020-06-02,wind:wind_get_stock_events
002833.SZ,002833.SZ_20210603_1,2021-06-03,2021-06-02,2021-06-03,0.8,,0.4,2021-06-03,wind:wind_get_stock_events
002833.SZ,002833.SZ_20220623_1,2022-06-23,2022-06-22,2022-06-23,0.52,,0.4,2022-06-23,wind:wind_get_stock_events
002833.SZ,002833.SZ_20230601_1,2023-06-01,2023-05-31,2023-06-01,0.4,,,,wind:wind_get_stock_events
002833.SZ,002833.SZ_20231011_1,2023-10-11,2023-10-10,2023-10-11,0.6,,,,wind:wind_get_stock_events
002833.SZ,002833.SZ_20240621_1,2024-06-21,2024-06-20,2024-06-21,0.6,,,,wind:wind_get_stock_events
002833.SZ,002833.SZ_20241018_1,2024-10-18,2024-10-17,2024-10-18,0.3,,,,wind:wind_get_stock_events
002833.SZ,002833.SZ_20250613_1,2025-06-13,2025-06-12,2025-06-13,0.4,,,,wind:wind_get_stock_events
002833.SZ,002833.SZ_20251022_1,2025-10-22,2025-10-21,2025-10-22,0.3,,,,wind:wind_get_stock_events
002833.SZ,002833.SZ_20260527_1,2026-05-27,2026-05-26,2026-05-27,0.6,,,,wind:wind_get_stock_events
002833.SZ,002833.SZ_20260909_1,2026-09-09,2026-09-08,2026-09-09,0.3,,,,wind:wind_get_stock_events
002836.SZ,002836.SZ_20170414_1,2017-04-14,2017-04-13,2017-04-14,0.2,,1,2017-04-14,wind:wind_get_stock_events
002836.SZ,002836.SZ_20180529_1,2018-05-29,2018-05-28,2018-05-29,0.25,,,,wind:wind_get_stock_events
002836.SZ,002836.SZ_20190528_1,2019-05-28,2019-05-27,2019-05-28,0.5,,,,wind:wind_get_stock_events
002836.SZ,002836.SZ_20200720_1,2020-07-20,2020-07-17,2020-07-20,0.1,,,,wind:wind_get_stock_events
002836.SZ,002836.SZ_20210616_1,2021-06-16,2021-06-15,2021-06-16,0.3,,,,wind:wind_get_stock_events
002836.SZ,002836.SZ_20220711_1,2022-07-11,2022-07-08,2022-07-11,0.1,0.2,,2022-07-11,wind:wind_get_stock_events
002836.SZ,002836.SZ_20230608_1,2023-06-08,2023-06-07,2023-06-08,0.4,0.2,,2023-06-08,wind:wind_get_stock_events
002836.SZ,002836.SZ_20240531_1,2024-05-31,2024-05-30,2024-05-31,0.1,,,,wind:wind_get_stock_events
002836.SZ,002836.SZ_20250527_1,2025-05-27,2025-05-26,2025-05-27,0.25,,,,wind:wind_get_stock_events
002836.SZ,002836.SZ_20260527_1,2026-05-27,2026-05-26,2026-05-27,0.2,,,,wind:wind_get_stock_events
002838.SZ,002838.SZ_20180426_1,2018-04-26,2018-04-25,2018-04-26,0.16,,1,2018-04-26,wind:wind_get_stock_events
002838.SZ,002838.SZ_20190610_1,2019-06-10,2019-06-06,2019-06-10,0.1,,0.6,2019-06-10,wind:wind_get_stock_events
002838.SZ,002838.SZ_20200529_1,2020-05-29,2020-05-28,2020-05-29,0.123,,,,wind:wind_get_stock_events
002838.SZ,002838.SZ_20200924_1,2020-09-24,2020-09-23,2020-09-24,0.246,,,,wind:wind_get_stock_events
002838.SZ,002838.SZ_20210526_1,2021-05-26,2021-05-25,2021-05-26,0.2,,,,wind:wind_get_stock_events
002838.SZ,002838.SZ_20220602_1,2022-06-02,2022-06-01,2022-06-02,0.055,,,,wind:wind_get_stock_events
002838.SZ,002838.SZ_20230616_1,2023-06-16,2023-06-15,2023-06-16,0.07,,,,wind:wind_get_stock_events
002838.SZ,002838.SZ_20240628_1,2024-06-28,2024-06-27,2024-06-28,0.065,,,,wind:wind_get_stock_events
002838.SZ,002838.SZ_20250117_1,2025-01-17,2025-01-16,2025-01-17,0.035,,,,wind:wind_get_stock_events
002838.SZ,002838.SZ_20250529_1,2025-05-29,2025-05-28,2025-05-29,0.065,,,,wind:wind_get_stock_events
002838.SZ,002838.SZ_20251022_1,2025-10-22,2025-10-21,2025-10-22,0.03,,,,wind:wind_get_stock_events
002838.SZ,002838.SZ_20260626_1,2026-06-26,2026-06-25,2026-06-26,0.09,,,,wind:wind_get_stock_events
002839.SZ,002839.SZ_20180518_1,2018-05-18,2018-05-17,2018-05-18,0.1,,,,wind:wind_get_stock_events
002839.SZ,002839.SZ_20190612_1,2019-06-12,2019-06-11,2019-06-12,0.15,,,,wind:wind_get_stock_events
002839.SZ,002839.SZ_20200630_1,2020-06-30,2020-06-29,2020-06-30,0.15,,,,wind:wind_get_stock_events
002839.SZ,002839.SZ_20210708_1,2021-07-08,2021-07-07,2021-07-08,0.16,,,,wind:wind_get_stock_events
002839.SZ,002839.SZ_20220505_1,2022-05-05,2022-04-29,2022-05-05,0.16,,0.2,2022-05-05,wind:wind_get_stock_events
002839.SZ,002839.SZ_20230601_1,2023-06-01,2023-05-31,2023-06-01,0.2,,,,wind:wind_get_stock_events
002839.SZ,002839.SZ_20240606_1,2024-06-06,2024-06-05,2024-06-06,0.2,,,,wind:wind_get_stock_events
002839.SZ,002839.SZ_20250516_1,2025-05-16,2025-05-15,2025-05-16,0.2,,,,wind:wind_get_stock_events
002839.SZ,002839.SZ_20251015_1,2025-10-15,2025-10-14,2025-10-15,0.1,,,,wind:wind_get_stock_events
002839.SZ,002839.SZ_20260521_1,2026-05-21,2026-05-20,2026-05-21,0.12,,,,wind:wind_get_stock_events
002840.SZ,002840.SZ_20180626_1,2018-06-26,2018-06-25,2018-06-26,0.127,,0.5,2018-06-26,wind:wind_get_stock_events
002840.SZ,002840.SZ_20200701_1,2020-07-01,2020-06-30,2020-07-01,0.046,,0.6,2020-07-01,wind:wind_get_stock_events
002840.SZ,002840.SZ_20210630_1,2021-06-30,2021-06-29,2021-06-30,0.032,,,,wind:wind_get_stock_events
002840.SZ,002840.SZ_20230629_1,2023-06-29,2023-06-28,2023-06-29,0.027,,,,wind:wind_get_stock_events
002841.SZ,002841.SZ_20180521_1,2018-05-21,2018-05-18,2018-05-21,0.6,,0.6,2018-05-21,wind:wind_get_stock_events
002841.SZ,002841.SZ_20190510_1,2019-05-10,2019-05-09,2019-05-10,0.541,,,,wind:wind_get_stock_events
002841.SZ,002841.SZ_20200602_1,2020-06-02,2020-06-01,2020-06-02,0.75,,,,wind:wind_get_stock_events
002841.SZ,002841.SZ_20210603_1,2021-06-03,2021-06-02,2021-06-03,1,,,,wind:wind_get_stock_events
002841.SZ,002841.SZ_20220524_1,2022-05-24,2022-05-23,2022-05-24,0.9,,,,wind:wind_get_stock_events
002841.SZ,002841.SZ_20230607_1,2023-06-07,2023-06-06,2023-06-07,1.05,,,,wind:wind_get_stock_events
002841.SZ,002841.SZ_20240529_1,2024-05-29,2024-05-28,2024-05-29,0.85,,,,wind:wind_get_stock_events
002841.SZ,002841.SZ_20250613_1,2025-06-13,2025-06-12,2025-06-13,0.68,,,,wind:wind_get_stock_events
002841.SZ,002841.SZ_20260430_1,2026-04-30,2026-04-29,2026-04-30,0.72,,,,wind:wind_get_stock_events
002841.SZ,002841.SZ_20260909_1,2026-09-09,2026-09-08,2026-09-09,0.5,,,,wind:wind_get_stock_events
002843.SZ,002843.SZ_20180622_1,2018-06-22,2018-06-21,2018-06-22,0.15,,,,wind:wind_get_stock_events
002843.SZ,002843.SZ_20190531_1,2019-05-31,2019-05-30,2019-05-31,1,,0.5,2019-05-31,wind:wind_get_stock_events
002843.SZ,002843.SZ_20200610_1,2020-06-10,2020-06-09,2020-06-10,0.3,,,,wind:wind_get_stock_events
002843.SZ,002843.SZ_20210611_1,2021-06-11,2021-06-10,2021-06-11,0.1,,,,wind:wind_get_stock_events
002843.SZ,002843.SZ_20220330_1,2022-03-30,2022-03-29,2022-03-30,0.15,,,,wind:wind_get_stock_events
002843.SZ,002843.SZ_20240513_1,2024-05-13,2024-05-10,2024-05-13,0.2,,,,wind:wind_get_stock_events
002843.SZ,002843.SZ_20250627_1,2025-06-27,2025-06-26,2025-06-27,0.1,,,,wind:wind_get_stock_events
002847.SZ,002847.SZ_20180530_1,2018-05-30,2018-05-29,2018-05-30,0.2,,,,wind:wind_get_stock_events
002847.SZ,002847.SZ_20190418_1,2019-04-18,2019-04-17,2019-04-18,0.2,,,,wind:wind_get_stock_events
002847.SZ,002847.SZ_20200414_1,2020-04-14,2020-04-13,2020-04-14,0.5,,,,wind:wind_get_stock_events
002847.SZ,002847.SZ_20210616_1,2021-06-16,2021-06-15,2021-06-16,1,,,,wind:wind_get_stock_events
002847.SZ,002847.SZ_20220513_1,2022-05-13,2022-05-12,2022-05-13,1,,,,wind:wind_get_stock_events
002847.SZ,002847.SZ_20230518_1,2023-05-18,2023-05-17,2023-05-18,1.5,,0.5,2023-05-18,wind:wind_get_stock_events
002847.SZ,002847.SZ_20240524_1,2024-05-24,2024-05-23,2024-05-24,1.5,,0.4,2024-05-24,wind:wind_get_stock_events
002847.SZ,002847.SZ_20240906_1,2024-09-06,2024-09-05,2024-09-06,0.6,,,,wind:wind_get_stock_events
002847.SZ,002847.SZ_20250710_1,2025-07-10,2025-07-09,2025-07-10,1,,,,wind:wind_get_stock_events
002847.SZ,002847.SZ_20251205_1,2025-12-05,2025-12-04,2025-12-05,0.4,,,,wind:wind_get_stock_events
002847.SZ,002847.SZ_20260626_1,2026-06-26,2026-06-25,2026-06-26,1,,,,wind:wind_get_stock_events
002849.SZ,002849.SZ_20180611_1,2018-06-11,2018-06-08,2018-06-11,0.12,,0.5,2018-06-11,wind:wind_get_stock_events
002849.SZ,002849.SZ_20190704_1,2019-07-04,2019-07-03,2019-07-04,0.05,,,,wind:wind_get_stock_events
002849.SZ,002849.SZ_20200720_1,2020-07-20,2020-07-17,2020-07-20,0.05,,,,wind:wind_get_stock_events
002849.SZ,002849.SZ_20210716_1,2021-07-16,2021-07-15,2021-07-16,0.05,,,,wind:wind_get_stock_events
002849.SZ,002849.SZ_20220706_1,2022-07-06,2022-07-05,2022-07-06,0.05,,,,wind:wind_get_stock_events
002849.SZ,002849.SZ_20230601_1,2023-06-01,2023-05-31,2023-06-01,0.04,,0.4,2023-06-01,wind:wind_get_stock_events
002849.SZ,002849.SZ_20240604_1,2024-06-04,2024-06-03,2024-06-04,0.04,,,,wind:wind_get_stock_events
002849.SZ,002849.SZ_20250623_1,2025-06-23,2025-06-20,2025-06-23,0.04,,,,wind:wind_get_stock_events
002849.SZ,002849.SZ_20260714_1,2026-07-14,2026-07-13,2026-07-14,0.04,,,,wind:wind_get_stock_events
002850.SZ,002850.SZ_20180525_1,2018-05-25,2018-05-24,2018-05-25,0.3,,0.5,2018-05-25,wind:wind_get_stock_events
002850.SZ,002850.SZ_20190527_1,2019-05-27,2019-05-24,2019-05-27,0.2,,,,wind:wind_get_stock_events
002850.SZ,002850.SZ_20200525_1,2020-05-25,2020-05-22,2020-05-25,0.2,,,,wind:wind_get_stock_events
002850.SZ,002850.SZ_20210429_1,2021-04-29,2021-04-28,2021-04-29,0.2,,,,wind:wind_get_stock_events
002850.SZ,002850.SZ_20220505_1,2022-05-05,2022-04-29,2022-05-05,0.2,,,,wind:wind_get_stock_events
002850.SZ,002850.SZ_20230519_1,2023-05-19,2023-05-18,2023-05-19,0.3,,,,wind:wind_get_stock_events
002850.SZ,002850.SZ_20240524_1,2024-05-24,2024-05-23,2024-05-24,1.5,,,,wind:wind_get_stock_events
002850.SZ,002850.SZ_20250530_1,2025-05-30,2025-05-29,2025-05-30,2,,,,wind:wind_get_stock_events
002850.SZ,002850.SZ_20260529_1,2026-05-29,2026-05-28,2026-05-29,2.5,,,,wind:wind_get_stock_events
002851.SZ,002851.SZ_20180522_1,2018-05-22,2018-05-21,2018-05-22,0.15,,0.5,2018-05-22,wind:wind_get_stock_events
002851.SZ,002851.SZ_20190523_1,2019-05-23,2019-05-22,2019-05-23,0.13,,0.5,2019-05-23,wind:wind_get_stock_events
002851.SZ,002851.SZ_20200623_1,2020-06-23,2020-06-22,2020-06-23,0.16,,,,wind:wind_get_stock_events
002851.SZ,002851.SZ_20210624_1,2021-06-24,2021-06-23,2021-06-24,0.17,,,,wind:wind_get_stock_events
002851.SZ,002851.SZ_20220621_1,2022-06-21,2022-06-20,2022-06-21,0.16,,,,wind:wind_get_stock_events
002851.SZ,002851.SZ_20230606_1,2023-06-06,2023-06-05,2023-06-06,0.05,,,,wind:wind_get_stock_events
002851.SZ,002851.SZ_20240716_1,2024-07-16,2024-07-15,2024-07-16,0.218,,,,wind:wind_get_stock_events
002851.SZ,002851.SZ_20250711_1,2025-07-11,2025-07-10,2025-07-11,0.05,,,,wind:wind_get_stock_events
002851.SZ,002851.SZ_20260724_1,2026-07-24,2026-07-23,2026-07-24,0.03,,,,wind:wind_get_stock_events
002853.SZ,002853.SZ_20170901_1,2017-09-01,2017-08-31,2017-09-01,0.3,,1.5,2017-09-01,wind:wind_get_stock_events
002853.SZ,002853.SZ_20180615_1,2018-06-15,2018-06-14,2018-06-15,0.16,,,,wind:wind_get_stock_events
002853.SZ,002853.SZ_20190612_1,2019-06-12,2019-06-11,2019-06-12,0.2,,,,wind:wind_get_stock_events
002853.SZ,002853.SZ_20200618_1,2020-06-18,2020-06-17,2020-06-18,0.26,,,,wind:wind_get_stock_events
002853.SZ,002853.SZ_20210714_1,2021-07-14,2021-07-13,2021-07-14,0.25,,,,wind:wind_get_stock_events
002853.SZ,002853.SZ_20240709_1,2024-07-09,2024-07-08,2024-07-09,0.2,,,,wind:wind_get_stock_events
002855.SZ,002855.SZ_20180713_1,2018-07-13,2018-07-12,2018-07-13,0.05,,,,wind:wind_get_stock_events
002855.SZ,002855.SZ_20190624_1,2019-06-24,2019-06-21,2019-06-24,0.025,,,,wind:wind_get_stock_events
002855.SZ,002855.SZ_20200727_1,2020-07-27,2020-07-24,2020-07-27,0.05,,,,wind:wind_get_stock_events
002855.SZ,002855.SZ_20210527_1,2021-05-27,2021-05-26,2021-05-27,0.085,,,,wind:wind_get_stock_events
002856.SZ,002856.SZ_20180620_1,2018-06-20,2018-06-19,2018-06-20,0.15,,0.2,2018-06-20,wind:wind_get_stock_events
002858.SZ,002858.SZ_20180510_1,2018-05-10,2018-05-09,2018-05-10,0.2,,1,2018-05-10,wind:wind_get_stock_events
002858.SZ,002858.SZ_20190605_1,2019-06-05,2019-06-04,2019-06-05,0.0301,,,,wind:wind_get_stock_events
002860.SZ,002860.SZ_20180427_1,2018-04-27,2018-04-26,2018-04-27,0.3,,0.5,2018-04-27,wind:wind_get_stock_events
002860.SZ,002860.SZ_20190620_1,2019-06-20,2019-06-19,2019-06-20,0.15,,,,wind:wind_get_stock_events
002860.SZ,002860.SZ_20200507_1,2020-05-07,2020-05-06,2020-05-07,0.21,,0.7,2020-05-07,wind:wind_get_stock_events
002860.SZ,002860.SZ_20210608_1,2021-06-08,2021-06-07,2021-06-08,0.15,,,,wind:wind_get_stock_events
002860.SZ,002860.SZ_20220621_1,2022-06-21,2022-06-20,2022-06-21,0.15,,0.4,2022-06-21,wind:wind_get_stock_events
002860.SZ,002860.SZ_20230529_1,2023-05-29,2023-05-26,2023-05-29,0.1,,,,wind:wind_get_stock_events
002860.SZ,002860.SZ_20240523_1,2024-05-23,2024-05-22,2024-05-23,0.1,,,,wind:wind_get_stock_events
002860.SZ,002860.SZ_20250515_1,2025-05-15,2025-05-14,2025-05-15,0.1,,,,wind:wind_get_stock_events
002860.SZ,002860.SZ_20260514_1,2026-05-14,2026-05-13,2026-05-14,0.1,,,,wind:wind_get_stock_events
002862.SZ,002862.SZ_20180613_1,2018-06-13,2018-06-12,2018-06-13,0.06,,,,wind:wind_get_stock_events
002862.SZ,002862.SZ_20190708_1,2019-07-08,2019-07-05,2019-07-08,0.1,,,,wind:wind_get_stock_events
002862.SZ,002862.SZ_20200529_1,2020-05-29,2020-05-28,2020-05-29,0.02,,0.5,2020-05-29,wind:wind_get_stock_events
002862.SZ,002862.SZ_20250516_1,2025-05-16,2025-05-15,2025-05-16,0.03,,0.4,2025-05-16,wind:wind_get_stock_events
002864.SZ,002864.SZ_20180522_1,2018-05-22,2018-05-21,2018-05-22,0.1,,,,wind:wind_get_stock_events
002864.SZ,002864.SZ_20190530_1,2019-05-30,2019-05-29,2019-05-30,0.1,,,,wind:wind_get_stock_events
002864.SZ,002864.SZ_20200610_1,2020-06-10,2020-06-09,2020-06-10,0.1505,,,,wind:wind_get_stock_events
002864.SZ,002864.SZ_20210531_1,2021-05-31,2021-05-28,2021-05-31,0.15,,,,wind:wind_get_stock_events
002864.SZ,002864.SZ_20220531_1,2022-05-31,2022-05-30,2022-05-31,0.18,,,,wind:wind_get_stock_events
002864.SZ,002864.SZ_20230531_1,2023-05-31,2023-05-30,2023-05-31,0.2,,,,wind:wind_get_stock_events
002864.SZ,002864.SZ_20240603_1,2024-06-03,2024-05-31,2024-06-03,0.22,,,,wind:wind_get_stock_events
002864.SZ,002864.SZ_20250217_1,2025-02-17,2025-02-14,2025-02-17,0.05,,,,wind:wind_get_stock_events
002864.SZ,002864.SZ_20250529_1,2025-05-29,2025-05-28,2025-05-29,0.25,,,,wind:wind_get_stock_events
002864.SZ,002864.SZ_20250916_1,2025-09-16,2025-09-15,2025-09-16,0.1,,,,wind:wind_get_stock_events
002864.SZ,002864.SZ_20260722_1,2026-07-22,2026-07-21,2026-07-22,0.25,,0.3,2026-07-22,wind:wind_get_stock_events
002864.SZ,002864.SZ_20260916_1,2026-09-16,2026-09-15,2026-09-16,0.1,,,,wind:wind_get_stock_events
002866.SZ,002866.SZ_20180710_1,2018-07-10,2018-07-09,2018-07-10,0.12,,0.7,2018-07-10,wind:wind_get_stock_events
002866.SZ,002866.SZ_20190528_1,2019-05-28,2019-05-27,2019-05-28,0.0887,,,,wind:wind_get_stock_events
002866.SZ,002866.SZ_20200601_1,2020-06-01,2020-05-29,2020-06-01,0.09,,,,wind:wind_get_stock_events
002866.SZ,002866.SZ_20210601_1,2021-06-01,2021-05-31,2021-06-01,0.1,,,,wind:wind_get_stock_events
002866.SZ,002866.SZ_20220516_1,2022-05-16,2022-05-13,2022-05-16,0.06,,,,wind:wind_get_stock_events
002866.SZ,002866.SZ_20230516_1,2023-05-16,2023-05-15,2023-05-16,0.04,,,,wind:wind_get_stock_events
002866.SZ,002866.SZ_20240516_1,2024-05-16,2024-05-15,2024-05-16,0.015,,,,wind:wind_get_stock_events
002866.SZ,002866.SZ_20260507_1,2026-05-07,2026-05-06,2026-05-07,0.06,,,,wind:wind_get_stock_events
002868.SZ,002868.SZ_20180611_1,2018-06-11,2018-06-08,2018-06-11,0.25,,,,wind:wind_get_stock_events
002868.SZ,002868.SZ_20190524_1,2019-05-24,2019-05-23,2019-05-24,0.25,,,,wind:wind_get_stock_events
002868.SZ,002868.SZ_20200528_1,2020-05-28,2020-05-27,2020-05-28,0.17,,0.3,2020-05-28,wind:wind_get_stock_events
002868.SZ,002868.SZ_20210521_1,2021-05-21,2021-05-20,2021-05-21,0.14,,,,wind:wind_get_stock_events
002870.SZ,002870.SZ_20180508_1,2018-05-08,2018-05-07,2018-05-08,0.2,,,,wind:wind_get_stock_events
002870.SZ,002870.SZ_20190709_1,2019-07-09,2019-07-08,2019-07-09,0.18,,,,wind:wind_get_stock_events
002870.SZ,002870.SZ_20200618_1,2020-06-18,2020-06-17,2020-06-18,0.18,,,,wind:wind_get_stock_events
002870.SZ,002870.SZ_20210610_1,2021-06-10,2021-06-09,2021-06-10,0.18,,,,wind:wind_get_stock_events
002870.SZ,002870.SZ_20230522_1,2023-05-22,2023-05-19,2023-05-22,0.15,,,,wind:wind_get_stock_events
002870.SZ,002870.SZ_20240606_1,2024-06-06,2024-06-05,2024-06-06,0.1,,,,wind:wind_get_stock_events
002870.SZ,002870.SZ_20250506_1,2025-05-06,2025-04-30,2025-05-06,0.1,,,,wind:wind_get_stock_events
002870.SZ,002870.SZ_20260522_1,2026-05-22,2026-05-21,2026-05-22,0.128,,,,wind:wind_get_stock_events
002871.SZ,002871.SZ_20180525_1,2018-05-25,2018-05-24,2018-05-25,0.3,,0.7,2018-05-25,wind:wind_get_stock_events
002871.SZ,002871.SZ_20190603_1,2019-06-03,2019-05-31,2019-06-03,0.2,,,,wind:wind_get_stock_events
002871.SZ,002871.SZ_20200528_1,2020-05-28,2020-05-27,2020-05-28,0.45,,,,wind:wind_get_stock_events
002871.SZ,002871.SZ_20210528_1,2021-05-28,2021-05-27,2021-05-28,0.45,,0.45,2021-05-28,wind:wind_get_stock_events
002871.SZ,002871.SZ_20220527_1,2022-05-27,2022-05-26,2022-05-27,0.35,,,,wind:wind_get_stock_events
002871.SZ,002871.SZ_20230428_1,2023-04-28,2023-04-27,2023-04-28,0.3,,0.3,2023-04-28,wind:wind_get_stock_events
002871.SZ,002871.SZ_20240611_1,2024-06-11,2024-06-07,2024-06-11,0.3,,,,wind:wind_get_stock_events
002871.SZ,002871.SZ_20240705_1,2024-07-05,2024-07-04,2024-07-05,0.05,,,,wind:wind_get_stock_events
002871.SZ,002871.SZ_20250529_1,2025-05-29,2025-05-28,2025-05-29,0.35,,,,wind:wind_get_stock_events
002871.SZ,002871.SZ_20251028_1,2025-10-28,2025-10-27,2025-10-28,0.05,,,,wind:wind_get_stock_events
002871.SZ,002871.SZ_20260605_1,2026-06-05,2026-06-04,2026-06-05,0.35,,,,wind:wind_get_stock_events
002875.SZ,002875.SZ_20180528_1,2018-05-28,2018-05-25,2018-05-28,0.2,,0.3,2018-05-28,wind:wind_get_stock_events
002875.SZ,002875.SZ_20190530_1,2019-05-30,2019-05-29,2019-05-30,0.16,,,,wind:wind_get_stock_events
002875.SZ,002875.SZ_20200701_1,2020-07-01,2020-06-30,,,,0.3,2020-07-01,wind:wind_get_stock_events
002876.SZ,002876.SZ_20180620_1,2018-06-20,2018-06-19,2018-06-20,0.3,,,,wind:wind_get_stock_events
002876.SZ,002876.SZ_20190625_1,2019-06-25,2019-06-24,2019-06-25,0.04,,0.3,2019-06-25,wind:wind_get_stock_events
002876.SZ,002876.SZ_20200430_1,2020-04-30,2020-04-29,2020-04-30,0.05,,,,wind:wind_get_stock_events
002876.SZ,002876.SZ_20210423_1,2021-04-23,2021-04-22,2021-04-23,0.2,,0.4,2021-04-23,wind:wind_get_stock_events
002876.SZ,002876.SZ_20220519_1,2022-05-19,2022-05-18,2022-05-19,0.2964,,,,wind:wind_get_stock_events
002876.SZ,002876.SZ_20230523_1,2023-05-23,2023-05-22,2023-05-23,0.2,,,,wind:wind_get_stock_events
002876.SZ,002876.SZ_20240529_1,2024-05-29,2024-05-28,2024-05-29,0.025,,,,wind:wind_get_stock_events
002876.SZ,002876.SZ_20250506_1,2025-05-06,2025-04-30,2025-05-06,0.15,,,,wind:wind_get_stock_events
002876.SZ,002876.SZ_20260521_1,2026-05-21,2026-05-20,2026-05-21,0.109,,,,wind:wind_get_stock_events
002877.SZ,002877.SZ_20180418_1,2018-04-18,2018-04-17,2018-04-18,0.08,,0.7,2018-04-18,wind:wind_get_stock_events
002877.SZ,002877.SZ_20190524_1,2019-05-24,2019-05-23,2019-05-24,0.06,,0.6,2019-05-24,wind:wind_get_stock_events
002877.SZ,002877.SZ_20200616_1,2020-06-16,2020-06-15,2020-06-16,0.038,,,,wind:wind_get_stock_events
002877.SZ,002877.SZ_20210702_1,2021-07-02,2021-07-01,2021-07-02,0.038,,,,wind:wind_get_stock_events
002877.SZ,002877.SZ_20220617_1,2022-06-17,2022-06-16,2022-06-17,0.05,,,,wind:wind_get_stock_events
002877.SZ,002877.SZ_20230620_1,2023-06-20,2023-06-19,2023-06-20,0.035,,,,wind:wind_get_stock_events
002877.SZ,002877.SZ_20240625_1,2024-06-25,2024-06-24,2024-06-25,0.045,,,,wind:wind_get_stock_events
002877.SZ,002877.SZ_20250723_1,2025-07-23,2025-07-22,2025-07-23,0.02,,,,wind:wind_get_stock_events
002877.SZ,002877.SZ_20260717_1,2026-07-17,2026-07-16,2026-07-17,0.025,,,,wind:wind_get_stock_events
002879.SZ,002879.SZ_20180604_1,2018-06-04,2018-06-01,2018-06-04,0.15,,0.4,2018-06-04,wind:wind_get_stock_events
002879.SZ,002879.SZ_20190515_1,2019-05-15,2019-05-14,2019-05-15,0.2,,,,wind:wind_get_stock_events
002879.SZ,002879.SZ_20200414_1,2020-04-14,2020-04-13,2020-04-14,0.21,,,,wind:wind_get_stock_events
002879.SZ,002879.SZ_20210528_1,2021-05-28,2021-05-27,2021-05-28,0.23,,,,wind:wind_get_stock_events
002879.SZ,002879.SZ_20220429_1,2022-04-29,2022-04-28,2022-04-29,0.22,,,,wind:wind_get_stock_events
002879.SZ,002879.SZ_20230508_1,2023-05-08,2023-05-05,2023-05-08,0.15,,,,wind:wind_get_stock_events
002879.SZ,002879.SZ_20240423_1,2024-04-23,2024-04-22,2024-04-23,0.25,,,,wind:wind_get_stock_events
002879.SZ,002879.SZ_20250417_1,2025-04-17,2025-04-16,2025-04-17,0.2,,,,wind:wind_get_stock_events
002879.SZ,002879.SZ_20260421_1,2026-04-21,2026-04-20,2026-04-21,0.5,,,,wind:wind_get_stock_events
002881.SZ,002881.SZ_20180605_1,2018-06-05,2018-06-04,2018-06-05,0.1,,0.7,2018-06-05,wind:wind_get_stock_events
002881.SZ,002881.SZ_20190606_1,2019-06-06,2019-06-05,2019-06-06,0.027,,,,wind:wind_get_stock_events
002881.SZ,002881.SZ_20200529_1,2020-05-29,2020-05-28,2020-05-29,0.02,,,,wind:wind_get_stock_events
002881.SZ,002881.SZ_20210611_1,2021-06-11,2021-06-10,2021-06-11,0.02,,,,wind:wind_get_stock_events
002881.SZ,002881.SZ_20220610_1,2022-06-10,2022-06-09,2022-06-10,0.136,,0.3,2022-06-10,wind:wind_get_stock_events
002881.SZ,002881.SZ_20230602_1,2023-06-02,2023-06-01,2023-06-02,0.1,,,,wind:wind_get_stock_events
002881.SZ,002881.SZ_20240527_1,2024-05-27,2024-05-24,2024-05-27,0.1,,,,wind:wind_get_stock_events
002881.SZ,002881.SZ_20250530_1,2025-05-30,2025-05-29,2025-05-30,0.13,,,,wind:wind_get_stock_events
002881.SZ,002881.SZ_20260721_1,2026-07-21,2026-07-20,2026-07-21,0.1,,,,wind:wind_get_stock_events
002883.SZ,002883.SZ_20180706_1,2018-07-06,2018-07-05,2018-07-06,0.2,,0.6,2018-07-06,wind:wind_get_stock_events
002883.SZ,002883.SZ_20190705_1,2019-07-05,2019-07-04,2019-07-05,0.16,,,,wind:wind_get_stock_events
002883.SZ,002883.SZ_20200706_1,2020-07-06,2020-07-03,2020-07-06,0.18,,0.5,2020-07-06,wind:wind_get_stock_events
002883.SZ,002883.SZ_20210714_1,2021-07-14,2021-07-13,2021-07-14,0.08,,,,wind:wind_get_stock_events
002883.SZ,002883.SZ_20220621_1,2022-06-21,2022-06-20,2022-06-21,0.115,,0.2,2022-06-21,wind:wind_get_stock_events
002883.SZ,002883.SZ_20230706_1,2023-07-06,2023-07-05,2023-07-06,0.08,,,,wind:wind_get_stock_events
002883.SZ,002883.SZ_20240705_1,2024-07-05,2024-07-04,2024-07-05,0.065,,,,wind:wind_get_stock_events
002883.SZ,002883.SZ_20250620_1,2025-06-20,2025-06-19,2025-06-20,0.02,,,,wind:wind_get_stock_events
002884.SZ,002884.SZ_20180702_1,2018-07-02,2018-06-29,2018-07-02,0.8,,0.6,2018-07-02,wind:wind_get_stock_events
002884.SZ,002884.SZ_20190524_1,2019-05-24,2019-05-23,2019-05-24,1.5,,0.6,2019-05-24,wind:wind_get_stock_events
002884.SZ,002884.SZ_20200721_1,2020-07-21,2020-07-20,2020-07-21,1,,,,wind:wind_get_stock_events
002884.SZ,002884.SZ_20210526_1,2021-05-26,2021-05-25,2021-05-26,1.3,,0.4,2021-05-26,wind:wind_get_stock_events
002884.SZ,002884.SZ_20220524_1,2022-05-24,2022-05-23,2022-05-24,1,,,,wind:wind_get_stock_events
002884.SZ,002884.SZ_20230517_1,2023-05-17,2023-05-16,2023-05-17,1,,,,wind:wind_get_stock_events
002884.SZ,002884.SZ_20240516_1,2024-05-16,2024-05-15,2024-05-16,1,,,,wind:wind_get_stock_events
002884.SZ,002884.SZ_20250519_1,2025-05-19,2025-05-16,2025-05-19,1,,,,wind:wind_get_stock_events
002884.SZ,002884.SZ_20260518_1,2026-05-18,2026-05-15,2026-05-18,1,,,,wind:wind_get_stock_events
002886.SZ,002886.SZ_20180613_1,2018-06-13,2018-06-12,2018-06-13,0.11,,0.5,2018-06-13,wind:wind_get_stock_events
002886.SZ,002886.SZ_20190529_1,2019-05-29,2019-05-28,2019-05-29,0.06,,,,wind:wind_get_stock_events
002886.SZ,002886.SZ_20200609_1,2020-06-09,2020-06-08,2020-06-09,0.08,,,,wind:wind_get_stock_events
002886.SZ,002886.SZ_20210513_1,2021-05-13,2021-05-12,2021-05-13,0.1,,0.7,2021-05-13,wind:wind_get_stock_events
002886.SZ,002886.SZ_20220622_1,2022-06-22,2022-06-21,2022-06-22,0.06,,,,wind:wind_get_stock_events
002886.SZ,002886.SZ_20230519_1,2023-05-19,2023-05-18,2023-05-19,0.015,,,,wind:wind_get_stock_events
002886.SZ,002886.SZ_20240530_1,2024-05-30,2024-05-29,2024-05-30,0.007,,,,wind:wind_get_stock_events
002886.SZ,002886.SZ_20250530_1,2025-05-30,2025-05-29,2025-05-30,0.042,,,,wind:wind_get_stock_events
002886.SZ,002886.SZ_20260521_1,2026-05-21,2026-05-20,2026-05-21,0.075,,,,wind:wind_get_stock_events
002887.SZ,002887.SZ_20180619_1,2018-06-19,2018-06-15,2018-06-19,0.6,,1,2018-06-19,wind:wind_get_stock_events
002887.SZ,002887.SZ_20190614_1,2019-06-14,2019-06-13,2019-06-14,0.2,,0.3,2019-06-14,wind:wind_get_stock_events
002887.SZ,002887.SZ_20200619_1,2020-06-19,2020-06-18,2020-06-19,0.25,,0.5,2020-06-19,wind:wind_get_stock_events
002887.SZ,002887.SZ_20210413_1,2021-04-13,2021-04-12,2021-04-13,0.5,,,,wind:wind_get_stock_events
002887.SZ,002887.SZ_20230531_1,2023-05-31,2023-05-30,2023-05-31,0.35,,,,wind:wind_get_stock_events
002887.SZ,002887.SZ_20240531_1,2024-05-31,2024-05-30,2024-05-31,0.25,,,,wind:wind_get_stock_events
002887.SZ,002887.SZ_20250606_1,2025-06-06,2025-06-05,2025-06-06,0.25,,,,wind:wind_get_stock_events
002887.SZ,002887.SZ_20260604_1,2026-06-04,2026-06-03,2026-06-04,0.3,,,,wind:wind_get_stock_events
002888.SZ,002888.SZ_20180511_1,2018-05-11,2018-05-10,2018-05-11,0.2,,0.5,2018-05-11,wind:wind_get_stock_events
002888.SZ,002888.SZ_20190517_1,2019-05-17,2019-05-16,2019-05-17,0.4,,,,wind:wind_get_stock_events
002888.SZ,002888.SZ_20200520_1,2020-05-20,2020-05-19,2020-05-20,0.2,,,,wind:wind_get_stock_events
002888.SZ,002888.SZ_20210603_1,2021-06-03,2021-06-02,2021-06-03,0.08,,0.2,2021-06-03,wind:wind_get_stock_events
002888.SZ,002888.SZ_20240612_1,2024-06-12,2024-06-11,2024-06-12,0.068,,,,wind:wind_get_stock_events
002888.SZ,002888.SZ_20250617_1,2025-06-17,2025-06-16,2025-06-17,0.204,,,,wind:wind_get_stock_events
002888.SZ,002888.SZ_20260602_1,2026-06-02,2026-06-01,2026-06-02,0.135,,,,wind:wind_get_stock_events
002890.SZ,002890.SZ_20180629_1,2018-06-29,2018-06-28,2018-06-29,0.06,,,,wind:wind_get_stock_events
002890.SZ,002890.SZ_20200603_1,2020-06-03,2020-06-02,2020-06-03,0.2,,,,wind:wind_get_stock_events
002890.SZ,002890.SZ_20210520_1,2021-05-20,2021-05-19,2021-05-20,0.14,,0.4,2021-05-20,wind:wind_get_stock_events
002890.SZ,002890.SZ_20220608_1,2022-06-08,2022-06-07,2022-06-08,0.1,,,,wind:wind_get_stock_events
002890.SZ,002890.SZ_20230614_1,2023-06-14,2023-06-13,2023-06-14,0.14,,0.4,2023-06-14,wind:wind_get_stock_events
002890.SZ,002890.SZ_20240628_1,2024-06-28,2024-06-27,2024-06-28,0.1,,0.3,2024-06-28,wind:wind_get_stock_events
002890.SZ,002890.SZ_20250704_1,2025-07-04,2025-07-03,2025-07-04,0.026,,,,wind:wind_get_stock_events
002890.SZ,002890.SZ_20260702_1,2026-07-02,2026-07-01,2026-07-02,0.026,,,,wind:wind_get_stock_events
002891.SZ,002891.SZ_20180502_1,2018-05-02,2018-04-27,2018-05-02,0.1,,,,wind:wind_get_stock_events
002891.SZ,002891.SZ_20190531_1,2019-05-31,2019-05-30,2019-05-31,0.1,,0.7,2019-05-31,wind:wind_get_stock_events
002891.SZ,002891.SZ_20200522_1,2020-05-22,2020-05-21,2020-05-22,0.06,,,,wind:wind_get_stock_events
002891.SZ,002891.SZ_20210518_1,2021-05-18,2021-05-17,2021-05-18,0.07,,0.5,2021-05-18,wind:wind_get_stock_events
002891.SZ,002891.SZ_20220516_1,2022-05-16,2022-05-13,2022-05-16,0.05,,,,wind:wind_get_stock_events
002891.SZ,002891.SZ_20230524_1,2023-05-24,2023-05-23,2023-05-24,0.05,,,,wind:wind_get_stock_events
002891.SZ,002891.SZ_20240605_1,2024-06-05,2024-06-04,2024-06-05,0.24,,,,wind:wind_get_stock_events
002891.SZ,002891.SZ_20241125_1,2024-11-25,2024-11-22,2024-11-25,0.25,,,,wind:wind_get_stock_events
002891.SZ,002891.SZ_20250603_1,2025-06-03,2025-05-30,2025-06-03,0.15,,,,wind:wind_get_stock_events
002891.SZ,002891.SZ_20250814_1,2025-08-14,2025-08-13,2025-08-14,0.2,,,,wind:wind_get_stock_events
002891.SZ,002891.SZ_20260526_1,2026-05-26,2026-05-25,2026-05-26,0.16,,,,wind:wind_get_stock_events
002891.SZ,002891.SZ_20260902_1,2026-09-02,2026-09-01,2026-09-02,0.07,,,,wind:wind_get_stock_events
002892.SZ,002892.SZ_20180613_1,2018-06-13,2018-06-12,2018-06-13,0.126,,,,wind:wind_get_stock_events
002892.SZ,002892.SZ_20190611_1,2019-06-11,2019-06-10,2019-06-11,0.35,,0.7,2019-06-11,wind:wind_get_stock_events
002892.SZ,002892.SZ_20200619_1,2020-06-19,2020-06-18,2020-06-19,0.45,,,,wind:wind_get_stock_events
002892.SZ,002892.SZ_20210701_1,2021-07-01,2021-06-30,2021-07-01,0.45,,0.4,2021-07-01,wind:wind_get_stock_events
002892.SZ,002892.SZ_20220615_1,2022-06-15,2022-06-14,2022-06-15,0.26,,0.4,2022-06-15,wind:wind_get_stock_events
002892.SZ,002892.SZ_20230606_1,2023-06-06,2023-06-05,2023-06-06,0.17,,0.4,2023-06-06,wind:wind_get_stock_events
002892.SZ,002892.SZ_20240529_1,2024-05-29,2024-05-28,2024-05-29,0.09,,0.4,2024-05-29,wind:wind_get_stock_events
002892.SZ,002892.SZ_20250625_1,2025-06-25,2025-06-24,2025-06-25,0.05,,0.2,2025-06-25,wind:wind_get_stock_events
002892.SZ,002892.SZ_20260601_1,2026-06-01,2026-05-29,2026-06-01,0.022,,,,wind:wind_get_stock_events
002893.SZ,002893.SZ_20180710_1,2018-07-10,2018-07-09,2018-07-10,0.1,,,,wind:wind_get_stock_events
002893.SZ,002893.SZ_20190604_1,2019-06-04,2019-06-03,2019-06-04,0.2,,0.3,2019-06-04,wind:wind_get_stock_events
002893.SZ,002893.SZ_20200623_1,2020-06-23,2020-06-22,2020-06-23,0.1,,0.3,2020-06-23,wind:wind_get_stock_events
002893.SZ,002893.SZ_20230608_1,2023-06-08,2023-06-07,2023-06-08,0.043,,,,wind:wind_get_stock_events
002893.SZ,002893.SZ_20240620_1,2024-06-20,2024-06-19,2024-06-20,0.08,,,,wind:wind_get_stock_events
002893.SZ,002893.SZ_20250626_1,2025-06-26,2025-06-25,2025-06-26,0.102,,,,wind:wind_get_stock_events
002893.SZ,002893.SZ_20260618_1,2026-06-18,2026-06-17,2026-06-18,0.091,,,,wind:wind_get_stock_events
002897.SZ,002897.SZ_20180606_1,2018-06-06,2018-06-05,2018-06-06,0.5,,0.6,2018-06-06,wind:wind_get_stock_events
002897.SZ,002897.SZ_20190603_1,2019-06-03,2019-05-31,2019-06-03,0.1,,,,wind:wind_get_stock_events
002897.SZ,002897.SZ_20200717_1,2020-07-17,2020-07-16,2020-07-17,0.05,,,,wind:wind_get_stock_events
002897.SZ,002897.SZ_20210712_1,2021-07-12,2021-07-09,2021-07-12,0.1,,,,wind:wind_get_stock_events
002897.SZ,002897.SZ_20220712_1,2022-07-12,2022-07-11,2022-07-12,0.1,,,,wind:wind_get_stock_events
002897.SZ,002897.SZ_20230712_1,2023-07-12,2023-07-11,2023-07-12,0.15,,,,wind:wind_get_stock_events
002897.SZ,002897.SZ_20240614_1,2024-06-14,2024-06-13,2024-06-14,0.1,,,,wind:wind_get_stock_events
002897.SZ,002897.SZ_20250529_1,2025-05-29,2025-05-28,2025-05-29,0.1,,,,wind:wind_get_stock_events
002897.SZ,002897.SZ_20260601_1,2026-06-01,2026-05-29,2026-06-01,0.5,,,,wind:wind_get_stock_events
002898.SZ,002898.SZ_20180719_1,2018-07-19,2018-07-18,2018-07-19,0.085,,,,wind:wind_get_stock_events
002898.SZ,002898.SZ_20181101_1,2018-11-01,2018-10-31,2018-11-01,0.015,,,,wind:wind_get_stock_events
002898.SZ,002898.SZ_20190716_1,2019-07-16,2019-07-15,2019-07-16,0.2,,,,wind:wind_get_stock_events
002898.SZ,002898.SZ_20200716_1,2020-07-16,2020-07-15,2020-07-16,0.03,,0.1,2020-07-16,wind:wind_get_stock_events
002898.SZ,002898.SZ_20240628_1,2024-06-28,2024-06-27,2024-06-28,0.02,,,,wind:wind_get_stock_events
002899.SZ,002899.SZ_20180608_1,2018-06-08,2018-06-07,2018-06-08,0.072,,,,wind:wind_get_stock_events
002899.SZ,002899.SZ_20190530_1,2019-05-30,2019-05-29,2019-05-30,0.094,,,,wind:wind_get_stock_events
002899.SZ,002899.SZ_20210615_1,2021-06-15,2021-06-11,2021-06-15,0.039,,,,wind:wind_get_stock_events
002899.SZ,002899.SZ_20220713_1,2022-07-13,2022-07-12,2022-07-13,0.022,,,,wind:wind_get_stock_events
002899.SZ,002899.SZ_20230615_1,2023-06-15,2023-06-14,2023-06-15,0.063,,,,wind:wind_get_stock_events
002899.SZ,002899.SZ_20240529_1,2024-05-29,2024-05-28,2024-05-29,0.071,,,,wind:wind_get_stock_events
002899.SZ,002899.SZ_20250612_1,2025-06-12,2025-06-11,2025-06-12,0.075,,,,wind:wind_get_stock_events
002899.SZ,002899.SZ_20260612_1,2026-06-12,2026-06-11,2026-06-12,0.083,,,,wind:wind_get_stock_events
002901.SZ,002901.SZ_20180615_1,2018-06-15,2018-06-14,2018-06-15,0.4,,,,wind:wind_get_stock_events
002901.SZ,002901.SZ_20190618_1,2019-06-18,2019-06-17,2019-06-18,0.5,,,,wind:wind_get_stock_events
002901.SZ,002901.SZ_20200713_1,2020-07-13,2020-07-10,2020-07-13,0.6,,,,wind:wind_get_stock_events
002901.SZ,002901.SZ_20210701_1,2021-07-01,2021-06-30,2021-07-01,0.8,,,,wind:wind_get_stock_events
002901.SZ,002901.SZ_20220509_1,2022-05-09,2022-05-06,2022-05-09,0.5,,,,wind:wind_get_stock_events
002901.SZ,002901.SZ_20240624_1,2024-06-24,2024-06-21,2024-06-24,0.25,,,,wind:wind_get_stock_events
002901.SZ,002901.SZ_20250530_1,2025-05-30,2025-05-29,2025-05-30,0.5,,,,wind:wind_get_stock_events
002901.SZ,002901.SZ_20260707_1,2026-07-07,2026-07-06,2026-07-07,0.6,,,,wind:wind_get_stock_events
002902.SZ,002902.SZ_20180528_1,2018-05-28,2018-05-25,2018-05-28,0.15,,,,wind:wind_get_stock_events
002902.SZ,002902.SZ_20190612_1,2019-06-12,2019-06-11,2019-06-12,0.05,,0.5,2019-06-12,wind:wind_get_stock_events
002902.SZ,002902.SZ_20200522_1,2020-05-22,2020-05-21,2020-05-22,0.05,,,,wind:wind_get_stock_events
002902.SZ,002902.SZ_20230614_1,2023-06-14,2023-06-13,2023-06-14,0.033,,,,wind:wind_get_stock_events
002903.SZ,002903.SZ_20180531_1,2018-05-31,2018-05-30,2018-05-31,0.3,,0.5,2018-05-31,wind:wind_get_stock_events
002903.SZ,002903.SZ_20190605_1,2019-06-05,2019-06-04,2019-06-05,0.1,,,,wind:wind_get_stock_events
002903.SZ,002903.SZ_20210517_1,2021-05-17,2021-05-14,2021-05-17,0.1,,,,wind:wind_get_stock_events
002903.SZ,002903.SZ_20220517_1,2022-05-17,2022-05-16,2022-05-17,0.2,,,,wind:wind_get_stock_events
002903.SZ,002903.SZ_20230525_1,2023-05-25,2023-05-24,2023-05-25,0.15,,,,wind:wind_get_stock_events
002903.SZ,002903.SZ_20240521_1,2024-05-21,2024-05-20,2024-05-21,0.2,,,,wind:wind_get_stock_events
002903.SZ,002903.SZ_20250609_1,2025-06-09,2025-06-06,2025-06-09,0.08,,,,wind:wind_get_stock_events
002905.SZ,002905.SZ_20180627_1,2018-06-27,2018-06-26,2018-06-27,0.6,,0.6,2018-06-27,wind:wind_get_stock_events
002905.SZ,002905.SZ_20190704_1,2019-07-04,2019-07-03,2019-07-04,0.28,,,,wind:wind_get_stock_events
002905.SZ,002905.SZ_20200521_1,2020-05-21,2020-05-20,2020-05-21,0.05,,0.4,2020-05-21,wind:wind_get_stock_events
002906.SZ,002906.SZ_20180627_1,2018-06-27,2018-06-26,2018-06-27,0.25,,,,wind:wind_get_stock_events
002906.SZ,002906.SZ_20200601_1,2020-06-01,2020-05-29,2020-06-01,0.1,,,,wind:wind_get_stock_events
002906.SZ,002906.SZ_20210528_1,2021-05-28,2021-05-27,2021-05-28,0.2,,,,wind:wind_get_stock_events
002906.SZ,002906.SZ_20220530_1,2022-05-30,2022-05-27,2022-05-30,0.2,,,,wind:wind_get_stock_events
002906.SZ,002906.SZ_20230524_1,2023-05-24,2023-05-23,2023-05-24,0.25,,,,wind:wind_get_stock_events
002906.SZ,002906.SZ_20240619_1,2024-06-19,2024-06-18,2024-06-19,0.35,,,,wind:wind_get_stock_events
002906.SZ,002906.SZ_20250512_1,2025-05-12,2025-05-09,2025-05-12,0.48,,,,wind:wind_get_stock_events
002906.SZ,002906.SZ_20260508_1,2026-05-08,2026-05-07,2026-05-08,0.5,,,,wind:wind_get_stock_events
002910.SZ,002910.SZ_20180809_1,2018-08-09,2018-08-08,2018-08-09,0.073,,,,wind:wind_get_stock_events
002910.SZ,002910.SZ_20190819_1,2019-08-19,2019-08-16,2019-08-19,0.0668,,,,wind:wind_get_stock_events
002910.SZ,002910.SZ_20200826_1,2020-08-26,2020-08-25,2020-08-26,0.055,,,,wind:wind_get_stock_events
002910.SZ,002910.SZ_20210826_1,2021-08-26,2021-08-25,2021-08-26,0.0201,,,,wind:wind_get_stock_events
002910.SZ,002910.SZ_20220829_1,2022-08-29,2022-08-26,2022-08-29,0.047,,,,wind:wind_get_stock_events
002910.SZ,002910.SZ_20230719_1,2023-07-19,2023-07-18,2023-07-19,0.0624,,,,wind:wind_get_stock_events
002911.SZ,002911.SZ_20180426_1,2018-04-26,2018-04-25,2018-04-26,0.3,,,,wind:wind_get_stock_events
002911.SZ,002911.SZ_20190426_1,2019-04-26,2019-04-25,2019-04-26,0.43,,,,wind:wind_get_stock_events
002911.SZ,002911.SZ_20200521_1,2020-05-21,2020-05-20,2020-05-21,0.5,,,,wind:wind_get_stock_events
002911.SZ,002911.SZ_20210422_1,2021-04-22,2021-04-21,2021-04-22,0.6,,0.7,2021-04-22,wind:wind_get_stock_events
002911.SZ,002911.SZ_20220531_1,2022-05-31,2022-05-30,2022-05-31,0.45,,,,wind:wind_get_stock_events
002911.SZ,002911.SZ_20230425_1,2023-04-25,2023-04-24,2023-04-25,0.45,,,,wind:wind_get_stock_events
002911.SZ,002911.SZ_20240426_1,2024-04-26,2024-04-25,2024-04-26,0.5998,,0.2999,2024-04-26,wind:wind_get_stock_events
002911.SZ,002911.SZ_20250220_1,2025-02-20,2025-02-19,2025-02-20,0.25,,,,wind:wind_get_stock_events
002911.SZ,002911.SZ_20250422_1,2025-04-22,2025-04-21,2025-04-22,0.23,,,,wind:wind_get_stock_events
002911.SZ,002911.SZ_20260115_1,2026-01-15,2026-01-14,2026-01-15,0.25,,,,wind:wind_get_stock_events
002911.SZ,002911.SZ_20260424_1,2026-04-24,2026-04-23,2026-04-24,0.27,,,,wind:wind_get_stock_events
002912.SZ,002912.SZ_20180504_1,2018-05-04,2018-05-03,2018-05-04,0.75,,0.6,2018-05-04,wind:wind_get_stock_events
002912.SZ,002912.SZ_20190613_1,2019-06-13,2019-06-12,2019-06-13,0.65,,,,wind:wind_get_stock_events
002912.SZ,002912.SZ_20200703_1,2020-07-03,2020-07-02,2020-07-03,0.65,,0.6,2020-07-03,wind:wind_get_stock_events
002912.SZ,002912.SZ_20210709_1,2021-07-09,2021-07-08,2021-07-09,0.4,,,,wind:wind_get_stock_events
002912.SZ,002912.SZ_20240419_1,2024-04-19,2024-04-18,2024-04-19,0.3,,,,wind:wind_get_stock_events
002912.SZ,002912.SZ_20250522_1,2025-05-22,2025-05-21,2025-05-22,0.2,,,,wind:wind_get_stock_events
002912.SZ,002912.SZ_20260528_1,2026-05-28,2026-05-27,2026-05-28,0.4,,,,wind:wind_get_stock_events
002913.SZ,002913.SZ_20180604_1,2018-06-04,2018-06-01,2018-06-04,0.31,,,,wind:wind_get_stock_events
002913.SZ,002913.SZ_20190628_1,2019-06-28,2019-06-27,2019-06-28,0.45,,,,wind:wind_get_stock_events
002913.SZ,002913.SZ_20200611_1,2020-06-11,2020-06-10,2020-06-11,0.5,,,,wind:wind_get_stock_events
002913.SZ,002913.SZ_20210603_1,2021-06-03,2021-06-02,2021-06-03,1.25,,,,wind:wind_get_stock_events
002913.SZ,002913.SZ_20220520_1,2022-05-20,2022-05-19,2022-05-20,1.7,,1,2022-05-20,wind:wind_get_stock_events
002913.SZ,002913.SZ_20231124_1,2023-11-24,2023-11-23,2023-11-24,0.677,,,,wind:wind_get_stock_events
002913.SZ,002913.SZ_20240530_1,2024-05-30,2024-05-29,2024-05-30,0.315,,,,wind:wind_get_stock_events
002913.SZ,002913.SZ_20250627_1,2025-06-27,2025-06-26,2025-06-27,0.6026,,,,wind:wind_get_stock_events
002913.SZ,002913.SZ_20260618_1,2026-06-18,2026-06-17,2026-06-18,0.3,,,,wind:wind_get_stock_events
002915.SZ,002915.SZ_20180615_1,2018-06-15,2018-06-14,2018-06-15,0.15,,,,wind:wind_get_stock_events
002915.SZ,002915.SZ_20190612_1,2019-06-12,2019-06-11,2019-06-12,0.1,,,,wind:wind_get_stock_events
002915.SZ,002915.SZ_20200618_1,2020-06-18,2020-06-17,,,,0.5,2020-06-18,wind:wind_get_stock_events
002915.SZ,002915.SZ_20210611_1,2021-06-11,2021-06-10,2021-06-11,0.25,,,,wind:wind_get_stock_events
002915.SZ,002915.SZ_20220608_1,2022-06-08,2022-06-07,2022-06-08,0.25,,0.4,2022-06-08,wind:wind_get_stock_events
002915.SZ,002915.SZ_20230616_1,2023-06-16,2023-06-15,2023-06-16,0.2,,,,wind:wind_get_stock_events
002918.SZ,002918.SZ_20180614_1,2018-06-14,2018-06-13,2018-06-14,0.194,,0.5,2018-06-14,wind:wind_get_stock_events
002918.SZ,002918.SZ_20190618_1,2019-06-18,2019-06-17,2019-06-18,0.35,,0.7,2019-06-18,wind:wind_get_stock_events
002918.SZ,002918.SZ_20200630_1,2020-06-30,2020-06-29,2020-06-30,0.35,,,,wind:wind_get_stock_events
002918.SZ,002918.SZ_20210511_1,2021-05-11,2021-05-10,2021-05-11,0.47,,,,wind:wind_get_stock_events
002918.SZ,002918.SZ_20220706_1,2022-07-06,2022-07-05,2022-07-06,0.25,,,,wind:wind_get_stock_events
002918.SZ,002918.SZ_20230614_1,2023-06-14,2023-06-13,2023-06-14,0.15,,,,wind:wind_get_stock_events
002918.SZ,002918.SZ_20240701_1,2024-07-01,2024-06-28,2024-07-01,0.3,,,,wind:wind_get_stock_events
002918.SZ,002918.SZ_20250626_1,2025-06-26,2025-06-25,2025-06-26,0.2,,,,wind:wind_get_stock_events
002918.SZ,002918.SZ_20260618_1,2026-06-18,2026-06-17,2026-06-18,0.08,,,,wind:wind_get_stock_events
002919.SZ,002919.SZ_20180613_1,2018-06-13,2018-06-12,2018-06-13,0.2,,,,wind:wind_get_stock_events
002919.SZ,002919.SZ_20190617_1,2019-06-17,2019-06-14,2019-06-17,0.1,,0.5,2019-06-17,wind:wind_get_stock_events
002919.SZ,002919.SZ_20200623_1,2020-06-23,2020-06-22,2020-06-23,0.1,,,,wind:wind_get_stock_events
002919.SZ,002919.SZ_20210629_1,2021-06-29,2021-06-28,2021-06-29,0.255,,,,wind:wind_get_stock_events
002919.SZ,002919.SZ_20220606_1,2022-06-06,2022-06-02,2022-06-06,0.3,,0.4,2022-06-06,wind:wind_get_stock_events
002919.SZ,002919.SZ_20230531_1,2023-05-31,2023-05-30,,,,0.3,2023-05-31,wind:wind_get_stock_events
002919.SZ,002919.SZ_20240531_1,2024-05-31,2024-05-30,2024-05-31,0.15,,0.2,2024-05-31,wind:wind_get_stock_events
002919.SZ,002919.SZ_20250530_1,2025-05-30,2025-05-29,2025-05-30,0.05,,,,wind:wind_get_stock_events
002919.SZ,002919.SZ_20260609_1,2026-06-09,2026-06-08,2026-06-09,0.05,,,,wind:wind_get_stock_events
002921.SZ,002921.SZ_20180713_1,2018-07-13,2018-07-12,2018-07-13,0.25,,,,wind:wind_get_stock_events
002921.SZ,002921.SZ_20190710_1,2019-07-10,2019-07-09,2019-07-10,0.15,,,,wind:wind_get_stock_events
002921.SZ,002921.SZ_20200508_1,2020-05-08,2020-05-07,2020-05-08,0.3,,,,wind:wind_get_stock_events
002921.SZ,002921.SZ_20210511_1,2021-05-11,2021-05-10,2021-05-11,0.4,,0.3,2021-05-11,wind:wind_get_stock_events
002921.SZ,002921.SZ_20220620_1,2022-06-20,2022-06-17,2022-06-20,0.35,,,,wind:wind_get_stock_events
002921.SZ,002921.SZ_20230531_1,2023-05-31,2023-05-30,2023-05-31,0.35,,,,wind:wind_get_stock_events
002921.SZ,002921.SZ_20240607_1,2024-06-07,2024-06-06,2024-06-07,0.1,,,,wind:wind_get_stock_events
002923.SZ,002923.SZ_20190612_1,2019-06-12,2019-06-11,2019-06-12,0.6,,0.5,2019-06-12,wind:wind_get_stock_events
002923.SZ,002923.SZ_20200609_1,2020-06-09,2020-06-08,2020-06-09,0.4,,,,wind:wind_get_stock_events
002923.SZ,002923.SZ_20210528_1,2021-05-28,2021-05-27,2021-05-28,0.4,,,,wind:wind_get_stock_events
002923.SZ,002923.SZ_20220527_1,2022-05-27,2022-05-26,2022-05-27,0.4,,0.3,2022-05-27,wind:wind_get_stock_events
002923.SZ,002923.SZ_20230531_1,2023-05-31,2023-05-30,2023-05-31,0.35,,0.4,2023-05-31,wind:wind_get_stock_events
002923.SZ,002923.SZ_20240531_1,2024-05-31,2024-05-30,2024-05-31,0.2,,,,wind:wind_get_stock_events
002923.SZ,002923.SZ_20250530_1,2025-05-30,2025-05-29,2025-05-30,0.15,,,,wind:wind_get_stock_events
002925.SZ,002925.SZ_20190506_1,2019-05-06,2019-04-30,2019-05-06,1,,,,wind:wind_get_stock_events
002925.SZ,002925.SZ_20200430_1,2020-04-30,2020-04-29,2020-04-30,1,,,,wind:wind_get_stock_events
002925.SZ,002925.SZ_20210421_1,2021-04-21,2021-04-20,2021-04-21,1,,0.7,2021-04-21,wind:wind_get_stock_events
002925.SZ,002925.SZ_20220524_1,2022-05-24,2022-05-23,2022-05-24,1,,,,wind:wind_get_stock_events
002925.SZ,002925.SZ_20230531_1,2023-05-31,2023-05-30,2023-05-31,0.8,,,,wind:wind_get_stock_events
002925.SZ,002925.SZ_20240531_1,2024-05-31,2024-05-30,2024-05-31,0.46,,,,wind:wind_get_stock_events
002925.SZ,002925.SZ_20241025_1,2024-10-25,2024-10-24,2024-10-25,0.13,,,,wind:wind_get_stock_events
002925.SZ,002925.SZ_20250703_1,2025-07-03,2025-07-02,2025-07-03,0.3,,,,wind:wind_get_stock_events
002925.SZ,002925.SZ_20260522_1,2026-05-22,2026-05-21,2026-05-22,0.23,,,,wind:wind_get_stock_events
002927.SZ,002927.SZ_20190619_1,2019-06-19,2019-06-18,2019-06-19,0.12,,0.4,2019-06-19,wind:wind_get_stock_events
002927.SZ,002927.SZ_20200604_1,2020-06-04,2020-06-03,2020-06-04,0.215,,0.3,2020-06-04,wind:wind_get_stock_events
002927.SZ,002927.SZ_20210604_1,2021-06-04,2021-06-03,2021-06-04,0.12,,,,wind:wind_get_stock_events
002927.SZ,002927.SZ_20220615_1,2022-06-15,2022-06-14,2022-06-15,0.12,,,,wind:wind_get_stock_events
002927.SZ,002927.SZ_20230609_1,2023-06-09,2023-06-08,2023-06-09,0.12,,,,wind:wind_get_stock_events
002927.SZ,002927.SZ_20240613_1,2024-06-13,2024-06-12,2024-06-13,0.135,,,,wind:wind_get_stock_events
002927.SZ,002927.SZ_20241016_1,2024-10-16,2024-10-15,2024-10-16,0.05,,,,wind:wind_get_stock_events
002927.SZ,002927.SZ_20250626_1,2025-06-26,2025-06-25,2025-06-26,0.05,,,,wind:wind_get_stock_events
002928.SZ,002928.SZ_20190422_1,2019-04-22,2019-04-19,2019-04-22,0.13,,0.5,2019-04-22,wind:wind_get_stock_events
002928.SZ,002928.SZ_20200717_1,2020-07-17,2020-07-16,2020-07-17,0.076,,0.5,2020-07-17,wind:wind_get_stock_events
002928.SZ,002928.SZ_20210715_1,2021-07-15,2021-07-14,2021-07-15,0.061,,,,wind:wind_get_stock_events
002929.SZ,002929.SZ_20190710_1,2019-07-10,2019-07-09,2019-07-10,0.12,,,,wind:wind_get_stock_events
002929.SZ,002929.SZ_20200706_1,2020-07-06,2020-07-03,2020-07-06,0.12,,,,wind:wind_get_stock_events
002929.SZ,002929.SZ_20210607_1,2021-06-07,2021-06-04,2021-06-07,0.15,,,,wind:wind_get_stock_events
002929.SZ,002929.SZ_20220711_1,2022-07-11,2022-07-08,2022-07-11,0.2,,,,wind:wind_get_stock_events
002929.SZ,002929.SZ_20230614_1,2023-06-14,2023-06-13,2023-06-14,0.25,,,,wind:wind_get_stock_events
002929.SZ,002929.SZ_20240717_1,2024-07-17,2024-07-16,2024-07-17,0.25,,,,wind:wind_get_stock_events
002929.SZ,002929.SZ_20250708_1,2025-07-08,2025-07-07,2025-07-08,0.13,,,,wind:wind_get_stock_events
002929.SZ,002929.SZ_20260721_1,2026-07-21,2026-07-20,2026-07-21,0.06,,,,wind:wind_get_stock_events
002930.SZ,002930.SZ_20190523_1,2019-05-23,2019-05-22,2019-05-23,0.3,,0.4,2019-05-23,wind:wind_get_stock_events
002930.SZ,002930.SZ_20200430_1,2020-04-30,2020-04-29,2020-04-30,0.3,,0.3,2020-04-30,wind:wind_get_stock_events
002930.SZ,002930.SZ_20210707_1,2021-07-07,2021-07-06,2021-07-07,0.3,,,,wind:wind_get_stock_events
002930.SZ,002930.SZ_20220627_1,2022-06-27,2022-06-24,2022-06-27,0.3,,,,wind:wind_get_stock_events
002930.SZ,002930.SZ_20230626_1,2023-06-26,2023-06-21,2023-06-26,0.3,,,,wind:wind_get_stock_events
002930.SZ,002930.SZ_20240709_1,2024-07-09,2024-07-08,2024-07-09,0.25,,,,wind:wind_get_stock_events
002930.SZ,002930.SZ_20241216_1,2024-12-16,2024-12-13,2024-12-16,0.1,,,,wind:wind_get_stock_events
002930.SZ,002930.SZ_20250624_1,2025-06-24,2025-06-23,2025-06-24,0.2,,,,wind:wind_get_stock_events
002931.SZ,002931.SZ_20190606_1,2019-06-06,2019-06-05,2019-06-06,0.2,,,,wind:wind_get_stock_events
002931.SZ,002931.SZ_20200612_1,2020-06-12,2020-06-11,2020-06-12,0.15,,0.6,2020-06-12,wind:wind_get_stock_events
002931.SZ,002931.SZ_20210608_1,2021-06-08,2021-06-07,2021-06-08,0.15,,0.4,2021-06-08,wind:wind_get_stock_events
002931.SZ,002931.SZ_20220629_1,2022-06-29,2022-06-28,2022-06-29,0.1,,,,wind:wind_get_stock_events
002931.SZ,002931.SZ_20241024_1,2024-10-24,2024-10-23,2024-10-24,0.1,,,,wind:wind_get_stock_events
002931.SZ,002931.SZ_20250704_1,2025-07-04,2025-07-03,2025-07-04,0.05,,,,wind:wind_get_stock_events
002931.SZ,002931.SZ_20260708_1,2026-07-08,2026-07-07,2026-07-08,0.05,,,,wind:wind_get_stock_events
002932.SZ,002932.SZ_20180921_1,2018-09-21,2018-09-20,2018-09-21,0.4,,,,wind:wind_get_stock_events
002932.SZ,002932.SZ_20190524_1,2019-05-24,2019-05-23,2019-05-24,0.3,,,,wind:wind_get_stock_events
002932.SZ,002932.SZ_20200601_1,2020-06-01,2020-05-29,2020-06-01,0.1,,,,wind:wind_get_stock_events
002932.SZ,002932.SZ_20210720_1,2021-07-20,2021-07-19,2021-07-20,2,,0.4,2021-07-20,wind:wind_get_stock_events
002932.SZ,002932.SZ_20210907_1,2021-09-07,2021-09-06,2021-09-07,1.5,,,,wind:wind_get_stock_events
002932.SZ,002932.SZ_20220621_1,2022-06-21,2022-06-20,2022-06-21,3,,0.49,2022-06-21,wind:wind_get_stock_events
002932.SZ,002932.SZ_20220921_1,2022-09-21,2022-09-20,2022-09-21,1.5,,,,wind:wind_get_stock_events
002932.SZ,002932.SZ_20230606_1,2023-06-06,2023-06-05,2023-06-06,3.7,,0.49,2023-06-06,wind:wind_get_stock_events
002932.SZ,002932.SZ_20240528_1,2024-05-28,2024-05-27,2024-05-28,0.12,,,,wind:wind_get_stock_events
002932.SZ,002932.SZ_20241017_1,2024-10-17,2024-10-16,2024-10-17,0.03,,,,wind:wind_get_stock_events
002932.SZ,002932.SZ_20250612_1,2025-06-12,2025-06-11,2025-06-12,1.2,,,,wind:wind_get_stock_events
002935.SZ,002935.SZ_20190618_1,2019-06-18,2019-06-17,2019-06-18,0.25,,0.5,2019-06-18,wind:wind_get_stock_events
002935.SZ,002935.SZ_20200617_1,2020-06-17,2020-06-16,2020-06-17,0.2,,0.3,2020-06-17,wind:wind_get_stock_events
002935.SZ,002935.SZ_20210611_1,2021-06-11,2021-06-10,2021-06-11,0.25,,,,wind:wind_get_stock_events
002935.SZ,002935.SZ_20220623_1,2022-06-23,2022-06-22,2022-06-23,0.15,,0.3,2022-06-23,wind:wind_get_stock_events
002935.SZ,002935.SZ_20230608_1,2023-06-08,2023-06-07,2023-06-08,0.15,,0.3,2023-06-08,wind:wind_get_stock_events
002935.SZ,002935.SZ_20240620_1,2024-06-20,2024-06-19,2024-06-20,0.08,,0.2,2024-06-20,wind:wind_get_stock_events
002935.SZ,002935.SZ_20250606_1,2025-06-06,2025-06-05,2025-06-06,0.05,,,,wind:wind_get_stock_events
002935.SZ,002935.SZ_20260616_1,2026-06-16,2026-06-15,2026-06-16,0.05,,,,wind:wind_get_stock_events
002937.SZ,002937.SZ_20190423_1,2019-04-23,2019-04-22,2019-04-23,0.3,,0.6,2019-04-23,wind:wind_get_stock_events
002937.SZ,002937.SZ_20200429_1,2020-04-29,2020-04-28,2020-04-29,0.12,,,,wind:wind_get_stock_events
002937.SZ,002937.SZ_20210430_1,2021-04-30,2021-04-29,2021-04-30,0.18,,,,wind:wind_get_stock_events
002937.SZ,002937.SZ_20220505_1,2022-05-05,2022-04-29,2022-05-05,0.1797,,,,wind:wind_get_stock_events
002937.SZ,002937.SZ_20230601_1,2023-06-01,2023-05-31,2023-06-01,0.2,,,,wind:wind_get_stock_events
002937.SZ,002937.SZ_20240102_1,2024-01-02,2023-12-29,2024-01-02,0.1,,,,wind:wind_get_stock_events
002937.SZ,002937.SZ_20240606_1,2024-06-06,2024-06-05,2024-06-06,0.3,,,,wind:wind_get_stock_events
002937.SZ,002937.SZ_20250529_1,2025-05-29,2025-05-28,2025-05-29,0.3,,,,wind:wind_get_stock_events
002937.SZ,002937.SZ_20250930_1,2025-09-30,2025-09-29,2025-09-30,0.1,,,,wind:wind_get_stock_events
002937.SZ,002937.SZ_20260526_1,2026-05-26,2026-05-25,2026-05-26,0.2,,,,wind:wind_get_stock_events
002942.SZ,002942.SZ_20190515_1,2019-05-15,2019-05-14,2019-05-15,0.3,,,,wind:wind_get_stock_events
002942.SZ,002942.SZ_20200619_1,2020-06-19,2020-06-18,2020-06-19,0.35,,,,wind:wind_get_stock_events
002942.SZ,002942.SZ_20210714_1,2021-07-14,2021-07-13,2021-07-14,0.3,,0.3,2021-07-14,wind:wind_get_stock_events
002942.SZ,002942.SZ_20220624_1,2022-06-24,2022-06-23,2022-06-24,0.5,,,,wind:wind_get_stock_events
002942.SZ,002942.SZ_20230616_1,2023-06-16,2023-06-15,2023-06-16,0.25,,,,wind:wind_get_stock_events
002942.SZ,002942.SZ_20240626_1,2024-06-26,2024-06-25,2024-06-26,0.2,,,,wind:wind_get_stock_events
002942.SZ,002942.SZ_20250611_1,2025-06-11,2025-06-10,2025-06-11,0.3,,,,wind:wind_get_stock_events
002942.SZ,002942.SZ_20260605_1,2026-06-05,2026-06-04,2026-06-05,0.4,,,,wind:wind_get_stock_events
002943.SZ,002943.SZ_20190612_1,2019-06-12,2019-06-11,2019-06-12,0.1,,,,wind:wind_get_stock_events
002943.SZ,002943.SZ_20200714_1,2020-07-14,2020-07-13,2020-07-14,0.05,,,,wind:wind_get_stock_events
002943.SZ,002943.SZ_20230504_1,2023-05-04,2023-04-28,,,,0.3,2023-05-04,wind:wind_get_stock_events
002943.SZ,002943.SZ_20240515_1,2024-05-15,2024-05-14,2024-05-15,0.4,,0.3,2024-05-15,wind:wind_get_stock_events
002943.SZ,002943.SZ_20260608_1,2026-06-08,2026-06-05,,,,0.3,2026-06-08,wind:wind_get_stock_events
002945.SZ,002945.SZ_20200703_1,2020-07-03,2020-07-02,2020-07-03,0.05,,,,wind:wind_get_stock_events
002945.SZ,002945.SZ_20210510_1,2021-05-10,2021-05-07,2021-05-10,0.091,,,,wind:wind_get_stock_events
002945.SZ,002945.SZ_20220602_1,2022-06-02,2022-06-01,2022-06-02,0.054,,,,wind:wind_get_stock_events
002945.SZ,002945.SZ_20230511_1,2023-05-11,2023-05-10,2023-05-11,0.052,,,,wind:wind_get_stock_events
002945.SZ,002945.SZ_20240627_1,2024-06-27,2024-06-26,2024-06-27,0.004,,,,wind:wind_get_stock_events
002945.SZ,002945.SZ_20250515_1,2025-05-15,2025-05-14,2025-05-15,0.04,,,,wind:wind_get_stock_events
002945.SZ,002945.SZ_20260717_1,2026-07-17,2026-07-16,2026-07-17,0.057,,,,wind:wind_get_stock_events
002946.SZ,002946.SZ_20200812_1,2020-08-12,2020-08-11,2020-08-12,0.06,,,,wind:wind_get_stock_events
002946.SZ,002946.SZ_20210623_1,2021-06-23,2021-06-22,2021-06-23,0.07,,,,wind:wind_get_stock_events
002946.SZ,002946.SZ_20220615_1,2022-06-15,2022-06-14,2022-06-15,0.075,,,,wind:wind_get_stock_events
002946.SZ,002946.SZ_20230620_1,2023-06-20,2023-06-19,2023-06-20,0.085,,,,wind:wind_get_stock_events
002946.SZ,002946.SZ_20240709_1,2024-07-09,2024-07-08,2024-07-09,0.15,,,,wind:wind_get_stock_events
002946.SZ,002946.SZ_20250214_1,2025-02-14,2025-02-13,2025-02-14,0.035,,,,wind:wind_get_stock_events
002946.SZ,002946.SZ_20250626_1,2025-06-26,2025-06-25,2025-06-26,0.25,,,,wind:wind_get_stock_events
002946.SZ,002946.SZ_20260116_1,2026-01-16,2026-01-15,2026-01-16,0.07,,,,wind:wind_get_stock_events
002946.SZ,002946.SZ_20260609_1,2026-06-09,2026-06-08,2026-06-09,0.38,,,,wind:wind_get_stock_events
002947.SZ,002947.SZ_20200522_1,2020-05-22,2020-05-21,2020-05-22,0.6,,,,wind:wind_get_stock_events
002947.SZ,002947.SZ_20210513_1,2021-05-13,2021-05-12,2021-05-13,0.3,,0.3,2021-05-13,wind:wind_get_stock_events
002947.SZ,002947.SZ_20220323_1,2022-03-23,2022-03-22,2022-03-23,0.2,,0.3,2022-03-23,wind:wind_get_stock_events
002947.SZ,002947.SZ_20230420_1,2023-04-20,2023-04-19,2023-04-20,0.3,,,,wind:wind_get_stock_events
002947.SZ,002947.SZ_20240509_1,2024-05-09,2024-05-08,2024-05-09,0.5,,,,wind:wind_get_stock_events
002947.SZ,002947.SZ_20250508_1,2025-05-08,2025-05-07,2025-05-08,0.6,,,,wind:wind_get_stock_events
002947.SZ,002947.SZ_20260429_1,2026-04-29,2026-04-28,2026-04-29,0.5,,,,wind:wind_get_stock_events
002948.SZ,002948.SZ_20200702_1,2020-07-02,2020-07-01,2020-07-02,0.2,,,,wind:wind_get_stock_events
002948.SZ,002948.SZ_20210528_1,2021-05-28,2021-05-27,2021-05-28,0.18,,,,wind:wind_get_stock_events
002948.SZ,002948.SZ_20220531_1,2022-05-31,2022-05-30,2022-05-31,0.16,,,,wind:wind_get_stock_events
002948.SZ,002948.SZ_20230621_1,2023-06-21,2023-06-20,2023-06-21,0.16,,,,wind:wind_get_stock_events
002948.SZ,002948.SZ_20240620_1,2024-06-20,2024-06-19,2024-06-20,0.16,,,,wind:wind_get_stock_events
002948.SZ,002948.SZ_20250626_1,2025-06-26,2025-06-25,2025-06-26,0.16,,,,wind:wind_get_stock_events
002948.SZ,002948.SZ_20260624_1,2026-06-24,2026-06-23,2026-06-24,0.18,,,,wind:wind_get_stock_events
002950.SZ,002950.SZ_20200605_1,2020-06-05,2020-06-04,2020-06-05,0.6,,0.5,2020-06-05,wind:wind_get_stock_events
002950.SZ,002950.SZ_20210616_1,2021-06-16,2021-06-15,2021-06-16,0.88,,,,wind:wind_get_stock_events
002950.SZ,002950.SZ_20220609_1,2022-06-09,2022-06-08,2022-06-09,0.21,,,,wind:wind_get_stock_events
002950.SZ,002950.SZ_20230614_1,2023-06-14,2023-06-13,2023-06-14,0.06,,,,wind:wind_get_stock_events
002950.SZ,002950.SZ_20240619_1,2024-06-19,2024-06-18,2024-06-19,0.0271,,,,wind:wind_get_stock_events
002950.SZ,002950.SZ_20250619_1,2025-06-19,2025-06-18,2025-06-19,0.06,,,,wind:wind_get_stock_events
002950.SZ,002950.SZ_20260624_1,2026-06-24,2026-06-23,2026-06-24,0.146,,,,wind:wind_get_stock_events
002951.SZ,002951.SZ_20190927_1,2019-09-27,2019-09-26,2019-09-27,0.4,,,,wind:wind_get_stock_events
002951.SZ,002951.SZ_20200522_1,2020-05-22,2020-05-21,2020-05-22,0.25,,,,wind:wind_get_stock_events
002951.SZ,002951.SZ_20210531_1,2021-05-31,2021-05-28,2021-05-31,0.15,,,,wind:wind_get_stock_events
002951.SZ,002951.SZ_20220526_1,2022-05-26,2022-05-25,2022-05-26,0.05,,,,wind:wind_get_stock_events
002951.SZ,002951.SZ_20241028_1,2024-10-28,2024-10-25,2024-10-28,0.5,,,,wind:wind_get_stock_events
002951.SZ,002951.SZ_20250619_1,2025-06-19,2025-06-18,2025-06-19,0.5,,,,wind:wind_get_stock_events
002953.SZ,002953.SZ_20200529_1,2020-05-29,2020-05-28,2020-05-29,0.12,,,,wind:wind_get_stock_events
002953.SZ,002953.SZ_20210602_1,2021-06-02,2021-06-01,2021-06-02,0.12,,0.4,2021-06-02,wind:wind_get_stock_events
002953.SZ,002953.SZ_20220616_1,2022-06-16,2022-06-15,2022-06-16,0.1,,0.3,2022-06-16,wind:wind_get_stock_events
002953.SZ,002953.SZ_20230705_1,2023-07-05,2023-07-04,2023-07-05,0.06,,,,wind:wind_get_stock_events
002953.SZ,002953.SZ_20240627_1,2024-06-27,2024-06-26,2024-06-27,0.1,,0.3,2024-06-27,wind:wind_get_stock_events
002953.SZ,002953.SZ_20250528_1,2025-05-28,2025-05-27,2025-05-28,0.1,,,,wind:wind_get_stock_events
002953.SZ,002953.SZ_20260528_1,2026-05-28,2026-05-27,2026-05-28,0.1,,,,wind:wind_get_stock_events
002955.SZ,002955.SZ_20200605_1,2020-06-05,2020-06-04,,,,0.7,2020-06-05,wind:wind_get_stock_events
002955.SZ,002955.SZ_20230706_1,2023-07-06,2023-07-05,2023-07-06,1.282,,,,wind:wind_get_stock_events
002955.SZ,002955.SZ_20240705_1,2024-07-05,2024-07-04,2024-07-05,0.425,,,,wind:wind_get_stock_events
002955.SZ,002955.SZ_20250331_1,2025-03-31,2025-03-28,2025-03-31,1.281,,,,wind:wind_get_stock_events
002956.SZ,002956.SZ_20200703_1,2020-07-03,2020-07-02,2020-07-03,1.6,,1,2020-07-03,wind:wind_get_stock_events
002956.SZ,002956.SZ_20210716_1,2021-07-16,2021-07-15,2021-07-16,0.375,,0.4,2021-07-16,wind:wind_get_stock_events
002956.SZ,002956.SZ_20220704_1,2022-07-04,2022-07-01,2022-07-04,0.268,,,,wind:wind_get_stock_events
002956.SZ,002956.SZ_20230704_1,2023-07-04,2023-07-03,2023-07-04,0.269,,,,wind:wind_get_stock_events
002956.SZ,002956.SZ_20240709_1,2024-07-09,2024-07-08,2024-07-09,0.31,,,,wind:wind_get_stock_events
002956.SZ,002956.SZ_20250703_1,2025-07-03,2025-07-02,2025-07-03,0.4176,,,,wind:wind_get_stock_events
002956.SZ,002956.SZ_20260518_1,2026-05-18,2026-05-15,2026-05-18,0.5384,,0.4,2026-05-18,wind:wind_get_stock_events
002957.SZ,002957.SZ_20200713_1,2020-07-13,2020-07-10,2020-07-13,0.2,,,,wind:wind_get_stock_events
002957.SZ,002957.SZ_20210625_1,2021-06-25,2021-06-24,2021-06-25,0.23,,,,wind:wind_get_stock_events
002957.SZ,002957.SZ_20220711_1,2022-07-11,2022-07-08,2022-07-11,0.034,,,,wind:wind_get_stock_events
002957.SZ,002957.SZ_20230620_1,2023-06-20,2023-06-19,2023-06-20,0.24,,,,wind:wind_get_stock_events
002957.SZ,002957.SZ_20240620_1,2024-06-20,2024-06-19,2024-06-20,0.172,,,,wind:wind_get_stock_events
002957.SZ,002957.SZ_20250623_1,2025-06-23,2025-06-20,2025-06-23,0.17,,,,wind:wind_get_stock_events
002957.SZ,002957.SZ_20260618_1,2026-06-18,2026-06-17,2026-06-18,0.25,,,,wind:wind_get_stock_events
002958.SZ,002958.SZ_20200616_1,2020-06-16,2020-06-15,2020-06-16,0.15,,,,wind:wind_get_stock_events
002958.SZ,002958.SZ_20210707_1,2021-07-07,2021-07-06,2021-07-07,0.15,,,,wind:wind_get_stock_events
002958.SZ,002958.SZ_20220708_1,2022-07-08,2022-07-07,2022-07-08,0.1,,,,wind:wind_get_stock_events
002958.SZ,002958.SZ_20240709_1,2024-07-09,2024-07-08,2024-07-09,0.1,,,,wind:wind_get_stock_events
002958.SZ,002958.SZ_20250709_1,2025-07-09,2025-07-08,2025-07-09,0.12,,,,wind:wind_get_stock_events
002958.SZ,002958.SZ_20260708_1,2026-07-08,2026-07-07,2026-07-08,0.12,,,,wind:wind_get_stock_events
002960.SZ,002960.SZ_20200703_1,2020-07-03,2020-07-02,2020-07-03,0.2924,,,,wind:wind_get_stock_events
002960.SZ,002960.SZ_20210604_1,2021-06-04,2021-06-03,2021-06-04,0.449,,0.3991,2021-06-04,wind:wind_get_stock_events
002960.SZ,002960.SZ_20220520_1,2022-05-20,2022-05-19,2022-05-20,0.4,,0.4,2022-05-20,wind:wind_get_stock_events
002960.SZ,002960.SZ_20230530_1,2023-05-30,2023-05-29,2023-05-30,0.3,,0.3,2023-05-30,wind:wind_get_stock_events
002960.SZ,002960.SZ_20240430_1,2024-04-30,2024-04-29,2024-04-30,0.35,,,,wind:wind_get_stock_events
002960.SZ,002960.SZ_20250609_1,2025-06-09,2025-06-06,2025-06-09,0.2,,0.2,2025-06-09,wind:wind_get_stock_events
002960.SZ,002960.SZ_20260511_1,2026-05-11,2026-05-08,2026-05-11,0.15,,0.2,2026-05-11,wind:wind_get_stock_events
002961.SZ,002961.SZ_20200409_1,2020-04-09,2020-04-08,2020-04-09,0.18,,,,wind:wind_get_stock_events
002961.SZ,002961.SZ_20210430_1,2021-04-30,2021-04-29,2021-04-30,0.27,,,,wind:wind_get_stock_events
002961.SZ,002961.SZ_20220516_1,2022-05-16,2022-05-13,2022-05-16,0.33,,,,wind:wind_get_stock_events
002961.SZ,002961.SZ_20230605_1,2023-06-05,2023-06-02,2023-06-05,0.22,,,,wind:wind_get_stock_events
002961.SZ,002961.SZ_20240513_1,2024-05-13,2024-05-10,2024-05-13,0.22,,,,wind:wind_get_stock_events
002961.SZ,002961.SZ_20241111_1,2024-11-11,2024-11-08,2024-11-11,0.13,,,,wind:wind_get_stock_events
002961.SZ,002961.SZ_20250605_1,2025-06-05,2025-06-04,2025-06-05,0.2,,,,wind:wind_get_stock_events
002961.SZ,002961.SZ_20250919_1,2025-09-19,2025-09-18,2025-09-19,0.18,,,,wind:wind_get_stock_events
002961.SZ,002961.SZ_20260520_1,2026-05-20,2026-05-19,2026-05-20,0.23,,,,wind:wind_get_stock_events
002961.SZ,002961.SZ_20260923_1,2026-09-23,2026-09-22,2026-09-23,0.3,,0.48,2026-09-23,wind:wind_get_stock_events
002962.SZ,002962.SZ_20200601_1,2020-06-01,2020-05-29,2020-06-01,0.2,,0.2,2020-06-01,wind:wind_get_stock_events
002962.SZ,002962.SZ_20210526_1,2021-05-26,2021-05-25,2021-05-26,0.2,,0.2,2021-05-26,wind:wind_get_stock_events
002962.SZ,002962.SZ_20220523_1,2022-05-23,2022-05-20,2022-05-23,0.2,,,,wind:wind_get_stock_events
002962.SZ,002962.SZ_20230523_1,2023-05-23,2023-05-22,2023-05-23,0.2,,,,wind:wind_get_stock_events
002962.SZ,002962.SZ_20240607_1,2024-06-07,2024-06-06,2024-06-07,0.2,,,,wind:wind_get_stock_events
002962.SZ,002962.SZ_20250606_1,2025-06-06,2025-06-05,2025-06-06,0.2,,,,wind:wind_get_stock_events
002962.SZ,002962.SZ_20260605_1,2026-06-05,2026-06-04,2026-06-05,0.1,,,,wind:wind_get_stock_events
002963.SZ,002963.SZ_20200619_1,2020-06-19,2020-06-18,2020-06-19,0.15,,,,wind:wind_get_stock_events
002963.SZ,002963.SZ_20210621_1,2021-06-21,2021-06-18,2021-06-21,0.03,,,,wind:wind_get_stock_events
002963.SZ,002963.SZ_20250522_1,2025-05-22,2025-05-21,2025-05-22,0.2,,,,wind:wind_get_stock_events
002966.SZ,002966.SZ_20200604_1,2020-06-04,2020-06-03,2020-06-04,0.2,,,,wind:wind_get_stock_events
002966.SZ,002966.SZ_20210527_1,2021-05-27,2021-05-26,2021-05-27,0.24,,,,wind:wind_get_stock_events
002966.SZ,002966.SZ_20220511_1,2022-05-11,2022-05-10,2022-05-11,0.28,,0.1,2022-05-11,wind:wind_get_stock_events
002966.SZ,002966.SZ_20230531_1,2023-05-31,2023-05-30,2023-05-31,0.33,,,,wind:wind_get_stock_events
002966.SZ,002966.SZ_20240606_1,2024-06-06,2024-06-05,2024-06-06,0.39,,,,wind:wind_get_stock_events
002966.SZ,002966.SZ_20241118_1,2024-11-18,2024-11-15,2024-11-18,0.2,,,,wind:wind_get_stock_events
002966.SZ,002966.SZ_20250605_1,2025-06-05,2025-06-04,2025-06-05,0.2,,,,wind:wind_get_stock_events
002966.SZ,002966.SZ_20251117_1,2025-11-17,2025-11-14,2025-11-17,0.21,,,,wind:wind_get_stock_events
002966.SZ,002966.SZ_20260624_1,2026-06-24,2026-06-23,2026-06-24,0.15,,,,wind:wind_get_stock_events
002967.SZ,002967.SZ_20200427_1,2020-04-27,2020-04-24,2020-04-27,0.12,,0.6,2020-04-27,wind:wind_get_stock_events
002967.SZ,002967.SZ_20220513_1,2022-05-13,2022-05-12,2022-05-13,0.15,,,,wind:wind_get_stock_events
002967.SZ,002967.SZ_20230523_1,2023-05-23,2023-05-22,2023-05-23,0.15,,,,wind:wind_get_stock_events
002967.SZ,002967.SZ_20240528_1,2024-05-28,2024-05-27,2024-05-28,0.15,,,,wind:wind_get_stock_events
002967.SZ,002967.SZ_20250110_1,2025-01-10,2025-01-09,2025-01-10,0.25,,,,wind:wind_get_stock_events
002967.SZ,002967.SZ_20250429_1,2025-04-29,2025-04-28,2025-04-29,0.15,,,,wind:wind_get_stock_events
002967.SZ,002967.SZ_20250926_1,2025-09-26,2025-09-25,2025-09-26,0.15,,,,wind:wind_get_stock_events
002967.SZ,002967.SZ_20260602_1,2026-06-02,2026-06-01,2026-06-02,0.2,,,,wind:wind_get_stock_events
002967.SZ,002967.SZ_20260922_1,2026-09-22,2026-09-21,2026-09-22,0.15,,,,wind:wind_get_stock_events
002969.SZ,002969.SZ_20200619_1,2020-06-19,2020-06-18,2020-06-19,0.019,,,,wind:wind_get_stock_events
002969.SZ,002969.SZ_20210531_1,2021-05-31,2021-05-28,2021-05-31,0.01,,,,wind:wind_get_stock_events
002969.SZ,002969.SZ_20220530_1,2022-05-30,2022-05-27,2022-05-30,0.011,,,,wind:wind_get_stock_events
002969.SZ,002969.SZ_20230608_1,2023-06-08,2023-06-07,2023-06-08,0.011,,,,wind:wind_get_stock_events
002969.SZ,002969.SZ_20240124_1,2024-01-24,2024-01-23,2024-01-24,0.23,,,,wind:wind_get_stock_events
002969.SZ,002969.SZ_20240528_1,2024-05-28,2024-05-27,2024-05-28,0.03,,,,wind:wind_get_stock_events
002969.SZ,002969.SZ_20240906_1,2024-09-06,2024-09-05,2024-09-06,0.015,,,,wind:wind_get_stock_events
002969.SZ,002969.SZ_20250527_1,2025-05-27,2025-05-26,2025-05-27,0.01,,,,wind:wind_get_stock_events
002969.SZ,002969.SZ_20250926_1,2025-09-26,2025-09-25,2025-09-26,0.02,,,,wind:wind_get_stock_events
002969.SZ,002969.SZ_20260921_1,2026-09-21,2026-09-18,2026-09-21,0.04,,,,wind:wind_get_stock_events
002970.SZ,002970.SZ_20200521_1,2020-05-21,2020-05-20,2020-05-21,0.8,,1,2020-05-21,wind:wind_get_stock_events
002970.SZ,002970.SZ_20210525_1,2021-05-25,2021-05-24,2021-05-25,0.5,,,,wind:wind_get_stock_events
002970.SZ,002970.SZ_20220613_1,2022-06-13,2022-06-10,2022-06-13,0.1,,,,wind:wind_get_stock_events
002970.SZ,002970.SZ_20230616_1,2023-06-16,2023-06-15,2023-06-16,0.2,,,,wind:wind_get_stock_events
002970.SZ,002970.SZ_20240530_1,2024-05-30,2024-05-29,2024-05-30,0.5,,,,wind:wind_get_stock_events
002970.SZ,002970.SZ_20241119_1,2024-11-19,2024-11-18,2024-11-19,0.3,,,,wind:wind_get_stock_events
002970.SZ,002970.SZ_20250604_1,2025-06-04,2025-06-03,2025-06-04,0.7,,,,wind:wind_get_stock_events
002970.SZ,002970.SZ_20250919_1,2025-09-19,2025-09-18,2025-09-19,0.4,,,,wind:wind_get_stock_events
002970.SZ,002970.SZ_20260429_1,2026-04-29,2026-04-28,2026-04-29,0.6,,,,wind:wind_get_stock_events
002971.SZ,002971.SZ_20210528_1,2021-05-28,2021-05-27,2021-05-28,0.2,,,,wind:wind_get_stock_events
002971.SZ,002971.SZ_20220601_1,2022-06-01,2022-05-31,2022-06-01,0.1,,,,wind:wind_get_stock_events
002971.SZ,002971.SZ_20240705_1,2024-07-05,2024-07-04,2024-07-05,0.1,,0.3,2024-07-05,wind:wind_get_stock_events
002971.SZ,002971.SZ_20250114_1,2025-01-14,2025-01-13,2025-01-14,0.1,,,,wind:wind_get_stock_events
002971.SZ,002971.SZ_20250527_1,2025-05-27,2025-05-26,2025-05-27,0.1,,,,wind:wind_get_stock_events
002971.SZ,002971.SZ_20260703_1,2026-07-03,2026-07-02,2026-07-03,0.05,,,,wind:wind_get_stock_events
002972.SZ,002972.SZ_20200519_1,2020-05-19,2020-05-18,2020-05-19,0.15,,,,wind:wind_get_stock_events
002972.SZ,002972.SZ_20210528_1,2021-05-28,2021-05-27,2021-05-28,0.2,,,,wind:wind_get_stock_events
002972.SZ,002972.SZ_20220530_1,2022-05-30,2022-05-27,2022-05-30,0.5,,,,wind:wind_get_stock_events
002972.SZ,002972.SZ_20230525_1,2023-05-25,2023-05-24,2023-05-25,0.6,,0.4,2023-05-25,wind:wind_get_stock_events
002972.SZ,002972.SZ_20240528_1,2024-05-28,2024-05-27,2024-05-28,0.3,,,,wind:wind_get_stock_events
002972.SZ,002972.SZ_20240927_1,2024-09-27,2024-09-26,2024-09-27,0.15,,,,wind:wind_get_stock_events
002972.SZ,002972.SZ_20250429_1,2025-04-29,2025-04-28,2025-04-29,0.15,,,,wind:wind_get_stock_events
002972.SZ,002972.SZ_20250926_1,2025-09-26,2025-09-25,2025-09-26,0.15,,,,wind:wind_get_stock_events
002972.SZ,002972.SZ_20260429_1,2026-04-29,2026-04-28,2026-04-29,0.15,,,,wind:wind_get_stock_events
002972.SZ,002972.SZ_20260918_1,2026-09-18,2026-09-17,2026-09-18,0.1,,,,wind:wind_get_stock_events
002976.SZ,002976.SZ_20210616_1,2021-06-16,2021-06-15,2021-06-16,0.1,,0.2,2021-06-16,wind:wind_get_stock_events
002976.SZ,002976.SZ_20240522_1,2024-05-22,2024-05-21,2024-05-22,0.15,,,,wind:wind_get_stock_events
002976.SZ,002976.SZ_20260626_1,2026-06-26,2026-06-25,,,,0.3,2026-06-26,wind:wind_get_stock_events
002977.SZ,002977.SZ_20210514_1,2021-05-14,2021-05-13,2021-05-14,0.3,,,,wind:wind_get_stock_events
002977.SZ,002977.SZ_20220610_1,2022-06-10,2022-06-09,2022-06-10,0.3,,0.4,2022-06-10,wind:wind_get_stock_events
002977.SZ,002977.SZ_20230620_1,2023-06-20,2023-06-19,2023-06-20,0.2,,0.2,2023-06-20,wind:wind_get_stock_events
002977.SZ,002977.SZ_20240618_1,2024-06-18,2024-06-17,2024-06-18,0.18,,,,wind:wind_get_stock_events
002977.SZ,002977.SZ_20250626_1,2025-06-26,2025-06-25,2025-06-26,0.18,,,,wind:wind_get_stock_events
002978.SZ,002978.SZ_20200918_1,2020-09-18,2020-09-17,2020-09-18,0.25,,,,wind:wind_get_stock_events
002978.SZ,002978.SZ_20210611_1,2021-06-11,2021-06-10,2021-06-11,0.5,,,,wind:wind_get_stock_events
002978.SZ,002978.SZ_20210906_1,2021-09-06,2021-09-03,2021-09-06,1.25,,,,wind:wind_get_stock_events
002978.SZ,002978.SZ_20220614_1,2022-06-14,2022-06-13,2022-06-14,0.5,,,,wind:wind_get_stock_events
002978.SZ,002978.SZ_20220922_1,2022-09-22,2022-09-21,2022-09-22,0.6,,,,wind:wind_get_stock_events
002978.SZ,002978.SZ_20230602_1,2023-06-02,2023-06-01,2023-06-02,0.5,,,,wind:wind_get_stock_events
002978.SZ,002978.SZ_20230928_1,2023-09-28,2023-09-27,2023-09-28,0.5,,,,wind:wind_get_stock_events
002978.SZ,002978.SZ_20240619_1,2024-06-19,2024-06-18,2024-06-19,0.5,,,,wind:wind_get_stock_events
002978.SZ,002978.SZ_20240918_1,2024-09-18,2024-09-13,2024-09-18,0.5,,,,wind:wind_get_stock_events
002978.SZ,002978.SZ_20250604_1,2025-06-04,2025-06-03,2025-06-04,0.5,,,,wind:wind_get_stock_events
002978.SZ,002978.SZ_20260715_1,2026-07-15,2026-07-14,2026-07-15,0.3,,,,wind:wind_get_stock_events
002979.SZ,002979.SZ_20200929_1,2020-09-29,2020-09-28,2020-09-29,0.7,,,,wind:wind_get_stock_events
002979.SZ,002979.SZ_20210518_1,2021-05-18,2021-05-17,2021-05-18,0.5,,0.45,2021-05-18,wind:wind_get_stock_events
002979.SZ,002979.SZ_20220525_1,2022-05-25,2022-05-24,2022-05-25,0.2,,,,wind:wind_get_stock_events
002979.SZ,002979.SZ_20230530_1,2023-05-30,2023-05-29,2023-05-30,0.3,,,,wind:wind_get_stock_events
002979.SZ,002979.SZ_20240719_1,2024-07-19,2024-07-18,2024-07-19,0.12,,,,wind:wind_get_stock_events
002979.SZ,002979.SZ_20250529_1,2025-05-29,2025-05-28,2025-05-29,0.32,,,,wind:wind_get_stock_events
002979.SZ,002979.SZ_20260715_1,2026-07-15,2026-07-14,2026-07-15,0.25,,,,wind:wind_get_stock_events
002980.SZ,002980.SZ_20200928_1,2020-09-28,2020-09-25,2020-09-28,0.96,,,,wind:wind_get_stock_events
002980.SZ,002980.SZ_20210609_1,2021-06-09,2021-06-08,2021-06-09,1.1,,,,wind:wind_get_stock_events
002980.SZ,002980.SZ_20220607_1,2022-06-07,2022-06-06,2022-06-07,1.1,,,,wind:wind_get_stock_events
002980.SZ,002980.SZ_20230530_1,2023-05-30,2023-05-29,2023-05-30,0.49,,,,wind:wind_get_stock_events
002980.SZ,002980.SZ_20240607_1,2024-06-07,2024-06-06,2024-06-07,0.6,,,,wind:wind_get_stock_events
002980.SZ,002980.SZ_20250609_1,2025-06-09,2025-06-06,2025-06-09,0.73,,0.4,2025-06-09,wind:wind_get_stock_events
002981.SZ,002981.SZ_20210629_1,2021-06-29,2021-06-28,2021-06-29,0.05,,,,wind:wind_get_stock_events
002981.SZ,002981.SZ_20230602_1,2023-06-02,2023-06-01,2023-06-02,0.15,,,,wind:wind_get_stock_events
002981.SZ,002981.SZ_20240607_1,2024-06-07,2024-06-06,2024-06-07,0.37,,0.4,2024-06-07,wind:wind_get_stock_events
002981.SZ,002981.SZ_20250625_1,2025-06-25,2025-06-24,2025-06-25,0.26,,,,wind:wind_get_stock_events
002981.SZ,002981.SZ_20260525_1,2026-05-25,2026-05-22,2026-05-25,0.167,,,,wind:wind_get_stock_events
002983.SZ,002983.SZ_20210709_1,2021-07-09,2021-07-08,2021-07-09,0.3,,0.3,2021-07-09,wind:wind_get_stock_events
002983.SZ,002983.SZ_20220711_1,2022-07-11,2022-07-08,2022-07-11,0.2,,,,wind:wind_get_stock_events
002983.SZ,002983.SZ_20230621_1,2023-06-21,2023-06-20,2023-06-21,0.2478,,,,wind:wind_get_stock_events
002983.SZ,002983.SZ_20240618_1,2024-06-18,2024-06-17,2024-06-18,0.3493,,0.1996,2024-06-18,wind:wind_get_stock_events
002983.SZ,002983.SZ_20250710_1,2025-07-10,2025-07-09,2025-07-10,0.25,,,,wind:wind_get_stock_events
002983.SZ,002983.SZ_20260116_1,2026-01-16,2026-01-15,2026-01-16,0.15,,,,wind:wind_get_stock_events
002983.SZ,002983.SZ_20260710_1,2026-07-10,2026-07-09,2026-07-10,0.25,,,,wind:wind_get_stock_events
002984.SZ,002984.SZ_20210115_1,2021-01-15,2021-01-14,2021-01-15,0.166,,,,wind:wind_get_stock_events
002984.SZ,002984.SZ_20220429_1,2022-04-29,2022-04-28,2022-04-29,0.17,,,,wind:wind_get_stock_events
002984.SZ,002984.SZ_20240419_1,2024-04-19,2024-04-18,2024-04-19,0.41,,0.4,2024-04-19,wind:wind_get_stock_events
002984.SZ,002984.SZ_20241021_1,2024-10-21,2024-10-18,2024-10-21,0.21,,,,wind:wind_get_stock_events
002984.SZ,002984.SZ_20250630_1,2025-06-30,2025-06-27,2025-06-30,0.29,,,,wind:wind_get_stock_events
002984.SZ,002984.SZ_20251110_1,2025-11-10,2025-11-07,2025-11-10,0.3,,,,wind:wind_get_stock_events
002984.SZ,002984.SZ_20260703_1,2026-07-03,2026-07-02,2026-07-03,0.05,,,,wind:wind_get_stock_events
002985.SZ,002985.SZ_20210514_1,2021-05-14,2021-05-13,2021-05-14,0.3,0.7,,2021-05-14,wind:wind_get_stock_events
002985.SZ,002985.SZ_20220518_1,2022-05-18,2022-05-17,2022-05-18,0.2,,0.3,2022-05-18,wind:wind_get_stock_events
002985.SZ,002985.SZ_20240613_1,2024-06-13,2024-06-12,2024-06-13,0.07,,,,wind:wind_get_stock_events
002985.SZ,002985.SZ_20240927_1,2024-09-27,2024-09-26,2024-09-27,0.25,,,,wind:wind_get_stock_events
002985.SZ,002985.SZ_20250709_1,2025-07-09,2025-07-08,2025-07-09,0.023,,,,wind:wind_get_stock_events
002985.SZ,002985.SZ_20260421_1,2026-04-21,2026-04-20,2026-04-21,0.13,,,,wind:wind_get_stock_events
002986.SZ,002986.SZ_20200915_1,2020-09-15,2020-09-14,2020-09-15,1,,,,wind:wind_get_stock_events
002986.SZ,002986.SZ_20210622_1,2021-06-22,2021-06-21,2021-06-22,0.12,,0.4,2021-06-22,wind:wind_get_stock_events
002986.SZ,002986.SZ_20220520_1,2022-05-20,2022-05-19,2022-05-20,0.1,,0.4,2022-05-20,wind:wind_get_stock_events
002986.SZ,002986.SZ_20230704_1,2023-07-04,2023-07-03,2023-07-04,0.5,,0.4,2023-07-04,wind:wind_get_stock_events
002986.SZ,002986.SZ_20240628_1,2024-06-28,2024-06-27,2024-06-28,0.1,,,,wind:wind_get_stock_events
002986.SZ,002986.SZ_20250711_1,2025-07-11,2025-07-10,2025-07-11,0.3036,,,,wind:wind_get_stock_events
002986.SZ,002986.SZ_20260923_1,2026-09-23,2026-09-22,2026-09-23,0.1,,,,wind:wind_get_stock_events
002990.SZ,002990.SZ_20210527_1,2021-05-27,2021-05-26,2021-05-27,0.5,,1,2021-05-27,wind:wind_get_stock_events
002990.SZ,002990.SZ_20220516_1,2022-05-16,2022-05-13,2022-05-16,0.2,,,,wind:wind_get_stock_events
002990.SZ,002990.SZ_20230516_1,2023-05-16,2023-05-15,2023-05-16,0.1,,,,wind:wind_get_stock_events
002990.SZ,002990.SZ_20240516_1,2024-05-16,2024-05-15,2024-05-16,0.4,,,,wind:wind_get_stock_events
002990.SZ,002990.SZ_20250516_1,2025-05-16,2025-05-15,2025-05-16,0.21,,,,wind:wind_get_stock_events
002990.SZ,002990.SZ_20260521_1,2026-05-21,2026-05-20,2026-05-21,0.1,,,,wind:wind_get_stock_events
002991.SZ,002991.SZ_20210526_1,2021-05-26,2021-05-25,2021-05-26,0.75,,,,wind:wind_get_stock_events
002991.SZ,002991.SZ_20220617_1,2022-06-17,2022-06-16,2022-06-17,1.088,,,,wind:wind_get_stock_events
002991.SZ,002991.SZ_20230616_1,2023-06-16,2023-06-15,2023-06-16,1.073,,,,wind:wind_get_stock_events
002991.SZ,002991.SZ_20240808_1,2024-08-08,2024-08-07,2024-08-08,2.18,,,,wind:wind_get_stock_events
002991.SZ,002991.SZ_20240913_1,2024-09-13,2024-09-12,2024-09-13,1.092,,,,wind:wind_get_stock_events
002991.SZ,002991.SZ_20250612_1,2025-06-12,2025-06-11,2025-06-12,1.784,,,,wind:wind_get_stock_events
002991.SZ,002991.SZ_20250912_1,2025-09-12,2025-09-11,2025-09-12,0.58,,,,wind:wind_get_stock_events
002991.SZ,002991.SZ_20260604_1,2026-06-04,2026-06-03,2026-06-04,1.013,,,,wind:wind_get_stock_events
002991.SZ,002991.SZ_20260923_1,2026-09-23,2026-09-22,2026-09-23,0.63,,,,wind:wind_get_stock_events
002993.SZ,002993.SZ_20210429_1,2021-04-29,2021-04-28,2021-04-29,0.3,,0.3,2021-04-29,wind:wind_get_stock_events
002993.SZ,002993.SZ_20220524_1,2022-05-24,2022-05-23,2022-05-24,0.2,,,,wind:wind_get_stock_events
002993.SZ,002993.SZ_20230531_1,2023-05-31,2023-05-30,2023-05-31,0.3,,,,wind:wind_get_stock_events
002993.SZ,002993.SZ_20231128_1,2023-11-28,2023-11-27,2023-11-28,0.3,,,,wind:wind_get_stock_events
002993.SZ,002993.SZ_20240606_1,2024-06-06,2024-06-05,2024-06-06,0.6,,,,wind:wind_get_stock_events
002993.SZ,002993.SZ_20241128_1,2024-11-28,2024-11-27,2024-11-28,0.603,,,,wind:wind_get_stock_events
002993.SZ,002993.SZ_20250529_1,2025-05-29,2025-05-28,2025-05-29,0.9,,,,wind:wind_get_stock_events
002993.SZ,002993.SZ_20251225_1,2025-12-25,2025-12-24,2025-12-25,0.6,,,,wind:wind_get_stock_events
002993.SZ,002993.SZ_20260528_1,2026-05-28,2026-05-27,2026-05-28,0.6,,,,wind:wind_get_stock_events
002995.SZ,002995.SZ_20210604_1,2021-06-04,2021-06-03,2021-06-04,0.5,,0.4,2021-06-04,wind:wind_get_stock_events
002995.SZ,002995.SZ_20220607_1,2022-06-07,2022-06-06,2022-06-07,0.22,,0.4,2022-06-07,wind:wind_get_stock_events
002995.SZ,002995.SZ_20230605_1,2023-06-05,2023-06-02,2023-06-05,0.1,,0.4,2023-06-05,wind:wind_get_stock_events
002996.SZ,002996.SZ_20210520_1,2021-05-20,2021-05-19,2021-05-20,0.1,,,,wind:wind_get_stock_events
002996.SZ,002996.SZ_20220419_1,2022-04-19,2022-04-18,2022-04-19,0.1,,,,wind:wind_get_stock_events
002996.SZ,002996.SZ_20230505_1,2023-05-05,2023-05-04,2023-05-05,0.05,,,,wind:wind_get_stock_events
002996.SZ,002996.SZ_20240528_1,2024-05-28,2024-05-27,2024-05-28,0.1,,0.3,2024-05-28,wind:wind_get_stock_events
002996.SZ,002996.SZ_20250529_1,2025-05-29,2025-05-28,2025-05-29,0.05,,,,wind:wind_get_stock_events
002996.SZ,002996.SZ_20260604_1,2026-06-04,2026-06-03,2026-06-04,0.11,,,,wind:wind_get_stock_events
002997.SZ,002997.SZ_20210617_1,2021-06-17,2021-06-16,2021-06-17,0.2,,,,wind:wind_get_stock_events
002997.SZ,002997.SZ_20220531_1,2022-05-31,2022-05-30,2022-05-31,0.2,,,,wind:wind_get_stock_events
002997.SZ,002997.SZ_20230628_1,2023-06-28,2023-06-27,2023-06-28,0.3,,,,wind:wind_get_stock_events
002997.SZ,002997.SZ_20240614_1,2024-06-14,2024-06-13,2024-06-14,0.3,,,,wind:wind_get_stock_events
002997.SZ,002997.SZ_20250528_1,2025-05-28,2025-05-27,2025-05-28,0.3,,,,wind:wind_get_stock_events
002997.SZ,002997.SZ_20251127_1,2025-11-27,2025-11-26,2025-11-27,0.15,,,,wind:wind_get_stock_events
002997.SZ,002997.SZ_20260605_1,2026-06-05,2026-06-04,2026-06-05,0.3,,,,wind:wind_get_stock_events
002997.SZ,002997.SZ_20260904_1,2026-09-04,2026-09-03,2026-09-04,0.15,,,,wind:wind_get_stock_events
002998.SZ,002998.SZ_20211028_1,2021-10-28,2021-10-27,2021-10-28,0.1,,,,wind:wind_get_stock_events
002998.SZ,002998.SZ_20231009_1,2023-10-09,2023-09-28,2023-10-09,0.15,,,,wind:wind_get_stock_events
002998.SZ,002998.SZ_20240613_1,2024-06-13,2024-06-12,2024-06-13,0.05,,,,wind:wind_get_stock_events
002998.SZ,002998.SZ_20250107_1,2025-01-07,2025-01-06,2025-01-07,0.15,,,,wind:wind_get_stock_events
002998.SZ,002998.SZ_20250619_1,2025-06-19,2025-06-18,2025-06-19,0.4,,,,wind:wind_get_stock_events
002998.SZ,002998.SZ_20251013_1,2025-10-13,2025-10-10,2025-10-13,0.12,,,,wind:wind_get_stock_events
002998.SZ,002998.SZ_20260520_1,2026-05-20,2026-05-19,2026-05-20,0.17,,,,wind:wind_get_stock_events
002998.SZ,002998.SZ_20260803_1,2026-08-03,2026-07-31,2026-08-03,0.2,,,,wind:wind_get_stock_events
003000.SZ,003000.SZ_20210506_1,2021-05-06,2021-04-30,2021-05-06,0.2,,,,wind:wind_get_stock_events
003000.SZ,003000.SZ_20220422_1,2022-04-22,2022-04-21,2022-04-22,0.15,,,,wind:wind_get_stock_events
003000.SZ,003000.SZ_20230424_1,2023-04-24,2023-04-21,2023-04-24,0.22,,,,wind:wind_get_stock_events
003000.SZ,003000.SZ_20240430_1,2024-04-30,2024-04-29,2024-04-30,0.3,,,,wind:wind_get_stock_events
003000.SZ,003000.SZ_20240926_1,2024-09-26,2024-09-25,2024-09-26,0.1,,,,wind:wind_get_stock_events
003000.SZ,003000.SZ_20250430_1,2025-04-30,2025-04-29,2025-04-30,0.3,,,,wind:wind_get_stock_events
003000.SZ,003000.SZ_20250925_1,2025-09-25,2025-09-24,2025-09-25,0.1,,,,wind:wind_get_stock_events
003000.SZ,003000.SZ_20260604_1,2026-06-04,2026-06-03,2026-06-04,0.3,,,,wind:wind_get_stock_events
003000.SZ,003000.SZ_20260924_1,2026-09-24,2026-09-23,2026-09-24,0.1,,,,wind:wind_get_stock_events
003001.SZ,003001.SZ_20210514_1,2021-05-14,2021-05-13,2021-05-14,0.3556,,0.2963,2021-05-14,wind:wind_get_stock_events
003001.SZ,003001.SZ_20220525_1,2022-05-25,2022-05-24,2022-05-25,0.196,,,,wind:wind_get_stock_events
003001.SZ,003001.SZ_20230712_1,2023-07-12,2023-07-11,2023-07-12,0.1518,,,,wind:wind_get_stock_events
003001.SZ,003001.SZ_20240705_1,2024-07-05,2024-07-04,2024-07-05,0.1206,,,,wind:wind_get_stock_events
003001.SZ,003001.SZ_20250707_1,2025-07-07,2025-07-04,2025-07-07,0.2815,,0.3993,2025-07-07,wind:wind_get_stock_events
003001.SZ,003001.SZ_20260608_1,2026-06-08,2026-06-05,2026-06-08,0.0759,,,,wind:wind_get_stock_events
003002.SZ,003002.SZ_20210526_1,2021-05-26,2021-05-25,2021-05-26,0.4,,,,wind:wind_get_stock_events
003002.SZ,003002.SZ_20220601_1,2022-06-01,2022-05-31,2022-06-01,0.15,,,,wind:wind_get_stock_events
003002.SZ,003002.SZ_20230531_1,2023-05-31,2023-05-30,2023-05-31,0.15,,,,wind:wind_get_stock_events
003002.SZ,003002.SZ_20240529_1,2024-05-29,2024-05-28,2024-05-29,0.25,,,,wind:wind_get_stock_events
003002.SZ,003002.SZ_20250530_1,2025-05-30,2025-05-29,2025-05-30,0.15,,,,wind:wind_get_stock_events
003002.SZ,003002.SZ_20260603_1,2026-06-03,2026-06-02,2026-06-03,0.2,,,,wind:wind_get_stock_events
003003.SZ,003003.SZ_20210519_1,2021-05-19,2021-05-18,2021-05-19,0.15,,,,wind:wind_get_stock_events
003003.SZ,003003.SZ_20220601_1,2022-06-01,2022-05-31,2022-06-01,0.1,,,,wind:wind_get_stock_events
003003.SZ,003003.SZ_20240717_1,2024-07-17,2024-07-16,2024-07-17,0.1,,,,wind:wind_get_stock_events
003003.SZ,003003.SZ_20250612_1,2025-06-12,2025-06-11,2025-06-12,0.2,,,,wind:wind_get_stock_events
003003.SZ,003003.SZ_20260630_1,2026-06-30,2026-06-29,2026-06-30,0.2,,,,wind:wind_get_stock_events
003005.SZ,003005.SZ_20210722_1,2021-07-22,2021-07-21,2021-07-22,0.35,,,,wind:wind_get_stock_events
003005.SZ,003005.SZ_20220708_1,2022-07-08,2022-07-07,2022-07-08,0.3,,0.4,2022-07-08,wind:wind_get_stock_events
003005.SZ,003005.SZ_20250527_1,2025-05-27,2025-05-26,2025-05-27,0.32,,0.4,2025-05-27,wind:wind_get_stock_events
003005.SZ,003005.SZ_20260528_1,2026-05-28,2026-05-27,2026-05-28,0.07,,,,wind:wind_get_stock_events
003006.SZ,003006.SZ_20210528_1,2021-05-28,2021-05-27,2021-05-28,0.3,,,,wind:wind_get_stock_events
003006.SZ,003006.SZ_20220428_1,2022-04-28,2022-04-27,2022-04-28,0.3,,,,wind:wind_get_stock_events
003006.SZ,003006.SZ_20230426_1,2023-04-26,2023-04-25,2023-04-26,0.3,,,,wind:wind_get_stock_events
003006.SZ,003006.SZ_20240424_1,2024-04-24,2024-04-23,2024-04-24,0.55,,,,wind:wind_get_stock_events
003006.SZ,003006.SZ_20250423_1,2025-04-23,2025-04-22,2025-04-23,0.55,,,,wind:wind_get_stock_events
003006.SZ,003006.SZ_20260520_1,2026-05-20,2026-05-19,2026-05-20,0.4,,,,wind:wind_get_stock_events
003007.SZ,003007.SZ_20210518_1,2021-05-18,2021-05-17,2021-05-18,0.4,,0.3,2021-05-18,wind:wind_get_stock_events
003007.SZ,003007.SZ_20230612_1,2023-06-12,2023-06-09,2023-06-12,0.1,,,,wind:wind_get_stock_events
003007.SZ,003007.SZ_20240603_1,2024-06-03,2024-05-31,2024-06-03,0.2,,,,wind:wind_get_stock_events
003007.SZ,003007.SZ_20250606_1,2025-06-06,2025-06-05,2025-06-06,0.0649,,,,wind:wind_get_stock_events
003007.SZ,003007.SZ_20260603_1,2026-06-03,2026-06-02,2026-06-03,0.0298,,,,wind:wind_get_stock_events
003008.SZ,003008.SZ_20210524_1,2021-05-24,2021-05-21,2021-05-24,0.6,,,,wind:wind_get_stock_events
003008.SZ,003008.SZ_20220519_1,2022-05-19,2022-05-18,2022-05-19,0.5,,,,wind:wind_get_stock_events
003008.SZ,003008.SZ_20230525_1,2023-05-25,2023-05-24,2023-05-25,0.5,,,,wind:wind_get_stock_events
003008.SZ,003008.SZ_20240527_1,2024-05-27,2024-05-24,2024-05-27,0.3,,0.3,2024-05-27,wind:wind_get_stock_events
003008.SZ,003008.SZ_20240909_1,2024-09-09,2024-09-06,2024-09-09,0.35,,,,wind:wind_get_stock_events
003008.SZ,003008.SZ_20250110_1,2025-01-10,2025-01-09,2025-01-10,0.15,,,,wind:wind_get_stock_events
003008.SZ,003008.SZ_20250514_1,2025-05-14,2025-05-13,2025-05-14,0.5,,,,wind:wind_get_stock_events
003008.SZ,003008.SZ_20250826_1,2025-08-26,2025-08-25,2025-08-26,0.3,,,,wind:wind_get_stock_events
003008.SZ,003008.SZ_20251128_1,2025-11-28,2025-11-27,2025-11-28,0.2,,,,wind:wind_get_stock_events
003008.SZ,003008.SZ_20260603_1,2026-06-03,2026-06-02,2026-06-03,0.5,,,,wind:wind_get_stock_events
003008.SZ,003008.SZ_20260903_1,2026-09-03,2026-09-02,2026-09-03,0.3,,,,wind:wind_get_stock_events
003009.SZ,003009.SZ_20210519_1,2021-05-19,2021-05-18,2021-05-19,0.068,,,,wind:wind_get_stock_events
003009.SZ,003009.SZ_20220620_1,2022-06-20,2022-06-17,2022-06-20,0.079,,,,wind:wind_get_stock_events
003009.SZ,003009.SZ_20230630_1,2023-06-30,2023-06-29,2023-06-30,0.093,,,,wind:wind_get_stock_events
003009.SZ,003009.SZ_20240702_1,2024-07-02,2024-07-01,2024-07-02,0.062,,,,wind:wind_get_stock_events
003009.SZ,003009.SZ_20240930_1,2024-09-30,2024-09-27,2024-09-30,0.02,,,,wind:wind_get_stock_events
003009.SZ,003009.SZ_20250625_1,2025-06-25,2025-06-24,2025-06-25,0.038,,,,wind:wind_get_stock_events
003009.SZ,003009.SZ_20251031_1,2025-10-31,2025-10-30,2025-10-31,0.019,,,,wind:wind_get_stock_events
003011.SZ,003011.SZ_20210528_1,2021-05-28,2021-05-27,2021-05-28,0.3,,0.4,2021-05-28,wind:wind_get_stock_events
003011.SZ,003011.SZ_20220513_1,2022-05-13,2022-05-12,2022-05-13,0.3,,,,wind:wind_get_stock_events
003011.SZ,003011.SZ_20230526_1,2023-05-26,2023-05-25,2023-05-26,0.3,,,,wind:wind_get_stock_events
003011.SZ,003011.SZ_20231018_1,2023-10-18,2023-10-17,2023-10-18,0.3,,,,wind:wind_get_stock_events
003011.SZ,003011.SZ_20240531_1,2024-05-31,2024-05-30,2024-05-31,0.6,,,,wind:wind_get_stock_events
003011.SZ,003011.SZ_20250528_1,2025-05-28,2025-05-27,2025-05-28,0.3,,,,wind:wind_get_stock_events
003011.SZ,003011.SZ_20250924_1,2025-09-24,2025-09-23,2025-09-24,0.3,,,,wind:wind_get_stock_events
003011.SZ,003011.SZ_20260701_1,2026-07-01,2026-06-30,2026-07-01,0.3,,,,wind:wind_get_stock_events
003013.SZ,003013.SZ_20210526_1,2021-05-26,2021-05-25,2021-05-26,0.66,,,,wind:wind_get_stock_events
003013.SZ,003013.SZ_20220616_1,2022-06-16,2022-06-15,2022-06-16,0.4,,,,wind:wind_get_stock_events
003013.SZ,003013.SZ_20230616_1,2023-06-16,2023-06-15,2023-06-16,0.45,,,,wind:wind_get_stock_events
003013.SZ,003013.SZ_20240529_1,2024-05-29,2024-05-28,2024-05-29,0.49,,,,wind:wind_get_stock_events
003013.SZ,003013.SZ_20250620_1,2025-06-20,2025-06-19,2025-06-20,0.48,,,,wind:wind_get_stock_events
003013.SZ,003013.SZ_20260624_1,2026-06-24,2026-06-23,2026-06-24,0.31,,,,wind:wind_get_stock_events
003016.SZ,003016.SZ_20210701_1,2021-07-01,2021-06-30,2021-07-01,0.4,,,,wind:wind_get_stock_events
003016.SZ,003016.SZ_20220607_1,2022-06-07,2022-06-06,2022-06-07,0.6,,,,wind:wind_get_stock_events
003016.SZ,003016.SZ_20230615_1,2023-06-15,2023-06-14,2023-06-15,0.3,,,,wind:wind_get_stock_events
003016.SZ,003016.SZ_20240624_1,2024-06-24,2024-06-21,2024-06-24,0.23,,,,wind:wind_get_stock_events
003018.SZ,003018.SZ_20210511_1,2021-05-11,2021-05-10,2021-05-11,0.38,,,,wind:wind_get_stock_events
003018.SZ,003018.SZ_20220516_1,2022-05-16,2022-05-13,2022-05-16,0.07,,,,wind:wind_get_stock_events
003018.SZ,003018.SZ_20230427_1,2023-04-27,2023-04-26,2023-04-27,0.08,,,,wind:wind_get_stock_events
003018.SZ,003018.SZ_20240712_1,2024-07-12,2024-07-11,2024-07-12,0.2,,,,wind:wind_get_stock_events
003018.SZ,003018.SZ_20250509_1,2025-05-09,2025-05-08,2025-05-09,0.3,,,,wind:wind_get_stock_events
003018.SZ,003018.SZ_20260715_1,2026-07-15,2026-07-14,2026-07-15,0.1985,,0.1985,2026-07-15,wind:wind_get_stock_events
003020.SZ,003020.SZ_20210521_1,2021-05-21,2021-05-20,2021-05-21,0.5,,,,wind:wind_get_stock_events
003020.SZ,003020.SZ_20220523_1,2022-05-23,2022-05-20,2022-05-23,0.7,,0.3,2022-05-23,wind:wind_get_stock_events
003020.SZ,003020.SZ_20230524_1,2023-05-24,2023-05-23,2023-05-24,0.5,,0.3,2023-05-24,wind:wind_get_stock_events
003020.SZ,003020.SZ_20240528_1,2024-05-28,2024-05-27,2024-05-28,0.5,,0.2,2024-05-28,wind:wind_get_stock_events
003020.SZ,003020.SZ_20250121_1,2025-01-21,2025-01-20,2025-01-21,0.2,,,,wind:wind_get_stock_events
003020.SZ,003020.SZ_20250522_1,2025-05-22,2025-05-21,2025-05-22,0.3,,,,wind:wind_get_stock_events
003020.SZ,003020.SZ_20251128_1,2025-11-28,2025-11-27,2025-11-28,0.2,,,,wind:wind_get_stock_events
003020.SZ,003020.SZ_20260529_1,2026-05-29,2026-05-28,2026-05-29,0.3,,0.2,2026-05-29,wind:wind_get_stock_events
003021.SZ,003021.SZ_20210517_1,2021-05-17,2021-05-14,2021-05-17,0.9956,,0.6,2021-05-17,wind:wind_get_stock_events
003021.SZ,003021.SZ_20220601_1,2022-06-01,2022-05-31,2022-06-01,0.1998,,,,wind:wind_get_stock_events
003021.SZ,003021.SZ_20230511_1,2023-05-11,2023-05-10,2023-05-11,0.17,,,,wind:wind_get_stock_events
003021.SZ,003021.SZ_20240521_1,2024-05-21,2024-05-20,2024-05-21,0.55,,0.4,2024-05-21,wind:wind_get_stock_events
003021.SZ,003021.SZ_20250529_1,2025-05-29,2025-05-28,2025-05-29,0.285,,,,wind:wind_get_stock_events
003021.SZ,003021.SZ_20260608_1,2026-06-08,2026-06-05,2026-06-08,0.385,,,,wind:wind_get_stock_events
003022.SZ,003022.SZ_20210507_1,2021-05-07,2021-05-06,2021-05-07,0.2,,0.3,2021-05-07,wind:wind_get_stock_events
003022.SZ,003022.SZ_20220506_1,2022-05-06,2022-05-05,2022-05-06,0.2,,,,wind:wind_get_stock_events
003022.SZ,003022.SZ_20230505_1,2023-05-05,2023-05-04,2023-05-05,0.2,,,,wind:wind_get_stock_events
003022.SZ,003022.SZ_20240425_1,2024-04-25,2024-04-24,2024-04-25,0.08,,,,wind:wind_get_stock_events
003022.SZ,003022.SZ_20250429_1,2025-04-29,2025-04-28,2025-04-29,0.06,,,,wind:wind_get_stock_events
003022.SZ,003022.SZ_20260429_1,2026-04-29,2026-04-28,2026-04-29,0.07,,,,wind:wind_get_stock_events
003023.SZ,003023.SZ_20210617_1,2021-06-17,2021-06-16,2021-06-17,0.4,,,,wind:wind_get_stock_events
003023.SZ,003023.SZ_20220527_1,2022-05-27,2022-05-26,2022-05-27,0.4,,0.3,2022-05-27,wind:wind_get_stock_events
003023.SZ,003023.SZ_20230616_1,2023-06-16,2023-06-15,2023-06-16,0.35,,,,wind:wind_get_stock_events
003023.SZ,003023.SZ_20240613_1,2024-06-13,2024-06-12,2024-06-13,0.4,,,,wind:wind_get_stock_events
003023.SZ,003023.SZ_20250613_1,2025-06-13,2025-06-12,2025-06-13,0.4,,,,wind:wind_get_stock_events
003023.SZ,003023.SZ_20260612_1,2026-06-12,2026-06-11,2026-06-12,0.35,,,,wind:wind_get_stock_events
003025.SZ,003025.SZ_20210610_1,2021-06-10,2021-06-09,2021-06-10,0.54,,0.4,2021-06-10,wind:wind_get_stock_events
003025.SZ,003025.SZ_20220610_1,2022-06-10,2022-06-09,2022-06-10,0.45,,0.45,2022-06-10,wind:wind_get_stock_events
003025.SZ,003025.SZ_20230609_1,2023-06-09,2023-06-08,2023-06-09,0.36,,0.45,2023-06-09,wind:wind_get_stock_events
003025.SZ,003025.SZ_20240607_1,2024-06-07,2024-06-06,2024-06-07,0.2,,,,wind:wind_get_stock_events
003025.SZ,003025.SZ_20250610_1,2025-06-10,2025-06-09,2025-06-10,0.22,,0.2,2025-06-10,wind:wind_get_stock_events
003025.SZ,003025.SZ_20260611_1,2026-06-11,2026-06-10,2026-06-11,0.2,,,,wind:wind_get_stock_events
003026.SZ,003026.SZ_20210617_1,2021-06-17,2021-06-16,2021-06-17,1,,,,wind:wind_get_stock_events
003026.SZ,003026.SZ_20220601_1,2022-06-01,2022-05-31,2022-06-01,0.6,,,,wind:wind_get_stock_events
003026.SZ,003026.SZ_20230630_1,2023-06-30,2023-06-29,2023-06-30,0.2,,,,wind:wind_get_stock_events
003026.SZ,003026.SZ_20240718_1,2024-07-18,2024-07-17,,,,0.3,2024-07-18,wind:wind_get_stock_events
003026.SZ,003026.SZ_20250703_1,2025-07-03,2025-07-02,2025-07-03,0.15,,,,wind:wind_get_stock_events
003026.SZ,003026.SZ_20260605_1,2026-06-05,2026-06-04,2026-06-05,0.2,,0.45,2026-06-05,wind:wind_get_stock_events
003027.SZ,003027.SZ_20210513_1,2021-05-13,2021-05-12,2021-05-13,0.5,,0.5,2021-05-13,wind:wind_get_stock_events
003027.SZ,003027.SZ_20220526_1,2022-05-26,2022-05-25,2022-05-26,0.3,,,,wind:wind_get_stock_events
003027.SZ,003027.SZ_20230526_1,2023-05-26,2023-05-25,2023-05-26,0.25,,,,wind:wind_get_stock_events
003027.SZ,003027.SZ_20240606_1,2024-06-06,2024-06-05,2024-06-06,0.06,,,,wind:wind_get_stock_events
003027.SZ,003027.SZ_20250613_1,2025-06-13,2025-06-12,2025-06-13,0.3,,,,wind:wind_get_stock_events
003027.SZ,003027.SZ_20260529_1,2026-05-29,2026-05-28,2026-05-29,0.3,,,,wind:wind_get_stock_events
003030.SZ,003030.SZ_20220519_1,2022-05-19,2022-05-18,2022-05-19,0.15,,,,wind:wind_get_stock_events
003030.SZ,003030.SZ_20230529_1,2023-05-29,2023-05-26,2023-05-29,0.15,,,,wind:wind_get_stock_events
003030.SZ,003030.SZ_20240611_1,2024-06-11,2024-06-07,2024-06-11,0.15,,,,wind:wind_get_stock_events
003030.SZ,003030.SZ_20250526_1,2025-05-26,2025-05-23,2025-05-26,0.15,,,,wind:wind_get_stock_events
003030.SZ,003030.SZ_20260604_1,2026-06-04,2026-06-03,2026-06-04,0.15,,,,wind:wind_get_stock_events
003031.SZ,003031.SZ_20220610_1,2022-06-10,2022-06-09,2022-06-10,0.15,,0.4,2022-06-10,wind:wind_get_stock_events
003031.SZ,003031.SZ_20240611_1,2024-06-11,2024-06-07,2024-06-11,0.39,,0.4,2024-06-11,wind:wind_get_stock_events
003031.SZ,003031.SZ_20250612_1,2025-06-12,2025-06-11,2025-06-12,0.42,,,,wind:wind_get_stock_events
003031.SZ,003031.SZ_20260610_1,2026-06-10,2026-06-09,2026-06-10,0.44,,,,wind:wind_get_stock_events
003032.SZ,003032.SZ_20220613_1,2022-06-13,2022-06-10,2022-06-13,0.0193,,,,wind:wind_get_stock_events
003032.SZ,003032.SZ_20240620_1,2024-06-20,2024-06-19,2024-06-20,0.016,,,,wind:wind_get_stock_events
003035.SZ,003035.SZ_20220624_1,2022-06-24,2022-06-23,2022-06-24,0.0126,,,,wind:wind_get_stock_events
003035.SZ,003035.SZ_20230728_1,2023-07-28,2023-07-27,2023-07-28,0.0147,,,,wind:wind_get_stock_events
003035.SZ,003035.SZ_20240627_1,2024-06-27,2024-06-26,2024-06-27,0.0091,,,,wind:wind_get_stock_events
003035.SZ,003035.SZ_20250124_1,2025-01-24,2025-01-23,2025-01-24,0.006,,,,wind:wind_get_stock_events
003035.SZ,003035.SZ_20251218_1,2025-12-18,2025-12-17,2025-12-18,0.007,,,,wind:wind_get_stock_events
003035.SZ,003035.SZ_20260724_1,2026-07-24,2026-07-23,2026-07-24,0.021,,,,wind:wind_get_stock_events
003036.SZ,003036.SZ_20220523_1,2022-05-23,2022-05-20,2022-05-23,0.072,,,,wind:wind_get_stock_events
003036.SZ,003036.SZ_20230515_1,2023-05-15,2023-05-12,2023-05-15,0.17,,,,wind:wind_get_stock_events
003036.SZ,003036.SZ_20240523_1,2024-05-23,2024-05-22,2024-05-23,0.42,,,,wind:wind_get_stock_events
003036.SZ,003036.SZ_20250627_1,2025-06-27,2025-06-26,2025-06-27,0.124,,,,wind:wind_get_stock_events
003036.SZ,003036.SZ_20260529_1,2026-05-29,2026-05-28,2026-05-29,0.066,,,,wind:wind_get_stock_events
003039.SZ,003039.SZ_20220624_1,2022-06-24,2022-06-23,2022-06-24,0.127,,,,wind:wind_get_stock_events
003039.SZ,003039.SZ_20230627_1,2023-06-27,2023-06-26,2023-06-27,0.111,,,,wind:wind_get_stock_events
003039.SZ,003039.SZ_20240628_1,2024-06-28,2024-06-27,2024-06-28,0.173,,,,wind:wind_get_stock_events
003039.SZ,003039.SZ_20250618_1,2025-06-18,2025-06-17,2025-06-18,0.21,,,,wind:wind_get_stock_events
003039.SZ,003039.SZ_20260622_1,2026-06-22,2026-06-18,2026-06-22,0.231,,,,wind:wind_get_stock_events
003040.SZ,003040.SZ_20220629_1,2022-06-29,2022-06-28,2022-06-29,0.06,,,,wind:wind_get_stock_events
003040.SZ,003040.SZ_20230522_1,2023-05-22,2023-05-19,2023-05-22,0.18,,,,wind:wind_get_stock_events
003040.SZ,003040.SZ_20240704_1,2024-07-04,2024-07-03,2024-07-04,0.152,,,,wind:wind_get_stock_events
003040.SZ,003040.SZ_20250529_1,2025-05-29,2025-05-28,2025-05-29,0.03,,,,wind:wind_get_stock_events
003040.SZ,003040.SZ_20260602_1,2026-06-02,2026-06-01,2026-06-02,0.01,,,,wind:wind_get_stock_events
003042.SZ,003042.SZ_20220622_1,2022-06-22,2022-06-21,2022-06-22,0.2,,0.3,2022-06-22,wind:wind_get_stock_events
003042.SZ,003042.SZ_20230621_1,2023-06-21,2023-06-20,2023-06-21,0.1,,,,wind:wind_get_stock_events
003043.SZ,003043.SZ_20220608_1,2022-06-08,2022-06-07,2022-06-08,0.3,,,,wind:wind_get_stock_events
003043.SZ,003043.SZ_20230606_1,2023-06-06,2023-06-05,2023-06-06,0.4,,,,wind:wind_get_stock_events
003043.SZ,003043.SZ_20240606_1,2024-06-06,2024-06-05,2024-06-06,0.25,,,,wind:wind_get_stock_events
003043.SZ,003043.SZ_20250612_1,2025-06-12,2025-06-11,2025-06-12,0.3,,0.4,2025-06-12,wind:wind_get_stock_events
003043.SZ,003043.SZ_20260609_1,2026-06-09,2026-06-08,2026-06-09,0.25,,,,wind:wind_get_stock_events
003816.SZ,003816.SZ_20200710_1,2020-07-10,2020-07-09,2020-07-10,0.076,,,,wind:wind_get_stock_events
003816.SZ,003816.SZ_20210708_1,2021-07-08,2021-07-07,2021-07-08,0.08,,,,wind:wind_get_stock_events
003816.SZ,003816.SZ_20220707_1,2022-07-07,2022-07-06,2022-07-07,0.084,,,,wind:wind_get_stock_events
003816.SZ,003816.SZ_20230707_1,2023-07-07,2023-07-06,2023-07-07,0.087,,,,wind:wind_get_stock_events
003816.SZ,003816.SZ_20240710_1,2024-07-10,2024-07-09,2024-07-10,0.094,,,,wind:wind_get_stock_events
003816.SZ,003816.SZ_20250703_1,2025-07-03,2025-07-02,2025-07-03,0.095,,,,wind:wind_get_stock_events
003816.SZ,003816.SZ_20260710_1,2026-07-10,2026-07-09,2026-07-10,0.086,,,,wind:wind_get_stock_events
300001.SZ,300001.SZ_20150618_1,2015-06-18,2015-06-17,2015-06-18,0.1,,1.2,2015-06-18,wind:wind_get_stock_events
300001.SZ,300001.SZ_20170731_1,2017-07-31,2017-07-28,2017-07-31,0.02,,,,wind:wind_get_stock_events
300001.SZ,300001.SZ_20180612_1,2018-06-12,2018-06-11,2018-06-12,0.05,,,,wind:wind_get_stock_events
300001.SZ,300001.SZ_20190729_1,2019-07-29,2019-07-26,2019-07-29,0.01,,,,wind:wind_get_stock_events
300001.SZ,300001.SZ_20200714_1,2020-07-14,2020-07-13,2020-07-14,0.02,,,,wind:wind_get_stock_events
300001.SZ,300001.SZ_20210616_1,2021-06-16,2021-06-15,2021-06-16,0.05,,,,wind:wind_get_stock_events
300001.SZ,300001.SZ_20220418_1,2022-04-18,2022-04-15,2022-04-18,0.02,,,,wind:wind_get_stock_events
300001.SZ,300001.SZ_20230720_1,2023-07-20,2023-07-19,2023-07-20,0.05,,,,wind:wind_get_stock_events
300001.SZ,300001.SZ_20240614_1,2024-06-14,2024-06-13,2024-06-14,0.1,,,,wind:wind_get_stock_events
300001.SZ,300001.SZ_20250704_1,2025-07-04,2025-07-03,2025-07-04,0.15,,,,wind:wind_get_stock_events
300001.SZ,300001.SZ_20260527_1,2026-05-27,2026-05-26,2026-05-27,0.2,,,,wind:wind_get_stock_events
300004.SZ,300004.SZ_20150707_1,2015-07-07,2015-07-06,2015-07-07,0.05,,1,2015-07-07,wind:wind_get_stock_events
300004.SZ,300004.SZ_20160825_1,2016-08-25,2016-08-24,2016-08-25,0.03,,,,wind:wind_get_stock_events
300004.SZ,300004.SZ_20170721_1,2017-07-21,2017-07-20,2017-07-21,0.02,,,,wind:wind_get_stock_events
300005.SZ,300005.SZ_20150706_1,2015-07-06,2015-07-03,2015-07-06,0.1997,,,,wind:wind_get_stock_events
300005.SZ,300005.SZ_20170620_1,2017-06-20,2017-06-19,2017-06-20,0.2,,0.5,2017-06-20,wind:wind_get_stock_events
300005.SZ,300005.SZ_20200608_1,2020-06-08,2020-06-05,2020-06-08,0.05,,,,wind:wind_get_stock_events
300005.SZ,300005.SZ_20240703_1,2024-07-03,2024-07-02,2024-07-03,0.024,,,,wind:wind_get_stock_events
300005.SZ,300005.SZ_20250605_1,2025-06-05,2025-06-04,2025-06-05,0.012,,,,wind:wind_get_stock_events
300005.SZ,300005.SZ_20260529_1,2026-05-29,2026-05-28,2026-05-29,0.01,,,,wind:wind_get_stock_events
300006.SZ,300006.SZ_20150715_1,2015-07-15,2015-07-14,2015-07-15,0.1,,,,wind:wind_get_stock_events
300006.SZ,300006.SZ_20160524_1,2016-05-24,2016-05-23,2016-05-24,0.1,,2.6,2016-05-24,wind:wind_get_stock_events
300006.SZ,300006.SZ_20170705_1,2017-07-05,2017-07-04,2017-07-05,0.05,,,,wind:wind_get_stock_events
300006.SZ,300006.SZ_20180822_1,2018-08-22,2018-08-21,2018-08-22,0.05,,,,wind:wind_get_stock_events
300006.SZ,300006.SZ_20190712_1,2019-07-12,2019-07-11,2019-07-12,0.05,,,,wind:wind_get_stock_events
300006.SZ,300006.SZ_20200703_1,2020-07-03,2020-07-02,2020-07-03,0.05,,,,wind:wind_get_stock_events
300007.SZ,300007.SZ_20150624_1,2015-06-24,2015-06-23,2015-06-24,0.05,,,,wind:wind_get_stock_events
300007.SZ,300007.SZ_20151020_1,2015-10-20,2015-10-19,,,,1,2015-10-20,wind:wind_get_stock_events
300007.SZ,300007.SZ_20160617_1,2016-06-17,2016-06-16,2016-06-17,0.02,,,,wind:wind_get_stock_events
300007.SZ,300007.SZ_20170731_1,2017-07-31,2017-07-28,2017-07-31,0.035,,,,wind:wind_get_stock_events
300007.SZ,300007.SZ_20180711_1,2018-07-11,2018-07-10,2018-07-11,0.045,,,,wind:wind_get_stock_events
300007.SZ,300007.SZ_20190621_1,2019-06-21,2019-06-20,2019-06-21,0.015,,,,wind:wind_get_stock_events
300007.SZ,300007.SZ_20200612_1,2020-06-12,2020-06-11,2020-06-12,0.022,,,,wind:wind_get_stock_events
300007.SZ,300007.SZ_20210521_1,2021-05-21,2021-05-20,2021-05-21,0.06,,,,wind:wind_get_stock_events
300007.SZ,300007.SZ_20220511_1,2022-05-11,2022-05-10,2022-05-11,0.08,,,,wind:wind_get_stock_events
300007.SZ,300007.SZ_20230518_1,2023-05-18,2023-05-17,2023-05-18,0.12,,,,wind:wind_get_stock_events
300007.SZ,300007.SZ_20240529_1,2024-05-29,2024-05-28,2024-05-29,0.1,,,,wind:wind_get_stock_events
300007.SZ,300007.SZ_20241212_1,2024-12-12,2024-12-11,2024-12-12,0.03,,,,wind:wind_get_stock_events
300007.SZ,300007.SZ_20250528_1,2025-05-28,2025-05-27,2025-05-28,0.04,,,,wind:wind_get_stock_events
300007.SZ,300007.SZ_20260611_1,2026-06-11,2026-06-10,2026-06-11,0.05,,,,wind:wind_get_stock_events
300008.SZ,300008.SZ_20150518_1,2015-05-18,2015-05-15,2015-05-18,0.05,,,,wind:wind_get_stock_events
300008.SZ,300008.SZ_20170519_1,2017-05-19,2017-05-18,2017-05-19,0.1,,1.5,2017-05-19,wind:wind_get_stock_events
300008.SZ,300008.SZ_20180525_1,2018-05-25,2018-05-24,2018-05-25,0.018,,,,wind:wind_get_stock_events
300008.SZ,300008.SZ_20260706_1,2026-07-06,2026-07-03,2026-07-06,0.032,,,,wind:wind_get_stock_events
300009.SZ,300009.SZ_20150417_1,2015-04-17,2015-04-16,2015-04-17,0.15,,0.3,2015-04-17,wind:wind_get_stock_events
300009.SZ,300009.SZ_20160415_1,2016-04-15,2016-04-14,2016-04-15,0.15,,0.3,2016-04-15,wind:wind_get_stock_events
300009.SZ,300009.SZ_20170518_1,2017-05-18,2017-05-17,2017-05-18,0.15,,0.3,2017-05-18,wind:wind_get_stock_events
300009.SZ,300009.SZ_20180504_1,2018-05-04,2018-05-03,2018-05-04,0.15,,0.4,2018-05-04,wind:wind_get_stock_events
300009.SZ,300009.SZ_20190509_1,2019-05-09,2019-05-08,2019-05-09,0.15,,,,wind:wind_get_stock_events
300009.SZ,300009.SZ_20200522_1,2020-05-22,2020-05-21,2020-05-22,0.15,,0.3,2020-05-22,wind:wind_get_stock_events
300009.SZ,300009.SZ_20210514_1,2021-05-14,2021-05-13,2021-05-14,0.2,,0.2,2021-05-14,wind:wind_get_stock_events
300009.SZ,300009.SZ_20220513_1,2022-05-13,2022-05-12,2022-05-13,0.2001,,,,wind:wind_get_stock_events
300009.SZ,300009.SZ_20230519_1,2023-05-19,2023-05-18,2023-05-19,0.25,,,,wind:wind_get_stock_events
300009.SZ,300009.SZ_20240527_1,2024-05-27,2024-05-24,2024-05-27,0.25,,,,wind:wind_get_stock_events
300009.SZ,300009.SZ_20250117_1,2025-01-17,2025-01-16,2025-01-17,0.1,,,,wind:wind_get_stock_events
300009.SZ,300009.SZ_20250523_1,2025-05-23,2025-05-22,2025-05-23,0.15,,,,wind:wind_get_stock_events
300009.SZ,300009.SZ_20260529_1,2026-05-29,2026-05-28,2026-05-29,0.25,,,,wind:wind_get_stock_events
300011.SZ,300011.SZ_20150504_1,2015-05-04,2015-04-30,2015-05-04,0.0598,,,,wind:wind_get_stock_events
300011.SZ,300011.SZ_20160629_1,2016-06-29,2016-06-28,2016-06-29,0.0598,,,,wind:wind_get_stock_events
300011.SZ,300011.SZ_20170522_1,2017-05-22,2017-05-19,2017-05-22,0.03,,,,wind:wind_get_stock_events
300011.SZ,300011.SZ_20180711_1,2018-07-11,2018-07-10,2018-07-11,0.02,,,,wind:wind_get_stock_events
300012.SZ,300012.SZ_20150512_1,2015-05-12,2015-05-11,2015-05-12,0.1,,,,wind:wind_get_stock_events
300012.SZ,300012.SZ_20160520_1,2016-05-20,2016-05-19,2016-05-20,0.1,,1,2016-05-20,wind:wind_get_stock_events
300012.SZ,300012.SZ_20170621_1,2017-06-21,2017-06-20,2017-06-21,0.05,,1,2017-06-21,wind:wind_get_stock_events
300012.SZ,300012.SZ_20180528_1,2018-05-28,2018-05-25,2018-05-28,0.025,,,,wind:wind_get_stock_events
300012.SZ,300012.SZ_20190528_1,2019-05-28,2019-05-27,2019-05-28,0.035,,,,wind:wind_get_stock_events
300012.SZ,300012.SZ_20200520_1,2020-05-20,2020-05-19,2020-05-20,0.035,,,,wind:wind_get_stock_events
300012.SZ,300012.SZ_20210521_1,2021-05-21,2021-05-20,2021-05-21,0.035,,,,wind:wind_get_stock_events
300012.SZ,300012.SZ_20220526_1,2022-05-26,2022-05-25,2022-05-26,0.06,,,,wind:wind_get_stock_events
300012.SZ,300012.SZ_20230525_1,2023-05-25,2023-05-24,2023-05-25,0.06,,,,wind:wind_get_stock_events
300012.SZ,300012.SZ_20240524_1,2024-05-24,2024-05-23,2024-05-24,0.1,,,,wind:wind_get_stock_events
300012.SZ,300012.SZ_20250528_1,2025-05-28,2025-05-27,2025-05-28,0.1,,,,wind:wind_get_stock_events
300012.SZ,300012.SZ_20251013_1,2025-10-13,2025-10-10,2025-10-13,0.05,,,,wind:wind_get_stock_events
300012.SZ,300012.SZ_20260430_1,2026-04-30,2026-04-29,2026-04-30,0.15,,,,wind:wind_get_stock_events
300012.SZ,300012.SZ_20260826_1,2026-08-26,2026-08-25,2026-08-26,0.05,,,,wind:wind_get_stock_events
300013.SZ,300013.SZ_20150602_1,2015-06-02,2015-06-01,2015-06-02,0.01,,,,wind:wind_get_stock_events
300013.SZ,300013.SZ_20170616_1,2017-06-16,2017-06-15,2017-06-16,0.01,,,,wind:wind_get_stock_events
300013.SZ,300013.SZ_20180716_1,2018-07-16,2018-07-13,2018-07-16,0.06,,,,wind:wind_get_stock_events
300013.SZ,300013.SZ_20190712_1,2019-07-12,2019-07-11,2019-07-12,0.022,,0.5,2019-07-12,wind:wind_get_stock_events
300014.SZ,300014.SZ_20150702_1,2015-07-02,2015-07-01,2015-07-02,0.0499,,,,wind:wind_get_stock_events
300014.SZ,300014.SZ_20160620_1,2016-06-20,2016-06-17,2016-06-20,0.075,,,,wind:wind_get_stock_events
300014.SZ,300014.SZ_20170511_1,2017-05-11,2017-05-10,2017-05-11,0.1195,,0.9959,2017-05-11,wind:wind_get_stock_events
300014.SZ,300014.SZ_20180608_1,2018-06-08,2018-06-07,2018-06-08,0.1001,,,,wind:wind_get_stock_events
300014.SZ,300014.SZ_20200609_1,2020-06-09,2020-06-08,2020-06-09,0.1702,,0.9009,2020-06-09,wind:wind_get_stock_events
300014.SZ,300014.SZ_20210525_1,2021-05-25,2021-05-24,2021-05-25,0.025,,,,wind:wind_get_stock_events
300014.SZ,300014.SZ_20220708_1,2022-07-08,2022-07-07,2022-07-08,0.16,,,,wind:wind_get_stock_events
300014.SZ,300014.SZ_20230619_1,2023-06-19,2023-06-16,2023-06-19,0.16,,,,wind:wind_get_stock_events
300014.SZ,300014.SZ_20240521_1,2024-05-21,2024-05-20,2024-05-21,0.5,,,,wind:wind_get_stock_events
300014.SZ,300014.SZ_20250519_1,2025-05-19,2025-05-16,2025-05-19,0.5,,,,wind:wind_get_stock_events
300014.SZ,300014.SZ_20250917_1,2025-09-17,2025-09-16,2025-09-17,0.245,,,,wind:wind_get_stock_events
300014.SZ,300014.SZ_20260514_1,2026-05-14,2026-05-13,2026-05-14,0.2338,,,,wind:wind_get_stock_events
300014.SZ,300014.SZ_20260917_1,2026-09-17,2026-09-16,2026-09-17,0.23,,,,wind:wind_get_stock_events
300017.SZ,300017.SZ_20150422_1,2015-04-22,2015-04-21,2015-04-22,0.1499,,1.1993,2015-04-22,wind:wind_get_stock_events
300017.SZ,300017.SZ_20160429_1,2016-04-29,2016-04-28,2016-04-29,0.2,,,,wind:wind_get_stock_events
300017.SZ,300017.SZ_20170425_1,2017-04-25,2017-04-24,2017-04-25,0.2494,,1.9955,2017-04-25,wind:wind_get_stock_events
300017.SZ,300017.SZ_20180530_1,2018-05-30,2018-05-29,2018-05-30,0.0297,,,,wind:wind_get_stock_events
300017.SZ,300017.SZ_20190424_1,2019-04-24,2019-04-23,2019-04-24,0.0301,,,,wind:wind_get_stock_events
300017.SZ,300017.SZ_20200601_1,2020-06-01,2020-05-29,2020-06-01,0.03,,,,wind:wind_get_stock_events
300017.SZ,300017.SZ_20210610_1,2021-06-10,2021-06-09,2021-06-10,0.01,,,,wind:wind_get_stock_events
300017.SZ,300017.SZ_20220527_1,2022-05-27,2022-05-26,2022-05-27,0.03,,,,wind:wind_get_stock_events
300017.SZ,300017.SZ_20230609_1,2023-06-09,2023-06-08,2023-06-09,0.05,,,,wind:wind_get_stock_events
300017.SZ,300017.SZ_20240523_1,2024-05-23,2024-05-22,2024-05-23,0.25,,,,wind:wind_get_stock_events
300017.SZ,300017.SZ_20250523_1,2025-05-23,2025-05-22,2025-05-23,0.25,,,,wind:wind_get_stock_events
300017.SZ,300017.SZ_20260609_1,2026-06-09,2026-06-08,2026-06-09,0.25,,,,wind:wind_get_stock_events
300017.SZ,300017.SZ_20260827_1,2026-08-27,2026-08-26,2026-08-27,0.08,,,,wind:wind_get_stock_events
300019.SZ,300019.SZ_20150508_1,2015-05-08,2015-05-07,2015-05-08,0.2,,1,2015-05-08,wind:wind_get_stock_events
300019.SZ,300019.SZ_20160506_1,2016-05-06,2016-05-05,2016-05-06,0.15,,,,wind:wind_get_stock_events
300019.SZ,300019.SZ_20170427_1,2017-04-27,2017-04-26,2017-04-27,0.1,,,,wind:wind_get_stock_events
300019.SZ,300019.SZ_20180518_1,2018-05-18,2018-05-17,2018-05-18,0.1,,,,wind:wind_get_stock_events
300019.SZ,300019.SZ_20200602_1,2020-06-02,2020-06-01,2020-06-02,0.15,,,,wind:wind_get_stock_events
300019.SZ,300019.SZ_20210429_1,2021-04-29,2021-04-28,2021-04-29,0.2,,,,wind:wind_get_stock_events
300019.SZ,300019.SZ_20220428_1,2022-04-28,2022-04-27,2022-04-28,0.3,,,,wind:wind_get_stock_events
300019.SZ,300019.SZ_20230505_1,2023-05-05,2023-05-04,2023-05-05,0.3,,,,wind:wind_get_stock_events
300019.SZ,300019.SZ_20240430_1,2024-04-30,2024-04-29,2024-04-30,0.3,,,,wind:wind_get_stock_events
300019.SZ,300019.SZ_20250512_1,2025-05-12,2025-05-09,2025-05-12,0.3,,,,wind:wind_get_stock_events
300019.SZ,300019.SZ_20260430_1,2026-04-30,2026-04-29,2026-04-30,0.3,,,,wind:wind_get_stock_events
300031.SZ,300031.SZ_20170511_1,2017-05-11,2017-05-10,2017-05-11,0.1,,,,wind:wind_get_stock_events
300031.SZ,300031.SZ_20180615_1,2018-06-15,2018-06-14,2018-06-15,0.115,,,,wind:wind_get_stock_events
300031.SZ,300031.SZ_20200518_1,2020-05-18,2020-05-15,2020-05-18,0.3,,,,wind:wind_get_stock_events
300031.SZ,300031.SZ_20210628_1,2021-06-28,2021-06-25,2021-06-28,0.3,,,,wind:wind_get_stock_events
300031.SZ,300031.SZ_20220707_1,2022-07-07,2022-07-06,2022-07-07,0.1,,,,wind:wind_get_stock_events
300031.SZ,300031.SZ_20240613_1,2024-06-13,2024-06-12,2024-06-13,0.06,,,,wind:wind_get_stock_events
300031.SZ,300031.SZ_20250709_1,2025-07-09,2025-07-08,2025-07-09,0.1,,,,wind:wind_get_stock_events
300031.SZ,300031.SZ_20260703_1,2026-07-03,2026-07-02,2026-07-03,0.1,,,,wind:wind_get_stock_events
300032.SZ,300032.SZ_20150514_1,2015-05-14,2015-05-13,2015-05-14,0.1,,1,2015-05-14,wind:wind_get_stock_events
300032.SZ,300032.SZ_20160519_1,2016-05-19,2016-05-18,2016-05-19,0.1,,,,wind:wind_get_stock_events
300032.SZ,300032.SZ_20170623_1,2017-06-23,2017-06-22,2017-06-23,0.1014,,,,wind:wind_get_stock_events
300034.SZ,300034.SZ_20150623_1,2015-06-23,2015-06-19,2015-06-23,0.1588,,,,wind:wind_get_stock_events
300034.SZ,300034.SZ_20160519_1,2016-05-19,2016-05-18,2016-05-19,0.0795,,0.2983,2016-05-19,wind:wind_get_stock_events
300034.SZ,300034.SZ_20170612_1,2017-06-12,2017-06-09,2017-06-12,0.0597,,,,wind:wind_get_stock_events
300034.SZ,300034.SZ_20180613_1,2018-06-13,2018-06-12,2018-06-13,0.07,,,,wind:wind_get_stock_events
300034.SZ,300034.SZ_20190619_1,2019-06-19,2019-06-18,2019-06-19,0.12,,,,wind:wind_get_stock_events
300034.SZ,300034.SZ_20200707_1,2020-07-07,2020-07-06,2020-07-07,0.1198,,,,wind:wind_get_stock_events
300034.SZ,300034.SZ_20210618_1,2021-06-18,2021-06-17,2021-06-18,0.135,,,,wind:wind_get_stock_events
300034.SZ,300034.SZ_20220708_1,2022-07-08,2022-07-07,2022-07-08,0.15,,,,wind:wind_get_stock_events
300034.SZ,300034.SZ_20230704_1,2023-07-04,2023-07-03,2023-07-04,0.208,,0.6,2023-07-04,wind:wind_get_stock_events
300034.SZ,300034.SZ_20240711_1,2024-07-11,2024-07-10,2024-07-11,0.124,,,,wind:wind_get_stock_events
300034.SZ,300034.SZ_20250711_1,2025-07-11,2025-07-10,2025-07-11,0.1,,,,wind:wind_get_stock_events
300034.SZ,300034.SZ_20260605_1,2026-06-05,2026-06-04,2026-06-05,0.036,,,,wind:wind_get_stock_events
300035.SZ,300035.SZ_20150710_1,2015-07-10,2015-07-09,2015-07-10,0.1,,,,wind:wind_get_stock_events
300035.SZ,300035.SZ_20160601_1,2016-06-01,2016-05-31,2016-06-01,0.2,,,,wind:wind_get_stock_events
300035.SZ,300035.SZ_20170609_1,2017-06-09,2017-06-08,2017-06-09,0.1,,1,2017-06-09,wind:wind_get_stock_events
300035.SZ,300035.SZ_20180620_1,2018-06-20,2018-06-19,2018-06-20,0.02,,,,wind:wind_get_stock_events
300035.SZ,300035.SZ_20190528_1,2019-05-28,2019-05-27,2019-05-28,0.03,,,,wind:wind_get_stock_events
300035.SZ,300035.SZ_20200630_1,2020-06-30,2020-06-29,2020-06-30,0.06,,,,wind:wind_get_stock_events
300035.SZ,300035.SZ_20210623_1,2021-06-23,2021-06-22,2021-06-23,0.1,,,,wind:wind_get_stock_events
300035.SZ,300035.SZ_20220614_1,2022-06-14,2022-06-13,2022-06-14,0.15,,,,wind:wind_get_stock_events
300035.SZ,300035.SZ_20230525_1,2023-05-25,2023-05-24,2023-05-25,0.15,,,,wind:wind_get_stock_events
300035.SZ,300035.SZ_20240605_1,2024-06-05,2024-06-04,2024-06-05,0.15,,,,wind:wind_get_stock_events
300035.SZ,300035.SZ_20250527_1,2025-05-27,2025-05-26,2025-05-27,0.25,,,,wind:wind_get_stock_events
300035.SZ,300035.SZ_20260605_1,2026-06-05,2026-06-04,2026-06-05,0.25,,,,wind:wind_get_stock_events
300036.SZ,300036.SZ_20150512_1,2015-05-12,2015-05-11,2015-05-12,0.1,,0.6,2015-05-12,wind:wind_get_stock_events
300036.SZ,300036.SZ_20160505_1,2016-05-05,2016-05-04,2016-05-05,0.1,,1,2016-05-05,wind:wind_get_stock_events
300036.SZ,300036.SZ_20170511_1,2017-05-11,2017-05-10,2017-05-11,0.06,,,,wind:wind_get_stock_events
300036.SZ,300036.SZ_20180511_1,2018-05-11,2018-05-10,2018-05-11,0.088,,,,wind:wind_get_stock_events
300036.SZ,300036.SZ_20190516_1,2019-05-16,2019-05-15,2019-05-16,0.075,,,,wind:wind_get_stock_events
300036.SZ,300036.SZ_20200526_1,2020-05-26,2020-05-25,2020-05-26,0.048,,,,wind:wind_get_stock_events
300036.SZ,300036.SZ_20210518_1,2021-05-18,2021-05-17,2021-05-18,0.052,,,,wind:wind_get_stock_events
300036.SZ,300036.SZ_20220517_1,2022-05-17,2022-05-16,2022-05-17,0.06,,,,wind:wind_get_stock_events
300036.SZ,300036.SZ_20240521_1,2024-05-21,2024-05-20,2024-05-21,0.1,,,,wind:wind_get_stock_events
300036.SZ,300036.SZ_20260617_1,2026-06-17,2026-06-16,2026-06-17,0.03,,,,wind:wind_get_stock_events
300037.SZ,300037.SZ_20160511_1,2016-05-11,2016-05-10,2016-05-11,0.3,,,,wind:wind_get_stock_events
300037.SZ,300037.SZ_20170512_1,2017-05-12,2017-05-11,2017-05-12,0.5,,1,2017-05-12,wind:wind_get_stock_events
300037.SZ,300037.SZ_20180525_1,2018-05-25,2018-05-24,2018-05-25,0.2,,,,wind:wind_get_stock_events
300037.SZ,300037.SZ_20190807_1,2019-08-07,2019-08-06,2019-08-07,0.17,,,,wind:wind_get_stock_events
300037.SZ,300037.SZ_20200603_1,2020-06-03,2020-06-02,2020-06-03,0.25,,,,wind:wind_get_stock_events
300037.SZ,300037.SZ_20210518_1,2021-05-18,2021-05-17,2021-05-18,0.4,,,,wind:wind_get_stock_events
300037.SZ,300037.SZ_20220512_1,2022-05-12,2022-05-11,2022-05-12,0.68,,0.8,2022-05-12,wind:wind_get_stock_events
300037.SZ,300037.SZ_20230516_1,2023-05-16,2023-05-15,2023-05-16,0.5,,,,wind:wind_get_stock_events
300037.SZ,300037.SZ_20240510_1,2024-05-10,2024-05-09,2024-05-10,0.6,,,,wind:wind_get_stock_events
300037.SZ,300037.SZ_20250523_1,2025-05-23,2025-05-22,2025-05-23,0.4,,,,wind:wind_get_stock_events
300037.SZ,300037.SZ_20260428_1,2026-04-28,2026-04-27,2026-04-28,0.5,,,,wind:wind_get_stock_events
300040.SZ,300040.SZ_20170714_1,2017-07-14,2017-07-13,2017-07-14,0.1,,,,wind:wind_get_stock_events
300040.SZ,300040.SZ_20180724_1,2018-07-24,2018-07-23,2018-07-24,0.05,,,,wind:wind_get_stock_events
300040.SZ,300040.SZ_20190716_1,2019-07-16,2019-07-15,2019-07-16,0.05,,,,wind:wind_get_stock_events
300040.SZ,300040.SZ_20200724_1,2020-07-24,2020-07-23,2020-07-24,0.05,,,,wind:wind_get_stock_events
300040.SZ,300040.SZ_20210714_1,2021-07-14,2021-07-13,2021-07-14,0.05,,0.3999,2021-07-14,wind:wind_get_stock_events
300040.SZ,300040.SZ_20220527_1,2022-05-27,2022-05-26,2022-05-27,0.05,,,,wind:wind_get_stock_events
300040.SZ,300040.SZ_20230629_1,2023-06-29,2023-06-28,2023-06-29,0.06,,,,wind:wind_get_stock_events
300040.SZ,300040.SZ_20240711_1,2024-07-11,2024-07-10,2024-07-11,0.07,,,,wind:wind_get_stock_events
300040.SZ,300040.SZ_20250630_1,2025-06-30,2025-06-27,2025-06-30,0.0593,,,,wind:wind_get_stock_events
300040.SZ,300040.SZ_20260612_1,2026-06-12,2026-06-11,2026-06-12,0.0201,,,,wind:wind_get_stock_events
300041.SZ,300041.SZ_20150615_1,2015-06-15,2015-06-12,2015-06-15,0.18,,,,wind:wind_get_stock_events
300041.SZ,300041.SZ_20160511_1,2016-05-11,2016-05-10,2016-05-11,0.15,,1,2016-05-11,wind:wind_get_stock_events
300041.SZ,300041.SZ_20170510_1,2017-05-10,2017-05-09,2017-05-10,0.15,,,,wind:wind_get_stock_events
300041.SZ,300041.SZ_20180410_1,2018-04-10,2018-04-09,2018-04-10,0.5,,,,wind:wind_get_stock_events
300041.SZ,300041.SZ_20190520_1,2019-05-20,2019-05-17,2019-05-20,0.1525,,,,wind:wind_get_stock_events
300041.SZ,300041.SZ_20200526_1,2020-05-26,2020-05-25,2020-05-26,0.18,,,,wind:wind_get_stock_events
300041.SZ,300041.SZ_20220527_1,2022-05-27,2022-05-26,2022-05-27,0.1,,,,wind:wind_get_stock_events
300041.SZ,300041.SZ_20230522_1,2023-05-22,2023-05-19,2023-05-22,0.15,,0.3,2023-05-22,wind:wind_get_stock_events
300041.SZ,300041.SZ_20240523_1,2024-05-23,2024-05-22,2024-05-23,0.1,,,,wind:wind_get_stock_events
300041.SZ,300041.SZ_20250530_1,2025-05-30,2025-05-29,2025-05-30,0.15,,,,wind:wind_get_stock_events
300041.SZ,300041.SZ_20260630_1,2026-06-30,2026-06-29,2026-06-30,0.15,,,,wind:wind_get_stock_events
300042.SZ,300042.SZ_20150608_1,2015-06-08,2015-06-05,2015-06-08,0.1,,,,wind:wind_get_stock_events
300042.SZ,300042.SZ_20160708_1,2016-07-08,2016-07-07,2016-07-08,0.1,,,,wind:wind_get_stock_events
300042.SZ,300042.SZ_20170712_1,2017-07-12,2017-07-11,2017-07-12,0.16,,,,wind:wind_get_stock_events
300042.SZ,300042.SZ_20180605_1,2018-06-05,2018-06-04,2018-06-05,0.16,,,,wind:wind_get_stock_events
300042.SZ,300042.SZ_20190422_1,2019-04-22,2019-04-19,2019-04-22,0.2,,0.5,2019-04-22,wind:wind_get_stock_events
300042.SZ,300042.SZ_20200729_1,2020-07-29,2020-07-28,2020-07-29,0.02,,,,wind:wind_get_stock_events
300042.SZ,300042.SZ_20210706_1,2021-07-06,2021-07-05,2021-07-06,0.05,,,,wind:wind_get_stock_events
300042.SZ,300042.SZ_20220628_1,2022-06-28,2022-06-27,2022-06-28,0.05,,,,wind:wind_get_stock_events
300042.SZ,300042.SZ_20230616_1,2023-06-16,2023-06-15,2023-06-16,0.05,,,,wind:wind_get_stock_events
300042.SZ,300042.SZ_20260528_1,2026-05-28,2026-05-27,2026-05-28,0.07,,,,wind:wind_get_stock_events
300045.SZ,300045.SZ_20150526_1,2015-05-26,2015-05-25,2015-05-26,0.03,,1,2015-05-26,wind:wind_get_stock_events
300045.SZ,300045.SZ_20170427_1,2017-04-27,2017-04-26,2017-04-27,0.01,,,,wind:wind_get_stock_events
300045.SZ,300045.SZ_20180613_1,2018-06-13,2018-06-12,2018-06-13,0.015,,,,wind:wind_get_stock_events
300045.SZ,300045.SZ_20190606_1,2019-06-06,2019-06-05,2019-06-06,0.02,,,,wind:wind_get_stock_events
300045.SZ,300045.SZ_20210722_1,2021-07-22,2021-07-21,2021-07-22,0.01,,,,wind:wind_get_stock_events
300048.SZ,300048.SZ_20150609_1,2015-06-09,2015-06-08,2015-06-09,0.05,,,,wind:wind_get_stock_events
300048.SZ,300048.SZ_20160614_1,2016-06-14,2016-06-13,2016-06-14,0.05,,1,2016-06-14,wind:wind_get_stock_events
300048.SZ,300048.SZ_20170614_1,2017-06-14,2017-06-13,2017-06-14,0.05,,0.4,2017-06-14,wind:wind_get_stock_events
300048.SZ,300048.SZ_20180716_1,2018-07-16,2018-07-13,2018-07-16,0.02,,,,wind:wind_get_stock_events
300050.SZ,300050.SZ_20150528_1,2015-05-28,2015-05-27,2015-05-28,0.05,,,,wind:wind_get_stock_events
300050.SZ,300050.SZ_20160530_1,2016-05-30,2016-05-27,2016-05-30,0.15,,1,2016-05-30,wind:wind_get_stock_events
300050.SZ,300050.SZ_20170413_1,2017-04-13,2017-04-12,2017-04-13,0.05,,,,wind:wind_get_stock_events
300050.SZ,300050.SZ_20180614_1,2018-06-14,2018-06-13,2018-06-14,0.02,,,,wind:wind_get_stock_events
300051.SZ,300051.SZ_20150617_1,2015-06-17,2015-06-16,2015-06-17,0.015,,,,wind:wind_get_stock_events
300052.SZ,300052.SZ_20160530_1,2016-05-30,2016-05-27,2016-05-30,0.02,,,,wind:wind_get_stock_events
300052.SZ,300052.SZ_20180531_1,2018-05-31,2018-05-30,2018-05-31,0.02,,,,wind:wind_get_stock_events
300052.SZ,300052.SZ_20190613_1,2019-06-13,2019-06-12,2019-06-13,0.02,,,,wind:wind_get_stock_events
300052.SZ,300052.SZ_20200604_1,2020-06-04,2020-06-03,2020-06-04,0.02,,,,wind:wind_get_stock_events
300053.SZ,300053.SZ_20150525_1,2015-05-25,2015-05-22,2015-05-25,0.025,,,,wind:wind_get_stock_events
300053.SZ,300053.SZ_20160524_1,2016-05-24,2016-05-23,2016-05-24,0.03,,1.5,2016-05-24,wind:wind_get_stock_events
300053.SZ,300053.SZ_20170605_1,2017-06-05,2017-06-02,2017-06-05,0.015,,,,wind:wind_get_stock_events
300053.SZ,300053.SZ_20180531_1,2018-05-31,2018-05-30,2018-05-31,0.0178,,,,wind:wind_get_stock_events
300053.SZ,300053.SZ_20190606_1,2019-06-06,2019-06-05,2019-06-06,0.0201,,,,wind:wind_get_stock_events
300054.SZ,300054.SZ_20150416_1,2015-04-16,2015-04-15,2015-04-16,0.05,,,,wind:wind_get_stock_events
300054.SZ,300054.SZ_20160420_1,2016-04-20,2016-04-19,2016-04-20,0.05,,,,wind:wind_get_stock_events
300054.SZ,300054.SZ_20170519_1,2017-05-19,2017-05-18,2017-05-19,0.1,,0.8,2017-05-19,wind:wind_get_stock_events
300054.SZ,300054.SZ_20180606_1,2018-06-06,2018-06-05,2018-06-06,0.01,,,,wind:wind_get_stock_events
300054.SZ,300054.SZ_20190610_1,2019-06-10,2019-06-06,2019-06-10,0.02,,,,wind:wind_get_stock_events
300054.SZ,300054.SZ_20200814_1,2020-08-14,2020-08-13,2020-08-14,0.0202,,,,wind:wind_get_stock_events
300054.SZ,300054.SZ_20210624_1,2021-06-24,2021-06-23,2021-06-24,0.03,,,,wind:wind_get_stock_events
300054.SZ,300054.SZ_20220624_1,2022-06-24,2022-06-23,2022-06-24,0.02,,,,wind:wind_get_stock_events
300054.SZ,300054.SZ_20230616_1,2023-06-16,2023-06-15,2023-06-16,0.05,,,,wind:wind_get_stock_events
300054.SZ,300054.SZ_20250717_1,2025-07-17,2025-07-16,2025-07-17,0.1,,,,wind:wind_get_stock_events
300054.SZ,300054.SZ_20260617_1,2026-06-17,2026-06-16,2026-06-17,0.1,,,,wind:wind_get_stock_events
300055.SZ,300055.SZ_20150407_1,2015-04-07,2015-04-03,2015-04-07,0.06,,2,2015-04-07,wind:wind_get_stock_events
300055.SZ,300055.SZ_20160704_1,2016-07-04,2016-07-01,2016-07-04,0.015,,,,wind:wind_get_stock_events
300055.SZ,300055.SZ_20170629_1,2017-06-29,2017-06-28,2017-06-29,0.015,,,,wind:wind_get_stock_events
300055.SZ,300055.SZ_20180712_1,2018-07-12,2018-07-11,2018-07-12,0.07,,,,wind:wind_get_stock_events
300055.SZ,300055.SZ_20190712_1,2019-07-12,2019-07-11,2019-07-12,0.015,,,,wind:wind_get_stock_events
300055.SZ,300055.SZ_20200716_1,2020-07-16,2020-07-15,2020-07-16,0.015,,,,wind:wind_get_stock_events
300055.SZ,300055.SZ_20210709_1,2021-07-09,2021-07-08,2021-07-09,0.015,,,,wind:wind_get_stock_events
300055.SZ,300055.SZ_20220608_1,2022-06-08,2022-06-07,2022-06-08,0.03,,,,wind:wind_get_stock_events
300055.SZ,300055.SZ_20240710_1,2024-07-10,2024-07-09,2024-07-10,0.015,,,,wind:wind_get_stock_events
300055.SZ,300055.SZ_20250708_1,2025-07-08,2025-07-07,2025-07-08,0.015,,,,wind:wind_get_stock_events
300055.SZ,300055.SZ_20260703_1,2026-07-03,2026-07-02,2026-07-03,0.015,,,,wind:wind_get_stock_events
300057.SZ,300057.SZ_20150514_1,2015-05-14,2015-05-13,2015-05-14,0.09,,,,wind:wind_get_stock_events
300057.SZ,300057.SZ_20160505_1,2016-05-05,2016-05-04,2016-05-05,0.03,,,,wind:wind_get_stock_events
300057.SZ,300057.SZ_20170627_1,2017-06-27,2017-06-26,2017-06-27,0.04,,,,wind:wind_get_stock_events
300057.SZ,300057.SZ_20180522_1,2018-05-22,2018-05-21,2018-05-22,0.05,,,,wind:wind_get_stock_events
300057.SZ,300057.SZ_20190515_1,2019-05-15,2019-05-14,2019-05-15,0.0952,,0.1904,2019-05-15,wind:wind_get_stock_events
300057.SZ,300057.SZ_20200430_1,2020-04-30,2020-04-29,2020-04-30,0.0499,,,,wind:wind_get_stock_events
300057.SZ,300057.SZ_20210517_1,2021-05-17,2021-05-14,2021-05-17,0.04,,,,wind:wind_get_stock_events
300057.SZ,300057.SZ_20230516_1,2023-05-16,2023-05-15,2023-05-16,0.05,,,,wind:wind_get_stock_events
300057.SZ,300057.SZ_20250516_1,2025-05-16,2025-05-15,2025-05-16,0.01,,,,wind:wind_get_stock_events
300057.SZ,300057.SZ_20260526_1,2026-05-26,2026-05-25,2026-05-26,0.01,,,,wind:wind_get_stock_events
300058.SZ,300058.SZ_20150609_1,2015-06-09,2015-06-08,2015-06-09,0.1498,,0.9983,2015-06-09,wind:wind_get_stock_events
300058.SZ,300058.SZ_20160718_1,2016-07-18,2016-07-15,2016-07-18,0.05,,,,wind:wind_get_stock_events
300058.SZ,300058.SZ_20170626_1,2017-06-26,2017-06-23,2017-06-26,0.0654,,,,wind:wind_get_stock_events
300058.SZ,300058.SZ_20180719_1,2018-07-19,2018-07-18,2018-07-19,0.0206,,,,wind:wind_get_stock_events
300058.SZ,300058.SZ_20190718_1,2019-07-18,2019-07-17,2019-07-18,0.0327,,,,wind:wind_get_stock_events
300058.SZ,300058.SZ_20210618_1,2021-06-18,2021-06-17,2021-06-18,0.0609,,,,wind:wind_get_stock_events
300058.SZ,300058.SZ_20220607_1,2022-06-07,2022-06-06,2022-06-07,0.0426,,,,wind:wind_get_stock_events
300058.SZ,300058.SZ_20240607_1,2024-06-07,2024-06-06,2024-06-07,0.01,,,,wind:wind_get_stock_events
300058.SZ,300058.SZ_20250604_1,2025-06-04,2025-06-03,,,,0.4,2025-06-04,wind:wind_get_stock_events
300058.SZ,300058.SZ_20260626_1,2026-06-26,2026-06-25,2026-06-26,0.01,,,,wind:wind_get_stock_events
300063.SZ,300063.SZ_20150706_1,2015-07-06,2015-07-03,2015-07-06,0.02,,,,wind:wind_get_stock_events
300063.SZ,300063.SZ_20160607_1,2016-06-07,2016-06-06,2016-06-07,0.02,,,,wind:wind_get_stock_events
300063.SZ,300063.SZ_20170623_1,2017-06-23,2017-06-22,2017-06-23,0.05,,1.5,2017-06-23,wind:wind_get_stock_events
300065.SZ,300065.SZ_20150703_1,2015-07-03,2015-07-02,2015-07-03,0.03,,,,wind:wind_get_stock_events
300065.SZ,300065.SZ_20160607_1,2016-06-07,2016-06-06,2016-06-07,0.03,,,,wind:wind_get_stock_events
300065.SZ,300065.SZ_20170621_1,2017-06-21,2017-06-20,2017-06-21,0.08,,0.5,2017-06-21,wind:wind_get_stock_events
300065.SZ,300065.SZ_20180608_1,2018-06-08,2018-06-07,2018-06-08,0.0301,,,,wind:wind_get_stock_events
300065.SZ,300065.SZ_20190613_1,2019-06-13,2019-06-12,2019-06-13,0.03,,,,wind:wind_get_stock_events
300065.SZ,300065.SZ_20200706_1,2020-07-06,2020-07-03,2020-07-06,0.03,,,,wind:wind_get_stock_events
300065.SZ,300065.SZ_20210715_1,2021-07-15,2021-07-14,,,,0.5,2021-07-15,wind:wind_get_stock_events
300067.SZ,300067.SZ_20150515_1,2015-05-15,2015-05-14,2015-05-15,0.05,,0.6,2015-05-15,wind:wind_get_stock_events
300067.SZ,300067.SZ_20170428_1,2017-04-28,2017-04-27,2017-04-28,0.02,,0.2,2017-04-28,wind:wind_get_stock_events
300067.SZ,300067.SZ_20180530_1,2018-05-30,2018-05-29,2018-05-30,0.05,,,,wind:wind_get_stock_events
300067.SZ,300067.SZ_20190514_1,2019-05-14,2019-05-13,2019-05-14,0.1,,0.3,2019-05-14,wind:wind_get_stock_events
300067.SZ,300067.SZ_20200508_1,2020-05-08,2020-05-07,2020-05-08,0.08,,,,wind:wind_get_stock_events
300067.SZ,300067.SZ_20240528_1,2024-05-28,2024-05-27,2024-05-28,0.04,,,,wind:wind_get_stock_events
300067.SZ,300067.SZ_20250620_1,2025-06-20,2025-06-19,2025-06-20,0.01,,,,wind:wind_get_stock_events
300068.SZ,300068.SZ_20170515_1,2017-05-15,2017-05-12,2017-05-15,0.2,,,,wind:wind_get_stock_events
300068.SZ,300068.SZ_20180515_1,2018-05-15,2018-05-14,2018-05-15,0.2,,,,wind:wind_get_stock_events
300068.SZ,300068.SZ_20210715_1,2021-07-15,2021-07-14,2021-07-15,0.036,,,,wind:wind_get_stock_events
300068.SZ,300068.SZ_20240715_1,2024-07-15,2024-07-12,2024-07-15,0.065,,,,wind:wind_get_stock_events
300071.SZ,300071.SZ_20150610_1,2015-06-10,2015-06-09,2015-06-10,0.04,,0.8,2015-06-10,wind:wind_get_stock_events
300071.SZ,300071.SZ_20160616_1,2016-06-16,2016-06-15,2016-06-16,0.04,,,,wind:wind_get_stock_events
300071.SZ,300071.SZ_20170623_1,2017-06-23,2017-06-22,2017-06-23,0.0387,,,,wind:wind_get_stock_events
300071.SZ,300071.SZ_20211230_1,2021-12-30,2021-12-29,,,,0.38,2021-12-30,wind:wind_get_stock_events
300072.SZ,300072.SZ_20150430_1,2015-04-30,2015-04-29,2015-04-30,0.1,,0.3,2015-04-30,wind:wind_get_stock_events
300072.SZ,300072.SZ_20160419_1,2016-04-19,2016-04-18,2016-04-19,0.1954,,0.4884,2016-04-19,wind:wind_get_stock_events
300072.SZ,300072.SZ_20170419_1,2017-04-19,2017-04-18,2017-04-19,0.2,,0.5,2017-04-19,wind:wind_get_stock_events
300072.SZ,300072.SZ_20180713_1,2018-07-13,2018-07-12,2018-07-13,0.1,,0.3,2018-07-13,wind:wind_get_stock_events
300072.SZ,300072.SZ_20190705_1,2019-07-05,2019-07-04,2019-07-05,0.03,,,,wind:wind_get_stock_events
300072.SZ,300072.SZ_20200708_1,2020-07-08,2020-07-07,2020-07-08,0.03,,,,wind:wind_get_stock_events
300072.SZ,300072.SZ_20220711_1,2022-07-11,2022-07-08,2022-07-11,0.005,,,,wind:wind_get_stock_events
300073.SZ,300073.SZ_20170426_1,2017-04-26,2017-04-25,2017-04-26,0.11,,1,2017-04-26,wind:wind_get_stock_events
300073.SZ,300073.SZ_20180529_1,2018-05-29,2018-05-28,2018-05-29,0.109,,,,wind:wind_get_stock_events
300073.SZ,300073.SZ_20190621_1,2019-06-21,2019-06-20,2019-06-21,0.14,,,,wind:wind_get_stock_events
300073.SZ,300073.SZ_20210528_1,2021-05-28,2021-05-27,2021-05-28,0.165,,,,wind:wind_get_stock_events
300073.SZ,300073.SZ_20220526_1,2022-05-26,2022-05-25,2022-05-26,0.424,,,,wind:wind_get_stock_events
300073.SZ,300073.SZ_20230629_1,2023-06-29,2023-06-28,2023-06-29,0.668,,,,wind:wind_get_stock_events
300073.SZ,300073.SZ_20240607_1,2024-06-07,2024-06-06,2024-06-07,0.752,,,,wind:wind_get_stock_events
300073.SZ,300073.SZ_20250520_1,2025-05-20,2025-05-19,2025-05-20,0.2,,,,wind:wind_get_stock_events
300073.SZ,300073.SZ_20260527_1,2026-05-27,2026-05-26,2026-05-27,0.283,,,,wind:wind_get_stock_events
300078.SZ,300078.SZ_20150428_1,2015-04-28,2015-04-27,2015-04-28,0.05,,,,wind:wind_get_stock_events
300078.SZ,300078.SZ_20151019_1,2015-10-19,2015-10-16,,,,1.5,2015-10-19,wind:wind_get_stock_events
300078.SZ,300078.SZ_20160617_1,2016-06-17,2016-06-16,2016-06-17,0.05,,,,wind:wind_get_stock_events
300078.SZ,300078.SZ_20170526_1,2017-05-26,2017-05-25,2017-05-26,0.25,,0.8,2017-05-26,wind:wind_get_stock_events
300078.SZ,300078.SZ_20180627_1,2018-06-27,2018-06-26,2018-06-27,0.018,,,,wind:wind_get_stock_events
300078.SZ,300078.SZ_20190618_1,2019-06-18,2019-06-17,2019-06-18,0.018,,,,wind:wind_get_stock_events
300078.SZ,300078.SZ_20200716_1,2020-07-16,2020-07-15,2020-07-16,0.018,,,,wind:wind_get_stock_events
300078.SZ,300078.SZ_20210714_1,2021-07-14,2021-07-13,2021-07-14,0.013,,,,wind:wind_get_stock_events
300079.SZ,300079.SZ_20150616_1,2015-06-16,2015-06-15,2015-06-16,0.02,,,,wind:wind_get_stock_events
300079.SZ,300079.SZ_20150918_1,2015-09-18,2015-09-17,,,,1,2015-09-18,wind:wind_get_stock_events
300079.SZ,300079.SZ_20160617_1,2016-06-17,2016-06-16,2016-06-17,0.01,,,,wind:wind_get_stock_events
300079.SZ,300079.SZ_20170627_1,2017-06-27,2017-06-26,2017-06-27,0.03,,,,wind:wind_get_stock_events
300079.SZ,300079.SZ_20180627_1,2018-06-27,2018-06-26,2018-06-27,0.0096,,,,wind:wind_get_stock_events
300079.SZ,300079.SZ_20190712_1,2019-07-12,2019-07-11,2019-07-12,0.01,,,,wind:wind_get_stock_events
300079.SZ,300079.SZ_20200710_1,2020-07-10,2020-07-09,2020-07-10,0.01,,,,wind:wind_get_stock_events
300079.SZ,300079.SZ_20220624_1,2022-06-24,2022-06-23,2022-06-24,0.01,,,,wind:wind_get_stock_events
300079.SZ,300079.SZ_20230704_1,2023-07-04,2023-07-03,2023-07-04,0.01,,,,wind:wind_get_stock_events
300079.SZ,300079.SZ_20240705_1,2024-07-05,2024-07-04,2024-07-05,0.01,,,,wind:wind_get_stock_events
300079.SZ,300079.SZ_20250704_1,2025-07-04,2025-07-03,2025-07-04,0.01,,,,wind:wind_get_stock_events
300079.SZ,300079.SZ_20260703_1,2026-07-03,2026-07-02,2026-07-03,0.02,,,,wind:wind_get_stock_events
300080.SZ,300080.SZ_20150615_1,2015-06-15,2015-06-12,2015-06-15,0.01,,,,wind:wind_get_stock_events
300082.SZ,300082.SZ_20150520_1,2015-05-20,2015-05-19,2015-05-20,0.15,,1,2015-05-20,wind:wind_get_stock_events
300082.SZ,300082.SZ_20160601_1,2016-06-01,2016-05-31,2016-06-01,0.05,,,,wind:wind_get_stock_events
300082.SZ,300082.SZ_20170524_1,2017-05-24,2017-05-23,2017-05-24,0.065,,,,wind:wind_get_stock_events
300082.SZ,300082.SZ_20180611_1,2018-06-11,2018-06-08,2018-06-11,0.138,,,,wind:wind_get_stock_events
300082.SZ,300082.SZ_20190603_1,2019-06-03,2019-05-31,2019-06-03,0.335,,,,wind:wind_get_stock_events
300082.SZ,300082.SZ_20200529_1,2020-05-29,2020-05-28,2020-05-29,0.357,,,,wind:wind_get_stock_events
300082.SZ,300082.SZ_20210531_1,2021-05-31,2021-05-28,2021-05-31,0.357,,,,wind:wind_get_stock_events
300082.SZ,300082.SZ_20220531_1,2022-05-31,2022-05-30,2022-05-31,0.342,,,,wind:wind_get_stock_events
300083.SZ,300083.SZ_20150824_1,2015-08-24,2015-08-21,2015-08-24,0.05,,,,wind:wind_get_stock_events
300083.SZ,300083.SZ_20160530_1,2016-05-30,2016-05-27,,,,3,2016-05-30,wind:wind_get_stock_events
300083.SZ,300083.SZ_20170714_1,2017-07-14,2017-07-13,2017-07-14,0.02,,,,wind:wind_get_stock_events
300084.SZ,300084.SZ_20150601_1,2015-06-01,2015-05-29,2015-06-01,0.03,,1.2,2015-06-01,wind:wind_get_stock_events
300084.SZ,300084.SZ_20170711_1,2017-07-11,2017-07-10,2017-07-11,0.01,,,,wind:wind_get_stock_events
300084.SZ,300084.SZ_20180710_1,2018-07-10,2018-07-09,2018-07-10,0.015,,,,wind:wind_get_stock_events
300084.SZ,300084.SZ_20200624_1,2020-06-24,2020-06-23,2020-06-24,0.015,,,,wind:wind_get_stock_events
300086.SZ,300086.SZ_20150930_1,2015-09-30,2015-09-29,2015-09-30,0.1,,0.5,2015-09-30,wind:wind_get_stock_events
300086.SZ,300086.SZ_20190628_1,2019-06-28,2019-06-27,2019-06-28,0.15,,,,wind:wind_get_stock_events
300086.SZ,300086.SZ_20210813_1,2021-08-13,2021-08-12,2021-08-13,0.02,,,,wind:wind_get_stock_events
300088.SZ,300088.SZ_20150708_1,2015-07-08,2015-07-07,2015-07-08,0.1,,,,wind:wind_get_stock_events
300088.SZ,300088.SZ_20150921_1,2015-09-21,2015-09-18,,,,1,2015-09-21,wind:wind_get_stock_events
300088.SZ,300088.SZ_20160706_1,2016-07-06,2016-07-05,2016-07-06,0.1004,,,,wind:wind_get_stock_events
300088.SZ,300088.SZ_20170526_1,2017-05-26,2017-05-25,2017-05-26,0.05,,,,wind:wind_get_stock_events
300088.SZ,300088.SZ_20170928_1,2017-09-28,2017-09-27,,,,1,2017-09-28,wind:wind_get_stock_events
300088.SZ,300088.SZ_20180615_1,2018-06-15,2018-06-14,2018-06-15,0.1,,,,wind:wind_get_stock_events
300088.SZ,300088.SZ_20190527_1,2019-05-27,2019-05-24,2019-05-27,0.13,,,,wind:wind_get_stock_events
300088.SZ,300088.SZ_20200616_1,2020-06-16,2020-06-15,2020-06-16,0.0997,,,,wind:wind_get_stock_events
300088.SZ,300088.SZ_20210617_1,2021-06-17,2021-06-16,2021-06-17,0.1,,,,wind:wind_get_stock_events
300088.SZ,300088.SZ_20220601_1,2022-06-01,2022-05-31,2022-06-01,0.05,,,,wind:wind_get_stock_events
300088.SZ,300088.SZ_20230602_1,2023-06-02,2023-06-01,2023-06-02,0.1,,,,wind:wind_get_stock_events
300088.SZ,300088.SZ_20240607_1,2024-06-07,2024-06-06,2024-06-07,0.07,,,,wind:wind_get_stock_events
300088.SZ,300088.SZ_20250612_1,2025-06-12,2025-06-11,2025-06-12,0.059,,,,wind:wind_get_stock_events
300088.SZ,300088.SZ_20260603_1,2026-06-03,2026-06-02,2026-06-03,0.05,,,,wind:wind_get_stock_events
300091.SZ,300091.SZ_20150619_1,2015-06-19,2015-06-18,2015-06-19,0.01,,,,wind:wind_get_stock_events
300091.SZ,300091.SZ_20160530_1,2016-05-30,2016-05-27,2016-05-30,0.017,,1.5,2016-05-30,wind:wind_get_stock_events
300091.SZ,300091.SZ_20170531_1,2017-05-31,2017-05-26,2017-05-31,0.009,,,,wind:wind_get_stock_events
300091.SZ,300091.SZ_20180529_1,2018-05-29,2018-05-28,2018-05-29,0.023,,,,wind:wind_get_stock_events
300091.SZ,300091.SZ_20181008_1,2018-10-08,2018-09-28,,,,0.9,2018-10-08,wind:wind_get_stock_events
300091.SZ,300091.SZ_20190510_1,2019-05-10,2019-05-09,2019-05-10,0.008,,,,wind:wind_get_stock_events
300091.SZ,300091.SZ_20200715_1,2020-07-15,2020-07-14,2020-07-15,0.01,,,,wind:wind_get_stock_events
300091.SZ,300091.SZ_20210716_1,2021-07-16,2021-07-15,2021-07-16,0.0119,,,,wind:wind_get_stock_events
300091.SZ,300091.SZ_20220616_1,2022-06-16,2022-06-15,2022-06-16,0.004,,,,wind:wind_get_stock_events
300091.SZ,300091.SZ_20260212_1,2026-02-12,2026-02-11,,,,0.908,2026-02-12,wind:wind_get_stock_events
300095.SZ,300095.SZ_20150520_1,2015-05-20,2015-05-19,2015-05-20,0.05,,0.5,2015-05-20,wind:wind_get_stock_events
300095.SZ,300095.SZ_20160401_1,2016-04-01,2016-03-31,2016-04-01,0.05,,,,wind:wind_get_stock_events
300095.SZ,300095.SZ_20170417_1,2017-04-17,2017-04-14,2017-04-17,0.0299,,,,wind:wind_get_stock_events
300095.SZ,300095.SZ_20180521_1,2018-05-21,2018-05-18,2018-05-21,0.03,,,,wind:wind_get_stock_events
300095.SZ,300095.SZ_20200709_1,2020-07-09,2020-07-08,2020-07-09,0.02,,,,wind:wind_get_stock_events
300095.SZ,300095.SZ_20210707_1,2021-07-07,2021-07-06,2021-07-07,0.05,,,,wind:wind_get_stock_events
300095.SZ,300095.SZ_20220531_1,2022-05-31,2022-05-30,2022-05-31,0.1,,,,wind:wind_get_stock_events
300095.SZ,300095.SZ_20230524_1,2023-05-24,2023-05-23,2023-05-24,0.06,,,,wind:wind_get_stock_events
300095.SZ,300095.SZ_20240606_1,2024-06-06,2024-06-05,2024-06-06,0.1,,,,wind:wind_get_stock_events
300095.SZ,300095.SZ_20250605_1,2025-06-05,2025-06-04,2025-06-05,0.1,,,,wind:wind_get_stock_events
300095.SZ,300095.SZ_20260928_1,2026-09-28,2026-09-24,2026-09-28,0.12,,,,wind:wind_get_stock_events
300097.SZ,300097.SZ_20150528_1,2015-05-28,2015-05-27,2015-05-28,0.03,,,,wind:wind_get_stock_events
300097.SZ,300097.SZ_20160624_1,2016-06-24,2016-06-23,2016-06-24,0.0148,,,,wind:wind_get_stock_events
300097.SZ,300097.SZ_20161103_1,2016-11-03,2016-11-02,2016-11-03,0.025,,,,wind:wind_get_stock_events
300097.SZ,300097.SZ_20170517_1,2017-05-17,2017-05-16,2017-05-17,0.05,,0.8,2017-05-17,wind:wind_get_stock_events
300097.SZ,300097.SZ_20180712_1,2018-07-12,2018-07-11,2018-07-12,0.06,,,,wind:wind_get_stock_events
300098.SZ,300098.SZ_20150507_1,2015-05-07,2015-05-06,2015-05-07,0.053,,0.6,2015-05-07,wind:wind_get_stock_events
300098.SZ,300098.SZ_20151023_1,2015-10-23,2015-10-22,2015-10-23,0.023,0.2,1.2,2015-10-23,wind:wind_get_stock_events
300098.SZ,300098.SZ_20160623_1,2016-06-23,2016-06-22,2016-06-23,0.01,,,,wind:wind_get_stock_events
300098.SZ,300098.SZ_20170707_1,2017-07-07,2017-07-06,2017-07-07,0.0291,,,,wind:wind_get_stock_events
300098.SZ,300098.SZ_20180525_1,2018-05-25,2018-05-24,2018-05-25,0.0398,,0.4974,2018-05-25,wind:wind_get_stock_events
300098.SZ,300098.SZ_20190708_1,2019-07-08,2019-07-05,2019-07-08,0.02,,,,wind:wind_get_stock_events
300099.SZ,300099.SZ_20150630_1,2015-06-30,2015-06-29,2015-06-30,0.1,,,,wind:wind_get_stock_events
300099.SZ,300099.SZ_20160525_1,2016-05-25,2016-05-24,2016-05-25,0.1,,1.5,2016-05-25,wind:wind_get_stock_events
300099.SZ,300099.SZ_20170526_1,2017-05-26,2017-05-25,2017-05-26,0.1,,,,wind:wind_get_stock_events
300099.SZ,300099.SZ_20180525_1,2018-05-25,2018-05-24,2018-05-25,0.1,,,,wind:wind_get_stock_events
300099.SZ,300099.SZ_20190531_1,2019-05-31,2019-05-30,2019-05-31,0.1,,,,wind:wind_get_stock_events
300099.SZ,300099.SZ_20200527_1,2020-05-27,2020-05-26,2020-05-27,0.15,,,,wind:wind_get_stock_events
300099.SZ,300099.SZ_20210923_1,2021-09-23,2021-09-22,2021-09-23,0.1,,,,wind:wind_get_stock_events
300099.SZ,300099.SZ_20230529_1,2023-05-29,2023-05-26,2023-05-29,0.135,,,,wind:wind_get_stock_events
300099.SZ,300099.SZ_20230928_1,2023-09-28,2023-09-27,2023-09-28,0.134,,,,wind:wind_get_stock_events
300099.SZ,300099.SZ_20240913_1,2024-09-13,2024-09-12,2024-09-13,0.045,,,,wind:wind_get_stock_events
300099.SZ,300099.SZ_20250529_1,2025-05-29,2025-05-28,2025-05-29,0.177,,,,wind:wind_get_stock_events
300099.SZ,300099.SZ_20250912_1,2025-09-12,2025-09-11,2025-09-12,0.052,,,,wind:wind_get_stock_events
300099.SZ,300099.SZ_20260430_1,2026-04-30,2026-04-29,2026-04-30,0.14,,,,wind:wind_get_stock_events
300103.SZ,300103.SZ_20150508_1,2015-05-08,2015-05-07,2015-05-08,0.05,,,,wind:wind_get_stock_events
300103.SZ,300103.SZ_20160506_1,2016-05-06,2016-05-05,2016-05-06,0.05,,,,wind:wind_get_stock_events
300103.SZ,300103.SZ_20170616_1,2017-06-16,2017-06-15,2017-06-16,0.05,,,,wind:wind_get_stock_events
300103.SZ,300103.SZ_20180502_1,2018-05-02,2018-04-27,,,,0.5,2018-05-02,wind:wind_get_stock_events
300103.SZ,300103.SZ_20210716_1,2021-07-16,2021-07-15,2021-07-16,0.04,,,,wind:wind_get_stock_events
300105.SZ,300105.SZ_20150529_1,2015-05-29,2015-05-28,2015-05-29,0.04,,,,wind:wind_get_stock_events
300105.SZ,300105.SZ_20200618_1,2020-06-18,2020-06-17,2020-06-18,0.2,,,,wind:wind_get_stock_events
300105.SZ,300105.SZ_20210618_1,2021-06-18,2021-06-17,2021-06-18,0.0982,,,,wind:wind_get_stock_events
300105.SZ,300105.SZ_20230524_1,2023-05-24,2023-05-23,2023-05-24,0.2,,,,wind:wind_get_stock_events
300105.SZ,300105.SZ_20240524_1,2024-05-24,2024-05-23,2024-05-24,0.15,,,,wind:wind_get_stock_events
300105.SZ,300105.SZ_20250523_1,2025-05-23,2025-05-22,2025-05-23,0.1,,,,wind:wind_get_stock_events
300105.SZ,300105.SZ_20260525_1,2026-05-25,2026-05-22,2026-05-25,0.15,,,,wind:wind_get_stock_events
300106.SZ,300106.SZ_20150706_1,2015-07-06,2015-07-03,2015-07-06,0.02,,,,wind:wind_get_stock_events
300106.SZ,300106.SZ_20160718_1,2016-07-18,2016-07-15,2016-07-18,0.011,,,,wind:wind_get_stock_events
300106.SZ,300106.SZ_20170717_1,2017-07-17,2017-07-14,2017-07-17,0.01,,,,wind:wind_get_stock_events
300107.SZ,300107.SZ_20150514_1,2015-05-14,2015-05-13,2015-05-14,0.0499,,0.9979,2015-05-14,wind:wind_get_stock_events
300107.SZ,300107.SZ_20160518_1,2016-05-18,2016-05-17,2016-05-18,0.03,,,,wind:wind_get_stock_events
300107.SZ,300107.SZ_20170609_1,2017-06-09,2017-06-08,2017-06-09,0.03,,,,wind:wind_get_stock_events
300107.SZ,300107.SZ_20180523_1,2018-05-23,2018-05-22,2018-05-23,0.15,,,,wind:wind_get_stock_events
300107.SZ,300107.SZ_20190430_1,2019-04-30,2019-04-29,2019-04-30,0.2997,,,,wind:wind_get_stock_events
300107.SZ,300107.SZ_20200515_1,2020-05-15,2020-05-14,2020-05-15,0.6,,,,wind:wind_get_stock_events
300107.SZ,300107.SZ_20210604_1,2021-06-04,2021-06-03,2021-06-04,0.1,,,,wind:wind_get_stock_events
300107.SZ,300107.SZ_20220607_1,2022-06-07,2022-06-06,2022-06-07,0.1,,,,wind:wind_get_stock_events
300107.SZ,300107.SZ_20230530_1,2023-05-30,2023-05-29,2023-05-30,0.06,,,,wind:wind_get_stock_events
300107.SZ,300107.SZ_20240607_1,2024-06-07,2024-06-06,2024-06-07,0.0159,,,,wind:wind_get_stock_events
300107.SZ,300107.SZ_20250529_1,2025-05-29,2025-05-28,2025-05-29,0.016,,,,wind:wind_get_stock_events
300113.SZ,300113.SZ_20150615_1,2015-06-15,2015-06-12,2015-06-15,0.0995,,,,wind:wind_get_stock_events
300113.SZ,300113.SZ_20160525_1,2016-05-25,2016-05-24,2016-05-25,0.2426,,1.2617,2016-05-25,wind:wind_get_stock_events
300113.SZ,300113.SZ_20170609_1,2017-06-09,2017-06-08,2017-06-09,0.1189,,,,wind:wind_get_stock_events
300113.SZ,300113.SZ_20180628_1,2018-06-28,2018-06-27,2018-06-28,0.1999,,,,wind:wind_get_stock_events
300113.SZ,300113.SZ_20200610_1,2020-06-10,2020-06-09,2020-06-10,0.19,,,,wind:wind_get_stock_events
300113.SZ,300113.SZ_20210610_1,2021-06-10,2021-06-09,2021-06-10,0.08,,,,wind:wind_get_stock_events
300113.SZ,300113.SZ_20220617_1,2022-06-17,2022-06-16,2022-06-17,0.0704,,,,wind:wind_get_stock_events
300113.SZ,300113.SZ_20230620_1,2023-06-20,2023-06-19,2023-06-20,0.07,,,,wind:wind_get_stock_events
300113.SZ,300113.SZ_20240620_1,2024-06-20,2024-06-19,2024-06-20,0.0803,,,,wind:wind_get_stock_events
300113.SZ,300113.SZ_20250626_1,2025-06-26,2025-06-25,2025-06-26,0.09,,,,wind:wind_get_stock_events
300113.SZ,300113.SZ_20260617_1,2026-06-17,2026-06-16,2026-06-17,0.12,,,,wind:wind_get_stock_events
300115.SZ,300115.SZ_20150529_1,2015-05-29,2015-05-28,2015-05-29,0.0928,,,,wind:wind_get_stock_events
300115.SZ,300115.SZ_20160524_1,2016-05-24,2016-05-23,2016-05-24,0.3,,0.6,2016-05-24,wind:wind_get_stock_events
300115.SZ,300115.SZ_20170531_1,2017-05-31,2017-05-26,2017-05-31,0.15,,,,wind:wind_get_stock_events
300115.SZ,300115.SZ_20180611_1,2018-06-11,2018-06-08,2018-06-11,0.0999,,,,wind:wind_get_stock_events
300115.SZ,300115.SZ_20190529_1,2019-05-29,2019-05-28,2019-05-29,0.1,,,,wind:wind_get_stock_events
300115.SZ,300115.SZ_20200529_1,2020-05-29,2020-05-28,2020-05-29,0.1,,,,wind:wind_get_stock_events
300115.SZ,300115.SZ_20210604_1,2021-06-04,2021-06-03,2021-06-04,0.1,,0.2,2021-06-04,wind:wind_get_stock_events
300115.SZ,300115.SZ_20250527_1,2025-05-27,2025-05-26,2025-05-27,0.13,,,,wind:wind_get_stock_events
300115.SZ,300115.SZ_20260708_1,2026-07-08,2026-07-07,2026-07-08,0.12,,,,wind:wind_get_stock_events
300118.SZ,300118.SZ_20160512_1,2016-05-12,2016-05-11,2016-05-12,0.07,,,,wind:wind_get_stock_events
300118.SZ,300118.SZ_20170720_1,2017-07-20,2017-07-19,2017-07-20,0.15,,,,wind:wind_get_stock_events
300118.SZ,300118.SZ_20180711_1,2018-07-11,2018-07-10,2018-07-11,0.1,,,,wind:wind_get_stock_events
300118.SZ,300118.SZ_20190716_1,2019-07-16,2019-07-15,2019-07-16,0.0601,,,,wind:wind_get_stock_events
300118.SZ,300118.SZ_20200703_1,2020-07-03,2020-07-02,2020-07-03,0.2,,,,wind:wind_get_stock_events
300118.SZ,300118.SZ_20210708_1,2021-07-08,2021-07-07,2021-07-08,0.2,,,,wind:wind_get_stock_events
300118.SZ,300118.SZ_20230714_1,2023-07-14,2023-07-13,2023-07-14,0.2,,,,wind:wind_get_stock_events
300118.SZ,300118.SZ_20240530_1,2024-05-30,2024-05-29,2024-05-30,0.2009,,,,wind:wind_get_stock_events
300121.SZ,300121.SZ_20150806_1,2015-08-06,2015-08-05,2015-08-06,0.04,,,,wind:wind_get_stock_events
300121.SZ,300121.SZ_20160517_1,2016-05-17,2016-05-16,2016-05-17,0.04,,,,wind:wind_get_stock_events
300121.SZ,300121.SZ_20170428_1,2017-04-28,2017-04-27,2017-04-28,0.1,,,,wind:wind_get_stock_events
300121.SZ,300121.SZ_20180511_1,2018-05-11,2018-05-10,2018-05-11,0.3,,,,wind:wind_get_stock_events
300121.SZ,300121.SZ_20190424_1,2019-04-24,2019-04-23,2019-04-24,0.65,,,,wind:wind_get_stock_events
300121.SZ,300121.SZ_20200402_1,2020-04-02,2020-04-01,2020-04-02,0.3016,,,,wind:wind_get_stock_events
300121.SZ,300121.SZ_20210629_1,2021-06-29,2021-06-28,2021-06-29,0.15,,,,wind:wind_get_stock_events
300121.SZ,300121.SZ_20220429_1,2022-04-29,2022-04-28,2022-04-29,0.1,,,,wind:wind_get_stock_events
300121.SZ,300121.SZ_20230531_1,2023-05-31,2023-05-30,2023-05-31,0.2,,,,wind:wind_get_stock_events
300121.SZ,300121.SZ_20240429_1,2024-04-29,2024-04-26,2024-04-29,0.25,,,,wind:wind_get_stock_events
300121.SZ,300121.SZ_20241122_1,2024-11-22,2024-11-21,2024-11-22,0.05,,,,wind:wind_get_stock_events
300121.SZ,300121.SZ_20250110_1,2025-01-10,2025-01-09,2025-01-10,0.07,,,,wind:wind_get_stock_events
300121.SZ,300121.SZ_20250612_1,2025-06-12,2025-06-11,2025-06-12,0.07,,,,wind:wind_get_stock_events
300121.SZ,300121.SZ_20250911_1,2025-09-11,2025-09-10,2025-09-11,0.07,,,,wind:wind_get_stock_events
300121.SZ,300121.SZ_20260518_1,2026-05-18,2026-05-15,2026-05-18,0.08,,,,wind:wind_get_stock_events
300123.SZ,300123.SZ_20160608_1,2016-06-08,2016-06-07,2016-06-08,0.02,,,,wind:wind_get_stock_events
300123.SZ,300123.SZ_20180723_1,2018-07-23,2018-07-20,2018-07-23,0.02,,,,wind:wind_get_stock_events
300123.SZ,300123.SZ_20190610_1,2019-06-10,2019-06-06,2019-06-10,0.035,,0.8,2019-06-10,wind:wind_get_stock_events
300123.SZ,300123.SZ_20200717_1,2020-07-17,2020-07-16,2020-07-17,0.03,,,,wind:wind_get_stock_events
300124.SZ,300124.SZ_20150422_1,2015-04-22,2015-04-21,2015-04-22,0.5,,,,wind:wind_get_stock_events
300124.SZ,300124.SZ_20160518_1,2016-05-18,2016-05-17,2016-05-18,0.4999,,0.9999,2016-05-18,wind:wind_get_stock_events
300124.SZ,300124.SZ_20170526_1,2017-05-26,2017-05-25,2017-05-26,0.275,,,,wind:wind_get_stock_events
300124.SZ,300124.SZ_20180601_1,2018-06-01,2018-05-31,2018-06-01,0.3,,,,wind:wind_get_stock_events
300124.SZ,300124.SZ_20190705_1,2019-07-05,2019-07-04,2019-07-05,0.2,,,,wind:wind_get_stock_events
300124.SZ,300124.SZ_20200715_1,2020-07-15,2020-07-14,2020-07-15,0.18,,,,wind:wind_get_stock_events
300124.SZ,300124.SZ_20210604_1,2021-06-04,2021-06-03,2021-06-04,0.36,,0.5,2021-06-04,wind:wind_get_stock_events
300124.SZ,300124.SZ_20220629_1,2022-06-29,2022-06-28,2022-06-29,0.3,,,,wind:wind_get_stock_events
300124.SZ,300124.SZ_20230612_1,2023-06-12,2023-06-09,2023-06-12,0.36,,,,wind:wind_get_stock_events
300124.SZ,300124.SZ_20240530_1,2024-05-30,2024-05-29,2024-05-30,0.45,,,,wind:wind_get_stock_events
300124.SZ,300124.SZ_20250606_1,2025-06-06,2025-06-05,2025-06-06,0.41,,,,wind:wind_get_stock_events
300124.SZ,300124.SZ_20260604_1,2026-06-04,2026-06-03,2026-06-04,0.5,,,,wind:wind_get_stock_events
300128.SZ,300128.SZ_20150729_1,2015-07-29,2015-07-28,2015-07-29,0.0163,,,,wind:wind_get_stock_events
300128.SZ,300128.SZ_20160707_1,2016-07-07,2016-07-06,2016-07-07,0.0104,,,,wind:wind_get_stock_events
300128.SZ,300128.SZ_20170526_1,2017-05-26,2017-05-25,2017-05-26,0.0105,,0.8373,2017-05-26,wind:wind_get_stock_events
300128.SZ,300128.SZ_20180620_1,2018-06-20,2018-06-19,2018-06-20,0.01,,0.3,2018-06-20,wind:wind_get_stock_events
300129.SZ,300129.SZ_20150521_1,2015-05-21,2015-05-20,2015-05-21,0.1,,1,2015-05-21,wind:wind_get_stock_events
300129.SZ,300129.SZ_20160616_1,2016-06-16,2016-06-15,2016-06-16,0.05,,,,wind:wind_get_stock_events
300129.SZ,300129.SZ_20170607_1,2017-06-07,2017-06-06,2017-06-07,0.065,,,,wind:wind_get_stock_events
300129.SZ,300129.SZ_20180622_1,2018-06-22,2018-06-21,2018-06-22,0.08,,,,wind:wind_get_stock_events
300129.SZ,300129.SZ_20190522_1,2019-05-22,2019-05-21,2019-05-22,0.08,,,,wind:wind_get_stock_events
300129.SZ,300129.SZ_20200513_1,2020-05-13,2020-05-12,2020-05-13,0.1,,,,wind:wind_get_stock_events
300129.SZ,300129.SZ_20210630_1,2021-06-30,2021-06-29,2021-06-30,0.1,,,,wind:wind_get_stock_events
300129.SZ,300129.SZ_20220812_1,2022-08-12,2022-08-11,2022-08-12,0.06,,,,wind:wind_get_stock_events
300129.SZ,300129.SZ_20230706_1,2023-07-06,2023-07-05,2023-07-06,0.05,,,,wind:wind_get_stock_events
300129.SZ,300129.SZ_20240717_1,2024-07-17,2024-07-16,2024-07-17,0.05,,,,wind:wind_get_stock_events
300129.SZ,300129.SZ_20250820_1,2025-08-20,2025-08-19,2025-08-20,0.06,,,,wind:wind_get_stock_events
300129.SZ,300129.SZ_20260731_1,2026-07-31,2026-07-30,2026-07-31,0.06,,,,wind:wind_get_stock_events
300132.SZ,300132.SZ_20150707_1,2015-07-07,2015-07-06,2015-07-07,0.03,,,,wind:wind_get_stock_events
300132.SZ,300132.SZ_20180531_1,2018-05-31,2018-05-30,2018-05-31,0.05,,,,wind:wind_get_stock_events
300132.SZ,300132.SZ_20190329_1,2019-03-29,2019-03-28,2019-03-29,0.1,,,,wind:wind_get_stock_events
300132.SZ,300132.SZ_20200715_1,2020-07-15,2020-07-14,2020-07-15,0.135,,,,wind:wind_get_stock_events
300132.SZ,300132.SZ_20210611_1,2021-06-11,2021-06-10,2021-06-11,0.18,,,,wind:wind_get_stock_events
300133.SZ,300133.SZ_20150504_1,2015-05-04,2015-04-30,2015-05-04,0.06,,0.5,2015-05-04,wind:wind_get_stock_events
300133.SZ,300133.SZ_20160520_1,2016-05-20,2016-05-19,2016-05-20,0.044,,0.6,2016-05-20,wind:wind_get_stock_events
300133.SZ,300133.SZ_20170706_1,2017-07-06,2017-07-05,2017-07-06,0.03,,,,wind:wind_get_stock_events
300133.SZ,300133.SZ_20180524_1,2018-05-24,2018-05-23,2018-05-24,0.037,,,,wind:wind_get_stock_events
300133.SZ,300133.SZ_20190709_1,2019-07-09,2019-07-08,2019-07-09,0.015,,,,wind:wind_get_stock_events
300133.SZ,300133.SZ_20200529_1,2020-05-29,2020-05-28,2020-05-29,0.015,,,,wind:wind_get_stock_events
300133.SZ,300133.SZ_20210528_1,2021-05-28,2021-05-27,2021-05-28,0.021,,,,wind:wind_get_stock_events
300133.SZ,300133.SZ_20220601_1,2022-06-01,2022-05-31,2022-06-01,0.022,,,,wind:wind_get_stock_events
300133.SZ,300133.SZ_20230530_1,2023-05-30,2023-05-29,2023-05-30,0.022,,,,wind:wind_get_stock_events
300133.SZ,300133.SZ_20240529_1,2024-05-29,2024-05-28,2024-05-29,0.041,,,,wind:wind_get_stock_events
300133.SZ,300133.SZ_20250306_1,2025-03-06,2025-03-05,2025-03-06,0.02,,,,wind:wind_get_stock_events
300133.SZ,300133.SZ_20250529_1,2025-05-29,2025-05-28,2025-05-29,0.013,,,,wind:wind_get_stock_events
300133.SZ,300133.SZ_20260529_1,2026-05-29,2026-05-28,2026-05-29,0.011,,,,wind:wind_get_stock_events
300133.SZ,300133.SZ_20260922_1,2026-09-22,2026-09-21,2026-09-22,0.01,,,,wind:wind_get_stock_events
300134.SZ,300134.SZ_20150408_1,2015-04-08,2015-04-07,2015-04-08,0.4,,0.7,2015-04-08,wind:wind_get_stock_events
300134.SZ,300134.SZ_20160506_1,2016-05-06,2016-05-05,2016-05-06,0.2,,,,wind:wind_get_stock_events
300134.SZ,300134.SZ_20161128_1,2016-11-28,2016-11-25,2016-11-28,0.17,,,,wind:wind_get_stock_events
300138.SZ,300138.SZ_20150514_1,2015-05-14,2015-05-13,2015-05-14,0.015,,,,wind:wind_get_stock_events
300138.SZ,300138.SZ_20160509_1,2016-05-09,2016-05-06,2016-05-09,0.05,,0.2,2016-05-09,wind:wind_get_stock_events
300138.SZ,300138.SZ_20170616_1,2017-06-16,2017-06-15,2017-06-16,0.08,,0.4,2017-06-16,wind:wind_get_stock_events
300138.SZ,300138.SZ_20180627_1,2018-06-27,2018-06-26,2018-06-27,0.08,,0.4,2018-06-27,wind:wind_get_stock_events
300138.SZ,300138.SZ_20190523_1,2019-05-23,2019-05-22,2019-05-23,0.08,,,,wind:wind_get_stock_events
300138.SZ,300138.SZ_20200521_1,2020-05-21,2020-05-20,2020-05-21,0.05,,,,wind:wind_get_stock_events
300138.SZ,300138.SZ_20210422_1,2021-04-22,2021-04-21,2021-04-22,0.1,,,,wind:wind_get_stock_events
300138.SZ,300138.SZ_20220601_1,2022-06-01,2022-05-31,2022-06-01,0.13,,,,wind:wind_get_stock_events
300138.SZ,300138.SZ_20230517_1,2023-05-17,2023-05-16,2023-05-17,0.16,,,,wind:wind_get_stock_events
300138.SZ,300138.SZ_20240613_1,2024-06-13,2024-06-12,2024-06-13,0.13,,,,wind:wind_get_stock_events
300138.SZ,300138.SZ_20250516_1,2025-05-16,2025-05-15,2025-05-16,0.13,,,,wind:wind_get_stock_events
300138.SZ,300138.SZ_20260521_1,2026-05-21,2026-05-20,2026-05-21,0.3,,,,wind:wind_get_stock_events
300139.SZ,300139.SZ_20150410_1,2015-04-10,2015-04-09,2015-04-10,0.1,,1.5,2015-04-10,wind:wind_get_stock_events
300139.SZ,300139.SZ_20160519_1,2016-05-19,2016-05-18,2016-05-19,0.013,,,,wind:wind_get_stock_events
300139.SZ,300139.SZ_20170707_1,2017-07-07,2017-07-06,2017-07-07,0.011,,,,wind:wind_get_stock_events
300139.SZ,300139.SZ_20260710_1,2026-07-10,2026-07-09,2026-07-10,0.1,,,,wind:wind_get_stock_events
300140.SZ,300140.SZ_20150512_1,2015-05-12,2015-05-11,2015-05-12,0.1,,1,2015-05-12,wind:wind_get_stock_events
300140.SZ,300140.SZ_20160503_1,2016-05-03,2016-04-29,2016-05-03,0.05,,,,wind:wind_get_stock_events
300140.SZ,300140.SZ_20180626_1,2018-06-26,2018-06-25,2018-06-26,0.05,,,,wind:wind_get_stock_events
300140.SZ,300140.SZ_20241112_1,2024-11-12,2024-11-11,2024-11-12,0.06,,,,wind:wind_get_stock_events
300140.SZ,300140.SZ_20250710_1,2025-07-10,2025-07-09,2025-07-10,0.06,,,,wind:wind_get_stock_events
300140.SZ,300140.SZ_20251028_1,2025-10-28,2025-10-27,2025-10-28,0.06,,,,wind:wind_get_stock_events
300140.SZ,300140.SZ_20260604_1,2026-06-04,2026-06-03,2026-06-04,0.06,,,,wind:wind_get_stock_events
300140.SZ,300140.SZ_20260924_1,2026-09-24,2026-09-23,2026-09-24,0.06,,,,wind:wind_get_stock_events
300141.SZ,300141.SZ_20150507_1,2015-05-07,2015-05-06,2015-05-07,0.1,,,,wind:wind_get_stock_events
300141.SZ,300141.SZ_20160705_1,2016-07-05,2016-07-04,2016-07-05,0.1,,,,wind:wind_get_stock_events
300141.SZ,300141.SZ_20170525_1,2017-05-25,2017-05-24,2017-05-25,0.05,,0.5,2017-05-25,wind:wind_get_stock_events
300141.SZ,300141.SZ_20180620_1,2018-06-20,2018-06-19,2018-06-20,0.015,,,,wind:wind_get_stock_events
300141.SZ,300141.SZ_20190711_1,2019-07-11,2019-07-10,2019-07-11,0.015,,,,wind:wind_get_stock_events
300141.SZ,300141.SZ_20200714_1,2020-07-14,2020-07-13,2020-07-14,0.0151,,,,wind:wind_get_stock_events
300141.SZ,300141.SZ_20220614_1,2022-06-14,2022-06-13,2022-06-14,0.015,,,,wind:wind_get_stock_events
300141.SZ,300141.SZ_20240617_1,2024-06-17,2024-06-14,2024-06-17,0.012,,,,wind:wind_get_stock_events
300142.SZ,300142.SZ_20150423_1,2015-04-23,2015-04-22,2015-04-23,0.05,,1,2015-04-23,wind:wind_get_stock_events
300142.SZ,300142.SZ_20151014_1,2015-10-14,2015-10-13,,,,2,2015-10-14,wind:wind_get_stock_events
300142.SZ,300142.SZ_20190723_1,2019-07-23,2019-07-22,2019-07-23,0.03,,,,wind:wind_get_stock_events
300142.SZ,300142.SZ_20200930_1,2020-09-30,2020-09-29,2020-09-30,0.02,,,,wind:wind_get_stock_events
300142.SZ,300142.SZ_20210519_1,2021-05-19,2021-05-18,2021-05-19,0.05,,,,wind:wind_get_stock_events
300142.SZ,300142.SZ_20220426_1,2022-04-26,2022-04-25,2022-04-26,0.027,,,,wind:wind_get_stock_events
300142.SZ,300142.SZ_20230511_1,2023-05-11,2023-05-10,2023-05-11,0.01,,,,wind:wind_get_stock_events
300142.SZ,300142.SZ_20240530_1,2024-05-30,2024-05-29,2024-05-30,0.01,,,,wind:wind_get_stock_events
300142.SZ,300142.SZ_20250528_1,2025-05-28,2025-05-27,2025-05-28,0.01,,,,wind:wind_get_stock_events
300142.SZ,300142.SZ_20260109_1,2026-01-09,2026-01-08,2026-01-09,0.03,,,,wind:wind_get_stock_events
300142.SZ,300142.SZ_20260624_1,2026-06-24,2026-06-23,2026-06-24,0.125,,,,wind:wind_get_stock_events
300143.SZ,300143.SZ_20180425_1,2018-04-25,2018-04-24,,,,0.9,2018-04-25,wind:wind_get_stock_events
300143.SZ,300143.SZ_20260603_1,2026-06-03,2026-06-02,2026-06-03,0.025,,0.3,2026-06-03,wind:wind_get_stock_events
300145.SZ,300145.SZ_20150519_1,2015-05-19,2015-05-18,2015-05-19,0.1,,,,wind:wind_get_stock_events
300145.SZ,300145.SZ_20160503_1,2016-05-03,2016-04-29,2016-05-03,0.1,,1,2016-05-03,wind:wind_get_stock_events
300145.SZ,300145.SZ_20170524_1,2017-05-24,2017-05-23,2017-05-24,0.08,,0.8,2017-05-24,wind:wind_get_stock_events
300145.SZ,300145.SZ_20180710_1,2018-07-10,2018-07-09,2018-07-10,0.05,,0.6,2018-07-10,wind:wind_get_stock_events
300145.SZ,300145.SZ_20200713_1,2020-07-13,2020-07-10,2020-07-13,0.025,,,,wind:wind_get_stock_events
300145.SZ,300145.SZ_20260615_1,2026-06-15,2026-06-12,2026-06-15,0.05,,,,wind:wind_get_stock_events
300150.SZ,300150.SZ_20150514_1,2015-05-14,2015-05-13,2015-05-14,0.2,,1,2015-05-14,wind:wind_get_stock_events
300150.SZ,300150.SZ_20160427_1,2016-04-27,2016-04-26,2016-04-27,0.1,,,,wind:wind_get_stock_events
300150.SZ,300150.SZ_20170516_1,2017-05-16,2017-05-15,2017-05-16,0.06,,,,wind:wind_get_stock_events
300150.SZ,300150.SZ_20180504_1,2018-05-04,2018-05-03,2018-05-04,0.1,,,,wind:wind_get_stock_events
300150.SZ,300150.SZ_20190520_1,2019-05-20,2019-05-17,2019-05-20,0.1,,,,wind:wind_get_stock_events
300150.SZ,300150.SZ_20200527_1,2020-05-27,2020-05-26,2020-05-27,0.1,,,,wind:wind_get_stock_events
300150.SZ,300150.SZ_20220525_1,2022-05-25,2022-05-24,2022-05-25,0.03,,,,wind:wind_get_stock_events
300151.SZ,300151.SZ_20150528_1,2015-05-28,2015-05-27,2015-05-28,0.05,,1.5,2015-05-28,wind:wind_get_stock_events
300151.SZ,300151.SZ_20160608_1,2016-06-08,2016-06-07,2016-06-08,0.03,,,,wind:wind_get_stock_events
300151.SZ,300151.SZ_20170606_1,2017-06-06,2017-06-05,2017-06-06,0.03,,,,wind:wind_get_stock_events
300151.SZ,300151.SZ_20180601_1,2018-06-01,2018-05-31,2018-06-01,0.03,,,,wind:wind_get_stock_events
300151.SZ,300151.SZ_20190612_1,2019-06-12,2019-06-11,2019-06-12,0.06,,,,wind:wind_get_stock_events
300151.SZ,300151.SZ_20210602_1,2021-06-02,2021-06-01,2021-06-02,0.2,,,,wind:wind_get_stock_events
300151.SZ,300151.SZ_20220517_1,2022-05-17,2022-05-16,2022-05-17,0.18,,,,wind:wind_get_stock_events
300151.SZ,300151.SZ_20230526_1,2023-05-26,2023-05-25,2023-05-26,0.2,,,,wind:wind_get_stock_events
300151.SZ,300151.SZ_20240529_1,2024-05-29,2024-05-28,2024-05-29,0.05,,,,wind:wind_get_stock_events
300151.SZ,300151.SZ_20240823_1,2024-08-23,2024-08-22,2024-08-23,0.06,,,,wind:wind_get_stock_events
300151.SZ,300151.SZ_20250529_1,2025-05-29,2025-05-28,2025-05-29,0.075,,,,wind:wind_get_stock_events
300151.SZ,300151.SZ_20260515_1,2026-05-15,2026-05-14,2026-05-15,0.08,,,,wind:wind_get_stock_events
300155.SZ,300155.SZ_20150703_1,2015-07-03,2015-07-02,2015-07-03,0.0503,,0.5025,2015-07-03,wind:wind_get_stock_events
300155.SZ,300155.SZ_20160526_1,2016-05-26,2016-05-25,2016-05-26,0.02,,,,wind:wind_get_stock_events
300155.SZ,300155.SZ_20170629_1,2017-06-29,2017-06-28,2017-06-29,0.01,,,,wind:wind_get_stock_events
300155.SZ,300155.SZ_20180706_1,2018-07-06,2018-07-05,2018-07-06,0.01,,,,wind:wind_get_stock_events
300155.SZ,300155.SZ_20190626_1,2019-06-26,2019-06-25,2019-06-26,0.015,,,,wind:wind_get_stock_events
300155.SZ,300155.SZ_20200611_1,2020-06-11,2020-06-10,2020-06-11,0.038,,,,wind:wind_get_stock_events
300155.SZ,300155.SZ_20210601_1,2021-06-01,2021-05-31,2021-06-01,0.037,,,,wind:wind_get_stock_events
300155.SZ,300155.SZ_20220602_1,2022-06-02,2022-06-01,2022-06-02,0.036,,,,wind:wind_get_stock_events
300157.SZ,300157.SZ_20160929_1,2016-09-29,2016-09-28,2016-09-29,0.1,,,,wind:wind_get_stock_events
300161.SZ,300161.SZ_20150604_1,2015-06-04,2015-06-03,2015-06-04,0.02,,,,wind:wind_get_stock_events
300161.SZ,300161.SZ_20170711_1,2017-07-11,2017-07-10,2017-07-11,0.02,,,,wind:wind_get_stock_events
300161.SZ,300161.SZ_20180717_1,2018-07-17,2018-07-16,2018-07-17,0.02,,,,wind:wind_get_stock_events
300161.SZ,300161.SZ_20190626_1,2019-06-26,2019-06-25,2019-06-26,0.02,,,,wind:wind_get_stock_events
300161.SZ,300161.SZ_20200520_1,2020-05-20,2020-05-19,2020-05-20,0.02,,,,wind:wind_get_stock_events
300161.SZ,300161.SZ_20220615_1,2022-06-15,2022-06-14,2022-06-15,0.02,,,,wind:wind_get_stock_events
300161.SZ,300161.SZ_20230704_1,2023-07-04,2023-07-03,2023-07-04,0.02,,,,wind:wind_get_stock_events
300161.SZ,300161.SZ_20240607_1,2024-06-07,2024-06-06,2024-06-07,0.02,,,,wind:wind_get_stock_events
300161.SZ,300161.SZ_20250714_1,2025-07-14,2025-07-11,2025-07-14,0.01,,,,wind:wind_get_stock_events
300161.SZ,300161.SZ_20260710_1,2026-07-10,2026-07-09,2026-07-10,0.02,,,,wind:wind_get_stock_events
300162.SZ,300162.SZ_20150528_1,2015-05-28,2015-05-27,2015-05-28,0.1,,1.5,2015-05-28,wind:wind_get_stock_events
300162.SZ,300162.SZ_20170609_1,2017-06-09,2017-06-08,2017-06-09,0.1,,,,wind:wind_get_stock_events
300162.SZ,300162.SZ_20180522_1,2018-05-22,2018-05-21,2018-05-22,0.1,,,,wind:wind_get_stock_events
300162.SZ,300162.SZ_20200602_1,2020-06-02,2020-06-01,2020-06-02,0.005,,,,wind:wind_get_stock_events
300163.SZ,300163.SZ_20150703_1,2015-07-03,2015-07-02,2015-07-03,0.1,,,,wind:wind_get_stock_events
300163.SZ,300163.SZ_20150925_1,2015-09-25,2015-09-24,,,,2,2015-09-25,wind:wind_get_stock_events
300163.SZ,300163.SZ_20160517_1,2016-05-17,2016-05-16,2016-05-17,0.025,,,,wind:wind_get_stock_events
300163.SZ,300163.SZ_20170612_1,2017-06-12,2017-06-09,2017-06-12,0.05,,,,wind:wind_get_stock_events
300164.SZ,300164.SZ_20150612_1,2015-06-12,2015-06-11,2015-06-12,0.01,,,,wind:wind_get_stock_events
300164.SZ,300164.SZ_20170519_1,2017-05-19,2017-05-18,2017-05-19,0.01,,,,wind:wind_get_stock_events
300164.SZ,300164.SZ_20180508_1,2018-05-08,2018-05-07,2018-05-08,0.02,,,,wind:wind_get_stock_events
300164.SZ,300164.SZ_20190823_1,2019-08-23,2019-08-22,2019-08-23,0.1,,,,wind:wind_get_stock_events
300164.SZ,300164.SZ_20200619_1,2020-06-19,2020-06-18,2020-06-19,0.08,,,,wind:wind_get_stock_events
300166.SZ,300166.SZ_20150424_1,2015-04-24,2015-04-23,2015-04-24,0.0983,,0.9831,2015-04-24,wind:wind_get_stock_events
300166.SZ,300166.SZ_20170613_1,2017-06-13,2017-06-12,2017-06-13,0.05,,0.6,2017-06-13,wind:wind_get_stock_events
300166.SZ,300166.SZ_20190705_1,2019-07-05,2019-07-04,2019-07-05,0.01,,,,wind:wind_get_stock_events
300166.SZ,300166.SZ_20200609_1,2020-06-09,2020-06-08,2020-06-09,0.048,,,,wind:wind_get_stock_events
300170.SZ,300170.SZ_20150525_1,2015-05-25,2015-05-22,,,,0.5,2015-05-25,wind:wind_get_stock_events
300170.SZ,300170.SZ_20160601_1,2016-06-01,2016-05-31,2016-06-01,0.03,,,,wind:wind_get_stock_events
300170.SZ,300170.SZ_20170619_1,2017-06-19,2017-06-16,2017-06-19,0.05,,,,wind:wind_get_stock_events
300170.SZ,300170.SZ_20180608_1,2018-06-08,2018-06-07,2018-06-08,0.03,,,,wind:wind_get_stock_events
300170.SZ,300170.SZ_20190619_1,2019-06-19,2019-06-18,2019-06-19,0.03,,,,wind:wind_get_stock_events
300170.SZ,300170.SZ_20210527_1,2021-05-27,2021-05-26,2021-05-27,0.03,,,,wind:wind_get_stock_events
300170.SZ,300170.SZ_20230529_1,2023-05-29,2023-05-26,2023-05-29,0.06,,,,wind:wind_get_stock_events
300170.SZ,300170.SZ_20240531_1,2024-05-31,2024-05-30,2024-05-31,0.01,,,,wind:wind_get_stock_events
300170.SZ,300170.SZ_20240918_1,2024-09-18,2024-09-13,2024-09-18,0.01,,,,wind:wind_get_stock_events
300170.SZ,300170.SZ_20250523_1,2025-05-23,2025-05-22,2025-05-23,0.048,,,,wind:wind_get_stock_events
300170.SZ,300170.SZ_20260515_1,2026-05-15,2026-05-14,2026-05-15,0.015,,,,wind:wind_get_stock_events
300171.SZ,300171.SZ_20150619_1,2015-06-19,2015-06-18,2015-06-19,0.5,,1,2015-06-19,wind:wind_get_stock_events
300171.SZ,300171.SZ_20160629_1,2016-06-29,2016-06-28,2016-06-29,0.3,,,,wind:wind_get_stock_events
300171.SZ,300171.SZ_20170711_1,2017-07-11,2017-07-10,2017-07-11,0.1,,,,wind:wind_get_stock_events
300171.SZ,300171.SZ_20180716_1,2018-07-16,2018-07-13,2018-07-16,0.06,,,,wind:wind_get_stock_events
300171.SZ,300171.SZ_20190613_1,2019-06-13,2019-06-12,2019-06-13,0.04,,,,wind:wind_get_stock_events
300171.SZ,300171.SZ_20200604_1,2020-06-04,2020-06-03,2020-06-04,0.07,,,,wind:wind_get_stock_events
300171.SZ,300171.SZ_20210616_1,2021-06-16,2021-06-15,2021-06-16,0.22,,,,wind:wind_get_stock_events
300171.SZ,300171.SZ_20220610_1,2022-06-10,2022-06-09,2022-06-10,0.3857,,,,wind:wind_get_stock_events
300171.SZ,300171.SZ_20230629_1,2023-06-29,2023-06-28,2023-06-29,0.3278,,,,wind:wind_get_stock_events
300171.SZ,300171.SZ_20240712_1,2024-07-12,2024-07-11,2024-07-12,0.2392,,,,wind:wind_get_stock_events
300171.SZ,300171.SZ_20250530_1,2025-05-30,2025-05-29,2025-05-30,0.076,,,,wind:wind_get_stock_events
300171.SZ,300171.SZ_20250925_1,2025-09-25,2025-09-24,2025-09-25,0.03,,,,wind:wind_get_stock_events
300171.SZ,300171.SZ_20260601_1,2026-06-01,2026-05-29,2026-06-01,0.08,,,,wind:wind_get_stock_events
300171.SZ,300171.SZ_20260910_1,2026-09-10,2026-09-09,2026-09-10,0.066,,,,wind:wind_get_stock_events
300172.SZ,300172.SZ_20150415_1,2015-04-15,2015-04-14,2015-04-15,0.1,,1,2015-04-15,wind:wind_get_stock_events
300172.SZ,300172.SZ_20160511_1,2016-05-11,2016-05-10,2016-05-11,0.05,,0.5,2016-05-11,wind:wind_get_stock_events
300172.SZ,300172.SZ_20170516_1,2017-05-16,2017-05-15,2017-05-16,0.05,,,,wind:wind_get_stock_events
300172.SZ,300172.SZ_20180504_1,2018-05-04,2018-05-03,2018-05-04,0.05,,,,wind:wind_get_stock_events
300172.SZ,300172.SZ_20190628_1,2019-06-28,2019-06-27,2019-06-28,0.05,,,,wind:wind_get_stock_events
300172.SZ,300172.SZ_20200619_1,2020-06-19,2020-06-18,2020-06-19,0.05,,,,wind:wind_get_stock_events
300172.SZ,300172.SZ_20210527_1,2021-05-27,2021-05-26,2021-05-27,0.05,,0.3,2021-05-27,wind:wind_get_stock_events
300172.SZ,300172.SZ_20220530_1,2022-05-30,2022-05-27,2022-05-30,0.05,,,,wind:wind_get_stock_events
300172.SZ,300172.SZ_20230428_1,2023-04-28,2023-04-27,2023-04-28,0.05,,,,wind:wind_get_stock_events
300172.SZ,300172.SZ_20240510_1,2024-05-10,2024-05-09,2024-05-10,0.03,,,,wind:wind_get_stock_events
300172.SZ,300172.SZ_20250509_1,2025-05-09,2025-05-08,2025-05-09,0.05,,,,wind:wind_get_stock_events
300172.SZ,300172.SZ_20260515_1,2026-05-15,2026-05-14,2026-05-15,0.1,,,,wind:wind_get_stock_events
300174.SZ,300174.SZ_20150618_1,2015-06-18,2015-06-17,2015-06-18,0.05,,,,wind:wind_get_stock_events
300174.SZ,300174.SZ_20160525_1,2016-05-25,2016-05-24,2016-05-25,0.1,,,,wind:wind_get_stock_events
300174.SZ,300174.SZ_20170516_1,2017-05-16,2017-05-15,2017-05-16,0.2,,0.8,2017-05-16,wind:wind_get_stock_events
300174.SZ,300174.SZ_20180607_1,2018-06-07,2018-06-06,2018-06-07,0.05,,,,wind:wind_get_stock_events
300174.SZ,300174.SZ_20190705_1,2019-07-05,2019-07-04,2019-07-05,0.05,,,,wind:wind_get_stock_events
300174.SZ,300174.SZ_20200402_1,2020-04-02,2020-04-01,2020-04-02,0.05,,,,wind:wind_get_stock_events
300174.SZ,300174.SZ_20210616_1,2021-06-16,2021-06-15,2021-06-16,0.1,,,,wind:wind_get_stock_events
300174.SZ,300174.SZ_20220707_1,2022-07-07,2022-07-06,2022-07-07,0.1006,,,,wind:wind_get_stock_events
300174.SZ,300174.SZ_20230710_1,2023-07-10,2023-07-07,2023-07-10,0.05,,,,wind:wind_get_stock_events
300174.SZ,300174.SZ_20240628_1,2024-06-28,2024-06-27,2024-06-28,0.1,,,,wind:wind_get_stock_events
300174.SZ,300174.SZ_20250122_1,2025-01-22,2025-01-21,2025-01-22,0.1,,,,wind:wind_get_stock_events
300174.SZ,300174.SZ_20250711_1,2025-07-11,2025-07-10,2025-07-11,0.13,,,,wind:wind_get_stock_events
300174.SZ,300174.SZ_20260126_1,2026-01-26,2026-01-23,2026-01-26,0.1,,,,wind:wind_get_stock_events
300174.SZ,300174.SZ_20260709_1,2026-07-09,2026-07-08,2026-07-09,0.1,,,,wind:wind_get_stock_events
300182.SZ,300182.SZ_20150608_1,2015-06-08,2015-06-05,2015-06-08,0.1599,,,,wind:wind_get_stock_events
300182.SZ,300182.SZ_20151009_1,2015-10-09,2015-10-08,,,,1.5,2015-10-09,wind:wind_get_stock_events
300182.SZ,300182.SZ_20160715_1,2016-07-15,2016-07-14,2016-07-15,0.0899,,0.4997,2016-07-15,wind:wind_get_stock_events
300182.SZ,300182.SZ_20170710_1,2017-07-10,2017-07-07,2017-07-10,0.0371,,,,wind:wind_get_stock_events
300182.SZ,300182.SZ_20180727_1,2018-07-27,2018-07-26,2018-07-27,0.042,,,,wind:wind_get_stock_events
300182.SZ,300182.SZ_20250715_1,2025-07-15,2025-07-14,2025-07-15,0.005,,,,wind:wind_get_stock_events
300182.SZ,300182.SZ_20260729_1,2026-07-29,2026-07-28,2026-07-29,0.007,,,,wind:wind_get_stock_events
300184.SZ,300184.SZ_20150422_1,2015-04-22,2015-04-21,,,,1,2015-04-22,wind:wind_get_stock_events
300184.SZ,300184.SZ_20180525_1,2018-05-25,2018-05-24,2018-05-25,0.0499,,,,wind:wind_get_stock_events
300184.SZ,300184.SZ_20190508_1,2019-05-08,2019-05-07,2019-05-08,0.1,,0.8,2019-05-08,wind:wind_get_stock_events
300185.SZ,300185.SZ_20150612_1,2015-06-12,2015-06-11,2015-06-12,0.07,,,,wind:wind_get_stock_events
300185.SZ,300185.SZ_20160830_1,2016-08-30,2016-08-29,2016-08-30,0.1,,2,2016-08-30,wind:wind_get_stock_events
300185.SZ,300185.SZ_20170713_1,2017-07-13,2017-07-12,2017-07-13,0.04,,,,wind:wind_get_stock_events
300185.SZ,300185.SZ_20180706_1,2018-07-06,2018-07-05,2018-07-06,0.04,,,,wind:wind_get_stock_events
300185.SZ,300185.SZ_20190709_1,2019-07-09,2019-07-08,2019-07-09,0.02,,,,wind:wind_get_stock_events
300185.SZ,300185.SZ_20200713_1,2020-07-13,2020-07-10,2020-07-13,0.04,,,,wind:wind_get_stock_events
300185.SZ,300185.SZ_20210706_1,2021-07-06,2021-07-05,2021-07-06,0.05,,,,wind:wind_get_stock_events
300185.SZ,300185.SZ_20220607_1,2022-06-07,2022-06-06,2022-06-07,0.03,,,,wind:wind_get_stock_events
300185.SZ,300185.SZ_20230613_1,2023-06-13,2023-06-12,2023-06-13,0.03,,,,wind:wind_get_stock_events
300185.SZ,300185.SZ_20240620_1,2024-06-20,2024-06-19,2024-06-20,0.025,,,,wind:wind_get_stock_events
300185.SZ,300185.SZ_20250620_1,2025-06-20,2025-06-19,2025-06-20,0.005,,,,wind:wind_get_stock_events
300185.SZ,300185.SZ_20251114_1,2025-11-14,2025-11-13,2025-11-14,0.006,,,,wind:wind_get_stock_events
300185.SZ,300185.SZ_20260622_1,2026-06-22,2026-06-18,2026-06-22,0.002,,,,wind:wind_get_stock_events
300185.SZ,300185.SZ_20260922_1,2026-09-22,2026-09-21,2026-09-22,0.005,,,,wind:wind_get_stock_events
300187.SZ,300187.SZ_20150617_1,2015-06-17,2015-06-16,2015-06-17,0.0568,,,,wind:wind_get_stock_events
300187.SZ,300187.SZ_20160511_1,2016-05-11,2016-05-10,2016-05-11,0.03,,2,2016-05-11,wind:wind_get_stock_events
300187.SZ,300187.SZ_20170714_1,2017-07-14,2017-07-13,2017-07-14,0.025,,,,wind:wind_get_stock_events
300187.SZ,300187.SZ_20180711_1,2018-07-11,2018-07-10,2018-07-11,0.03,,,,wind:wind_get_stock_events
300187.SZ,300187.SZ_20200430_1,2020-04-30,2020-04-29,2020-04-30,0.218,,,,wind:wind_get_stock_events
300187.SZ,300187.SZ_20220606_1,2022-06-06,2022-06-02,2022-06-06,0.08,,,,wind:wind_get_stock_events
300187.SZ,300187.SZ_20240524_1,2024-05-24,2024-05-23,2024-05-24,0.03,,,,wind:wind_get_stock_events
300187.SZ,300187.SZ_20240927_1,2024-09-27,2024-09-26,2024-09-27,0.03,,,,wind:wind_get_stock_events
300187.SZ,300187.SZ_20250527_1,2025-05-27,2025-05-26,2025-05-27,0.09,,,,wind:wind_get_stock_events
300187.SZ,300187.SZ_20251119_1,2025-11-19,2025-11-18,2025-11-19,0.077,,,,wind:wind_get_stock_events
300187.SZ,300187.SZ_20260617_1,2026-06-17,2026-06-16,2026-06-17,0.03,,,,wind:wind_get_stock_events
300190.SZ,300190.SZ_20150429_1,2015-04-29,2015-04-28,2015-04-29,0.1,,1,2015-04-29,wind:wind_get_stock_events
300190.SZ,300190.SZ_20160426_1,2016-04-26,2016-04-25,2016-04-26,0.05,,,,wind:wind_get_stock_events
300190.SZ,300190.SZ_20170428_1,2017-04-28,2017-04-27,2017-04-28,0.05,,,,wind:wind_get_stock_events
300190.SZ,300190.SZ_20180611_1,2018-06-11,2018-06-08,2018-06-11,0.1,,0.8,2018-06-11,wind:wind_get_stock_events
300190.SZ,300190.SZ_20190618_1,2019-06-18,2019-06-17,2019-06-18,0.05,,,,wind:wind_get_stock_events
300190.SZ,300190.SZ_20200604_1,2020-06-04,2020-06-03,2020-06-04,0.1,,,,wind:wind_get_stock_events
300190.SZ,300190.SZ_20210521_1,2021-05-21,2021-05-20,2021-05-21,0.1,,,,wind:wind_get_stock_events
300190.SZ,300190.SZ_20220616_1,2022-06-16,2022-06-15,2022-06-16,0.1,,,,wind:wind_get_stock_events
300190.SZ,300190.SZ_20230616_1,2023-06-16,2023-06-15,2023-06-16,0.05,,,,wind:wind_get_stock_events
300190.SZ,300190.SZ_20240712_1,2024-07-12,2024-07-11,2024-07-12,0.01,,,,wind:wind_get_stock_events
300192.SZ,300192.SZ_20150619_1,2015-06-19,2015-06-18,2015-06-19,0.02,,,,wind:wind_get_stock_events
300192.SZ,300192.SZ_20160622_1,2016-06-22,2016-06-21,2016-06-22,0.05,,,,wind:wind_get_stock_events
300192.SZ,300192.SZ_20170707_1,2017-07-07,2017-07-06,2017-07-07,0.02,,,,wind:wind_get_stock_events
300192.SZ,300192.SZ_20210930_1,2021-09-30,2021-09-29,2021-09-30,0.3,,,,wind:wind_get_stock_events
300192.SZ,300192.SZ_20240607_1,2024-06-07,2024-06-06,2024-06-07,0.27,,,,wind:wind_get_stock_events
300192.SZ,300192.SZ_20241011_1,2024-10-11,2024-10-10,2024-10-11,0.15,,,,wind:wind_get_stock_events
300192.SZ,300192.SZ_20250122_1,2025-01-22,2025-01-21,2025-01-22,0.1,,,,wind:wind_get_stock_events
300192.SZ,300192.SZ_20250605_1,2025-06-05,2025-06-04,2025-06-05,0.1,,,,wind:wind_get_stock_events
300192.SZ,300192.SZ_20251121_1,2025-11-21,2025-11-20,2025-11-21,0.1,,,,wind:wind_get_stock_events
300192.SZ,300192.SZ_20260708_1,2026-07-08,2026-07-07,,,,0.4,2026-07-08,wind:wind_get_stock_events
300195.SZ,300195.SZ_20150421_1,2015-04-21,2015-04-20,2015-04-21,0.25,,1,2015-04-21,wind:wind_get_stock_events
300195.SZ,300195.SZ_20170621_1,2017-06-21,2017-06-20,2017-06-21,0.15,,,,wind:wind_get_stock_events
300195.SZ,300195.SZ_20171103_1,2017-11-03,2017-11-02,2017-11-03,0.45,,,,wind:wind_get_stock_events
300195.SZ,300195.SZ_20180926_1,2018-09-26,2018-09-25,2018-09-26,0.45,,,,wind:wind_get_stock_events
300195.SZ,300195.SZ_20260710_1,2026-07-10,2026-07-09,2026-07-10,0.02,,,,wind:wind_get_stock_events
300196.SZ,300196.SZ_20150423_1,2015-04-23,2015-04-22,2015-04-23,0.1,,,,wind:wind_get_stock_events
300196.SZ,300196.SZ_20160523_1,2016-05-23,2016-05-20,2016-05-23,0.15,,,,wind:wind_get_stock_events
300196.SZ,300196.SZ_20170531_1,2017-05-31,2017-05-26,2017-05-31,0.3,,,,wind:wind_get_stock_events
300196.SZ,300196.SZ_20170927_1,2017-09-27,2017-09-26,,,,1,2017-09-27,wind:wind_get_stock_events
300196.SZ,300196.SZ_20180518_1,2018-05-18,2018-05-17,2018-05-18,0.1013,,,,wind:wind_get_stock_events
300196.SZ,300196.SZ_20190524_1,2019-05-24,2019-05-23,2019-05-24,0.2,,,,wind:wind_get_stock_events
300196.SZ,300196.SZ_20200520_1,2020-05-20,2020-05-19,2020-05-20,0.15,,,,wind:wind_get_stock_events
300196.SZ,300196.SZ_20210518_1,2021-05-18,2021-05-17,2021-05-18,0.1,,,,wind:wind_get_stock_events
300196.SZ,300196.SZ_20220525_1,2022-05-25,2022-05-24,2022-05-25,0.15,,,,wind:wind_get_stock_events
300196.SZ,300196.SZ_20230524_1,2023-05-24,2023-05-23,2023-05-24,0.2,,,,wind:wind_get_stock_events
300196.SZ,300196.SZ_20240529_1,2024-05-29,2024-05-28,2024-05-29,0.15,,,,wind:wind_get_stock_events
300196.SZ,300196.SZ_20250529_1,2025-05-29,2025-05-28,2025-05-29,0.2,,,,wind:wind_get_stock_events
300196.SZ,300196.SZ_20250926_1,2025-09-26,2025-09-25,2025-09-26,0.1,,,,wind:wind_get_stock_events
300196.SZ,300196.SZ_20260515_1,2026-05-15,2026-05-14,2026-05-15,0.35,,,,wind:wind_get_stock_events
300196.SZ,300196.SZ_20260909_1,2026-09-09,2026-09-08,2026-09-09,0.2,,,,wind:wind_get_stock_events
300200.SZ,300200.SZ_20150526_1,2015-05-26,2015-05-25,2015-05-26,0.2,,,,wind:wind_get_stock_events
300200.SZ,300200.SZ_20160525_1,2016-05-25,2016-05-24,2016-05-25,0.2,,,,wind:wind_get_stock_events
300200.SZ,300200.SZ_20170602_1,2017-06-02,2017-06-01,2017-06-02,0.2,,,,wind:wind_get_stock_events
300200.SZ,300200.SZ_20180704_1,2018-07-04,2018-07-03,2018-07-04,0.2,,,,wind:wind_get_stock_events
300200.SZ,300200.SZ_20190522_1,2019-05-22,2019-05-21,2019-05-22,0.21,,,,wind:wind_get_stock_events
300200.SZ,300200.SZ_20200715_1,2020-07-15,2020-07-14,2020-07-15,0.4,,0.6,2020-07-15,wind:wind_get_stock_events
300200.SZ,300200.SZ_20210707_1,2021-07-07,2021-07-06,2021-07-07,0.3,,,,wind:wind_get_stock_events
300200.SZ,300200.SZ_20220628_1,2022-06-28,2022-06-27,2022-06-28,0.15,,,,wind:wind_get_stock_events
300200.SZ,300200.SZ_20230616_1,2023-06-16,2023-06-15,2023-06-16,0.15,,,,wind:wind_get_stock_events
300200.SZ,300200.SZ_20250529_1,2025-05-29,2025-05-28,2025-05-29,0.15,,,,wind:wind_get_stock_events
300200.SZ,300200.SZ_20260610_1,2026-06-10,2026-06-09,2026-06-10,0.15,,,,wind:wind_get_stock_events
300201.SZ,300201.SZ_20150525_1,2015-05-25,2015-05-22,2015-05-25,0.0096,,,,wind:wind_get_stock_events
300201.SZ,300201.SZ_20160530_1,2016-05-30,2016-05-27,2016-05-30,0.015,,,,wind:wind_get_stock_events
300201.SZ,300201.SZ_20160928_1,2016-09-28,2016-09-27,,,,1.3819,2016-09-28,wind:wind_get_stock_events
300201.SZ,300201.SZ_20170613_1,2017-06-13,2017-06-12,2017-06-13,0.015,,,,wind:wind_get_stock_events
300201.SZ,300201.SZ_20180614_1,2018-06-14,2018-06-13,2018-06-14,0.02,,,,wind:wind_get_stock_events
300201.SZ,300201.SZ_20190515_1,2019-05-15,2019-05-14,2019-05-15,0.015,,,,wind:wind_get_stock_events
300201.SZ,300201.SZ_20200703_1,2020-07-03,2020-07-02,2020-07-03,0.01,,,,wind:wind_get_stock_events
300201.SZ,300201.SZ_20240606_1,2024-06-06,2024-06-05,2024-06-06,0.035,,,,wind:wind_get_stock_events
300201.SZ,300201.SZ_20250626_1,2025-06-26,2025-06-25,2025-06-26,0.03,,,,wind:wind_get_stock_events
300201.SZ,300201.SZ_20260626_1,2026-06-26,2026-06-25,2026-06-26,0.0301,,,,wind:wind_get_stock_events
300204.SZ,300204.SZ_20150409_1,2015-04-09,2015-04-08,2015-04-09,0.3,,0.4,2015-04-09,wind:wind_get_stock_events
300204.SZ,300204.SZ_20160505_1,2016-05-05,2016-05-04,2016-05-05,0.1998,,0.3996,2016-05-05,wind:wind_get_stock_events
300204.SZ,300204.SZ_20170428_1,2017-04-28,2017-04-27,2017-04-28,0.18,,,,wind:wind_get_stock_events
300204.SZ,300204.SZ_20180320_1,2018-03-20,2018-03-19,2018-03-20,0.25,,,,wind:wind_get_stock_events
300204.SZ,300204.SZ_20190517_1,2019-05-17,2019-05-16,2019-05-17,0.6681,,,,wind:wind_get_stock_events
300206.SZ,300206.SZ_20150528_1,2015-05-28,2015-05-27,2015-05-28,0.1,,0.2,2015-05-28,wind:wind_get_stock_events
300206.SZ,300206.SZ_20160601_1,2016-06-01,2016-05-31,2016-06-01,0.21,,1.5,2016-06-01,wind:wind_get_stock_events
300206.SZ,300206.SZ_20170616_1,2017-06-16,2017-06-15,2017-06-16,0.034,,,,wind:wind_get_stock_events
300206.SZ,300206.SZ_20180612_1,2018-06-12,2018-06-11,2018-06-12,0.085,,,,wind:wind_get_stock_events
300206.SZ,300206.SZ_20190611_1,2019-06-11,2019-06-10,2019-06-11,0.103,,,,wind:wind_get_stock_events
300206.SZ,300206.SZ_20200611_1,2020-06-11,2020-06-10,2020-06-11,0.172,,,,wind:wind_get_stock_events
300206.SZ,300206.SZ_20210428_1,2021-04-28,2021-04-27,2021-04-28,0.433,,,,wind:wind_get_stock_events
300206.SZ,300206.SZ_20220429_1,2022-04-29,2022-04-28,2022-04-29,0.207,,,,wind:wind_get_stock_events
300206.SZ,300206.SZ_20230428_1,2023-04-28,2023-04-27,2023-04-28,0.207,,,,wind:wind_get_stock_events
300206.SZ,300206.SZ_20240506_1,2024-05-06,2024-04-30,2024-05-06,0.207,,,,wind:wind_get_stock_events
300206.SZ,300206.SZ_20250527_1,2025-05-27,2025-05-26,2025-05-27,0.207,,,,wind:wind_get_stock_events
300206.SZ,300206.SZ_20260430_1,2026-04-30,2026-04-29,2026-04-30,0.311,,,,wind:wind_get_stock_events
300209.SZ,300209.SZ_20150514_1,2015-05-14,2015-05-13,2015-05-14,0.0194,,0.4851,2015-05-14,wind:wind_get_stock_events
300209.SZ,300209.SZ_20160616_1,2016-06-16,2016-06-15,2016-06-16,0.0168,,,,wind:wind_get_stock_events
300209.SZ,300209.SZ_20170623_1,2017-06-23,2017-06-22,2017-06-23,0.1,,,,wind:wind_get_stock_events
300209.SZ,300209.SZ_20180716_1,2018-07-16,2018-07-13,2018-07-16,0.0202,,,,wind:wind_get_stock_events
300209.SZ,300209.SZ_20190715_1,2019-07-15,2019-07-12,2019-07-15,0.0135,,,,wind:wind_get_stock_events
300209.SZ,300209.SZ_20241220_1,2024-12-20,2024-12-19,,,,1.2,2024-12-20,wind:wind_get_stock_events
300214.SZ,300214.SZ_20150529_1,2015-05-29,2015-05-28,2015-05-29,0.05,,,,wind:wind_get_stock_events
300214.SZ,300214.SZ_20160617_1,2016-06-17,2016-06-16,2016-06-17,0.1,,,,wind:wind_get_stock_events
300214.SZ,300214.SZ_20170525_1,2017-05-25,2017-05-24,2017-05-25,0.05,,,,wind:wind_get_stock_events
300214.SZ,300214.SZ_20180525_1,2018-05-25,2018-05-24,2018-05-25,0.15,,,,wind:wind_get_stock_events
300214.SZ,300214.SZ_20190628_1,2019-06-28,2019-06-27,2019-06-28,0.05,,,,wind:wind_get_stock_events
300214.SZ,300214.SZ_20200710_1,2020-07-10,2020-07-09,2020-07-10,0.06,,,,wind:wind_get_stock_events
300214.SZ,300214.SZ_20210331_1,2021-03-31,2021-03-30,2021-03-31,0.085,,,,wind:wind_get_stock_events
300214.SZ,300214.SZ_20220616_1,2022-06-16,2022-06-15,2022-06-16,0.076,,,,wind:wind_get_stock_events
300214.SZ,300214.SZ_20230629_1,2023-06-29,2023-06-28,2023-06-29,0.06,,,,wind:wind_get_stock_events
300214.SZ,300214.SZ_20240717_1,2024-07-17,2024-07-16,2024-07-17,0.04,,,,wind:wind_get_stock_events
300215.SZ,300215.SZ_20150616_1,2015-06-16,2015-06-15,2015-06-16,0.03,,,,wind:wind_get_stock_events
300215.SZ,300215.SZ_20160422_1,2016-04-22,2016-04-21,2016-04-22,0.015,,,,wind:wind_get_stock_events
300215.SZ,300215.SZ_20170614_1,2017-06-14,2017-06-13,2017-06-14,0.055,,,,wind:wind_get_stock_events
300215.SZ,300215.SZ_20180615_1,2018-06-15,2018-06-14,2018-06-15,0.1,,,,wind:wind_get_stock_events
300215.SZ,300215.SZ_20190508_1,2019-05-08,2019-05-07,2019-05-08,0.12,,,,wind:wind_get_stock_events
300215.SZ,300215.SZ_20200609_1,2020-06-09,2020-06-08,2020-06-09,0.4,,,,wind:wind_get_stock_events
300215.SZ,300215.SZ_20210617_1,2021-06-17,2021-06-16,2021-06-17,0.12,,,,wind:wind_get_stock_events
300215.SZ,300215.SZ_20240709_1,2024-07-09,2024-07-08,2024-07-09,0.035,,,,wind:wind_get_stock_events
300215.SZ,300215.SZ_20250627_1,2025-06-27,2025-06-26,2025-06-27,0.005,,,,wind:wind_get_stock_events
300215.SZ,300215.SZ_20260626_1,2026-06-26,2026-06-25,2026-06-26,0.002,,,,wind:wind_get_stock_events
300218.SZ,300218.SZ_20150508_1,2015-05-08,2015-05-07,2015-05-08,0.08,,,,wind:wind_get_stock_events
300218.SZ,300218.SZ_20160524_1,2016-05-24,2016-05-23,2016-05-24,0.085,,,,wind:wind_get_stock_events
300218.SZ,300218.SZ_20170612_1,2017-06-12,2017-06-09,2017-06-12,0.086,,,,wind:wind_get_stock_events
300218.SZ,300218.SZ_20190528_1,2019-05-28,2019-05-27,2019-05-28,0.075,,,,wind:wind_get_stock_events
300218.SZ,300218.SZ_20200618_1,2020-06-18,2020-06-17,2020-06-18,0.12,,,,wind:wind_get_stock_events
300218.SZ,300218.SZ_20210520_1,2021-05-20,2021-05-19,2021-05-20,0.11,,,,wind:wind_get_stock_events
300218.SZ,300218.SZ_20220518_1,2022-05-18,2022-05-17,2022-05-18,0.21,,,,wind:wind_get_stock_events
300218.SZ,300218.SZ_20230531_1,2023-05-31,2023-05-30,2023-05-31,0.23,,,,wind:wind_get_stock_events
300218.SZ,300218.SZ_20240528_1,2024-05-28,2024-05-27,2024-05-28,0.13,,,,wind:wind_get_stock_events
300218.SZ,300218.SZ_20250604_1,2025-06-04,2025-06-03,2025-06-04,0.25,,,,wind:wind_get_stock_events
300218.SZ,300218.SZ_20260605_1,2026-06-05,2026-06-04,2026-06-05,0.26,,,,wind:wind_get_stock_events
300219.SZ,300219.SZ_20150720_1,2015-07-20,2015-07-17,2015-07-20,0.03,,,,wind:wind_get_stock_events
300219.SZ,300219.SZ_20151113_1,2015-11-13,2015-11-12,,,,1.5,2015-11-13,wind:wind_get_stock_events
300219.SZ,300219.SZ_20160518_1,2016-05-18,2016-05-17,2016-05-18,0.03,,,,wind:wind_get_stock_events
300219.SZ,300219.SZ_20170531_1,2017-05-31,2017-05-26,2017-05-31,0.03,,,,wind:wind_get_stock_events
300219.SZ,300219.SZ_20180529_1,2018-05-29,2018-05-28,2018-05-29,0.05,,,,wind:wind_get_stock_events
300219.SZ,300219.SZ_20190606_1,2019-06-06,2019-06-05,2019-06-06,0.3,,,,wind:wind_get_stock_events
300219.SZ,300219.SZ_20240613_1,2024-06-13,2024-06-12,2024-06-13,0.1,,,,wind:wind_get_stock_events
300219.SZ,300219.SZ_20250619_1,2025-06-19,2025-06-18,2025-06-19,0.015,,,,wind:wind_get_stock_events
300219.SZ,300219.SZ_20251023_1,2025-10-23,2025-10-22,2025-10-23,0.1,,,,wind:wind_get_stock_events
300219.SZ,300219.SZ_20260618_1,2026-06-18,2026-06-17,2026-06-18,0.1,,,,wind:wind_get_stock_events
300221.SZ,300221.SZ_20150428_1,2015-04-28,2015-04-27,2015-04-28,0.045,,1,2015-04-28,wind:wind_get_stock_events
300221.SZ,300221.SZ_20160513_1,2016-05-13,2016-05-12,2016-05-13,0.035,,,,wind:wind_get_stock_events
300221.SZ,300221.SZ_20170607_1,2017-06-07,2017-06-06,2017-06-07,0.099,,,,wind:wind_get_stock_events
300221.SZ,300221.SZ_20180530_1,2018-05-30,2018-05-29,2018-05-30,0.12,,,,wind:wind_get_stock_events
300221.SZ,300221.SZ_20260710_1,2026-07-10,2026-07-09,2026-07-10,0.1,,,,wind:wind_get_stock_events
300221.SZ,300221.SZ_20260924_1,2026-09-24,2026-09-23,2026-09-24,0.1,,,,wind:wind_get_stock_events
300222.SZ,300222.SZ_20150504_1,2015-05-04,2015-04-30,2015-05-04,0.08,,0.9,2015-05-04,wind:wind_get_stock_events
300222.SZ,300222.SZ_20150916_1,2015-09-16,2015-09-15,,,,0.8,2015-09-16,wind:wind_get_stock_events
300222.SZ,300222.SZ_20160421_1,2016-04-21,2016-04-20,2016-04-21,0.07,,,,wind:wind_get_stock_events
300222.SZ,300222.SZ_20170428_1,2017-04-28,2017-04-27,2017-04-28,0.06,,,,wind:wind_get_stock_events
300222.SZ,300222.SZ_20180518_1,2018-05-18,2018-05-17,2018-05-18,0.07,,,,wind:wind_get_stock_events
300222.SZ,300222.SZ_20190716_1,2019-07-16,2019-07-15,2019-07-16,0.0814,,,,wind:wind_get_stock_events
300222.SZ,300222.SZ_20260421_1,2026-04-21,2026-04-20,2026-04-21,0.04,,,,wind:wind_get_stock_events
300223.SZ,300223.SZ_20150505_1,2015-05-05,2015-05-04,,,,0.6,2015-05-05,wind:wind_get_stock_events
300223.SZ,300223.SZ_20160527_1,2016-05-27,2016-05-26,2016-05-27,0.03,,,,wind:wind_get_stock_events
300223.SZ,300223.SZ_20180612_1,2018-06-12,2018-06-11,2018-06-12,0.02,,0.1998,2018-06-12,wind:wind_get_stock_events
300223.SZ,300223.SZ_20190527_1,2019-05-27,2019-05-24,2019-05-27,0.03,,,,wind:wind_get_stock_events
300223.SZ,300223.SZ_20210601_1,2021-06-01,2021-05-31,2021-06-01,0.13,,,,wind:wind_get_stock_events
300223.SZ,300223.SZ_20220621_1,2022-06-21,2022-06-20,2022-06-21,0.19,,,,wind:wind_get_stock_events
300223.SZ,300223.SZ_20230607_1,2023-06-07,2023-06-06,2023-06-07,0.08,,,,wind:wind_get_stock_events
300223.SZ,300223.SZ_20240528_1,2024-05-28,2024-05-27,2024-05-28,0.2,,,,wind:wind_get_stock_events
300223.SZ,300223.SZ_20250624_1,2025-06-24,2025-06-23,2025-06-24,0.0998,,,,wind:wind_get_stock_events
300223.SZ,300223.SZ_20260520_1,2026-05-20,2026-05-19,2026-05-20,0.15,,,,wind:wind_get_stock_events
300226.SZ,300226.SZ_20150512_1,2015-05-12,2015-05-11,2015-05-12,0.02,,,,wind:wind_get_stock_events
300226.SZ,300226.SZ_20190604_1,2019-06-04,2019-06-03,2019-06-04,0.05,,,,wind:wind_get_stock_events
300226.SZ,300226.SZ_20200611_1,2020-06-11,2020-06-10,2020-06-11,0.12,0.2,,2020-06-11,wind:wind_get_stock_events
300226.SZ,300226.SZ_20210604_1,2021-06-04,2021-06-03,2021-06-04,0.13,,,,wind:wind_get_stock_events
300226.SZ,300226.SZ_20220519_1,2022-05-19,2022-05-18,2022-05-19,0.1,,0.4,2022-05-19,wind:wind_get_stock_events
300226.SZ,300226.SZ_20230519_1,2023-05-19,2023-05-18,2023-05-19,0.08,,0.2,2023-05-19,wind:wind_get_stock_events
300226.SZ,300226.SZ_20240529_1,2024-05-29,2024-05-28,2024-05-29,0.08,,,,wind:wind_get_stock_events
300226.SZ,300226.SZ_20251022_1,2025-10-22,2025-10-21,2025-10-22,0.05,,,,wind:wind_get_stock_events
300226.SZ,300226.SZ_20260612_1,2026-06-12,2026-06-11,2026-06-12,0.05,,0.2,2026-06-12,wind:wind_get_stock_events
300227.SZ,300227.SZ_20150424_1,2015-04-24,2015-04-23,2015-04-24,0.02,,,,wind:wind_get_stock_events
300227.SZ,300227.SZ_20160419_1,2016-04-19,2016-04-18,2016-04-19,0.01,,,,wind:wind_get_stock_events
300227.SZ,300227.SZ_20170425_1,2017-04-25,2017-04-24,2017-04-25,0.01,,,,wind:wind_get_stock_events
300227.SZ,300227.SZ_20180507_1,2018-05-07,2018-05-04,2018-05-07,0.06,,0.5,2018-05-07,wind:wind_get_stock_events
300227.SZ,300227.SZ_20190516_1,2019-05-16,2019-05-15,2019-05-16,0.035,,,,wind:wind_get_stock_events
300227.SZ,300227.SZ_20200520_1,2020-05-20,2020-05-19,2020-05-20,0.025,,0.8,2020-05-20,wind:wind_get_stock_events
300227.SZ,300227.SZ_20210624_1,2021-06-24,2021-06-23,2021-06-24,0.04,,,,wind:wind_get_stock_events
300227.SZ,300227.SZ_20240911_1,2024-09-11,2024-09-10,2024-09-11,0.025,,,,wind:wind_get_stock_events
300228.SZ,300228.SZ_20150527_1,2015-05-27,2015-05-26,2015-05-27,0.2,,,,wind:wind_get_stock_events
300228.SZ,300228.SZ_20150918_1,2015-09-18,2015-09-17,,,,1,2015-09-18,wind:wind_get_stock_events
300228.SZ,300228.SZ_20160401_1,2016-04-01,2016-03-31,2016-04-01,0.01,,0.6,2016-04-01,wind:wind_get_stock_events
300228.SZ,300228.SZ_20180607_1,2018-06-07,2018-06-06,2018-06-07,0.015,,,,wind:wind_get_stock_events
300228.SZ,300228.SZ_20190625_1,2019-06-25,2019-06-24,2019-06-25,0.005,,,,wind:wind_get_stock_events
300228.SZ,300228.SZ_20210623_1,2021-06-23,2021-06-22,2021-06-23,0.015,,,,wind:wind_get_stock_events
300228.SZ,300228.SZ_20220627_1,2022-06-27,2022-06-24,2022-06-27,0.01,,,,wind:wind_get_stock_events
300228.SZ,300228.SZ_20240625_1,2024-06-25,2024-06-24,2024-06-25,0.04,,,,wind:wind_get_stock_events
300228.SZ,300228.SZ_20250606_1,2025-06-06,2025-06-05,2025-06-06,0.08,,,,wind:wind_get_stock_events
300228.SZ,300228.SZ_20260519_1,2026-05-19,2026-05-18,2026-05-19,0.12,,,,wind:wind_get_stock_events
300234.SZ,300234.SZ_20150715_1,2015-07-15,2015-07-14,2015-07-15,0.04,,,,wind:wind_get_stock_events
300234.SZ,300234.SZ_20160713_1,2016-07-13,2016-07-12,2016-07-13,0.0237,,,,wind:wind_get_stock_events
300234.SZ,300234.SZ_20170516_1,2017-05-16,2017-05-15,2017-05-16,0.01,,,,wind:wind_get_stock_events
300234.SZ,300234.SZ_20200421_1,2020-04-21,2020-04-20,2020-04-21,0.063,,0.8125,2020-04-21,wind:wind_get_stock_events
300234.SZ,300234.SZ_20210531_1,2021-05-31,2021-05-28,2021-05-31,0.016,,,,wind:wind_get_stock_events
300234.SZ,300234.SZ_20220729_1,2022-07-29,2022-07-28,2022-07-29,0.016,,,,wind:wind_get_stock_events
300234.SZ,300234.SZ_20230607_1,2023-06-07,2023-06-06,2023-06-07,0.015,,,,wind:wind_get_stock_events
300234.SZ,300234.SZ_20231218_1,2023-12-18,2023-12-15,2023-12-18,0.059,,,,wind:wind_get_stock_events
300234.SZ,300234.SZ_20240515_1,2024-05-15,2024-05-14,2024-05-15,0.03,,,,wind:wind_get_stock_events
300234.SZ,300234.SZ_20250605_1,2025-06-05,2025-06-04,2025-06-05,0.014,,,,wind:wind_get_stock_events
300236.SZ,300236.SZ_20150608_1,2015-06-08,2015-06-05,,,,0.6,2015-06-08,wind:wind_get_stock_events
300236.SZ,300236.SZ_20160606_1,2016-06-06,2016-06-03,2016-06-06,0.05,,,,wind:wind_get_stock_events
300236.SZ,300236.SZ_20170703_1,2017-07-03,2017-06-30,2017-07-03,0.1,,,,wind:wind_get_stock_events
300236.SZ,300236.SZ_20180619_1,2018-06-19,2018-06-15,2018-06-19,0.13,,,,wind:wind_get_stock_events
300236.SZ,300236.SZ_20191101_1,2019-11-01,2019-10-31,2019-11-01,0.05,,0.5,2019-11-01,wind:wind_get_stock_events
300236.SZ,300236.SZ_20200812_1,2020-08-12,2020-08-11,2020-08-12,0.12,,,,wind:wind_get_stock_events
300236.SZ,300236.SZ_20210716_1,2021-07-16,2021-07-15,2021-07-16,0.2,,,,wind:wind_get_stock_events
300236.SZ,300236.SZ_20220630_1,2022-06-30,2022-06-29,2022-06-30,0.15,,,,wind:wind_get_stock_events
300236.SZ,300236.SZ_20230530_1,2023-05-30,2023-05-29,2023-05-30,0.15,,,,wind:wind_get_stock_events
300236.SZ,300236.SZ_20240530_1,2024-05-30,2024-05-29,2024-05-30,0.1989,,,,wind:wind_get_stock_events
300236.SZ,300236.SZ_20250617_1,2025-06-17,2025-06-16,2025-06-17,0.26,,,,wind:wind_get_stock_events
300236.SZ,300236.SZ_20260526_1,2026-05-26,2026-05-25,2026-05-26,0.478,,,,wind:wind_get_stock_events
300237.SZ,300237.SZ_20150414_1,2015-04-14,2015-04-13,2015-04-14,0.1,,1,2015-04-14,wind:wind_get_stock_events
300237.SZ,300237.SZ_20150922_1,2015-09-22,2015-09-21,,,,1.5,2015-09-22,wind:wind_get_stock_events
300237.SZ,300237.SZ_20160513_1,2016-05-13,2016-05-12,2016-05-13,0.03,,,,wind:wind_get_stock_events
300237.SZ,300237.SZ_20170705_1,2017-07-05,2017-07-04,2017-07-05,0.06,,,,wind:wind_get_stock_events
300237.SZ,300237.SZ_20180517_1,2018-05-17,2018-05-16,2018-05-17,0.08,,0.8,2018-05-17,wind:wind_get_stock_events
300237.SZ,300237.SZ_20210702_1,2021-07-02,2021-07-01,2021-07-02,0.006,,,,wind:wind_get_stock_events
300238.SZ,300238.SZ_20150416_1,2015-04-16,2015-04-15,2015-04-16,0.1,,1,2015-04-16,wind:wind_get_stock_events
300238.SZ,300238.SZ_20170516_1,2017-05-16,2017-05-15,2017-05-16,0.08,,,,wind:wind_get_stock_events
300238.SZ,300238.SZ_20180620_1,2018-06-20,2018-06-19,2018-06-20,0.05,,,,wind:wind_get_stock_events
300239.SZ,300239.SZ_20150429_1,2015-04-29,2015-04-28,2015-04-29,0.02,,,,wind:wind_get_stock_events
300239.SZ,300239.SZ_20160531_1,2016-05-31,2016-05-30,2016-05-31,0.03,,1,2016-05-31,wind:wind_get_stock_events
300239.SZ,300239.SZ_20170614_1,2017-06-14,2017-06-13,2017-06-14,0.025,,,,wind:wind_get_stock_events
300239.SZ,300239.SZ_20180517_1,2018-05-17,2018-05-16,2018-05-17,0.03,,,,wind:wind_get_stock_events
300239.SZ,300239.SZ_20190620_1,2019-06-20,2019-06-19,2019-06-20,0.03,,,,wind:wind_get_stock_events
300239.SZ,300239.SZ_20200617_1,2020-06-17,2020-06-16,2020-06-17,0.03,,,,wind:wind_get_stock_events
300239.SZ,300239.SZ_20220610_1,2022-06-10,2022-06-09,2022-06-10,0.006,,,,wind:wind_get_stock_events
300239.SZ,300239.SZ_20230519_1,2023-05-19,2023-05-18,2023-05-19,0.026,,,,wind:wind_get_stock_events
300239.SZ,300239.SZ_20240531_1,2024-05-31,2024-05-30,2024-05-31,0.022,,,,wind:wind_get_stock_events
300239.SZ,300239.SZ_20250617_1,2025-06-17,2025-06-16,2025-06-17,0.025,,,,wind:wind_get_stock_events
300239.SZ,300239.SZ_20260527_1,2026-05-27,2026-05-26,2026-05-27,0.012,,,,wind:wind_get_stock_events
300337.SZ,300337.SZ_20150612_1,2015-06-12,2015-06-11,2015-06-12,0.045,,,,wind:wind_get_stock_events
300337.SZ,300337.SZ_20151029_1,2015-10-29,2015-10-28,,,,1.2,2015-10-29,wind:wind_get_stock_events
300337.SZ,300337.SZ_20180703_1,2018-07-03,2018-07-02,2018-07-03,0.01,,,,wind:wind_get_stock_events
300337.SZ,300337.SZ_20200713_1,2020-07-13,2020-07-10,2020-07-13,0.01,,,,wind:wind_get_stock_events
300337.SZ,300337.SZ_20220608_1,2022-06-08,2022-06-07,2022-06-08,0.02,,,,wind:wind_get_stock_events
300337.SZ,300337.SZ_20240612_1,2024-06-12,2024-06-11,2024-06-12,0.02,,,,wind:wind_get_stock_events
300337.SZ,300337.SZ_20250714_1,2025-07-14,2025-07-11,2025-07-14,0.01,,,,wind:wind_get_stock_events
300337.SZ,300337.SZ_20260710_1,2026-07-10,2026-07-09,2026-07-10,0.01,,,,wind:wind_get_stock_events
300342.SZ,300342.SZ_20150508_1,2015-05-08,2015-05-07,2015-05-08,0.25,,,,wind:wind_get_stock_events
300342.SZ,300342.SZ_20160527_1,2016-05-27,2016-05-26,2016-05-27,0.3001,,0.5,2016-05-27,wind:wind_get_stock_events
300342.SZ,300342.SZ_20170425_1,2017-04-25,2017-04-24,2017-04-25,0.2,,0.3,2017-04-25,wind:wind_get_stock_events
300342.SZ,300342.SZ_20180503_1,2018-05-03,2018-05-02,2018-05-03,0.15,,,,wind:wind_get_stock_events
300342.SZ,300342.SZ_20190705_1,2019-07-05,2019-07-04,2019-07-05,0.15,,,,wind:wind_get_stock_events
300342.SZ,300342.SZ_20200518_1,2020-05-18,2020-05-15,2020-05-18,0.15,,,,wind:wind_get_stock_events
300342.SZ,300342.SZ_20210525_1,2021-05-25,2021-05-24,2021-05-25,0.15,,,,wind:wind_get_stock_events
300342.SZ,300342.SZ_20220527_1,2022-05-27,2022-05-26,2022-05-27,0.1,,,,wind:wind_get_stock_events
300342.SZ,300342.SZ_20240521_1,2024-05-21,2024-05-20,2024-05-21,0.1,,,,wind:wind_get_stock_events
300342.SZ,300342.SZ_20250516_1,2025-05-16,2025-05-15,2025-05-16,0.065,,,,wind:wind_get_stock_events
300342.SZ,300342.SZ_20260519_1,2026-05-19,2026-05-18,2026-05-19,0.02,,,,wind:wind_get_stock_events
300346.SZ,300346.SZ_20150611_1,2015-06-11,2015-06-10,2015-06-11,0.2,,0.6,2015-06-11,wind:wind_get_stock_events
300346.SZ,300346.SZ_20160613_1,2016-06-13,2016-06-08,2016-06-13,0.1,,,,wind:wind_get_stock_events
300346.SZ,300346.SZ_20170720_1,2017-07-20,2017-07-19,2017-07-20,0.06,,,,wind:wind_get_stock_events
300346.SZ,300346.SZ_20180511_1,2018-05-11,2018-05-10,2018-05-11,0.12,,0.7,2018-05-11,wind:wind_get_stock_events
300346.SZ,300346.SZ_20190509_1,2019-05-09,2019-05-08,2019-05-09,0.04,,0.5,2019-05-09,wind:wind_get_stock_events
300346.SZ,300346.SZ_20200604_1,2020-06-04,2020-06-03,2020-06-04,0.03,,,,wind:wind_get_stock_events
300346.SZ,300346.SZ_20210527_1,2021-05-27,2021-05-26,2021-05-27,0.04,,,,wind:wind_get_stock_events
300346.SZ,300346.SZ_20220510_1,2022-05-10,2022-05-09,2022-05-10,0.05,,0.3,2022-05-10,wind:wind_get_stock_events
300346.SZ,300346.SZ_20230426_1,2023-04-26,2023-04-25,2023-04-26,0.07,,,,wind:wind_get_stock_events
300346.SZ,300346.SZ_20230928_1,2023-09-28,2023-09-27,2023-09-28,0.05,,,,wind:wind_get_stock_events
300346.SZ,300346.SZ_20240521_1,2024-05-21,2024-05-20,2024-05-21,0.035,,,,wind:wind_get_stock_events
300346.SZ,300346.SZ_20240930_1,2024-09-30,2024-09-27,2024-09-30,0.05,,,,wind:wind_get_stock_events
300346.SZ,300346.SZ_20250509_1,2025-05-09,2025-05-08,2025-05-09,0.1,,0.2,2025-05-09,wind:wind_get_stock_events
300346.SZ,300346.SZ_20250910_1,2025-09-10,2025-09-09,2025-09-10,0.18,,,,wind:wind_get_stock_events
300346.SZ,300346.SZ_20260518_1,2026-05-18,2026-05-15,2026-05-18,0.28,,,,wind:wind_get_stock_events
300346.SZ,300346.SZ_20260910_1,2026-09-10,2026-09-09,2026-09-10,0.08,,,,wind:wind_get_stock_events
300349.SZ,300349.SZ_20150511_1,2015-05-11,2015-05-08,2015-05-11,0.1,,,,wind:wind_get_stock_events
300349.SZ,300349.SZ_20160401_1,2016-04-01,2016-03-31,2016-04-01,0.06,,,,wind:wind_get_stock_events
300349.SZ,300349.SZ_20170518_1,2017-05-18,2017-05-17,2017-05-18,0.1,,,,wind:wind_get_stock_events
300349.SZ,300349.SZ_20180502_1,2018-05-02,2018-04-27,2018-05-02,0.2,,0.8,2018-05-02,wind:wind_get_stock_events
300349.SZ,300349.SZ_20190619_1,2019-06-19,2019-06-18,2019-06-19,0.5,,,,wind:wind_get_stock_events
300349.SZ,300349.SZ_20200629_1,2020-06-29,2020-06-24,2020-06-29,0.5022,,,,wind:wind_get_stock_events
300349.SZ,300349.SZ_20210617_1,2021-06-17,2021-06-16,2021-06-17,0.475,,,,wind:wind_get_stock_events
300349.SZ,300349.SZ_20220621_1,2022-06-21,2022-06-20,2022-06-21,0.1,,,,wind:wind_get_stock_events
300349.SZ,300349.SZ_20230621_1,2023-06-21,2023-06-20,2023-06-21,0.1,,,,wind:wind_get_stock_events
300349.SZ,300349.SZ_20240520_1,2024-05-20,2024-05-17,2024-05-20,0.5,,,,wind:wind_get_stock_events
300349.SZ,300349.SZ_20250526_1,2025-05-26,2025-05-23,2025-05-26,0.5,,,,wind:wind_get_stock_events
300349.SZ,300349.SZ_20260522_1,2026-05-22,2026-05-21,2026-05-22,0.25,,,,wind:wind_get_stock_events
300351.SZ,300351.SZ_20150409_1,2015-04-09,2015-04-08,2015-04-09,0.25,,1.2,2015-04-09,wind:wind_get_stock_events
300351.SZ,300351.SZ_20160324_1,2016-03-24,2016-03-23,2016-03-24,0.06,,,,wind:wind_get_stock_events
300351.SZ,300351.SZ_20170621_1,2017-06-21,2017-06-20,2017-06-21,0.065,,,,wind:wind_get_stock_events
300351.SZ,300351.SZ_20180627_1,2018-06-27,2018-06-26,2018-06-27,0.075,,,,wind:wind_get_stock_events
300351.SZ,300351.SZ_20240528_1,2024-05-28,2024-05-27,2024-05-28,0.1,,,,wind:wind_get_stock_events
300351.SZ,300351.SZ_20250604_1,2025-06-04,2025-06-03,2025-06-04,0.06,,,,wind:wind_get_stock_events
300351.SZ,300351.SZ_20260522_1,2026-05-22,2026-05-21,2026-05-22,0.041,,,,wind:wind_get_stock_events
300352.SZ,300352.SZ_20150602_1,2015-06-02,2015-06-01,2015-06-02,0.05,,,,wind:wind_get_stock_events
300352.SZ,300352.SZ_20160523_1,2016-05-23,2016-05-20,2016-05-23,0.045,,0.9,2016-05-23,wind:wind_get_stock_events
300352.SZ,300352.SZ_20170522_1,2017-05-22,2017-05-19,2017-05-22,0.04,,1.5,2017-05-22,wind:wind_get_stock_events
300352.SZ,300352.SZ_20180608_1,2018-06-08,2018-06-07,2018-06-08,0.012,,,,wind:wind_get_stock_events
300352.SZ,300352.SZ_20190626_1,2019-06-26,2019-06-25,2019-06-26,0.01,,,,wind:wind_get_stock_events
300352.SZ,300352.SZ_20200619_1,2020-06-19,2020-06-18,2020-06-19,0.003,,,,wind:wind_get_stock_events
300352.SZ,300352.SZ_20210708_1,2021-07-08,2021-07-07,2021-07-08,0.004,,,,wind:wind_get_stock_events
300358.SZ,300358.SZ_20150319_1,2015-03-19,2015-03-18,2015-03-19,0.3,,1,2015-03-19,wind:wind_get_stock_events
300358.SZ,300358.SZ_20160520_1,2016-05-20,2016-05-19,2016-05-20,0.105,0.1,0.5,2016-05-20,wind:wind_get_stock_events
300358.SZ,300358.SZ_20170706_1,2017-07-06,2017-07-05,2017-07-06,0.061,,,,wind:wind_get_stock_events
300358.SZ,300358.SZ_20190531_1,2019-05-31,2019-05-30,2019-05-31,0.022,,,,wind:wind_get_stock_events
300358.SZ,300358.SZ_20200612_1,2020-06-12,2020-06-11,2020-06-12,0.035,,,,wind:wind_get_stock_events
300358.SZ,300358.SZ_20210527_1,2021-05-27,2021-05-26,2021-05-27,0.05,,,,wind:wind_get_stock_events
300358.SZ,300358.SZ_20220524_1,2022-05-24,2022-05-23,2022-05-24,0.12,,,,wind:wind_get_stock_events
300358.SZ,300358.SZ_20230711_1,2023-07-11,2023-07-10,2023-07-11,0.1,,,,wind:wind_get_stock_events
300358.SZ,300358.SZ_20240718_1,2024-07-18,2024-07-17,2024-07-18,0.1,,,,wind:wind_get_stock_events
300358.SZ,300358.SZ_20260626_1,2026-06-26,2026-06-25,2026-06-26,0.07,,,,wind:wind_get_stock_events
300360.SZ,300360.SZ_20150428_1,2015-04-28,2015-04-27,2015-04-28,0.2,,,,wind:wind_get_stock_events
300360.SZ,300360.SZ_20160415_1,2016-04-15,2016-04-14,2016-04-15,0.2,0.1,0.4,2016-04-15,wind:wind_get_stock_events
300360.SZ,300360.SZ_20170525_1,2017-05-25,2017-05-24,2017-05-25,0.15,,,,wind:wind_get_stock_events
300360.SZ,300360.SZ_20180525_1,2018-05-25,2018-05-24,2018-05-25,0.08,,,,wind:wind_get_stock_events
300360.SZ,300360.SZ_20190529_1,2019-05-29,2019-05-28,2019-05-29,0.1,,,,wind:wind_get_stock_events
300360.SZ,300360.SZ_20200526_1,2020-05-26,2020-05-25,2020-05-26,0.2,,0.3,2020-05-26,wind:wind_get_stock_events
300360.SZ,300360.SZ_20210514_1,2021-05-14,2021-05-13,2021-05-14,0.15,,,,wind:wind_get_stock_events
300360.SZ,300360.SZ_20220525_1,2022-05-25,2022-05-24,2022-05-25,0.15,,,,wind:wind_get_stock_events
300360.SZ,300360.SZ_20230526_1,2023-05-26,2023-05-25,2023-05-26,0.2,,,,wind:wind_get_stock_events
300360.SZ,300360.SZ_20240520_1,2024-05-20,2024-05-17,2024-05-20,0.5,,,,wind:wind_get_stock_events
300360.SZ,300360.SZ_20241220_1,2024-12-20,2024-12-19,2024-12-20,0.2,,,,wind:wind_get_stock_events
300360.SZ,300360.SZ_20250526_1,2025-05-26,2025-05-23,2025-05-26,0.4,,,,wind:wind_get_stock_events
300360.SZ,300360.SZ_20251219_1,2025-12-19,2025-12-18,2025-12-19,0.3,,,,wind:wind_get_stock_events
300360.SZ,300360.SZ_20260603_1,2026-06-03,2026-06-02,2026-06-03,0.3,,,,wind:wind_get_stock_events
300364.SZ,300364.SZ_20160607_1,2016-06-07,2016-06-06,2016-06-07,0.0197,,0.9857,2016-06-07,wind:wind_get_stock_events
300364.SZ,300364.SZ_20170801_1,2017-08-01,2017-07-31,2017-08-01,0.04,,1.5012,2017-08-01,wind:wind_get_stock_events
300364.SZ,300364.SZ_20180622_1,2018-06-22,2018-06-21,2018-06-22,0.014,,,,wind:wind_get_stock_events
300369.SZ,300369.SZ_20150528_1,2015-05-28,2015-05-27,2015-05-28,0.21,,1.5,2015-05-28,wind:wind_get_stock_events
300369.SZ,300369.SZ_20160708_1,2016-07-08,2016-07-07,2016-07-08,0.11,,,,wind:wind_get_stock_events
300369.SZ,300369.SZ_20170523_1,2017-05-23,2017-05-22,2017-05-23,0.12,,1,2017-05-23,wind:wind_get_stock_events
300369.SZ,300369.SZ_20180718_1,2018-07-18,2018-07-17,2018-07-18,0.0602,,,,wind:wind_get_stock_events
300369.SZ,300369.SZ_20190614_1,2019-06-14,2019-06-13,2019-06-14,0.06,,,,wind:wind_get_stock_events
300369.SZ,300369.SZ_20200529_1,2020-05-29,2020-05-28,2020-05-29,0.06,,,,wind:wind_get_stock_events
300369.SZ,300369.SZ_20210604_1,2021-06-04,2021-06-03,2021-06-04,0.078,,,,wind:wind_get_stock_events
300369.SZ,300369.SZ_20220616_1,2022-06-16,2022-06-15,2022-06-16,0.067,,,,wind:wind_get_stock_events
300369.SZ,300369.SZ_20230714_1,2023-07-14,2023-07-13,2023-07-14,0.008,,,,wind:wind_get_stock_events
300373.SZ,300373.SZ_20150528_1,2015-05-28,2015-05-27,2015-05-28,0.168,,,,wind:wind_get_stock_events
300373.SZ,300373.SZ_20151027_1,2015-10-27,2015-10-26,,,,1.5,2015-10-27,wind:wind_get_stock_events
300373.SZ,300373.SZ_20160428_1,2016-04-28,2016-04-27,2016-04-28,0.06,,,,wind:wind_get_stock_events
300373.SZ,300373.SZ_20170526_1,2017-05-26,2017-05-25,2017-05-26,0.12,,,,wind:wind_get_stock_events
300373.SZ,300373.SZ_20180606_1,2018-06-06,2018-06-05,2018-06-06,0.124,,,,wind:wind_get_stock_events
300373.SZ,300373.SZ_20190604_1,2019-06-04,2019-06-03,2019-06-04,0.2007,,,,wind:wind_get_stock_events
300373.SZ,300373.SZ_20190920_1,2019-09-20,2019-09-19,2019-09-20,0.055,,,,wind:wind_get_stock_events
300373.SZ,300373.SZ_20200521_1,2020-05-21,2020-05-20,2020-05-21,0.088,,,,wind:wind_get_stock_events
300373.SZ,300373.SZ_20210528_1,2021-05-28,2021-05-27,2021-05-28,0.15,,,,wind:wind_get_stock_events
300373.SZ,300373.SZ_20220526_1,2022-05-26,2022-05-25,2022-05-26,0.22,,,,wind:wind_get_stock_events
300373.SZ,300373.SZ_20230606_1,2023-06-06,2023-06-05,2023-06-06,0.5,,,,wind:wind_get_stock_events
300373.SZ,300373.SZ_20240528_1,2024-05-28,2024-05-27,2024-05-28,0.6,,,,wind:wind_get_stock_events
300373.SZ,300373.SZ_20240927_1,2024-09-27,2024-09-26,2024-09-27,0.26,,,,wind:wind_get_stock_events
300373.SZ,300373.SZ_20250430_1,2025-04-30,2025-04-29,2025-04-30,0.4,,,,wind:wind_get_stock_events
300373.SZ,300373.SZ_20250916_1,2025-09-16,2025-09-15,2025-09-16,0.42,,,,wind:wind_get_stock_events
300373.SZ,300373.SZ_20260508_1,2026-05-08,2026-05-07,2026-05-08,0.5,,,,wind:wind_get_stock_events
300379.SZ,300379.SZ_20150416_1,2015-04-16,2015-04-15,2015-04-16,0.2,,1,2015-04-16,wind:wind_get_stock_events
300379.SZ,300379.SZ_20160526_1,2016-05-26,2016-05-25,2016-05-26,0.125,,,,wind:wind_get_stock_events
300379.SZ,300379.SZ_20170517_1,2017-05-17,2017-05-16,2017-05-17,0.2,,1,2017-05-17,wind:wind_get_stock_events
300379.SZ,300379.SZ_20200605_1,2020-06-05,2020-06-04,2020-06-05,0.1,,,,wind:wind_get_stock_events
300379.SZ,300379.SZ_20210609_1,2021-06-09,2021-06-08,2021-06-09,0.12,,0.6,2021-06-09,wind:wind_get_stock_events
300379.SZ,300379.SZ_20220715_1,2022-07-15,2022-07-14,2022-07-15,0.09,,,,wind:wind_get_stock_events
300379.SZ,300379.SZ_20230727_1,2023-07-27,2023-07-26,2023-07-27,0.03,,,,wind:wind_get_stock_events
300382.SZ,300382.SZ_20150619_1,2015-06-19,2015-06-18,2015-06-19,1.5,,1.2,2015-06-19,wind:wind_get_stock_events
300382.SZ,300382.SZ_20160613_1,2016-06-13,2016-06-08,2016-06-13,0.5,,,,wind:wind_get_stock_events
300382.SZ,300382.SZ_20170802_1,2017-08-02,2017-08-01,2017-08-02,1,,1.5,2017-08-02,wind:wind_get_stock_events
300382.SZ,300382.SZ_20180612_1,2018-06-12,2018-06-11,2018-06-12,0.5,,0.8,2018-06-12,wind:wind_get_stock_events
300382.SZ,300382.SZ_20190710_1,2019-07-10,2019-07-09,2019-07-10,0.2,,,,wind:wind_get_stock_events
300382.SZ,300382.SZ_20200522_1,2020-05-22,2020-05-21,2020-05-22,0.035,,,,wind:wind_get_stock_events
300382.SZ,300382.SZ_20210630_1,2021-06-30,2021-06-29,2021-06-30,0.025,,,,wind:wind_get_stock_events
300382.SZ,300382.SZ_20220623_1,2022-06-23,2022-06-22,2022-06-23,0.05,,,,wind:wind_get_stock_events
300382.SZ,300382.SZ_20230615_1,2023-06-15,2023-06-14,2023-06-15,0.3,,,,wind:wind_get_stock_events
300382.SZ,300382.SZ_20240711_1,2024-07-11,2024-07-10,2024-07-11,0.1,,,,wind:wind_get_stock_events
300383.SZ,300383.SZ_20150522_1,2015-05-22,2015-05-21,2015-05-22,0.3,,1.5,2015-05-22,wind:wind_get_stock_events
300383.SZ,300383.SZ_20151008_1,2015-10-08,2015-09-30,2015-10-08,0.06,0.5,0.5,2015-10-08,wind:wind_get_stock_events
300383.SZ,300383.SZ_20160413_1,2016-04-13,2016-04-12,2016-04-13,0.02,,,,wind:wind_get_stock_events
300383.SZ,300383.SZ_20170428_1,2017-04-28,2017-04-27,2017-04-28,0.1,,1,2017-04-28,wind:wind_get_stock_events
300383.SZ,300383.SZ_20180424_1,2018-04-24,2018-04-23,2018-04-24,0.02,,,,wind:wind_get_stock_events
300383.SZ,300383.SZ_20190520_1,2019-05-20,2019-05-17,2019-05-20,0.02,,,,wind:wind_get_stock_events
300383.SZ,300383.SZ_20200519_1,2020-05-19,2020-05-18,2020-05-19,0.02,,,,wind:wind_get_stock_events
300383.SZ,300383.SZ_20210525_1,2021-05-25,2021-05-24,2021-05-25,0.025,,,,wind:wind_get_stock_events
300383.SZ,300383.SZ_20220525_1,2022-05-25,2022-05-24,2022-05-25,0.02,,,,wind:wind_get_stock_events
300383.SZ,300383.SZ_20240508_1,2024-05-08,2024-05-07,2024-05-08,0.1,,,,wind:wind_get_stock_events
300383.SZ,300383.SZ_20250521_1,2025-05-21,2025-05-20,2025-05-21,0.06,,,,wind:wind_get_stock_events
300383.SZ,300383.SZ_20260528_1,2026-05-28,2026-05-27,2026-05-28,0.02,,,,wind:wind_get_stock_events
300385.SZ,300385.SZ_20150709_1,2015-07-09,2015-07-08,2015-07-09,0.1,,0.5,2015-07-09,wind:wind_get_stock_events
300385.SZ,300385.SZ_20160715_1,2016-07-15,2016-07-14,2016-07-15,0.1,,,,wind:wind_get_stock_events
300385.SZ,300385.SZ_20170428_1,2017-04-28,2017-04-27,2017-04-28,0.125,,,,wind:wind_get_stock_events
300385.SZ,300385.SZ_20180711_1,2018-07-11,2018-07-10,2018-07-11,0.07,,,,wind:wind_get_stock_events
300385.SZ,300385.SZ_20190711_1,2019-07-11,2019-07-10,2019-07-11,0.07,,0.6,2019-07-11,wind:wind_get_stock_events
300385.SZ,300385.SZ_20200521_1,2020-05-21,2020-05-20,2020-05-21,0.1,,0.6,2020-05-21,wind:wind_get_stock_events
300387.SZ,300387.SZ_20150616_1,2015-06-16,2015-06-15,2015-06-16,0.15,,,,wind:wind_get_stock_events
300387.SZ,300387.SZ_20150911_1,2015-09-11,2015-09-10,,,,1,2015-09-11,wind:wind_get_stock_events
300387.SZ,300387.SZ_20160621_1,2016-06-21,2016-06-20,2016-06-21,0.11,,,,wind:wind_get_stock_events
300387.SZ,300387.SZ_20170606_1,2017-06-06,2017-06-05,2017-06-06,0.137,,,,wind:wind_get_stock_events
300387.SZ,300387.SZ_20180528_1,2018-05-28,2018-05-25,2018-05-28,0.11,,0.8002,2018-05-28,wind:wind_get_stock_events
300387.SZ,300387.SZ_20190702_1,2019-07-02,2019-07-01,2019-07-02,0.05,,,,wind:wind_get_stock_events
300387.SZ,300387.SZ_20200617_1,2020-06-17,2020-06-16,2020-06-17,0.05,,,,wind:wind_get_stock_events
300387.SZ,300387.SZ_20210601_1,2021-06-01,2021-05-31,2021-06-01,0.05,,,,wind:wind_get_stock_events
300387.SZ,300387.SZ_20220531_1,2022-05-31,2022-05-30,2022-05-31,0.05,,,,wind:wind_get_stock_events
300387.SZ,300387.SZ_20230621_1,2023-06-21,2023-06-20,2023-06-21,0.05,,,,wind:wind_get_stock_events
300387.SZ,300387.SZ_20240531_1,2024-05-31,2024-05-30,2024-05-31,0.06,,,,wind:wind_get_stock_events
300387.SZ,300387.SZ_20250530_1,2025-05-30,2025-05-29,2025-05-30,0.07,,,,wind:wind_get_stock_events
300387.SZ,300387.SZ_20260601_1,2026-06-01,2026-05-29,2026-06-01,0.06,,,,wind:wind_get_stock_events
300390.SZ,300390.SZ_20150416_1,2015-04-16,2015-04-15,2015-04-16,0.2,,0.5,2015-04-16,wind:wind_get_stock_events
300390.SZ,300390.SZ_20160429_1,2016-04-29,2016-04-28,2016-04-29,0.2,,1.5,2016-04-29,wind:wind_get_stock_events
300390.SZ,300390.SZ_20180606_1,2018-06-06,2018-06-05,2018-06-06,0.03,,,,wind:wind_get_stock_events
300390.SZ,300390.SZ_20190528_1,2019-05-28,2019-05-27,2019-05-28,0.15,,0.6,2019-05-28,wind:wind_get_stock_events
300390.SZ,300390.SZ_20200527_1,2020-05-27,2020-05-26,2020-05-27,0.05,,,,wind:wind_get_stock_events
300390.SZ,300390.SZ_20210527_1,2021-05-27,2021-05-26,2021-05-27,0.1,,,,wind:wind_get_stock_events
300390.SZ,300390.SZ_20220316_1,2022-03-16,2022-03-15,2022-03-16,0.5,,,,wind:wind_get_stock_events
300390.SZ,300390.SZ_20230505_1,2023-05-05,2023-05-04,2023-05-05,2,,0.3,2023-05-05,wind:wind_get_stock_events
300390.SZ,300390.SZ_20240531_1,2024-05-31,2024-05-30,2024-05-31,1,,,,wind:wind_get_stock_events
300390.SZ,300390.SZ_20250530_1,2025-05-30,2025-05-29,2025-05-30,0.6,,,,wind:wind_get_stock_events
300393.SZ,300393.SZ_20150527_1,2015-05-27,2015-05-26,2015-05-27,0.2,,,,wind:wind_get_stock_events
300393.SZ,300393.SZ_20160527_1,2016-05-27,2016-05-26,2016-05-27,0.3,0.5,,2016-05-27,wind:wind_get_stock_events
300393.SZ,300393.SZ_20171016_1,2017-10-16,2017-10-13,2017-10-16,0.1494,,,,wind:wind_get_stock_events
300393.SZ,300393.SZ_20180419_1,2018-04-19,2018-04-18,2018-04-19,0.5011,,,,wind:wind_get_stock_events
300393.SZ,300393.SZ_20190619_1,2019-06-19,2019-06-18,2019-06-19,0.4093,,0.5116,2019-06-19,wind:wind_get_stock_events
300393.SZ,300393.SZ_20200610_1,2020-06-10,2020-06-09,2020-06-10,0.35,,0.8,2020-06-10,wind:wind_get_stock_events
300393.SZ,300393.SZ_20210528_1,2021-05-28,2021-05-27,,,,0.4,2021-05-28,wind:wind_get_stock_events
300393.SZ,300393.SZ_20230712_1,2023-07-12,2023-07-11,2023-07-12,0.04,,,,wind:wind_get_stock_events
300393.SZ,300393.SZ_20240709_1,2024-07-09,2024-07-08,2024-07-09,0.138,,,,wind:wind_get_stock_events
300512.SZ,300512.SZ_20160906_1,2016-09-06,2016-09-05,,,,1,2016-09-06,wind:wind_get_stock_events
300512.SZ,300512.SZ_20170627_1,2017-06-27,2017-06-26,2017-06-27,0.45,,,,wind:wind_get_stock_events
300512.SZ,300512.SZ_20180709_1,2018-07-09,2018-07-06,2018-07-09,1,,,,wind:wind_get_stock_events
300512.SZ,300512.SZ_20190715_1,2019-07-15,2019-07-12,2019-07-15,0.13,,,,wind:wind_get_stock_events
300512.SZ,300512.SZ_20200716_1,2020-07-16,2020-07-15,2020-07-16,0.08,,,,wind:wind_get_stock_events
300512.SZ,300512.SZ_20210715_1,2021-07-15,2021-07-14,2021-07-15,0.0401,,,,wind:wind_get_stock_events
300512.SZ,300512.SZ_20211020_1,2021-10-20,2021-10-19,2021-10-20,0.055,,,,wind:wind_get_stock_events
300512.SZ,300512.SZ_20220624_1,2022-06-24,2022-06-23,2022-06-24,0.02,,0.5,2022-06-24,wind:wind_get_stock_events
300512.SZ,300512.SZ_20230704_1,2023-07-04,2023-07-03,2023-07-04,0.03,,,,wind:wind_get_stock_events
300512.SZ,300512.SZ_20240605_1,2024-06-05,2024-06-04,2024-06-05,0.1,,,,wind:wind_get_stock_events
300512.SZ,300512.SZ_20241021_1,2024-10-21,2024-10-18,2024-10-21,0.01,,,,wind:wind_get_stock_events
300512.SZ,300512.SZ_20250704_1,2025-07-04,2025-07-03,2025-07-04,0.05,,,,wind:wind_get_stock_events
300512.SZ,300512.SZ_20251015_1,2025-10-15,2025-10-14,2025-10-15,0.01,,,,wind:wind_get_stock_events
300512.SZ,300512.SZ_20260708_1,2026-07-08,2026-07-07,2026-07-08,0.02,,,,wind:wind_get_stock_events
300513.SZ,300513.SZ_20170713_1,2017-07-13,2017-07-12,2017-07-13,0.12,,0.6,2017-07-13,wind:wind_get_stock_events
300513.SZ,300513.SZ_20190711_1,2019-07-11,2019-07-10,2019-07-11,0.15,,0.8,2019-07-11,wind:wind_get_stock_events
300513.SZ,300513.SZ_20200618_1,2020-06-18,2020-06-17,2020-06-18,0.11,,,,wind:wind_get_stock_events
300513.SZ,300513.SZ_20210528_1,2021-05-28,2021-05-27,2021-05-28,0.07,,,,wind:wind_get_stock_events
300513.SZ,300513.SZ_20240719_1,2024-07-19,2024-07-18,2024-07-19,0.035,,,,wind:wind_get_stock_events
300515.SZ,300515.SZ_20170616_1,2017-06-16,2017-06-15,2017-06-16,0.2,,1,2017-06-16,wind:wind_get_stock_events
300515.SZ,300515.SZ_20180528_1,2018-05-28,2018-05-25,2018-05-28,0.075,,,,wind:wind_get_stock_events
300515.SZ,300515.SZ_20190523_1,2019-05-23,2019-05-22,2019-05-23,0.1,,,,wind:wind_get_stock_events
300515.SZ,300515.SZ_20200527_1,2020-05-27,2020-05-26,2020-05-27,0.125,,,,wind:wind_get_stock_events
300515.SZ,300515.SZ_20210611_1,2021-06-11,2021-06-10,2021-06-11,0.15,,,,wind:wind_get_stock_events
300515.SZ,300515.SZ_20220527_1,2022-05-27,2022-05-26,2022-05-27,0.165,,,,wind:wind_get_stock_events
300515.SZ,300515.SZ_20230530_1,2023-05-30,2023-05-29,2023-05-30,0.175,,,,wind:wind_get_stock_events
300515.SZ,300515.SZ_20240530_1,2024-05-30,2024-05-29,2024-05-30,0.145,,,,wind:wind_get_stock_events
300515.SZ,300515.SZ_20250627_1,2025-06-27,2025-06-26,2025-06-27,0.3,,,,wind:wind_get_stock_events
300515.SZ,300515.SZ_20260604_1,2026-06-04,2026-06-03,2026-06-04,0.4,,,,wind:wind_get_stock_events
300518.SZ,300518.SZ_20170519_1,2017-05-19,2017-05-18,2017-05-19,0.165,,,,wind:wind_get_stock_events
300518.SZ,300518.SZ_20180620_1,2018-06-20,2018-06-19,2018-06-20,0.11,,,,wind:wind_get_stock_events
300518.SZ,300518.SZ_20190613_1,2019-06-13,2019-06-12,2019-06-13,0.02,,,,wind:wind_get_stock_events
300518.SZ,300518.SZ_20200609_1,2020-06-09,2020-06-08,2020-06-09,0.015,,,,wind:wind_get_stock_events
300518.SZ,300518.SZ_20220823_1,2022-08-23,2022-08-22,2022-08-23,0.2,,0.4,2022-08-23,wind:wind_get_stock_events
300518.SZ,300518.SZ_20230609_1,2023-06-09,2023-06-08,2023-06-09,0.065,,0.4,2023-06-09,wind:wind_get_stock_events
300520.SZ,300520.SZ_20170718_1,2017-07-18,2017-07-17,2017-07-18,0.12,,1.2,2017-07-18,wind:wind_get_stock_events
300520.SZ,300520.SZ_20180612_1,2018-06-12,2018-06-11,2018-06-12,0.025,,,,wind:wind_get_stock_events
300520.SZ,300520.SZ_20190619_1,2019-06-19,2019-06-18,2019-06-19,0.025,,,,wind:wind_get_stock_events
300520.SZ,300520.SZ_20200612_1,2020-06-12,2020-06-11,2020-06-12,0.1204,,,,wind:wind_get_stock_events
300520.SZ,300520.SZ_20210708_1,2021-07-08,2021-07-07,2021-07-08,0.1023,,,,wind:wind_get_stock_events
300520.SZ,300520.SZ_20220608_1,2022-06-08,2022-06-07,2022-06-08,0.0992,,,,wind:wind_get_stock_events
300521.SZ,300521.SZ_20170929_1,2017-09-29,2017-09-28,2017-09-29,0.1,,0.8,2017-09-29,wind:wind_get_stock_events
300521.SZ,300521.SZ_20180522_1,2018-05-22,2018-05-21,2018-05-22,0.05,,,,wind:wind_get_stock_events
300521.SZ,300521.SZ_20190610_1,2019-06-10,2019-06-06,2019-06-10,0.035,,,,wind:wind_get_stock_events
300521.SZ,300521.SZ_20200605_1,2020-06-05,2020-06-04,2020-06-05,0.005,,,,wind:wind_get_stock_events
300521.SZ,300521.SZ_20250210_1,2025-02-10,2025-02-07,2025-02-10,0.04,,,,wind:wind_get_stock_events
