code,call,error
002374.SZ,wind_get_stock_events(listing),no RESULT_JSON entry (attempts=3)
002375.SZ,wind_get_stock_events(listing),no RESULT_JSON entry (attempts=3)
002376.SZ,wind_get_stock_events(listing),no RESULT_JSON entry (attempts=3)
000777.SZ,wind_get_stock_events(listing),no RESULT_JSON entry (attempts=3)
000778.SZ,wind_get_stock_events(listing),no RESULT_JSON entry (attempts=3)
000779.SZ,wind_get_stock_events(listing),no RESULT_JSON entry (attempts=3)
300948.SZ,wind_get_stock_events(listing),no RESULT_JSON entry (attempts=3)
300950.SZ,wind_get_stock_events(listing),no RESULT_JSON entry (attempts=3)
300952.SZ,wind_get_stock_events(listing),no RESULT_JSON entry (attempts=3)
301119.SZ,wind_get_stock_events(listing),no RESULT_JSON entry (attempts=3)
301122.SZ,wind_get_stock_events(listing),no RESULT_JSON entry (attempts=3)
301123.SZ,wind_get_stock_events(listing),no RESULT_JSON entry (attempts=3)
000777.SZ,wind_get_stock_info,<system>ERROR: Tool execution failed.</system> Request timed out after 30 seconds. (attempts=4)
000778.SZ,wind_get_stock_info,<system>ERROR: Tool execution failed.</system> Request timed out after 30 seconds. (attempts=4)
000779.SZ,wind_get_stock_info,<system>ERROR: Tool execution failed.</system> Request timed out after 30 seconds. (attempts=4)
002374.SZ,wind_get_stock_info,<system>ERROR: Tool execution failed.</system> Request timed out after 30 seconds. (attempts=4)
002375.SZ,wind_get_stock_info,<system>ERROR: Tool execution failed.</system> Request timed out after 30 seconds. (attempts=4)
002376.SZ,wind_get_stock_info,<system>ERROR: Tool execution failed.</system> Request timed out after 30 seconds. (attempts=4)
300948.SZ,wind_get_stock_info,<system>ERROR: Tool execution failed.</system> Request timed out after 30 seconds. (attempts=6)
300950.SZ,wind_get_stock_info,<system>ERROR: Tool execution failed.</system> Request timed out after 30 seconds. (attempts=6)
300952.SZ,wind_get_stock_info,<system>ERROR: Tool execution failed.</system> Request timed out after 30 seconds. (attempts=6)
301119.SZ,wind_get_stock_info,Request timed out after 30 seconds. (attempts=7)
301122.SZ,wind_get_stock_info,Request timed out after 30 seconds. (attempts=7)
301123.SZ,wind_get_stock_info,Request timed out after 30 seconds. (attempts=7)
300241.SZ,wind_get_stock_events," the current 7-day window ends. To continue now, purchase extra usage or upgrade your plan: https://www.kimi.com/membership/subscription?tab=quota See log: C:\Users\wangc\.kimi-code\logs\kimi-code.log (attempts=1)"
300242.SZ,wind_get_stock_events," the current 7-day window ends. To continue now, purchase extra usage or upgrade your plan: https://www.kimi.com/membership/subscription?tab=quota See log: C:\Users\wangc\.kimi-code\logs\kimi-code.log (attempts=1)"
300243.SZ,wind_get_stock_events," the current 7-day window ends. To continue now, purchase extra usage or upgrade your plan: https://www.kimi.com/membership/subscription?tab=quota See log: C:\Users\wangc\.kimi-code\logs\kimi-code.log (attempts=1)"
300244.SZ,wind_get_stock_events," the current 7-day window ends. To continue now, purchase extra usage or upgrade your plan: https://www.kimi.com/membership/subscription?tab=quota See log: C:\Users\wangc\.kimi-code\logs\kimi-code.log (attempts=1)"
300247.SZ,wind_get_stock_events," the current 7-day window ends. To continue now, purchase extra usage or upgrade your plan: https://www.kimi.com/membership/subscription?tab=quota See log: C:\Users\wangc\.kimi-code\logs\kimi-code.log (attempts=1)"
300248.SZ,wind_get_stock_events," the current 7-day window ends. To continue now, purchase extra usage or upgrade your plan: https://www.kimi.com/membership/subscription?tab=quota See log: C:\Users\wangc\.kimi-code\logs\kimi-code.log (attempts=1)"
300249.SZ,wind_get_stock_events," the current 7-day window ends. To continue now, purchase extra usage or upgrade your plan: https://www.kimi.com/membership/subscription?tab=quota See log: C:\Users\wangc\.kimi-code\logs\kimi-code.log (attempts=1)"
300252.SZ,wind_get_stock_events," the current 7-day window ends. To continue now, purchase extra usage or upgrade your plan: https://www.kimi.com/membership/subscription?tab=quota See log: C:\Users\wangc\.kimi-code\logs\kimi-code.log (attempts=1)"
300253.SZ,wind_get_stock_events," the current 7-day window ends. To continue now, purchase extra usage or upgrade your plan: https://www.kimi.com/membership/subscription?tab=quota See log: C:\Users\wangc\.kimi-code\logs\kimi-code.log (attempts=1)"
300256.SZ,wind_get_stock_events," the current 7-day window ends. To continue now, purchase extra usage or upgrade your plan: https://www.kimi.com/membership/subscription?tab=quota See log: C:\Users\wangc\.kimi-code\logs\kimi-code.log (attempts=1)"
300257.SZ,wind_get_stock_events," the current 7-day window ends. To continue now, purchase extra usage or upgrade your plan: https://www.kimi.com/membership/subscription?tab=quota See log: C:\Users\wangc\.kimi-code\logs\kimi-code.log (attempts=1)"
300258.SZ,wind_get_stock_events," the current 7-day window ends. To continue now, purchase extra usage or upgrade your plan: https://www.kimi.com/membership/subscription?tab=quota See log: C:\Users\wangc\.kimi-code\logs\kimi-code.log (attempts=1)"
300259.SZ,wind_get_stock_events," the current 7-day window ends. To continue now, purchase extra usage or upgrade your plan: https://www.kimi.com/membership/subscription?tab=quota See log: C:\Users\wangc\.kimi-code\logs\kimi-code.log (attempts=1)"
300260.SZ,wind_get_stock_events," the current 7-day window ends. To continue now, purchase extra usage or upgrade your plan: https://www.kimi.com/membership/subscription?tab=quota See log: C:\Users\wangc\.kimi-code\logs\kimi-code.log (attempts=1)"
300263.SZ,wind_get_stock_events," the current 7-day window ends. To continue now, purchase extra usage or upgrade your plan: https://www.kimi.com/membership/subscription?tab=quota See log: C:\Users\wangc\.kimi-code\logs\kimi-code.log (attempts=1)"
300264.SZ,wind_get_stock_events," the current 7-day window ends. To continue now, purchase extra usage or upgrade your plan: https://www.kimi.com/membership/subscription?tab=quota See log: C:\Users\wangc\.kimi-code\logs\kimi-code.log (attempts=1)"
300265.SZ,wind_get_stock_events," the current 7-day window ends. To continue now, purchase extra usage or upgrade your plan: https://www.kimi.com/membership/subscription?tab=quota See log: C:\Users\wangc\.kimi-code\logs\kimi-code.log (attempts=1)"
300267.SZ,wind_get_stock_events," the current 7-day window ends. To continue now, purchase extra usage or upgrade your plan: https://www.kimi.com/membership/subscription?tab=quota See log: C:\Users\wangc\.kimi-code\logs\kimi-code.log (attempts=1)"
300272.SZ,wind_get_stock_events," the current 7-day window ends. To continue now, purchase extra usage or upgrade your plan: https://www.kimi.com/membership/subscription?tab=quota See log: C:\Users\wangc\.kimi-code\logs\kimi-code.log (attempts=1)"
300277.SZ,wind_get_stock_events," the current 7-day window ends. To continue now, purchase extra usage or upgrade your plan: https://www.kimi.com/membership/subscription?tab=quota See log: C:\Users\wangc\.kimi-code\logs\kimi-code.log (attempts=1)"
300279.SZ,wind_get_stock_events," the current 7-day window ends. To continue now, purchase extra usage or upgrade your plan: https://www.kimi.com/membership/subscription?tab=quota See log: C:\Users\wangc\.kimi-code\logs\kimi-code.log (attempts=1)"
300283.SZ,wind_get_stock_events," the current 7-day window ends. To continue now, purchase extra usage or upgrade your plan: https://www.kimi.com/membership/subscription?tab=quota See log: C:\Users\wangc\.kimi-code\logs\kimi-code.log (attempts=1)"
300285.SZ,wind_get_stock_events," the current 7-day window ends. To continue now, purchase extra usage or upgrade your plan: https://www.kimi.com/membership/subscription?tab=quota See log: C:\Users\wangc\.kimi-code\logs\kimi-code.log (attempts=1)"
300286.SZ,wind_get_stock_events," the current 7-day window ends. To continue now, purchase extra usage or upgrade your plan: https://www.kimi.com/membership/subscription?tab=quota See log: C:\Users\wangc\.kimi-code\logs\kimi-code.log (attempts=1)"
300289.SZ,wind_get_stock_events," the current 7-day window ends. To continue now, purchase extra usage or upgrade your plan: https://www.kimi.com/membership/subscription?tab=quota See log: C:\Users\wangc\.kimi-code\logs\kimi-code.log (attempts=1)"
300292.SZ,wind_get_stock_events," the current 7-day window ends. To continue now, purchase extra usage or upgrade your plan: https://www.kimi.com/membership/subscription?tab=quota See log: C:\Users\wangc\.kimi-code\logs\kimi-code.log (attempts=1)"
300296.SZ,wind_get_stock_events," the current 7-day window ends. To continue now, purchase extra usage or upgrade your plan: https://www.kimi.com/membership/subscription?tab=quota See log: C:\Users\wangc\.kimi-code\logs\kimi-code.log (attempts=1)"
300302.SZ,wind_get_stock_events," the current 7-day window ends. To continue now, purchase extra usage or upgrade your plan: https://www.kimi.com/membership/subscription?tab=quota See log: C:\Users\wangc\.kimi-code\logs\kimi-code.log (attempts=1)"
300303.SZ,wind_get_stock_events," the current 7-day window ends. To continue now, purchase extra usage or upgrade your plan: https://www.kimi.com/membership/subscription?tab=quota See log: C:\Users\wangc\.kimi-code\logs\kimi-code.log (attempts=1)"
300306.SZ,wind_get_stock_events," the current 7-day window ends. To continue now, purchase extra usage or upgrade your plan: https://www.kimi.com/membership/subscription?tab=quota See log: C:\Users\wangc\.kimi-code\logs\kimi-code.log (attempts=1)"
300311.SZ,wind_get_stock_events," the current 7-day window ends. To continue now, purchase extra usage or upgrade your plan: https://www.kimi.com/membership/subscription?tab=quota See log: C:\Users\wangc\.kimi-code\logs\kimi-code.log (attempts=1)"
300316.SZ,wind_get_stock_events," the current 7-day window ends. To continue now, purchase extra usage or upgrade your plan: https://www.kimi.com/membership/subscription?tab=quota See log: C:\Users\wangc\.kimi-code\logs\kimi-code.log (attempts=1)"
300317.SZ,wind_get_stock_events," the current 7-day window ends. To continue now, purchase extra usage or upgrade your plan: https://www.kimi.com/membership/subscription?tab=quota See log: C:\Users\wangc\.kimi-code\logs\kimi-code.log (attempts=1)"
300318.SZ,wind_get_stock_events," the current 7-day window ends. To continue now, purchase extra usage or upgrade your plan: https://www.kimi.com/membership/subscription?tab=quota See log: C:\Users\wangc\.kimi-code\logs\kimi-code.log (attempts=1)"
300319.SZ,wind_get_stock_events," the current 7-day window ends. To continue now, purchase extra usage or upgrade your plan: https://www.kimi.com/membership/subscription?tab=quota See log: C:\Users\wangc\.kimi-code\logs\kimi-code.log (attempts=1)"
300321.SZ,wind_get_stock_events," the current 7-day window ends. To continue now, purchase extra usage or upgrade your plan: https://www.kimi.com/membership/subscription?tab=quota See log: C:\Users\wangc\.kimi-code\logs\kimi-code.log (attempts=1)"
300323.SZ,wind_get_stock_events," the current 7-day window ends. To continue now, purchase extra usage or upgrade your plan: https://www.kimi.com/membership/subscription?tab=quota See log: C:\Users\wangc\.kimi-code\logs\kimi-code.log (attempts=1)"
300326.SZ,wind_get_stock_events," the current 7-day window ends. To continue now, purchase extra usage or upgrade your plan: https://www.kimi.com/membership/subscription?tab=quota See log: C:\Users\wangc\.kimi-code\logs\kimi-code.log (attempts=1)"
300327.SZ,wind_get_stock_events," the current 7-day window ends. To continue now, purchase extra usage or upgrade your plan: https://www.kimi.com/membership/subscription?tab=quota See log: C:\Users\wangc\.kimi-code\logs\kimi-code.log (attempts=1)"
300332.SZ,wind_get_stock_events," the current 7-day window ends. To continue now, purchase extra usage or upgrade your plan: https://www.kimi.com/membership/subscription?tab=quota See log: C:\Users\wangc\.kimi-code\logs\kimi-code.log (attempts=1)"
300334.SZ,wind_get_stock_events," the current 7-day window ends. To continue now, purchase extra usage or upgrade your plan: https://www.kimi.com/membership/subscription?tab=quota See log: C:\Users\wangc\.kimi-code\logs\kimi-code.log (attempts=1)"
300335.SZ,wind_get_stock_events," the current 7-day window ends. To continue now, purchase extra usage or upgrade your plan: https://www.kimi.com/membership/subscription?tab=quota See log: C:\Users\wangc\.kimi-code\logs\kimi-code.log (attempts=1)"
300394.SZ,wind_get_stock_events," the current 7-day window ends. To continue now, purchase extra usage or upgrade your plan: https://www.kimi.com/membership/subscription?tab=quota See log: C:\Users\wangc\.kimi-code\logs\kimi-code.log (attempts=1)"
300395.SZ,wind_get_stock_events," the current 7-day window ends. To continue now, purchase extra usage or upgrade your plan: https://www.kimi.com/membership/subscription?tab=quota See log: C:\Users\wangc\.kimi-code\logs\kimi-code.log (attempts=1)"
300397.SZ,wind_get_stock_events," the current 7-day window ends. To continue now, purchase extra usage or upgrade your plan: https://www.kimi.com/membership/subscription?tab=quota See log: C:\Users\wangc\.kimi-code\logs\kimi-code.log (attempts=1)"
300398.SZ,wind_get_stock_events," the current 7-day window ends. To continue now, purchase extra usage or upgrade your plan: https://www.kimi.com/membership/subscription?tab=quota See log: C:\Users\wangc\.kimi-code\logs\kimi-code.log (attempts=1)"
300401.SZ,wind_get_stock_events," the current 7-day window ends. To continue now, purchase extra usage or upgrade your plan: https://www.kimi.com/membership/subscription?tab=quota See log: C:\Users\wangc\.kimi-code\logs\kimi-code.log (attempts=1)"
300404.SZ,wind_get_stock_events," the current 7-day window ends. To continue now, purchase extra usage or upgrade your plan: https://www.kimi.com/membership/subscription?tab=quota See log: C:\Users\wangc\.kimi-code\logs\kimi-code.log (attempts=1)"
300405.SZ,wind_get_stock_events," the current 7-day window ends. To continue now, purchase extra usage or upgrade your plan: https://www.kimi.com/membership/subscription?tab=quota See log: C:\Users\wangc\.kimi-code\logs\kimi-code.log (attempts=1)"
300407.SZ,wind_get_stock_events," the current 7-day window ends. To continue now, purchase extra usage or upgrade your plan: https://www.kimi.com/membership/subscription?tab=quota See log: C:\Users\wangc\.kimi-code\logs\kimi-code.log (attempts=1)"
300408.SZ,wind_get_stock_events," the current 7-day window ends. To continue now, purchase extra usage or upgrade your plan: https://www.kimi.com/membership/subscription?tab=quota See log: C:\Users\wangc\.kimi-code\logs\kimi-code.log (attempts=1)"
300410.SZ,wind_get_stock_events," the current 7-day window ends. To continue now, purchase extra usage or upgrade your plan: https://www.kimi.com/membership/subscription?tab=quota See log: C:\Users\wangc\.kimi-code\logs\kimi-code.log (attempts=1)"
300412.SZ,wind_get_stock_events," the current 7-day window ends. To continue now, purchase extra usage or upgrade your plan: https://www.kimi.com/membership/subscription?tab=quota See log: C:\Users\wangc\.kimi-code\logs\kimi-code.log (attempts=1)"
300413.SZ,wind_get_stock_events," the current 7-day window ends. To continue now, purchase extra usage or upgrade your plan: https://www.kimi.com/membership/subscription?tab=quota See log: C:\Users\wangc\.kimi-code\logs\kimi-code.log (attempts=1)"
300415.SZ,wind_get_stock_events," the current 7-day window ends. To continue now, purchase extra usage or upgrade your plan: https://www.kimi.com/membership/subscription?tab=quota See log: C:\Users\wangc\.kimi-code\logs\kimi-code.log (attempts=1)"
300416.SZ,wind_get_stock_events," the current 7-day window ends. To continue now, purchase extra usage or upgrade your plan: https://www.kimi.com/membership/subscription?tab=quota See log: C:\Users\wangc\.kimi-code\logs\kimi-code.log (attempts=1)"
300420.SZ,wind_get_stock_events," the current 7-day window ends. To continue now, purchase extra usage or upgrade your plan: https://www.kimi.com/membership/subscription?tab=quota See log: C:\Users\wangc\.kimi-code\logs\kimi-code.log (attempts=1)"
300422.SZ,wind_get_stock_events," the current 7-day window ends. To continue now, purchase extra usage or upgrade your plan: https://www.kimi.com/membership/subscription?tab=quota See log: C:\Users\wangc\.kimi-code\logs\kimi-code.log (attempts=1)"
300423.SZ,wind_get_stock_events," the current 7-day window ends. To continue now, purchase extra usage or upgrade your plan: https://www.kimi.com/membership/subscription?tab=quota See log: C:\Users\wangc\.kimi-code\logs\kimi-code.log (attempts=1)"
300424.SZ,wind_get_stock_events," the current 7-day window ends. To continue now, purchase extra usage or upgrade your plan: https://www.kimi.com/membership/subscription?tab=quota See log: C:\Users\wangc\.kimi-code\logs\kimi-code.log (attempts=1)"
300428.SZ,wind_get_stock_events," the current 7-day window ends. To continue now, purchase extra usage or upgrade your plan: https://www.kimi.com/membership/subscription?tab=quota See log: C:\Users\wangc\.kimi-code\logs\kimi-code.log (attempts=1)"
300429.SZ,wind_get_stock_events," the current 7-day window ends. To continue now, purchase extra usage or upgrade your plan: https://www.kimi.com/membership/subscription?tab=quota See log: C:\Users\wangc\.kimi-code\logs\kimi-code.log (attempts=1)"
300430.SZ,wind_get_stock_events," the current 7-day window ends. To continue now, purchase extra usage or upgrade your plan: https://www.kimi.com/membership/subscription?tab=quota See log: C:\Users\wangc\.kimi-code\logs\kimi-code.log (attempts=1)"
300434.SZ,wind_get_stock_events," the current 7-day window ends. To continue now, purchase extra usage or upgrade your plan: https://www.kimi.com/membership/subscription?tab=quota See log: C:\Users\wangc\.kimi-code\logs\kimi-code.log (attempts=1)"
300436.SZ,wind_get_stock_events," the current 7-day window ends. To continue now, purchase extra usage or upgrade your plan: https://www.kimi.com/membership/subscription?tab=quota See log: C:\Users\wangc\.kimi-code\logs\kimi-code.log (attempts=1)"
300437.SZ,wind_get_stock_events," the current 7-day window ends. To continue now, purchase extra usage or upgrade your plan: https://www.kimi.com/membership/subscription?tab=quota See log: C:\Users\wangc\.kimi-code\logs\kimi-code.log (attempts=1)"
300440.SZ,wind_get_stock_events," the current 7-day window ends. To continue now, purchase extra usage or upgrade your plan: https://www.kimi.com/membership/subscription?tab=quota See log: C:\Users\wangc\.kimi-code\logs\kimi-code.log (attempts=1)"
300443.SZ,wind_get_stock_events," the current 7-day window ends. To continue now, purchase extra usage or upgrade your plan: https://www.kimi.com/membership/subscription?tab=quota See log: C:\Users\wangc\.kimi-code\logs\kimi-code.log (attempts=1)"
300444.SZ,wind_get_stock_events," the current 7-day window ends. To continue now, purchase extra usage or upgrade your plan: https://www.kimi.com/membership/subscription?tab=quota See log: C:\Users\wangc\.kimi-code\logs\kimi-code.log (attempts=1)"
300445.SZ,wind_get_stock_events," the current 7-day window ends. To continue now, purchase extra usage or upgrade your plan: https://www.kimi.com/membership/subscription?tab=quota See log: C:\Users\wangc\.kimi-code\logs\kimi-code.log (attempts=1)"
300446.SZ,wind_get_stock_events," the current 7-day window ends. To continue now, purchase extra usage or upgrade your plan: https://www.kimi.com/membership/subscription?tab=quota See log: C:\Users\wangc\.kimi-code\logs\kimi-code.log (attempts=1)"
300447.SZ,wind_get_stock_events," the current 7-day window ends. To continue now, purchase extra usage or upgrade your plan: https://www.kimi.com/membership/subscription?tab=quota See log: C:\Users\wangc\.kimi-code\logs\kimi-code.log (attempts=1)"
300448.SZ,wind_get_stock_events," the current 7-day window ends. To continue now, purchase extra usage or upgrade your plan: https://www.kimi.com/membership/subscription?tab=quota See log: C:\Users\wangc\.kimi-code\logs\kimi-code.log (attempts=1)"
300449.SZ,wind_get_stock_events," the current 7-day window ends. To continue now, purchase extra usage or upgrade your plan: https://www.kimi.com/membership/subscription?tab=quota See log: C:\Users\wangc\.kimi-code\logs\kimi-code.log (attempts=1)"
300451.SZ,wind_get_stock_events," the current 7-day window ends. To continue now, purchase extra usage or upgrade your plan: https://www.kimi.com/membership/subscription?tab=quota See log: C:\Users\wangc\.kimi-code\logs\kimi-code.log (attempts=1)"
300452.SZ,wind_get_stock_events," the current 7-day window ends. To continue now, purchase extra usage or upgrade your plan: https://www.kimi.com/membership/subscription?tab=quota See log: C:\Users\wangc\.kimi-code\logs\kimi-code.log (attempts=1)"
300453.SZ,wind_get_stock_events," the current 7-day window ends. To continue now, purchase extra usage or upgrade your plan: https://www.kimi.com/membership/subscription?tab=quota See log: C:\Users\wangc\.kimi-code\logs\kimi-code.log (attempts=1)"
300454.SZ,wind_get_stock_events," the current 7-day window ends. To continue now, purchase extra usage or upgrade your plan: https://www.kimi.com/membership/subscription?tab=quota See log: C:\Users\wangc\.kimi-code\logs\kimi-code.log (attempts=1)"
300457.SZ,wind_get_stock_events," the current 7-day window ends. To continue now, purchase extra usage or upgrade your plan: https://www.kimi.com/membership/subscription?tab=quota See log: C:\Users\wangc\.kimi-code\logs\kimi-code.log (attempts=1)"
300467.SZ,wind_get_stock_events," the current 7-day window ends. To continue now, purchase extra usage or upgrade your plan: https://www.kimi.com/membership/subscription?tab=quota See log: C:\Users\wangc\.kimi-code\logs\kimi-code.log (attempts=1)"
300471.SZ,wind_get_stock_events," the current 7-day window ends. To continue now, purchase extra usage or upgrade your plan: https://www.kimi.com/membership/subscription?tab=quota See log: C:\Users\wangc\.kimi-code\logs\kimi-code.log (attempts=1)"
300473.SZ,wind_get_stock_events," the current 7-day window ends. To continue now, purchase extra usage or upgrade your plan: https://www.kimi.com/membership/subscription?tab=quota See log: C:\Users\wangc\.kimi-code\logs\kimi-code.log (attempts=1)"
300476.SZ,wind_get_stock_events," the current 7-day window ends. To continue now, purchase extra usage or upgrade your plan: https://www.kimi.com/membership/subscription?tab=quota See log: C:\Users\wangc\.kimi-code\logs\kimi-code.log (attempts=1)"
300481.SZ,wind_get_stock_events," the current 7-day window ends. To continue now, purchase extra usage or upgrade your plan: https://www.kimi.com/membership/subscription?tab=quota See log: C:\Users\wangc\.kimi-code\logs\kimi-code.log (attempts=1)"
300483.SZ,wind_get_stock_events," the current 7-day window ends. To continue now, purchase extra usage or upgrade your plan: https://www.kimi.com/membership/subscription?tab=quota See log: C:\Users\wangc\.kimi-code\logs\kimi-code.log (attempts=1)"
300487.SZ,wind_get_stock_events," the current 7-day window ends. To continue now, purchase extra usage or upgrade your plan: https://www.kimi.com/membership/subscription?tab=quota See log: C:\Users\wangc\.kimi-code\logs\kimi-code.log (attempts=1)"
300490.SZ,wind_get_stock_events," the current 7-day window ends. To continue now, purchase extra usage or upgrade your plan: https://www.kimi.com/membership/subscription?tab=quota See log: C:\Users\wangc\.kimi-code\logs\kimi-code.log (attempts=1)"
300496.SZ,wind_get_stock_events," the current 7-day window ends. To continue now, purchase extra usage or upgrade your plan: https://www.kimi.com/membership/subscription?tab=quota See log: C:\Users\wangc\.kimi-code\logs\kimi-code.log (attempts=1)"
300497.SZ,wind_get_stock_events," the current 7-day window ends. To continue now, purchase extra usage or upgrade your plan: https://www.kimi.com/membership/subscription?tab=quota See log: C:\Users\wangc\.kimi-code\logs\kimi-code.log (attempts=1)"
300500.SZ,wind_get_stock_events," the current 7-day window ends. To continue now, purchase extra usage or upgrade your plan: https://www.kimi.com/membership/subscription?tab=quota See log: C:\Users\wangc\.kimi-code\logs\kimi-code.log (attempts=1)"
300501.SZ,wind_get_stock_events," the current 7-day window ends. To continue now, purchase extra usage or upgrade your plan: https://www.kimi.com/membership/subscription?tab=quota See log: C:\Users\wangc\.kimi-code\logs\kimi-code.log (attempts=1)"
300504.SZ,wind_get_stock_events," the current 7-day window ends. To continue now, purchase extra usage or upgrade your plan: https://www.kimi.com/membership/subscription?tab=quota See log: C:\Users\wangc\.kimi-code\logs\kimi-code.log (attempts=1)"
300505.SZ,wind_get_stock_events," the current 7-day window ends. To continue now, purchase extra usage or upgrade your plan: https://www.kimi.com/membership/subscription?tab=quota See log: C:\Users\wangc\.kimi-code\logs\kimi-code.log (attempts=1)"
300506.SZ,wind_get_stock_events," the current 7-day window ends. To continue now, purchase extra usage or upgrade your plan: https://www.kimi.com/membership/subscription?tab=quota See log: C:\Users\wangc\.kimi-code\logs\kimi-code.log (attempts=1)"
300508.SZ,wind_get_stock_events," the current 7-day window ends. To continue now, purchase extra usage or upgrade your plan: https://www.kimi.com/membership/subscription?tab=quota See log: C:\Users\wangc\.kimi-code\logs\kimi-code.log (attempts=1)"
300511.SZ,wind_get_stock_events," the current 7-day window ends. To continue now, purchase extra usage or upgrade your plan: https://www.kimi.com/membership/subscription?tab=quota See log: C:\Users\wangc\.kimi-code\logs\kimi-code.log (attempts=1)"
300523.SZ,wind_get_stock_events," the current 7-day window ends. To continue now, purchase extra usage or upgrade your plan: https://www.kimi.com/membership/subscription?tab=quota See log: C:\Users\wangc\.kimi-code\logs\kimi-code.log (attempts=1)"
300535.SZ,wind_get_stock_events," the current 7-day window ends. To continue now, purchase extra usage or upgrade your plan: https://www.kimi.com/membership/subscription?tab=quota See log: C:\Users\wangc\.kimi-code\logs\kimi-code.log (attempts=1)"
300537.SZ,wind_get_stock_events," the current 7-day window ends. To continue now, purchase extra usage or upgrade your plan: https://www.kimi.com/membership/subscription?tab=quota See log: C:\Users\wangc\.kimi-code\logs\kimi-code.log (attempts=1)"
300538.SZ,wind_get_stock_events," the current 7-day window ends. To continue now, purchase extra usage or upgrade your plan: https://www.kimi.com/membership/subscription?tab=quota See log: C:\Users\wangc\.kimi-code\logs\kimi-code.log (attempts=1)"
300540.SZ,wind_get_stock_events," the current 7-day window ends. To continue now, purchase extra usage or upgrade your plan: https://www.kimi.com/membership/subscription?tab=quota See log: C:\Users\wangc\.kimi-code\logs\kimi-code.log (attempts=1)"
300541.SZ,wind_get_stock_events," the current 7-day window ends. To continue now, purchase extra usage or upgrade your plan: https://www.kimi.com/membership/subscription?tab=quota See log: C:\Users\wangc\.kimi-code\logs\kimi-code.log (attempts=1)"
300545.SZ,wind_get_stock_events," the current 7-day window ends. To continue now, purchase extra usage or upgrade your plan: https://www.kimi.com/membership/subscription?tab=quota See log: C:\Users\wangc\.kimi-code\logs\kimi-code.log (attempts=1)"
300546.SZ,wind_get_stock_events," the current 7-day window ends. To continue now, purchase extra usage or upgrade your plan: https://www.kimi.com/membership/subscription?tab=quota See log: C:\Users\wangc\.kimi-code\logs\kimi-code.log (attempts=1)"
300550.SZ,wind_get_stock_events," the current 7-day window ends. To continue now, purchase extra usage or upgrade your plan: https://www.kimi.com/membership/subscription?tab=quota See log: C:\Users\wangc\.kimi-code\logs\kimi-code.log (attempts=1)"
300553.SZ,wind_get_stock_events," the current 7-day window ends. To continue now, purchase extra usage or upgrade your plan: https://www.kimi.com/membership/subscription?tab=quota See log: C:\Users\wangc\.kimi-code\logs\kimi-code.log (attempts=1)"
300554.SZ,wind_get_stock_events," the current 7-day window ends. To continue now, purchase extra usage or upgrade your plan: https://www.kimi.com/membership/subscription?tab=quota See log: C:\Users\wangc\.kimi-code\logs\kimi-code.log (attempts=1)"
300556.SZ,wind_get_stock_events," the current 7-day window ends. To continue now, purchase extra usage or upgrade your plan: https://www.kimi.com/membership/subscription?tab=quota See log: C:\Users\wangc\.kimi-code\logs\kimi-code.log (attempts=1)"
300557.SZ,wind_get_stock_events," the current 7-day window ends. To continue now, purchase extra usage or upgrade your plan: https://www.kimi.com/membership/subscription?tab=quota See log: C:\Users\wangc\.kimi-code\logs\kimi-code.log (attempts=1)"
300558.SZ,wind_get_stock_events," the current 7-day window ends. To continue now, purchase extra usage or upgrade your plan: https://www.kimi.com/membership/subscription?tab=quota See log: C:\Users\wangc\.kimi-code\logs\kimi-code.log (attempts=1)"
300560.SZ,wind_get_stock_events," the current 7-day window ends. To continue now, purchase extra usage or upgrade your plan: https://www.kimi.com/membership/subscription?tab=quota See log: C:\Users\wangc\.kimi-code\logs\kimi-code.log (attempts=1)"
300562.SZ,wind_get_stock_events," the current 7-day window ends. To continue now, purchase extra usage or upgrade your plan: https://www.kimi.com/membership/subscription?tab=quota See log: C:\Users\wangc\.kimi-code\logs\kimi-code.log (attempts=1)"
300565.SZ,wind_get_stock_events," the current 7-day window ends. To continue now, purchase extra usage or upgrade your plan: https://www.kimi.com/membership/subscription?tab=quota See log: C:\Users\wangc\.kimi-code\logs\kimi-code.log (attempts=1)"
300566.SZ,wind_get_stock_events," the current 7-day window ends. To continue now, purchase extra usage or upgrade your plan: https://www.kimi.com/membership/subscription?tab=quota See log: C:\Users\wangc\.kimi-code\logs\kimi-code.log (attempts=1)"
300567.SZ,wind_get_stock_events," the current 7-day window ends. To continue now, purchase extra usage or upgrade your plan: https://www.kimi.com/membership/subscription?tab=quota See log: C:\Users\wangc\.kimi-code\logs\kimi-code.log (attempts=1)"
300568.SZ,wind_get_stock_events," the current 7-day window ends. To continue now, purchase extra usage or upgrade your plan: https://www.kimi.com/membership/subscription?tab=quota See log: C:\Users\wangc\.kimi-code\logs\kimi-code.log (attempts=1)"
300570.SZ,wind_get_stock_events," the current 7-day window ends. To continue now, purchase extra usage or upgrade your plan: https://www.kimi.com/membership/subscription?tab=quota See log: C:\Users\wangc\.kimi-code\logs\kimi-code.log (attempts=1)"
300571.SZ,wind_get_stock_events," the current 7-day window ends. To continue now, purchase extra usage or upgrade your plan: https://www.kimi.com/membership/subscription?tab=quota See log: C:\Users\wangc\.kimi-code\logs\kimi-code.log (attempts=1)"
300576.SZ,wind_get_stock_events," the current 7-day window ends. To continue now, purchase extra usage or upgrade your plan: https://www.kimi.com/membership/subscription?tab=quota See log: C:\Users\wangc\.kimi-code\logs\kimi-code.log (attempts=1)"
300578.SZ,wind_get_stock_events," the current 7-day window ends. To continue now, purchase extra usage or upgrade your plan: https://www.kimi.com/membership/subscription?tab=quota See log: C:\Users\wangc\.kimi-code\logs\kimi-code.log (attempts=1)"
300580.SZ,wind_get_stock_events," the current 7-day window ends. To continue now, purchase extra usage or upgrade your plan: https://www.kimi.com/membership/subscription?tab=quota See log: C:\Users\wangc\.kimi-code\logs\kimi-code.log (attempts=1)"
300582.SZ,wind_get_stock_events," the current 7-day window ends. To continue now, purchase extra usage or upgrade your plan: https://www.kimi.com/membership/subscription?tab=quota See log: C:\Users\wangc\.kimi-code\logs\kimi-code.log (attempts=1)"
300584.SZ,wind_get_stock_events," the current 7-day window ends. To continue now, purchase extra usage or upgrade your plan: https://www.kimi.com/membership/subscription?tab=quota See log: C:\Users\wangc\.kimi-code\logs\kimi-code.log (attempts=1)"
300585.SZ,wind_get_stock_events," the current 7-day window ends. To continue now, purchase extra usage or upgrade your plan: https://www.kimi.com/membership/subscription?tab=quota See log: C:\Users\wangc\.kimi-code\logs\kimi-code.log (attempts=1)"
300589.SZ,wind_get_stock_events," the current 7-day window ends. To continue now, purchase extra usage or upgrade your plan: https://www.kimi.com/membership/subscription?tab=quota See log: C:\Users\wangc\.kimi-code\logs\kimi-code.log (attempts=1)"
300590.SZ,wind_get_stock_events," the current 7-day window ends. To continue now, purchase extra usage or upgrade your plan: https://www.kimi.com/membership/subscription?tab=quota See log: C:\Users\wangc\.kimi-code\logs\kimi-code.log (attempts=1)"
300592.SZ,wind_get_stock_events," the current 7-day window ends. To continue now, purchase extra usage or upgrade your plan: https://www.kimi.com/membership/subscription?tab=quota See log: C:\Users\wangc\.kimi-code\logs\kimi-code.log (attempts=1)"
300594.SZ,wind_get_stock_events," the current 7-day window ends. To continue now, purchase extra usage or upgrade your plan: https://www.kimi.com/membership/subscription?tab=quota See log: C:\Users\wangc\.kimi-code\logs\kimi-code.log (attempts=1)"
300596.SZ,wind_get_stock_events," the current 7-day window ends. To continue now, purchase extra usage or upgrade your plan: https://www.kimi.com/membership/subscription?tab=quota See log: C:\Users\wangc\.kimi-code\logs\kimi-code.log (attempts=1)"
300597.SZ,wind_get_stock_events," the current 7-day window ends. To continue now, purchase extra usage or upgrade your plan: https://www.kimi.com/membership/subscription?tab=quota See log: C:\Users\wangc\.kimi-code\logs\kimi-code.log (attempts=1)"
300599.SZ,wind_get_stock_events," the current 7-day window ends. To continue now, purchase extra usage or upgrade your plan: https://www.kimi.com/membership/subscription?tab=quota See log: C:\Users\wangc\.kimi-code\logs\kimi-code.log (attempts=1)"
300602.SZ,wind_get_stock_events," the current 7-day window ends. To continue now, purchase extra usage or upgrade your plan: https://www.kimi.com/membership/subscription?tab=quota See log: C:\Users\wangc\.kimi-code\logs\kimi-code.log (attempts=1)"
300603.SZ,wind_get_stock_events," the current 7-day window ends. To continue now, purchase extra usage or upgrade your plan: https://www.kimi.com/membership/subscription?tab=quota See log: C:\Users\wangc\.kimi-code\logs\kimi-code.log (attempts=1)"
300605.SZ,wind_get_stock_events," the current 7-day window ends. To continue now, purchase extra usage or upgrade your plan: https://www.kimi.com/membership/subscription?tab=quota See log: C:\Users\wangc\.kimi-code\logs\kimi-code.log (attempts=1)"
300612.SZ,wind_get_stock_events," the current 7-day window ends. To continue now, purchase extra usage or upgrade your plan: https://www.kimi.com/membership/subscription?tab=quota See log: C:\Users\wangc\.kimi-code\logs\kimi-code.log (attempts=1)"
300613.SZ,wind_get_stock_events," the current 7-day window ends. To continue now, purchase extra usage or upgrade your plan: https://www.kimi.com/membership/subscription?tab=quota See log: C:\Users\wangc\.kimi-code\logs\kimi-code.log (attempts=1)"
300617.SZ,wind_get_stock_events," the current 7-day window ends. To continue now, purchase extra usage or upgrade your plan: https://www.kimi.com/membership/subscription?tab=quota See log: C:\Users\wangc\.kimi-code\logs\kimi-code.log (attempts=1)"
300618.SZ,wind_get_stock_events," the current 7-day window ends. To continue now, purchase extra usage or upgrade your plan: https://www.kimi.com/membership/subscription?tab=quota See log: C:\Users\wangc\.kimi-code\logs\kimi-code.log (attempts=1)"
300619.SZ,wind_get_stock_events," the current 7-day window ends. To continue now, purchase extra usage or upgrade your plan: https://www.kimi.com/membership/subscription?tab=quota See log: C:\Users\wangc\.kimi-code\logs\kimi-code.log (attempts=1)"
300622.SZ,wind_get_stock_events," the current 7-day window ends. To continue now, purchase extra usage or upgrade your plan: https://www.kimi.com/membership/subscription?tab=quota See log: C:\Users\wangc\.kimi-code\logs\kimi-code.log (attempts=1)"
300623.SZ,wind_get_stock_events," the current 7-day window ends. To continue now, purchase extra usage or upgrade your plan: https://www.kimi.com/membership/subscription?tab=quota See log: C:\Users\wangc\.kimi-code\logs\kimi-code.log (attempts=1)"
300624.SZ,wind_get_stock_events," the current 7-day window ends. To continue now, purchase extra usage or upgrade your plan: https://www.kimi.com/membership/subscription?tab=quota See log: C:\Users\wangc\.kimi-code\logs\kimi-code.log (attempts=1)"
300626.SZ,wind_get_stock_events," the current 7-day window ends. To continue now, purchase extra usage or upgrade your plan: https://www.kimi.com/membership/subscription?tab=quota See log: C:\Users\wangc\.kimi-code\logs\kimi-code.log (attempts=1)"
300628.SZ,wind_get_stock_events," the current 7-day window ends. To continue now, purchase extra usage or upgrade your plan: https://www.kimi.com/membership/subscription?tab=quota See log: C:\Users\wangc\.kimi-code\logs\kimi-code.log (attempts=1)"
300629.SZ,wind_get_stock_events," the current 7-day window ends. To continue now, purchase extra usage or upgrade your plan: https://www.kimi.com/membership/subscription?tab=quota See log: C:\Users\wangc\.kimi-code\logs\kimi-code.log (attempts=1)"
300632.SZ,wind_get_stock_events," the current 7-day window ends. To continue now, purchase extra usage or upgrade your plan: https://www.kimi.com/membership/subscription?tab=quota See log: C:\Users\wangc\.kimi-code\logs\kimi-code.log (attempts=1)"
300634.SZ,wind_get_stock_events," the current 7-day window ends. To continue now, purchase extra usage or upgrade your plan: https://www.kimi.com/membership/subscription?tab=quota See log: C:\Users\wangc\.kimi-code\logs\kimi-code.log (attempts=1)"
300639.SZ,wind_get_stock_events," the current 7-day window ends. To continue now, purchase extra usage or upgrade your plan: https://www.kimi.com/membership/subscription?tab=quota See log: C:\Users\wangc\.kimi-code\logs\kimi-code.log (attempts=1)"
300640.SZ,wind_get_stock_events," the current 7-day window ends. To continue now, purchase extra usage or upgrade your plan: https://www.kimi.com/membership/subscription?tab=quota See log: C:\Users\wangc\.kimi-code\logs\kimi-code.log (attempts=1)"
300642.SZ,wind_get_stock_events," the current 7-day window ends. To continue now, purchase extra usage or upgrade your plan: https://www.kimi.com/membership/subscription?tab=quota See log: C:\Users\wangc\.kimi-code\logs\kimi-code.log (attempts=1)"
300650.SZ,wind_get_stock_events," the current 7-day window ends. To continue now, purchase extra usage or upgrade your plan: https://www.kimi.com/membership/subscription?tab=quota See log: C:\Users\wangc\.kimi-code\logs\kimi-code.log (attempts=1)"
300651.SZ,wind_get_stock_events," the current 7-day window ends. To continue now, purchase extra usage or upgrade your plan: https://www.kimi.com/membership/subscription?tab=quota See log: C:\Users\wangc\.kimi-code\logs\kimi-code.log (attempts=1)"
300652.SZ,wind_get_stock_events," the current 7-day window ends. To continue now, purchase extra usage or upgrade your plan: https://www.kimi.com/membership/subscription?tab=quota See log: C:\Users\wangc\.kimi-code\logs\kimi-code.log (attempts=1)"
300654.SZ,wind_get_stock_events," the current 7-day window ends. To continue now, purchase extra usage or upgrade your plan: https://www.kimi.com/membership/subscription?tab=quota See log: C:\Users\wangc\.kimi-code\logs\kimi-code.log (attempts=1)"
300655.SZ,wind_get_stock_events," the current 7-day window ends. To continue now, purchase extra usage or upgrade your plan: https://www.kimi.com/membership/subscription?tab=quota See log: C:\Users\wangc\.kimi-code\logs\kimi-code.log (attempts=1)"
300657.SZ,wind_get_stock_events," the current 7-day window ends. To continue now, purchase extra usage or upgrade your plan: https://www.kimi.com/membership/subscription?tab=quota See log: C:\Users\wangc\.kimi-code\logs\kimi-code.log (attempts=1)"
300661.SZ,wind_get_stock_events," the current 7-day window ends. To continue now, purchase extra usage or upgrade your plan: https://www.kimi.com/membership/subscription?tab=quota See log: C:\Users\wangc\.kimi-code\logs\kimi-code.log (attempts=1)"
300664.SZ,wind_get_stock_events," the current 7-day window ends. To continue now, purchase extra usage or upgrade your plan: https://www.kimi.com/membership/subscription?tab=quota See log: C:\Users\wangc\.kimi-code\logs\kimi-code.log (attempts=1)"
300665.SZ,wind_get_stock_events," the current 7-day window ends. To continue now, purchase extra usage or upgrade your plan: https://www.kimi.com/membership/subscription?tab=quota See log: C:\Users\wangc\.kimi-code\logs\kimi-code.log (attempts=1)"
300666.SZ,wind_get_stock_events," the current 7-day window ends. To continue now, purchase extra usage or upgrade your plan: https://www.kimi.com/membership/subscription?tab=quota See log: C:\Users\wangc\.kimi-code\logs\kimi-code.log (attempts=1)"
300667.SZ,wind_get_stock_events," the current 7-day window ends. To continue now, purchase extra usage or upgrade your plan: https://www.kimi.com/membership/subscription?tab=quota See log: C:\Users\wangc\.kimi-code\logs\kimi-code.log (attempts=1)"
300668.SZ,wind_get_stock_events," the current 7-day window ends. To continue now, purchase extra usage or upgrade your plan: https://www.kimi.com/membership/subscription?tab=quota See log: C:\Users\wangc\.kimi-code\logs\kimi-code.log (attempts=1)"
000004.SZ,wind_get_stock_events,pending: not yet fetched/confirmed (run interrupted)
000017.SZ,wind_get_stock_events,pending: not yet fetched/confirmed (run interrupted)
000020.SZ,wind_get_stock_events,pending: not yet fetched/confirmed (run interrupted)
000428.SZ,wind_get_stock_events,pending: not yet fetched/confirmed (run interrupted)
000518.SZ,wind_get_stock_events,pending: not yet fetched/confirmed (run interrupted)
000526.SZ,wind_get_stock_events,pending: not yet fetched/confirmed (run interrupted)
000586.SZ,wind_get_stock_events,pending: not yet fetched/confirmed (run interrupted)
000629.SZ,wind_get_stock_events,pending: not yet fetched/confirmed (run interrupted)
000632.SZ,wind_get_stock_events,pending: not yet fetched/confirmed (run interrupted)
000638.SZ,wind_get_stock_events,pending: not yet fetched/confirmed (run interrupted)
000659.SZ,wind_get_stock_events,pending: not yet fetched/confirmed (run interrupted)
000663.SZ,wind_get_stock_events,pending: not yet fetched/confirmed (run interrupted)
000695.SZ,wind_get_stock_events,pending: not yet fetched/confirmed (run interrupted)
000702.SZ,wind_get_stock_events,pending: not yet fetched/confirmed (run interrupted)
000720.SZ,wind_get_stock_events,pending: not yet fetched/confirmed (run interrupted)
000757.SZ,wind_get_stock_events,pending: not yet fetched/confirmed (run interrupted)
000767.SZ,wind_get_stock_events,pending: not yet fetched/confirmed (run interrupted)
000862.SZ,wind_get_stock_events,pending: not yet fetched/confirmed (run interrupted)
000995.SZ,wind_get_stock_events,pending: not yet fetched/confirmed (run interrupted)
001239.SZ,wind_get_stock_events,pending: not yet fetched/confirmed (run interrupted)
001330.SZ,wind_get_stock_events,pending: not yet fetched/confirmed (run interrupted)
001896.SZ,wind_get_stock_events,pending: not yet fetched/confirmed (run interrupted)
002052.SZ,wind_get_stock_events,pending: not yet fetched/confirmed (run interrupted)
002069.SZ,wind_get_stock_events,pending: not yet fetched/confirmed (run interrupted)
002114.SZ,wind_get_stock_events,pending: not yet fetched/confirmed (run interrupted)
002134.SZ,wind_get_stock_events,pending: not yet fetched/confirmed (run interrupted)
002172.SZ,wind_get_stock_events,pending: not yet fetched/confirmed (run interrupted)
002248.SZ,wind_get_stock_events,pending: not yet fetched/confirmed (run interrupted)
002297.SZ,wind_get_stock_events,pending: not yet fetched/confirmed (run interrupted)
002490.SZ,wind_get_stock_events,pending: not yet fetched/confirmed (run interrupted)
002633.SZ,wind_get_stock_events,pending: not yet fetched/confirmed (run interrupted)
300022.SZ,wind_get_stock_events,pending: not yet fetched/confirmed (run interrupted)
300111.SZ,wind_get_stock_events,pending: not yet fetched/confirmed (run interrupted)
300671.SZ,wind_get_stock_events,pending: not yet fetched/confirmed (run interrupted)
300672.SZ,wind_get_stock_events,pending: not yet fetched/confirmed (run interrupted)
300673.SZ,wind_get_stock_events,pending: not yet fetched/confirmed (run interrupted)
300675.SZ,wind_get_stock_events,pending: not yet fetched/confirmed (run interrupted)
300676.SZ,wind_get_stock_events,pending: not yet fetched/confirmed (run interrupted)
300677.SZ,wind_get_stock_events,pending: not yet fetched/confirmed (run interrupted)
300682.SZ,wind_get_stock_events,pending: not yet fetched/confirmed (run interrupted)
300683.SZ,wind_get_stock_events,pending: not yet fetched/confirmed (run interrupted)
300684.SZ,wind_get_stock_events,pending: not yet fetched/confirmed (run interrupted)
300686.SZ,wind_get_stock_events,pending: not yet fetched/confirmed (run interrupted)
300688.SZ,wind_get_stock_events,pending: not yet fetched/confirmed (run interrupted)
300689.SZ,wind_get_stock_events,pending: not yet fetched/confirmed (run interrupted)
300690.SZ,wind_get_stock_events,pending: not yet fetched/confirmed (run interrupted)
300692.SZ,wind_get_stock_events,pending: not yet fetched/confirmed (run interrupted)
300696.SZ,wind_get_stock_events,pending: not yet fetched/confirmed (run interrupted)
300697.SZ,wind_get_stock_events,pending: not yet fetched/confirmed (run interrupted)
300699.SZ,wind_get_stock_events,pending: not yet fetched/confirmed (run interrupted)
300700.SZ,wind_get_stock_events,pending: not yet fetched/confirmed (run interrupted)
300701.SZ,wind_get_stock_events,pending: not yet fetched/confirmed (run interrupted)
300707.SZ,wind_get_stock_events,pending: not yet fetched/confirmed (run interrupted)
300708.SZ,wind_get_stock_events,pending: not yet fetched/confirmed (run interrupted)
300709.SZ,wind_get_stock_events,pending: not yet fetched/confirmed (run interrupted)
300710.SZ,wind_get_stock_events,pending: not yet fetched/confirmed (run interrupted)
300711.SZ,wind_get_stock_events,pending: not yet fetched/confirmed (run interrupted)
300712.SZ,wind_get_stock_events,pending: not yet fetched/confirmed (run interrupted)
300715.SZ,wind_get_stock_events,pending: not yet fetched/confirmed (run interrupted)
300717.SZ,wind_get_stock_events,pending: not yet fetched/confirmed (run interrupted)
300719.SZ,wind_get_stock_events,pending: not yet fetched/confirmed (run interrupted)
300720.SZ,wind_get_stock_events,pending: not yet fetched/confirmed (run interrupted)
300721.SZ,wind_get_stock_events,pending: not yet fetched/confirmed (run interrupted)
300723.SZ,wind_get_stock_events,pending: not yet fetched/confirmed (run interrupted)
300725.SZ,wind_get_stock_events,pending: not yet fetched/confirmed (run interrupted)
300726.SZ,wind_get_stock_events,pending: not yet fetched/confirmed (run interrupted)
300737.SZ,wind_get_stock_events,pending: not yet fetched/confirmed (run interrupted)
300738.SZ,wind_get_stock_events,pending: not yet fetched/confirmed (run interrupted)
300739.SZ,wind_get_stock_events,pending: not yet fetched/confirmed (run interrupted)
300743.SZ,wind_get_stock_events,pending: not yet fetched/confirmed (run interrupted)
300749.SZ,wind_get_stock_events,pending: not yet fetched/confirmed (run interrupted)
300751.SZ,wind_get_stock_events,pending: not yet fetched/confirmed (run interrupted)
300753.SZ,wind_get_stock_events,pending: not yet fetched/confirmed (run interrupted)
300756.SZ,wind_get_stock_events,pending: not yet fetched/confirmed (run interrupted)
300762.SZ,wind_get_stock_events,pending: not yet fetched/confirmed (run interrupted)
300767.SZ,wind_get_stock_events,pending: not yet fetched/confirmed (run interrupted)
300768.SZ,wind_get_stock_events,pending: not yet fetched/confirmed (run interrupted)
300769.SZ,wind_get_stock_events,pending: not yet fetched/confirmed (run interrupted)
300770.SZ,wind_get_stock_events,pending: not yet fetched/confirmed (run interrupted)
300771.SZ,wind_get_stock_events,pending: not yet fetched/confirmed (run interrupted)
300773.SZ,wind_get_stock_events,pending: not yet fetched/confirmed (run interrupted)
300775.SZ,wind_get_stock_events,pending: not yet fetched/confirmed (run interrupted)
300776.SZ,wind_get_stock_events,pending: not yet fetched/confirmed (run interrupted)
300777.SZ,wind_get_stock_events,pending: not yet fetched/confirmed (run interrupted)
300780.SZ,wind_get_stock_events,pending: not yet fetched/confirmed (run interrupted)
300782.SZ,wind_get_stock_events,pending: not yet fetched/confirmed (run interrupted)
300786.SZ,wind_get_stock_events,pending: not yet fetched/confirmed (run interrupted)
300788.SZ,wind_get_stock_events,pending: not yet fetched/confirmed (run interrupted)
300789.SZ,wind_get_stock_events,pending: not yet fetched/confirmed (run interrupted)
300790.SZ,wind_get_stock_events,pending: not yet fetched/confirmed (run interrupted)
300797.SZ,wind_get_stock_events,pending: not yet fetched/confirmed (run interrupted)
300798.SZ,wind_get_stock_events,pending: not yet fetched/confirmed (run interrupted)
300800.SZ,wind_get_stock_events,pending: not yet fetched/confirmed (run interrupted)
300802.SZ,wind_get_stock_events,pending: not yet fetched/confirmed (run interrupted)
300804.SZ,wind_get_stock_events,pending: not yet fetched/confirmed (run interrupted)
300807.SZ,wind_get_stock_events,pending: not yet fetched/confirmed (run interrupted)
300810.SZ,wind_get_stock_events,pending: not yet fetched/confirmed (run interrupted)
300811.SZ,wind_get_stock_events,pending: not yet fetched/confirmed (run interrupted)
300812.SZ,wind_get_stock_events,pending: not yet fetched/confirmed (run interrupted)
300818.SZ,wind_get_stock_events,pending: not yet fetched/confirmed (run interrupted)
300821.SZ,wind_get_stock_events,pending: not yet fetched/confirmed (run interrupted)
300826.SZ,wind_get_stock_events,pending: not yet fetched/confirmed (run interrupted)
300828.SZ,wind_get_stock_events,pending: not yet fetched/confirmed (run interrupted)
300830.SZ,wind_get_stock_events,pending: not yet fetched/confirmed (run interrupted)
300831.SZ,wind_get_stock_events,pending: not yet fetched/confirmed (run interrupted)
300834.SZ,wind_get_stock_events,pending: not yet fetched/confirmed (run interrupted)
300836.SZ,wind_get_stock_events,pending: not yet fetched/confirmed (run interrupted)
300837.SZ,wind_get_stock_events,pending: not yet fetched/confirmed (run interrupted)
300838.SZ,wind_get_stock_events,pending: not yet fetched/confirmed (run interrupted)
300839.SZ,wind_get_stock_events,pending: not yet fetched/confirmed (run interrupted)
300840.SZ,wind_get_stock_events,pending: not yet fetched/confirmed (run interrupted)
300842.SZ,wind_get_stock_events,pending: not yet fetched/confirmed (run interrupted)
300843.SZ,wind_get_stock_events,pending: not yet fetched/confirmed (run interrupted)
300845.SZ,wind_get_stock_events,pending: not yet fetched/confirmed (run interrupted)
300846.SZ,wind_get_stock_events,pending: not yet fetched/confirmed (run interrupted)
300850.SZ,wind_get_stock_events,pending: not yet fetched/confirmed (run interrupted)
300851.SZ,wind_get_stock_events,pending: not yet fetched/confirmed (run interrupted)
300852.SZ,wind_get_stock_events,pending: not yet fetched/confirmed (run interrupted)
300854.SZ,wind_get_stock_events,pending: not yet fetched/confirmed (run interrupted)
300855.SZ,wind_get_stock_events,pending: not yet fetched/confirmed (run interrupted)
300856.SZ,wind_get_stock_events,pending: not yet fetched/confirmed (run interrupted)
300858.SZ,wind_get_stock_events,pending: not yet fetched/confirmed (run interrupted)
300860.SZ,wind_get_stock_events,pending: not yet fetched/confirmed (run interrupted)
300861.SZ,wind_get_stock_events,pending: not yet fetched/confirmed (run interrupted)
300862.SZ,wind_get_stock_events,pending: not yet fetched/confirmed (run interrupted)
300863.SZ,wind_get_stock_events,pending: not yet fetched/confirmed (run interrupted)
300864.SZ,wind_get_stock_events,pending: not yet fetched/confirmed (run interrupted)
300866.SZ,wind_get_stock_events,pending: not yet fetched/confirmed (run interrupted)
300871.SZ,wind_get_stock_events,pending: not yet fetched/confirmed (run interrupted)
300873.SZ,wind_get_stock_events,pending: not yet fetched/confirmed (run interrupted)
300875.SZ,wind_get_stock_events,pending: not yet fetched/confirmed (run interrupted)
300876.SZ,wind_get_stock_events,pending: not yet fetched/confirmed (run interrupted)
300878.SZ,wind_get_stock_events,pending: not yet fetched/confirmed (run interrupted)
300880.SZ,wind_get_stock_events,pending: not yet fetched/confirmed (run interrupted)
300881.SZ,wind_get_stock_events,pending: not yet fetched/confirmed (run interrupted)
300882.SZ,wind_get_stock_events,pending: not yet fetched/confirmed (run interrupted)
300884.SZ,wind_get_stock_events,pending: not yet fetched/confirmed (run interrupted)
300885.SZ,wind_get_stock_events,pending: not yet fetched/confirmed (run interrupted)
300887.SZ,wind_get_stock_events,pending: not yet fetched/confirmed (run interrupted)
300889.SZ,wind_get_stock_events,pending: not yet fetched/confirmed (run interrupted)
300890.SZ,wind_get_stock_events,pending: not yet fetched/confirmed (run interrupted)
300891.SZ,wind_get_stock_events,pending: not yet fetched/confirmed (run interrupted)
300893.SZ,wind_get_stock_events,pending: not yet fetched/confirmed (run interrupted)
300895.SZ,wind_get_stock_events,pending: not yet fetched/confirmed (run interrupted)
300897.SZ,wind_get_stock_events,pending: not yet fetched/confirmed (run interrupted)
300901.SZ,wind_get_stock_events,pending: not yet fetched/confirmed (run interrupted)
300906.SZ,wind_get_stock_events,pending: not yet fetched/confirmed (run interrupted)
300916.SZ,wind_get_stock_events,pending: not yet fetched/confirmed (run interrupted)
300919.SZ,wind_get_stock_events,pending: not yet fetched/confirmed (run interrupted)
300921.SZ,wind_get_stock_events,pending: not yet fetched/confirmed (run interrupted)
300923.SZ,wind_get_stock_events,pending: not yet fetched/confirmed (run interrupted)
300926.SZ,wind_get_stock_events,pending: not yet fetched/confirmed (run interrupted)
300927.SZ,wind_get_stock_events,pending: not yet fetched/confirmed (run interrupted)
300929.SZ,wind_get_stock_events,pending: not yet fetched/confirmed (run interrupted)
300931.SZ,wind_get_stock_events,pending: not yet fetched/confirmed (run interrupted)
300932.SZ,wind_get_stock_events,pending: not yet fetched/confirmed (run interrupted)
300935.SZ,wind_get_stock_events,pending: not yet fetched/confirmed (run interrupted)
300936.SZ,wind_get_stock_events,pending: not yet fetched/confirmed (run interrupted)
300937.SZ,wind_get_stock_events,pending: not yet fetched/confirmed (run interrupted)
300938.SZ,wind_get_stock_events,pending: not yet fetched/confirmed (run interrupted)
300939.SZ,wind_get_stock_events,pending: not yet fetched/confirmed (run interrupted)
300941.SZ,wind_get_stock_events,pending: not yet fetched/confirmed (run interrupted)
300943.SZ,wind_get_stock_events,pending: not yet fetched/confirmed (run interrupted)
300948.SZ,wind_get_stock_events,pending: not yet fetched/confirmed (run interrupted)
300950.SZ,wind_get_stock_events,pending: not yet fetched/confirmed (run interrupted)
300952.SZ,wind_get_stock_events,pending: not yet fetched/confirmed (run interrupted)
300953.SZ,wind_get_stock_events,pending: not yet fetched/confirmed (run interrupted)
300955.SZ,wind_get_stock_events,pending: not yet fetched/confirmed (run interrupted)
300959.SZ,wind_get_stock_events,pending: not yet fetched/confirmed (run interrupted)
300964.SZ,wind_get_stock_events,pending: not yet fetched/confirmed (run interrupted)
300966.SZ,wind_get_stock_events,pending: not yet fetched/confirmed (run interrupted)
300969.SZ,wind_get_stock_events,pending: not yet fetched/confirmed (run interrupted)
300970.SZ,wind_get_stock_events,pending: not yet fetched/confirmed (run interrupted)
300972.SZ,wind_get_stock_events,pending: not yet fetched/confirmed (run interrupted)
300975.SZ,wind_get_stock_events,pending: not yet fetched/confirmed (run interrupted)
300976.SZ,wind_get_stock_events,pending: not yet fetched/confirmed (run interrupted)
300977.SZ,wind_get_stock_events,pending: not yet fetched/confirmed (run interrupted)
300978.SZ,wind_get_stock_events,pending: not yet fetched/confirmed (run interrupted)
300980.SZ,wind_get_stock_events,pending: not yet fetched/confirmed (run interrupted)
300981.SZ,wind_get_stock_events,pending: not yet fetched/confirmed (run interrupted)
300982.SZ,wind_get_stock_events,pending: not yet fetched/confirmed (run interrupted)
300983.SZ,wind_get_stock_events,pending: not yet fetched/confirmed (run interrupted)
300984.SZ,wind_get_stock_events,pending: not yet fetched/confirmed (run interrupted)
300985.SZ,wind_get_stock_events,pending: not yet fetched/confirmed (run interrupted)
300987.SZ,wind_get_stock_events,pending: not yet fetched/confirmed (run interrupted)
300988.SZ,wind_get_stock_events,pending: not yet fetched/confirmed (run interrupted)
300991.SZ,wind_get_stock_events,pending: not yet fetched/confirmed (run interrupted)
300992.SZ,wind_get_stock_events,pending: not yet fetched/confirmed (run interrupted)
300993.SZ,wind_get_stock_events,pending: not yet fetched/confirmed (run interrupted)
300998.SZ,wind_get_stock_events,pending: not yet fetched/confirmed (run interrupted)
301003.SZ,wind_get_stock_events,pending: not yet fetched/confirmed (run interrupted)
301006.SZ,wind_get_stock_events,pending: not yet fetched/confirmed (run interrupted)
301012.SZ,wind_get_stock_events,pending: not yet fetched/confirmed (run interrupted)
301013.SZ,wind_get_stock_events,pending: not yet fetched/confirmed (run interrupted)
301016.SZ,wind_get_stock_events,pending: not yet fetched/confirmed (run interrupted)
301017.SZ,wind_get_stock_events,pending: not yet fetched/confirmed (run interrupted)
301019.SZ,wind_get_stock_events,pending: not yet fetched/confirmed (run interrupted)
301020.SZ,wind_get_stock_events,pending: not yet fetched/confirmed (run interrupted)
301023.SZ,wind_get_stock_events,pending: not yet fetched/confirmed (run interrupted)
301025.SZ,wind_get_stock_events,pending: not yet fetched/confirmed (run interrupted)
301026.SZ,wind_get_stock_events,pending: not yet fetched/confirmed (run interrupted)
301027.SZ,wind_get_stock_events,pending: not yet fetched/confirmed (run interrupted)
301028.SZ,wind_get_stock_events,pending: not yet fetched/confirmed (run interrupted)
301029.SZ,wind_get_stock_events,pending: not yet fetched/confirmed (run interrupted)
301031.SZ,wind_get_stock_events,pending: not yet fetched/confirmed (run interrupted)
301033.SZ,wind_get_stock_events,pending: not yet fetched/confirmed (run interrupted)
301035.SZ,wind_get_stock_events,pending: not yet fetched/confirmed (run interrupted)
301037.SZ,wind_get_stock_events,pending: not yet fetched/confirmed (run interrupted)
301039.SZ,wind_get_stock_events,pending: not yet fetched/confirmed (run interrupted)
301040.SZ,wind_get_stock_events,pending: not yet fetched/confirmed (run interrupted)
301041.SZ,wind_get_stock_events,pending: not yet fetched/confirmed (run interrupted)
301045.SZ,wind_get_stock_events,pending: not yet fetched/confirmed (run interrupted)
301046.SZ,wind_get_stock_events,pending: not yet fetched/confirmed (run interrupted)
301047.SZ,wind_get_stock_events,pending: not yet fetched/confirmed (run interrupted)
301050.SZ,wind_get_stock_events,pending: not yet fetched/confirmed (run interrupted)
301052.SZ,wind_get_stock_events,pending: not yet fetched/confirmed (run interrupted)
301053.SZ,wind_get_stock_events,pending: not yet fetched/confirmed (run interrupted)
301057.SZ,wind_get_stock_events,pending: not yet fetched/confirmed (run interrupted)
301059.SZ,wind_get_stock_events,pending: not yet fetched/confirmed (run interrupted)
301060.SZ,wind_get_stock_events,pending: not yet fetched/confirmed (run interrupted)
301062.SZ,wind_get_stock_events,pending: not yet fetched/confirmed (run interrupted)
301066.SZ,wind_get_stock_events,pending: not yet fetched/confirmed (run interrupted)
301067.SZ,wind_get_stock_events,pending: not yet fetched/confirmed (run interrupted)
301068.SZ,wind_get_stock_events,pending: not yet fetched/confirmed (run interrupted)
301070.SZ,wind_get_stock_events,pending: not yet fetched/confirmed (run interrupted)
301071.SZ,wind_get_stock_events,pending: not yet fetched/confirmed (run interrupted)
301073.SZ,wind_get_stock_events,pending: not yet fetched/confirmed (run interrupted)
301077.SZ,wind_get_stock_events,pending: not yet fetched/confirmed (run interrupted)
301081.SZ,wind_get_stock_events,pending: not yet fetched/confirmed (run interrupted)
301082.SZ,wind_get_stock_events,pending: not yet fetched/confirmed (run interrupted)
301083.SZ,wind_get_stock_events,pending: not yet fetched/confirmed (run interrupted)
301085.SZ,wind_get_stock_events,pending: not yet fetched/confirmed (run interrupted)
301087.SZ,wind_get_stock_events,pending: not yet fetched/confirmed (run interrupted)
301088.SZ,wind_get_stock_events,pending: not yet fetched/confirmed (run interrupted)
301090.SZ,wind_get_stock_events,pending: not yet fetched/confirmed (run interrupted)
301092.SZ,wind_get_stock_events,pending: not yet fetched/confirmed (run interrupted)
301095.SZ,wind_get_stock_events,pending: not yet fetched/confirmed (run interrupted)
301097.SZ,wind_get_stock_events,pending: not yet fetched/confirmed (run interrupted)
301099.SZ,wind_get_stock_events,pending: not yet fetched/confirmed (run interrupted)
301100.SZ,wind_get_stock_events,pending: not yet fetched/confirmed (run interrupted)
301102.SZ,wind_get_stock_events,pending: not yet fetched/confirmed (run interrupted)
301107.SZ,wind_get_stock_events,pending: not yet fetched/confirmed (run interrupted)
301109.SZ,wind_get_stock_events,pending: not yet fetched/confirmed (run interrupted)
301110.SZ,wind_get_stock_events,pending: not yet fetched/confirmed (run interrupted)
301111.SZ,wind_get_stock_events,pending: not yet fetched/confirmed (run interrupted)
301115.SZ,wind_get_stock_events,pending: not yet fetched/confirmed (run interrupted)
301118.SZ,wind_get_stock_events,pending: not yet fetched/confirmed (run interrupted)
301119.SZ,wind_get_stock_events,pending: not yet fetched/confirmed (run interrupted)
301122.SZ,wind_get_stock_events,pending: not yet fetched/confirmed (run interrupted)
301123.SZ,wind_get_stock_events,pending: not yet fetched/confirmed (run interrupted)
301125.SZ,wind_get_stock_events,pending: not yet fetched/confirmed (run interrupted)
301127.SZ,wind_get_stock_events,pending: not yet fetched/confirmed (run interrupted)
301130.SZ,wind_get_stock_events,pending: not yet fetched/confirmed (run interrupted)
301132.SZ,wind_get_stock_events,pending: not yet fetched/confirmed (run interrupted)
301133.SZ,wind_get_stock_events,pending: not yet fetched/confirmed (run interrupted)
301135.SZ,wind_get_stock_events,pending: not yet fetched/confirmed (run interrupted)
301138.SZ,wind_get_stock_events,pending: not yet fetched/confirmed (run interrupted)
301149.SZ,wind_get_stock_events,pending: not yet fetched/confirmed (run interrupted)
301151.SZ,wind_get_stock_events,pending: not yet fetched/confirmed (run interrupted)
301155.SZ,wind_get_stock_events,pending: not yet fetched/confirmed (run interrupted)
301157.SZ,wind_get_stock_events,pending: not yet fetched/confirmed (run interrupted)
301158.SZ,wind_get_stock_events,pending: not yet fetched/confirmed (run interrupted)
301159.SZ,wind_get_stock_events,pending: not yet fetched/confirmed (run interrupted)
301160.SZ,wind_get_stock_events,pending: not yet fetched/confirmed (run interrupted)
301161.SZ,wind_get_stock_events,pending: not yet fetched/confirmed (run interrupted)
301162.SZ,wind_get_stock_events,pending: not yet fetched/confirmed (run interrupted)
301163.SZ,wind_get_stock_events,pending: not yet fetched/confirmed (run interrupted)
301165.SZ,wind_get_stock_events,pending: not yet fetched/confirmed (run interrupted)
301166.SZ,wind_get_stock_events,pending: not yet fetched/confirmed (run interrupted)
301168.SZ,wind_get_stock_events,pending: not yet fetched/confirmed (run interrupted)
301169.SZ,wind_get_stock_events,pending: not yet fetched/confirmed (run interrupted)
301170.SZ,wind_get_stock_events,pending: not yet fetched/confirmed (run interrupted)
301171.SZ,wind_get_stock_events,pending: not yet fetched/confirmed (run interrupted)
301172.SZ,wind_get_stock_events,pending: not yet fetched/confirmed (run interrupted)
301175.SZ,wind_get_stock_events,pending: not yet fetched/confirmed (run interrupted)
301177.SZ,wind_get_stock_events,pending: not yet fetched/confirmed (run interrupted)
301178.SZ,wind_get_stock_events,pending: not yet fetched/confirmed (run interrupted)
301179.SZ,wind_get_stock_events,pending: not yet fetched/confirmed (run interrupted)
301180.SZ,wind_get_stock_events,pending: not yet fetched/confirmed (run interrupted)
301185.SZ,wind_get_stock_events,pending: not yet fetched/confirmed (run interrupted)
301186.SZ,wind_get_stock_events,pending: not yet fetched/confirmed (run interrupted)
301191.SZ,wind_get_stock_events,pending: not yet fetched/confirmed (run interrupted)
301192.SZ,wind_get_stock_events,pending: not yet fetched/confirmed (run interrupted)
301193.SZ,wind_get_stock_events,pending: not yet fetched/confirmed (run interrupted)
301198.SZ,wind_get_stock_events,pending: not yet fetched/confirmed (run interrupted)
301201.SZ,wind_get_stock_events,pending: not yet fetched/confirmed (run interrupted)
301203.SZ,wind_get_stock_events,pending: not yet fetched/confirmed (run interrupted)
301207.SZ,wind_get_stock_events,pending: not yet fetched/confirmed (run interrupted)
301209.SZ,wind_get_stock_events,pending: not yet fetched/confirmed (run interrupted)
301211.SZ,wind_get_stock_events,pending: not yet fetched/confirmed (run interrupted)
301212.SZ,wind_get_stock_events,pending: not yet fetched/confirmed (run interrupted)
301213.SZ,wind_get_stock_events,pending: not yet fetched/confirmed (run interrupted)
301217.SZ,wind_get_stock_events,pending: not yet fetched/confirmed (run interrupted)
301219.SZ,wind_get_stock_events,pending: not yet fetched/confirmed (run interrupted)
301220.SZ,wind_get_stock_events,pending: not yet fetched/confirmed (run interrupted)
301222.SZ,wind_get_stock_events,pending: not yet fetched/confirmed (run interrupted)
301223.SZ,wind_get_stock_events,pending: not yet fetched/confirmed (run interrupted)
301226.SZ,wind_get_stock_events,pending: not yet fetched/confirmed (run interrupted)
301227.SZ,wind_get_stock_events,pending: not yet fetched/confirmed (run interrupted)
301230.SZ,wind_get_stock_events,pending: not yet fetched/confirmed (run interrupted)
301231.SZ,wind_get_stock_events,pending: not yet fetched/confirmed (run interrupted)
301234.SZ,wind_get_stock_events,pending: not yet fetched/confirmed (run interrupted)
301237.SZ,wind_get_stock_events,pending: not yet fetched/confirmed (run interrupted)
301239.SZ,wind_get_stock_events,pending: not yet fetched/confirmed (run interrupted)
301246.SZ,wind_get_stock_events,pending: not yet fetched/confirmed (run interrupted)
301251.SZ,wind_get_stock_events,pending: not yet fetched/confirmed (run interrupted)
301252.SZ,wind_get_stock_events,pending: not yet fetched/confirmed (run interrupted)
301261.SZ,wind_get_stock_events,pending: not yet fetched/confirmed (run interrupted)
301262.SZ,wind_get_stock_events,pending: not yet fetched/confirmed (run interrupted)
301265.SZ,wind_get_stock_events,pending: not yet fetched/confirmed (run interrupted)
301266.SZ,wind_get_stock_events,pending: not yet fetched/confirmed (run interrupted)
301268.SZ,wind_get_stock_events,pending: not yet fetched/confirmed (run interrupted)
301273.SZ,wind_get_stock_events,pending: not yet fetched/confirmed (run interrupted)
301275.SZ,wind_get_stock_events,pending: not yet fetched/confirmed (run interrupted)
301276.SZ,wind_get_stock_events,pending: not yet fetched/confirmed (run interrupted)
301278.SZ,wind_get_stock_events,pending: not yet fetched/confirmed (run interrupted)
301279.SZ,wind_get_stock_events,pending: not yet fetched/confirmed (run interrupted)
301280.SZ,wind_get_stock_events,pending: not yet fetched/confirmed (run interrupted)
301281.SZ,wind_get_stock_events,pending: not yet fetched/confirmed (run interrupted)
301282.SZ,wind_get_stock_events,pending: not yet fetched/confirmed (run interrupted)
301286.SZ,wind_get_stock_events,pending: not yet fetched/confirmed (run interrupted)
301287.SZ,wind_get_stock_events,pending: not yet fetched/confirmed (run interrupted)
301289.SZ,wind_get_stock_events,pending: not yet fetched/confirmed (run interrupted)
301290.SZ,wind_get_stock_events,pending: not yet fetched/confirmed (run interrupted)
301291.SZ,wind_get_stock_events,pending: not yet fetched/confirmed (run interrupted)
301292.SZ,wind_get_stock_events,pending: not yet fetched/confirmed (run interrupted)
301295.SZ,wind_get_stock_events,pending: not yet fetched/confirmed (run interrupted)
301297.SZ,wind_get_stock_events,pending: not yet fetched/confirmed (run interrupted)
301299.SZ,wind_get_stock_events,pending: not yet fetched/confirmed (run interrupted)
301302.SZ,wind_get_stock_events,pending: not yet fetched/confirmed (run interrupted)
301305.SZ,wind_get_stock_events,pending: not yet fetched/confirmed (run interrupted)
301306.SZ,wind_get_stock_events,pending: not yet fetched/confirmed (run interrupted)
301307.SZ,wind_get_stock_events,pending: not yet fetched/confirmed (run interrupted)
301309.SZ,wind_get_stock_events,pending: not yet fetched/confirmed (run interrupted)
301313.SZ,wind_get_stock_events,pending: not yet fetched/confirmed (run interrupted)
301314.SZ,wind_get_stock_events,pending: not yet fetched/confirmed (run interrupted)
301315.SZ,wind_get_stock_events,pending: not yet fetched/confirmed (run interrupted)
301317.SZ,wind_get_stock_events,pending: not yet fetched/confirmed (run interrupted)
301321.SZ,wind_get_stock_events,pending: not yet fetched/confirmed (run interrupted)
301322.SZ,wind_get_stock_events,pending: not yet fetched/confirmed (run interrupted)
301328.SZ,wind_get_stock_events,pending: not yet fetched/confirmed (run interrupted)
301329.SZ,wind_get_stock_events,pending: not yet fetched/confirmed (run interrupted)
301330.SZ,wind_get_stock_events,pending: not yet fetched/confirmed (run interrupted)
301336.SZ,wind_get_stock_events,pending: not yet fetched/confirmed (run interrupted)
301345.SZ,wind_get_stock_events,pending: not yet fetched/confirmed (run interrupted)
301348.SZ,wind_get_stock_events,pending: not yet fetched/confirmed (run interrupted)
301349.SZ,wind_get_stock_events,pending: not yet fetched/confirmed (run interrupted)
301353.SZ,wind_get_stock_events,pending: not yet fetched/confirmed (run interrupted)
301355.SZ,wind_get_stock_events,pending: not yet fetched/confirmed (run interrupted)
301356.SZ,wind_get_stock_events,pending: not yet fetched/confirmed (run interrupted)
301360.SZ,wind_get_stock_events,pending: not yet fetched/confirmed (run interrupted)
301361.SZ,wind_get_stock_events,pending: not yet fetched/confirmed (run interrupted)
301363.SZ,wind_get_stock_events,pending: not yet fetched/confirmed (run interrupted)
301365.SZ,wind_get_stock_events,pending: not yet fetched/confirmed (run interrupted)
301366.SZ,wind_get_stock_events,pending: not yet fetched/confirmed (run interrupted)
301370.SZ,wind_get_stock_events,pending: not yet fetched/confirmed (run interrupted)
301371.SZ,wind_get_stock_events,pending: not yet fetched/confirmed (run interrupted)
301372.SZ,wind_get_stock_events,pending: not yet fetched/confirmed (run interrupted)
301378.SZ,wind_get_stock_events,pending: not yet fetched/confirmed (run interrupted)
301379.SZ,wind_get_stock_events,pending: not yet fetched/confirmed (run interrupted)
301380.SZ,wind_get_stock_events,pending: not yet fetched/confirmed (run interrupted)
301382.SZ,wind_get_stock_events,pending: not yet fetched/confirmed (run interrupted)
301386.SZ,wind_get_stock_events,pending: not yet fetched/confirmed (run interrupted)
301387.SZ,wind_get_stock_events,pending: not yet fetched/confirmed (run interrupted)
301388.SZ,wind_get_stock_events,pending: not yet fetched/confirmed (run interrupted)
301390.SZ,wind_get_stock_events,pending: not yet fetched/confirmed (run interrupted)
301391.SZ,wind_get_stock_events,pending: not yet fetched/confirmed (run interrupted)
301392.SZ,wind_get_stock_events,pending: not yet fetched/confirmed (run interrupted)
301393.SZ,wind_get_stock_events,pending: not yet fetched/confirmed (run interrupted)
301395.SZ,wind_get_stock_events,pending: not yet fetched/confirmed (run interrupted)
301397.SZ,wind_get_stock_events,pending: not yet fetched/confirmed (run interrupted)
301399.SZ,wind_get_stock_events,pending: not yet fetched/confirmed (run interrupted)
301408.SZ,wind_get_stock_events,pending: not yet fetched/confirmed (run interrupted)
301418.SZ,wind_get_stock_events,pending: not yet fetched/confirmed (run interrupted)
301419.SZ,wind_get_stock_events,pending: not yet fetched/confirmed (run interrupted)
301421.SZ,wind_get_stock_events,pending: not yet fetched/confirmed (run interrupted)
301428.SZ,wind_get_stock_events,pending: not yet fetched/confirmed (run interrupted)
301439.SZ,wind_get_stock_events,pending: not yet fetched/confirmed (run interrupted)
301458.SZ,wind_get_stock_events,pending: not yet fetched/confirmed (run interrupted)
301469.SZ,wind_get_stock_events,pending: not yet fetched/confirmed (run interrupted)
301479.SZ,wind_get_stock_events,pending: not yet fetched/confirmed (run interrupted)
301487.SZ,wind_get_stock_events,pending: not yet fetched/confirmed (run interrupted)
301489.SZ,wind_get_stock_events,pending: not yet fetched/confirmed (run interrupted)
301499.SZ,wind_get_stock_events,pending: not yet fetched/confirmed (run interrupted)
301500.SZ,wind_get_stock_events,pending: not yet fetched/confirmed (run interrupted)
301505.SZ,wind_get_stock_events,pending: not yet fetched/confirmed (run interrupted)
301507.SZ,wind_get_stock_events,pending: not yet fetched/confirmed (run interrupted)
301509.SZ,wind_get_stock_events,pending: not yet fetched/confirmed (run interrupted)
301510.SZ,wind_get_stock_events,pending: not yet fetched/confirmed (run interrupted)
301511.SZ,wind_get_stock_events,pending: not yet fetched/confirmed (run interrupted)
301512.SZ,wind_get_stock_events,pending: not yet fetched/confirmed (run interrupted)
301515.SZ,wind_get_stock_events,pending: not yet fetched/confirmed (run interrupted)
301516.SZ,wind_get_stock_events,pending: not yet fetched/confirmed (run interrupted)
301519.SZ,wind_get_stock_events,pending: not yet fetched/confirmed (run interrupted)
301522.SZ,wind_get_stock_events,pending: not yet fetched/confirmed (run interrupted)
301533.SZ,wind_get_stock_events,pending: not yet fetched/confirmed (run interrupted)
301535.SZ,wind_get_stock_events,pending: not yet fetched/confirmed (run interrupted)
301536.SZ,wind_get_stock_events,pending: not yet fetched/confirmed (run interrupted)
301538.SZ,wind_get_stock_events,pending: not yet fetched/confirmed (run interrupted)
301548.SZ,wind_get_stock_events,pending: not yet fetched/confirmed (run interrupted)
301555.SZ,wind_get_stock_events,pending: not yet fetched/confirmed (run interrupted)
301557.SZ,wind_get_stock_events,pending: not yet fetched/confirmed (run interrupted)
301565.SZ,wind_get_stock_events,pending: not yet fetched/confirmed (run interrupted)
301566.SZ,wind_get_stock_events,pending: not yet fetched/confirmed (run interrupted)
301567.SZ,wind_get_stock_events,pending: not yet fetched/confirmed (run interrupted)
301568.SZ,wind_get_stock_events,pending: not yet fetched/confirmed (run interrupted)
301571.SZ,wind_get_stock_events,pending: not yet fetched/confirmed (run interrupted)
301577.SZ,wind_get_stock_events,pending: not yet fetched/confirmed (run interrupted)
301587.SZ,wind_get_stock_events,pending: not yet fetched/confirmed (run interrupted)
301588.SZ,wind_get_stock_events,pending: not yet fetched/confirmed (run interrupted)
301589.SZ,wind_get_stock_events,pending: not yet fetched/confirmed (run interrupted)
301591.SZ,wind_get_stock_events,pending: not yet fetched/confirmed (run interrupted)
301595.SZ,wind_get_stock_events,pending: not yet fetched/confirmed (run interrupted)
301600.SZ,wind_get_stock_events,pending: not yet fetched/confirmed (run interrupted)
301603.SZ,wind_get_stock_events,pending: not yet fetched/confirmed (run interrupted)
301606.SZ,wind_get_stock_events,pending: not yet fetched/confirmed (run interrupted)
301607.SZ,wind_get_stock_events,pending: not yet fetched/confirmed (run interrupted)
301608.SZ,wind_get_stock_events,pending: not yet fetched/confirmed (run interrupted)
301609.SZ,wind_get_stock_events,pending: not yet fetched/confirmed (run interrupted)
301611.SZ,wind_get_stock_events,pending: not yet fetched/confirmed (run interrupted)
301618.SZ,wind_get_stock_events,pending: not yet fetched/confirmed (run interrupted)
301628.SZ,wind_get_stock_events,pending: not yet fetched/confirmed (run interrupted)
301629.SZ,wind_get_stock_events,pending: not yet fetched/confirmed (run interrupted)
301630.SZ,wind_get_stock_events,pending: not yet fetched/confirmed (run interrupted)
301631.SZ,wind_get_stock_events,pending: not yet fetched/confirmed (run interrupted)
301636.SZ,wind_get_stock_events,pending: not yet fetched/confirmed (run interrupted)
301658.SZ,wind_get_stock_events,pending: not yet fetched/confirmed (run interrupted)
301662.SZ,wind_get_stock_events,pending: not yet fetched/confirmed (run interrupted)
301665.SZ,wind_get_stock_events,pending: not yet fetched/confirmed (run interrupted)
600000.SH,wind_get_stock_events,pending: not yet fetched/confirmed (run interrupted)
600007.SH,wind_get_stock_events,pending: not yet fetched/confirmed (run interrupted)
600010.SH,wind_get_stock_events,pending: not yet fetched/confirmed (run interrupted)
600011.SH,wind_get_stock_events,pending: not yet fetched/confirmed (run interrupted)
600012.SH,wind_get_stock_events,pending: not yet fetched/confirmed (run interrupted)
600015.SH,wind_get_stock_events,pending: not yet fetched/confirmed (run interrupted)
600016.SH,wind_get_stock_events,pending: not yet fetched/confirmed (run interrupted)
600018.SH,wind_get_stock_events,pending: not yet fetched/confirmed (run interrupted)
600019.SH,wind_get_stock_events,pending: not yet fetched/confirmed (run interrupted)
600020.SH,wind_get_stock_events,pending: not yet fetched/confirmed (run interrupted)
600022.SH,wind_get_stock_events,pending: not yet fetched/confirmed (run interrupted)
600023.SH,wind_get_stock_events,pending: not yet fetched/confirmed (run interrupted)
600025.SH,wind_get_stock_events,pending: not yet fetched/confirmed (run interrupted)
600026.SH,wind_get_stock_events,pending: not yet fetched/confirmed (run interrupted)
600027.SH,wind_get_stock_events,pending: not yet fetched/confirmed (run interrupted)
600028.SH,wind_get_stock_events,pending: not yet fetched/confirmed (run interrupted)
600029.SH,wind_get_stock_events,pending: not yet fetched/confirmed (run interrupted)
600030.SH,wind_get_stock_events,pending: not yet fetched/confirmed (run interrupted)
600031.SH,wind_get_stock_events,pending: not yet fetched/confirmed (run interrupted)
600032.SH,wind_get_stock_events,pending: not yet fetched/confirmed (run interrupted)
600033.SH,wind_get_stock_events,pending: not yet fetched/confirmed (run interrupted)
600036.SH,wind_get_stock_events,pending: not yet fetched/confirmed (run interrupted)
600039.SH,wind_get_stock_events,pending: not yet fetched/confirmed (run interrupted)
600052.SH,wind_get_stock_events,pending: not yet fetched/confirmed (run interrupted)
600053.SH,wind_get_stock_events,pending: not yet fetched/confirmed (run interrupted)
600054.SH,wind_get_stock_events,pending: not yet fetched/confirmed (run interrupted)
600056.SH,wind_get_stock_events,pending: not yet fetched/confirmed (run interrupted)
600057.SH,wind_get_stock_events,pending: not yet fetched/confirmed (run interrupted)
600058.SH,wind_get_stock_events,pending: not yet fetched/confirmed (run interrupted)
600060.SH,wind_get_stock_events,pending: not yet fetched/confirmed (run interrupted)
600061.SH,wind_get_stock_events,pending: not yet fetched/confirmed (run interrupted)
600063.SH,wind_get_stock_events,pending: not yet fetched/confirmed (run interrupted)
600064.SH,wind_get_stock_events,pending: not yet fetched/confirmed (run interrupted)
600066.SH,wind_get_stock_events,pending: not yet fetched/confirmed (run interrupted)
600072.SH,wind_get_stock_events,pending: not yet fetched/confirmed (run interrupted)
600075.SH,wind_get_stock_events,pending: not yet fetched/confirmed (run interrupted)
600076.SH,wind_get_stock_events,pending: not yet fetched/confirmed (run interrupted)
600079.SH,wind_get_stock_events,pending: not yet fetched/confirmed (run interrupted)
600080.SH,wind_get_stock_events,pending: not yet fetched/confirmed (run interrupted)
600084.SH,wind_get_stock_events,pending: not yet fetched/confirmed (run interrupted)
600085.SH,wind_get_stock_events,pending: not yet fetched/confirmed (run interrupted)
600094.SH,wind_get_stock_events,pending: not yet fetched/confirmed (run interrupted)
600096.SH,wind_get_stock_events,pending: not yet fetched/confirmed (run interrupted)
600097.SH,wind_get_stock_events,pending: not yet fetched/confirmed (run interrupted)
600098.SH,wind_get_stock_events,pending: not yet fetched/confirmed (run interrupted)
600099.SH,wind_get_stock_events,pending: not yet fetched/confirmed (run interrupted)
600100.SH,wind_get_stock_events,pending: not yet fetched/confirmed (run interrupted)
600107.SH,wind_get_stock_events,pending: not yet fetched/confirmed (run interrupted)
600108.SH,wind_get_stock_events,pending: not yet fetched/confirmed (run interrupted)
600109.SH,wind_get_stock_events,pending: not yet fetched/confirmed (run interrupted)
600113.SH,wind_get_stock_events,pending: not yet fetched/confirmed (run interrupted)
600115.SH,wind_get_stock_events,pending: not yet fetched/confirmed (run interrupted)
600116.SH,wind_get_stock_events,pending: not yet fetched/confirmed (run interrupted)
600118.SH,wind_get_stock_events,pending: not yet fetched/confirmed (run interrupted)
600121.SH,wind_get_stock_events,pending: not yet fetched/confirmed (run interrupted)
600123.SH,wind_get_stock_events,pending: not yet fetched/confirmed (run interrupted)
600125.SH,wind_get_stock_events,pending: not yet fetched/confirmed (run interrupted)
600127.SH,wind_get_stock_events,pending: not yet fetched/confirmed (run interrupted)
600129.SH,wind_get_stock_events,pending: not yet fetched/confirmed (run interrupted)
600135.SH,wind_get_stock_events,pending: not yet fetched/confirmed (run interrupted)
600137.SH,wind_get_stock_events,pending: not yet fetched/confirmed (run interrupted)
600149.SH,wind_get_stock_events,pending: not yet fetched/confirmed (run interrupted)
600150.SH,wind_get_stock_events,pending: not yet fetched/confirmed (run interrupted)
600151.SH,wind_get_stock_events,pending: not yet fetched/confirmed (run interrupted)
600153.SH,wind_get_stock_events,pending: not yet fetched/confirmed (run interrupted)
600156.SH,wind_get_stock_events,pending: not yet fetched/confirmed (run interrupted)
600157.SH,wind_get_stock_events,pending: not yet fetched/confirmed (run interrupted)
600158.SH,wind_get_stock_events,pending: not yet fetched/confirmed (run interrupted)
600160.SH,wind_get_stock_events,pending: not yet fetched/confirmed (run interrupted)
600161.SH,wind_get_stock_events,pending: not yet fetched/confirmed (run interrupted)
600163.SH,wind_get_stock_events,pending: not yet fetched/confirmed (run interrupted)
600166.SH,wind_get_stock_events,pending: not yet fetched/confirmed (run interrupted)
600168.SH,wind_get_stock_events,pending: not yet fetched/confirmed (run interrupted)
600173.SH,wind_get_stock_events,pending: not yet fetched/confirmed (run interrupted)
600177.SH,wind_get_stock_events,pending: not yet fetched/confirmed (run interrupted)
600179.SH,wind_get_stock_events,pending: not yet fetched/confirmed (run interrupted)
600180.SH,wind_get_stock_events,pending: not yet fetched/confirmed (run interrupted)
600184.SH,wind_get_stock_events,pending: not yet fetched/confirmed (run interrupted)
600185.SH,wind_get_stock_events,pending: not yet fetched/confirmed (run interrupted)
600187.SH,wind_get_stock_events,pending: not yet fetched/confirmed (run interrupted)
600188.SH,wind_get_stock_events,pending: not yet fetched/confirmed (run interrupted)
600189.SH,wind_get_stock_events,pending: not yet fetched/confirmed (run interrupted)
600191.SH,wind_get_stock_events,pending: not yet fetched/confirmed (run interrupted)
600195.SH,wind_get_stock_events,pending: not yet fetched/confirmed (run interrupted)
600198.SH,wind_get_stock_events,pending: not yet fetched/confirmed (run interrupted)
600199.SH,wind_get_stock_events,pending: not yet fetched/confirmed (run interrupted)
600200.SH,wind_get_stock_events,pending: not yet fetched/confirmed (run interrupted)
600206.SH,wind_get_stock_events,pending: not yet fetched/confirmed (run interrupted)
600207.SH,wind_get_stock_events,pending: not yet fetched/confirmed (run interrupted)
600216.SH,wind_get_stock_events,pending: not yet fetched/confirmed (run interrupted)
600218.SH,wind_get_stock_events,pending: not yet fetched/confirmed (run interrupted)
600219.SH,wind_get_stock_events,pending: not yet fetched/confirmed (run interrupted)
600221.SH,wind_get_stock_events,pending: not yet fetched/confirmed (run interrupted)
600222.SH,wind_get_stock_events,pending: not yet fetched/confirmed (run interrupted)
600227.SH,wind_get_stock_events,pending: not yet fetched/confirmed (run interrupted)
600229.SH,wind_get_stock_events,pending: not yet fetched/confirmed (run interrupted)
600230.SH,wind_get_stock_events,pending: not yet fetched/confirmed (run interrupted)
600231.SH,wind_get_stock_events,pending: not yet fetched/confirmed (run interrupted)
600232.SH,wind_get_stock_events,pending: not yet fetched/confirmed (run interrupted)
600233.SH,wind_get_stock_events,pending: not yet fetched/confirmed (run interrupted)
600237.SH,wind_get_stock_events,pending: not yet fetched/confirmed (run interrupted)
600238.SH,wind_get_stock_events,pending: not yet fetched/confirmed (run interrupted)
600241.SH,wind_get_stock_events,pending: not yet fetched/confirmed (run interrupted)
600243.SH,wind_get_stock_events,pending: not yet fetched/confirmed (run interrupted)
600246.SH,wind_get_stock_events,pending: not yet fetched/confirmed (run interrupted)
600248.SH,wind_get_stock_events,pending: not yet fetched/confirmed (run interrupted)
600249.SH,wind_get_stock_events,pending: not yet fetched/confirmed (run interrupted)
600250.SH,wind_get_stock_events,pending: not yet fetched/confirmed (run interrupted)
600251.SH,wind_get_stock_events,pending: not yet fetched/confirmed (run interrupted)
600252.SH,wind_get_stock_events,pending: not yet fetched/confirmed (run interrupted)
600255.SH,wind_get_stock_events,pending: not yet fetched/confirmed (run interrupted)
600256.SH,wind_get_stock_events,pending: not yet fetched/confirmed (run interrupted)
600257.SH,wind_get_stock_events,pending: not yet fetched/confirmed (run interrupted)
600258.SH,wind_get_stock_events,pending: not yet fetched/confirmed (run interrupted)
600261.SH,wind_get_stock_events,pending: not yet fetched/confirmed (run interrupted)
600262.SH,wind_get_stock_events,pending: not yet fetched/confirmed (run interrupted)
600267.SH,wind_get_stock_events,pending: not yet fetched/confirmed (run interrupted)
600268.SH,wind_get_stock_events,pending: not yet fetched/confirmed (run interrupted)
600269.SH,wind_get_stock_events,pending: not yet fetched/confirmed (run interrupted)
600271.SH,wind_get_stock_events,pending: not yet fetched/confirmed (run interrupted)
600273.SH,wind_get_stock_events,pending: not yet fetched/confirmed (run interrupted)
600276.SH,wind_get_stock_events,pending: not yet fetched/confirmed (run interrupted)
600278.SH,wind_get_stock_events,pending: not yet fetched/confirmed (run interrupted)
600281.SH,wind_get_stock_events,pending: not yet fetched/confirmed (run interrupted)
600282.SH,wind_get_stock_events,pending: not yet fetched/confirmed (run interrupted)
600283.SH,wind_get_stock_events,pending: not yet fetched/confirmed (run interrupted)
600285.SH,wind_get_stock_events,pending: not yet fetched/confirmed (run interrupted)
600292.SH,wind_get_stock_events,pending: not yet fetched/confirmed (run interrupted)
600293.SH,wind_get_stock_events,pending: not yet fetched/confirmed (run interrupted)
600295.SH,wind_get_stock_events,pending: not yet fetched/confirmed (run interrupted)
600298.SH,wind_get_stock_events,pending: not yet fetched/confirmed (run interrupted)
600299.SH,wind_get_stock_events,pending: not yet fetched/confirmed (run interrupted)
600307.SH,wind_get_stock_events,pending: not yet fetched/confirmed (run interrupted)
600308.SH,wind_get_stock_events,pending: not yet fetched/confirmed (run interrupted)
600309.SH,wind_get_stock_events,pending: not yet fetched/confirmed (run interrupted)
600312.SH,wind_get_stock_events,pending: not yet fetched/confirmed (run interrupted)
600313.SH,wind_get_stock_events,pending: not yet fetched/confirmed (run interrupted)
600316.SH,wind_get_stock_events,pending: not yet fetched/confirmed (run interrupted)
600320.SH,wind_get_stock_events,pending: not yet fetched/confirmed (run interrupted)
600323.SH,wind_get_stock_events,pending: not yet fetched/confirmed (run interrupted)
600325.SH,wind_get_stock_events,pending: not yet fetched/confirmed (run interrupted)
600326.SH,wind_get_stock_events,pending: not yet fetched/confirmed (run interrupted)
600327.SH,wind_get_stock_events,pending: not yet fetched/confirmed (run interrupted)
600328.SH,wind_get_stock_events,pending: not yet fetched/confirmed (run interrupted)
600332.SH,wind_get_stock_events,pending: not yet fetched/confirmed (run interrupted)
600336.SH,wind_get_stock_events,pending: not yet fetched/confirmed (run interrupted)
600337.SH,wind_get_stock_events,pending: not yet fetched/confirmed (run interrupted)
600338.SH,wind_get_stock_events,pending: not yet fetched/confirmed (run interrupted)
600339.SH,wind_get_stock_events,pending: not yet fetched/confirmed (run interrupted)
600340.SH,wind_get_stock_events,pending: not yet fetched/confirmed (run interrupted)
600343.SH,wind_get_stock_events,pending: not yet fetched/confirmed (run interrupted)
600345.SH,wind_get_stock_events,pending: not yet fetched/confirmed (run interrupted)
600346.SH,wind_get_stock_events,pending: not yet fetched/confirmed (run interrupted)
600348.SH,wind_get_stock_events,pending: not yet fetched/confirmed (run interrupted)
600350.SH,wind_get_stock_events,pending: not yet fetched/confirmed (run interrupted)
600351.SH,wind_get_stock_events,pending: not yet fetched/confirmed (run interrupted)
600352.SH,wind_get_stock_events,pending: not yet fetched/confirmed (run interrupted)
600353.SH,wind_get_stock_events,pending: not yet fetched/confirmed (run interrupted)
600354.SH,wind_get_stock_events,pending: not yet fetched/confirmed (run interrupted)
600356.SH,wind_get_stock_events,pending: not yet fetched/confirmed (run interrupted)
600359.SH,wind_get_stock_events,pending: not yet fetched/confirmed (run interrupted)
600361.SH,wind_get_stock_events,pending: not yet fetched/confirmed (run interrupted)
600363.SH,wind_get_stock_events,pending: not yet fetched/confirmed (run interrupted)
600367.SH,wind_get_stock_events,pending: not yet fetched/confirmed (run interrupted)
600369.SH,wind_get_stock_events,pending: not yet fetched/confirmed (run interrupted)
600370.SH,wind_get_stock_events,pending: not yet fetched/confirmed (run interrupted)
600371.SH,wind_get_stock_events,pending: not yet fetched/confirmed (run interrupted)
600372.SH,wind_get_stock_events,pending: not yet fetched/confirmed (run interrupted)
600377.SH,wind_get_stock_events,pending: not yet fetched/confirmed (run interrupted)
600378.SH,wind_get_stock_events,pending: not yet fetched/confirmed (run interrupted)
600379.SH,wind_get_stock_events,pending: not yet fetched/confirmed (run interrupted)
600382.SH,wind_get_stock_events,pending: not yet fetched/confirmed (run interrupted)
600388.SH,wind_get_stock_events,pending: not yet fetched/confirmed (run interrupted)
600389.SH,wind_get_stock_events,pending: not yet fetched/confirmed (run interrupted)
600391.SH,wind_get_stock_events,pending: not yet fetched/confirmed (run interrupted)
600392.SH,wind_get_stock_events,pending: not yet fetched/confirmed (run interrupted)
600395.SH,wind_get_stock_events,pending: not yet fetched/confirmed (run interrupted)
600396.SH,wind_get_stock_events,pending: not yet fetched/confirmed (run interrupted)
600397.SH,wind_get_stock_events,pending: not yet fetched/confirmed (run interrupted)
600399.SH,wind_get_stock_events,pending: not yet fetched/confirmed (run interrupted)
600400.SH,wind_get_stock_events,pending: not yet fetched/confirmed (run interrupted)
600403.SH,wind_get_stock_events,pending: not yet fetched/confirmed (run interrupted)
600409.SH,wind_get_stock_events,pending: not yet fetched/confirmed (run interrupted)
600410.SH,wind_get_stock_events,pending: not yet fetched/confirmed (run interrupted)
600418.SH,wind_get_stock_events,pending: not yet fetched/confirmed (run interrupted)
600420.SH,wind_get_stock_events,pending: not yet fetched/confirmed (run interrupted)
600422.SH,wind_get_stock_events,pending: not yet fetched/confirmed (run interrupted)
600423.SH,wind_get_stock_events,pending: not yet fetched/confirmed (run interrupted)
600425.SH,wind_get_stock_events,pending: not yet fetched/confirmed (run interrupted)
600426.SH,wind_get_stock_events,pending: not yet fetched/confirmed (run interrupted)
600428.SH,wind_get_stock_events,pending: not yet fetched/confirmed (run interrupted)
600429.SH,wind_get_stock_events,pending: not yet fetched/confirmed (run interrupted)
600433.SH,wind_get_stock_events,pending: not yet fetched/confirmed (run interrupted)
600436.SH,wind_get_stock_events,pending: not yet fetched/confirmed (run interrupted)
600438.SH,wind_get_stock_events,pending: not yet fetched/confirmed (run interrupted)
600439.SH,wind_get_stock_events,pending: not yet fetched/confirmed (run interrupted)
600444.SH,wind_get_stock_events,pending: not yet fetched/confirmed (run interrupted)
600449.SH,wind_get_stock_events,pending: not yet fetched/confirmed (run interrupted)
600452.SH,wind_get_stock_events,pending: not yet fetched/confirmed (run interrupted)
600455.SH,wind_get_stock_events,pending: not yet fetched/confirmed (run interrupted)
600456.SH,wind_get_stock_events,pending: not yet fetched/confirmed (run interrupted)
600458.SH,wind_get_stock_events,pending: not yet fetched/confirmed (run interrupted)
600459.SH,wind_get_stock_events,pending: not yet fetched/confirmed (run interrupted)
600460.SH,wind_get_stock_events,pending: not yet fetched/confirmed (run interrupted)
600467.SH,wind_get_stock_events,pending: not yet fetched/confirmed (run interrupted)
600468.SH,wind_get_stock_events,pending: not yet fetched/confirmed (run interrupted)
600469.SH,wind_get_stock_events,pending: not yet fetched/confirmed (run interrupted)
600470.SH,wind_get_stock_events,pending: not yet fetched/confirmed (run interrupted)
600475.SH,wind_get_stock_events,pending: not yet fetched/confirmed (run interrupted)
600476.SH,wind_get_stock_events,pending: not yet fetched/confirmed (run interrupted)
600477.SH,wind_get_stock_events,pending: not yet fetched/confirmed (run interrupted)
600478.SH,wind_get_stock_events,pending: not yet fetched/confirmed (run interrupted)
600481.SH,wind_get_stock_events,pending: not yet fetched/confirmed (run interrupted)
600482.SH,wind_get_stock_events,pending: not yet fetched/confirmed (run interrupted)
600483.SH,wind_get_stock_events,pending: not yet fetched/confirmed (run interrupted)
600486.SH,wind_get_stock_events,pending: not yet fetched/confirmed (run interrupted)
600487.SH,wind_get_stock_events,pending: not yet fetched/confirmed (run interrupted)
600488.SH,wind_get_stock_events,pending: not yet fetched/confirmed (run interrupted)
600489.SH,wind_get_stock_events,pending: not yet fetched/confirmed (run interrupted)
600490.SH,wind_get_stock_events,pending: not yet fetched/confirmed (run interrupted)
600491.SH,wind_get_stock_events,pending: not yet fetched/confirmed (run interrupted)
600493.SH,wind_get_stock_events,pending: not yet fetched/confirmed (run interrupted)
600496.SH,wind_get_stock_events,pending: not yet fetched/confirmed (run interrupted)
600497.SH,wind_get_stock_events,pending: not yet fetched/confirmed (run interrupted)
600498.SH,wind_get_stock_events,pending: not yet fetched/confirmed (run interrupted)
600499.SH,wind_get_stock_events,pending: not yet fetched/confirmed (run interrupted)
600500.SH,wind_get_stock_events,pending: not yet fetched/confirmed (run interrupted)
600501.SH,wind_get_stock_events,pending: not yet fetched/confirmed (run interrupted)
600502.SH,wind_get_stock_events,pending: not yet fetched/confirmed (run interrupted)
600506.SH,wind_get_stock_events,pending: not yet fetched/confirmed (run interrupted)
600507.SH,wind_get_stock_events,pending: not yet fetched/confirmed (run interrupted)
600508.SH,wind_get_stock_events,pending: not yet fetched/confirmed (run interrupted)
600509.SH,wind_get_stock_events,pending: not yet fetched/confirmed (run interrupted)
600512.SH,wind_get_stock_events,pending: not yet fetched/confirmed (run interrupted)
600513.SH,wind_get_stock_events,pending: not yet fetched/confirmed (run interrupted)
600515.SH,wind_get_stock_events,pending: not yet fetched/confirmed (run interrupted)
600516.SH,wind_get_stock_events,pending: not yet fetched/confirmed (run interrupted)
600517.SH,wind_get_stock_events,pending: not yet fetched/confirmed (run interrupted)
600519.SH,wind_get_stock_events,pending: not yet fetched/confirmed (run interrupted)
600520.SH,wind_get_stock_events,pending: not yet fetched/confirmed (run interrupted)
600522.SH,wind_get_stock_events,pending: not yet fetched/confirmed (run interrupted)
600526.SH,wind_get_stock_events,pending: not yet fetched/confirmed (run interrupted)
600527.SH,wind_get_stock_events,pending: not yet fetched/confirmed (run interrupted)
600531.SH,wind_get_stock_events,pending: not yet fetched/confirmed (run interrupted)
600537.SH,wind_get_stock_events,pending: not yet fetched/confirmed (run interrupted)
600538.SH,wind_get_stock_events,pending: not yet fetched/confirmed (run interrupted)
600539.SH,wind_get_stock_events,pending: not yet fetched/confirmed (run interrupted)
600543.SH,wind_get_stock_events,pending: not yet fetched/confirmed (run interrupted)
600546.SH,wind_get_stock_events,pending: not yet fetched/confirmed (run interrupted)
600547.SH,wind_get_stock_events,pending: not yet fetched/confirmed (run interrupted)
600548.SH,wind_get_stock_events,pending: not yet fetched/confirmed (run interrupted)
600550.SH,wind_get_stock_events,pending: not yet fetched/confirmed (run interrupted)
600551.SH,wind_get_stock_events,pending: not yet fetched/confirmed (run interrupted)
600552.SH,wind_get_stock_events,pending: not yet fetched/confirmed (run interrupted)
600556.SH,wind_get_stock_events,pending: not yet fetched/confirmed (run interrupted)
600561.SH,wind_get_stock_events,pending: not yet fetched/confirmed (run interrupted)
600562.SH,wind_get_stock_events,pending: not yet fetched/confirmed (run interrupted)
600563.SH,wind_get_stock_events,pending: not yet fetched/confirmed (run interrupted)
600566.SH,wind_get_stock_events,pending: not yet fetched/confirmed (run interrupted)
600567.SH,wind_get_stock_events,pending: not yet fetched/confirmed (run interrupted)
600568.SH,wind_get_stock_events,pending: not yet fetched/confirmed (run interrupted)
600569.SH,wind_get_stock_events,pending: not yet fetched/confirmed (run interrupted)
600572.SH,wind_get_stock_events,pending: not yet fetched/confirmed (run interrupted)
600573.SH,wind_get_stock_events,pending: not yet fetched/confirmed (run interrupted)
600575.SH,wind_get_stock_events,pending: not yet fetched/confirmed (run interrupted)
600578.SH,wind_get_stock_events,pending: not yet fetched/confirmed (run interrupted)
600583.SH,wind_get_stock_events,pending: not yet fetched/confirmed (run interrupted)
600584.SH,wind_get_stock_events,pending: not yet fetched/confirmed (run interrupted)
600585.SH,wind_get_stock_events,pending: not yet fetched/confirmed (run interrupted)
600586.SH,wind_get_stock_events,pending: not yet fetched/confirmed (run interrupted)
600587.SH,wind_get_stock_events,pending: not yet fetched/confirmed (run interrupted)
600589.SH,wind_get_stock_events,pending: not yet fetched/confirmed (run interrupted)
600590.SH,wind_get_stock_events,pending: not yet fetched/confirmed (run interrupted)
600592.SH,wind_get_stock_events,pending: not yet fetched/confirmed (run interrupted)
600596.SH,wind_get_stock_events,pending: not yet fetched/confirmed (run interrupted)
600598.SH,wind_get_stock_events,pending: not yet fetched/confirmed (run interrupted)
600600.SH,wind_get_stock_events,pending: not yet fetched/confirmed (run interrupted)
600601.SH,wind_get_stock_events,pending: not yet fetched/confirmed (run interrupted)
600602.SH,wind_get_stock_events,pending: not yet fetched/confirmed (run interrupted)
600612.SH,wind_get_stock_events,pending: not yet fetched/confirmed (run interrupted)
600615.SH,wind_get_stock_events,pending: not yet fetched/confirmed (run interrupted)
600618.SH,wind_get_stock_events,pending: not yet fetched/confirmed (run interrupted)
600620.SH,wind_get_stock_events,pending: not yet fetched/confirmed (run interrupted)
600622.SH,wind_get_stock_events,pending: not yet fetched/confirmed (run interrupted)
600623.SH,wind_get_stock_events,pending: not yet fetched/confirmed (run interrupted)
600626.SH,wind_get_stock_events,pending: not yet fetched/confirmed (run interrupted)
600628.SH,wind_get_stock_events,pending: not yet fetched/confirmed (run interrupted)
600630.SH,wind_get_stock_events,pending: not yet fetched/confirmed (run interrupted)
600637.SH,wind_get_stock_events,pending: not yet fetched/confirmed (run interrupted)
600638.SH,wind_get_stock_events,pending: not yet fetched/confirmed (run interrupted)
600639.SH,wind_get_stock_events,pending: not yet fetched/confirmed (run interrupted)
600640.SH,wind_get_stock_events,pending: not yet fetched/confirmed (run interrupted)
600641.SH,wind_get_stock_events,pending: not yet fetched/confirmed (run interrupted)
600642.SH,wind_get_stock_events,pending: not yet fetched/confirmed (run interrupted)
600645.SH,wind_get_stock_events,pending: not yet fetched/confirmed (run interrupted)
600649.SH,wind_get_stock_events,pending: not yet fetched/confirmed (run interrupted)
600654.SH,wind_get_stock_events,pending: not yet fetched/confirmed (run interrupted)
600660.SH,wind_get_stock_events,pending: not yet fetched/confirmed (run interrupted)
600665.SH,wind_get_stock_events,pending: not yet fetched/confirmed (run interrupted)
600666.SH,wind_get_stock_events,pending: not yet fetched/confirmed (run interrupted)
600667.SH,wind_get_stock_events,pending: not yet fetched/confirmed (run interrupted)
600668.SH,wind_get_stock_events,pending: not yet fetched/confirmed (run interrupted)
600671.SH,wind_get_stock_events,pending: not yet fetched/confirmed (run interrupted)
600676.SH,wind_get_stock_events,pending: not yet fetched/confirmed (run interrupted)
600679.SH,wind_get_stock_events,pending: not yet fetched/confirmed (run interrupted)
600682.SH,wind_get_stock_events,pending: not yet fetched/confirmed (run interrupted)
600683.SH,wind_get_stock_events,pending: not yet fetched/confirmed (run interrupted)
600685.SH,wind_get_stock_events,pending: not yet fetched/confirmed (run interrupted)
600688.SH,wind_get_stock_events,pending: not yet fetched/confirmed (run interrupted)
600690.SH,wind_get_stock_events,pending: not yet fetched/confirmed (run interrupted)
600691.SH,wind_get_stock_events,pending: not yet fetched/confirmed (run interrupted)
600693.SH,wind_get_stock_events,pending: not yet fetched/confirmed (run interrupted)
600698.SH,wind_get_stock_events,pending: not yet fetched/confirmed (run interrupted)
600702.SH,wind_get_stock_events,pending: not yet fetched/confirmed (run interrupted)
600703.SH,wind_get_stock_events,pending: not yet fetched/confirmed (run interrupted)
600707.SH,wind_get_stock_events,pending: not yet fetched/confirmed (run interrupted)
600708.SH,wind_get_stock_events,pending: not yet fetched/confirmed (run interrupted)
600710.SH,wind_get_stock_events,pending: not yet fetched/confirmed (run interrupted)
600711.SH,wind_get_stock_events,pending: not yet fetched/confirmed (run interrupted)
600713.SH,wind_get_stock_events,pending: not yet fetched/confirmed (run interrupted)
600714.SH,wind_get_stock_events,pending: not yet fetched/confirmed (run interrupted)
600716.SH,wind_get_stock_events,pending: not yet fetched/confirmed (run interrupted)
600719.SH,wind_get_stock_events,pending: not yet fetched/confirmed (run interrupted)
600721.SH,wind_get_stock_events,pending: not yet fetched/confirmed (run interrupted)
600725.SH,wind_get_stock_events,pending: not yet fetched/confirmed (run interrupted)
600727.SH,wind_get_stock_events,pending: not yet fetched/confirmed (run interrupted)
600729.SH,wind_get_stock_events,pending: not yet fetched/confirmed (run interrupted)
600733.SH,wind_get_stock_events,pending: not yet fetched/confirmed (run interrupted)
600735.SH,wind_get_stock_events,pending: not yet fetched/confirmed (run interrupted)
600736.SH,wind_get_stock_events,pending: not yet fetched/confirmed (run interrupted)
600737.SH,wind_get_stock_events,pending: not yet fetched/confirmed (run interrupted)
600740.SH,wind_get_stock_events,pending: not yet fetched/confirmed (run interrupted)
600741.SH,wind_get_stock_events,pending: not yet fetched/confirmed (run interrupted)
600742.SH,wind_get_stock_events,pending: not yet fetched/confirmed (run interrupted)
600743.SH,wind_get_stock_events,pending: not yet fetched/confirmed (run interrupted)
600744.SH,wind_get_stock_events,pending: not yet fetched/confirmed (run interrupted)
600746.SH,wind_get_stock_events,pending: not yet fetched/confirmed (run interrupted)
600749.SH,wind_get_stock_events,pending: not yet fetched/confirmed (run interrupted)
600750.SH,wind_get_stock_events,pending: not yet fetched/confirmed (run interrupted)
600754.SH,wind_get_stock_events,pending: not yet fetched/confirmed (run interrupted)
600756.SH,wind_get_stock_events,pending: not yet fetched/confirmed (run interrupted)
600757.SH,wind_get_stock_events,pending: not yet fetched/confirmed (run interrupted)
600761.SH,wind_get_stock_events,pending: not yet fetched/confirmed (run interrupted)
600763.SH,wind_get_stock_events,pending: not yet fetched/confirmed (run interrupted)
600765.SH,wind_get_stock_events,pending: not yet fetched/confirmed (run interrupted)
600768.SH,wind_get_stock_events,pending: not yet fetched/confirmed (run interrupted)
600769.SH,wind_get_stock_events,pending: not yet fetched/confirmed (run interrupted)
600770.SH,wind_get_stock_events,pending: not yet fetched/confirmed (run interrupted)
600771.SH,wind_get_stock_events,pending: not yet fetched/confirmed (run interrupted)
600773.SH,wind_get_stock_events,pending: not yet fetched/confirmed (run interrupted)
600775.SH,wind_get_stock_events,pending: not yet fetched/confirmed (run interrupted)
600776.SH,wind_get_stock_events,pending: not yet fetched/confirmed (run interrupted)
600780.SH,wind_get_stock_events,pending: not yet fetched/confirmed (run interrupted)
600783.SH,wind_get_stock_events,pending: not yet fetched/confirmed (run interrupted)
600784.SH,wind_get_stock_events,pending: not yet fetched/confirmed (run interrupted)
600785.SH,wind_get_stock_events,pending: not yet fetched/confirmed (run interrupted)
600791.SH,wind_get_stock_events,pending: not yet fetched/confirmed (run interrupted)
600792.SH,wind_get_stock_events,pending: not yet fetched/confirmed (run interrupted)
600793.SH,wind_get_stock_events,pending: not yet fetched/confirmed (run interrupted)
600794.SH,wind_get_stock_events,pending: not yet fetched/confirmed (run interrupted)
600795.SH,wind_get_stock_events,pending: not yet fetched/confirmed (run interrupted)
600796.SH,wind_get_stock_events,pending: not yet fetched/confirmed (run interrupted)
600800.SH,wind_get_stock_events,pending: not yet fetched/confirmed (run interrupted)
600801.SH,wind_get_stock_events,pending: not yet fetched/confirmed (run interrupted)
600803.SH,wind_get_stock_events,pending: not yet fetched/confirmed (run interrupted)
600807.SH,wind_get_stock_events,pending: not yet fetched/confirmed (run interrupted)
600808.SH,wind_get_stock_events,pending: not yet fetched/confirmed (run interrupted)
600809.SH,wind_get_stock_events,pending: not yet fetched/confirmed (run interrupted)
600812.SH,wind_get_stock_events,pending: not yet fetched/confirmed (run interrupted)
600814.SH,wind_get_stock_events,pending: not yet fetched/confirmed (run interrupted)
600815.SH,wind_get_stock_events,pending: not yet fetched/confirmed (run interrupted)
600818.SH,wind_get_stock_events,pending: not yet fetched/confirmed (run interrupted)
600819.SH,wind_get_stock_events,pending: not yet fetched/confirmed (run interrupted)
600821.SH,wind_get_stock_events,pending: not yet fetched/confirmed (run interrupted)
600824.SH,wind_get_stock_events,pending: not yet fetched/confirmed (run interrupted)
600833.SH,wind_get_stock_events,pending: not yet fetched/confirmed (run interrupted)
600835.SH,wind_get_stock_events,pending: not yet fetched/confirmed (run interrupted)
600838.SH,wind_get_stock_events,pending: not yet fetched/confirmed (run interrupted)
600841.SH,wind_get_stock_events,pending: not yet fetched/confirmed (run interrupted)
600843.SH,wind_get_stock_events,pending: not yet fetched/confirmed (run interrupted)
600846.SH,wind_get_stock_events,pending: not yet fetched/confirmed (run interrupted)
600847.SH,wind_get_stock_events,pending: not yet fetched/confirmed (run interrupted)
600848.SH,wind_get_stock_events,pending: not yet fetched/confirmed (run interrupted)
600850.SH,wind_get_stock_events,pending: not yet fetched/confirmed (run interrupted)
600851.SH,wind_get_stock_events,pending: not yet fetched/confirmed (run interrupted)
600853.SH,wind_get_stock_events,pending: not yet fetched/confirmed (run interrupted)
600855.SH,wind_get_stock_events,pending: not yet fetched/confirmed (run interrupted)
600857.SH,wind_get_stock_events,pending: not yet fetched/confirmed (run interrupted)
600858.SH,wind_get_stock_events,pending: not yet fetched/confirmed (run interrupted)
600859.SH,wind_get_stock_events,pending: not yet fetched/confirmed (run interrupted)
600860.SH,wind_get_stock_events,pending: not yet fetched/confirmed (run interrupted)
600863.SH,wind_get_stock_events,pending: not yet fetched/confirmed (run interrupted)
600864.SH,wind_get_stock_events,pending: not yet fetched/confirmed (run interrupted)
600865.SH,wind_get_stock_events,pending: not yet fetched/confirmed (run interrupted)
600866.SH,wind_get_stock_events,pending: not yet fetched/confirmed (run interrupted)
600867.SH,wind_get_stock_events,pending: not yet fetched/confirmed (run interrupted)
600868.SH,wind_get_stock_events,pending: not yet fetched/confirmed (run interrupted)
600871.SH,wind_get_stock_events,pending: not yet fetched/confirmed (run interrupted)
600872.SH,wind_get_stock_events,pending: not yet fetched/confirmed (run interrupted)
600873.SH,wind_get_stock_events,pending: not yet fetched/confirmed (run interrupted)
600874.SH,wind_get_stock_events,pending: not yet fetched/confirmed (run interrupted)
600875.SH,wind_get_stock_events,pending: not yet fetched/confirmed (run interrupted)
600876.SH,wind_get_stock_events,pending: not yet fetched/confirmed (run interrupted)
600877.SH,wind_get_stock_events,pending: not yet fetched/confirmed (run interrupted)
600879.SH,wind_get_stock_events,pending: not yet fetched/confirmed (run interrupted)
600881.SH,wind_get_stock_events,pending: not yet fetched/confirmed (run interrupted)
600882.SH,wind_get_stock_events,pending: not yet fetched/confirmed (run interrupted)
600883.SH,wind_get_stock_events,pending: not yet fetched/confirmed (run interrupted)
600884.SH,wind_get_stock_events,pending: not yet fetched/confirmed (run interrupted)
600885.SH,wind_get_stock_events,pending: not yet fetched/confirmed (run interrupted)
600886.SH,wind_get_stock_events,pending: not yet fetched/confirmed (run interrupted)
600887.SH,wind_get_stock_events,pending: not yet fetched/confirmed (run interrupted)
600888.SH,wind_get_stock_events,pending: not yet fetched/confirmed (run interrupted)
600892.SH,wind_get_stock_events,pending: not yet fetched/confirmed (run interrupted)
600893.SH,wind_get_stock_events,pending: not yet fetched/confirmed (run interrupted)
600894.SH,wind_get_stock_events,pending: not yet fetched/confirmed (run interrupted)
600897.SH,wind_get_stock_events,pending: not yet fetched/confirmed (run interrupted)
600900.SH,wind_get_stock_events,pending: not yet fetched/confirmed (run interrupted)
600906.SH,wind_get_stock_events,pending: not yet fetched/confirmed (run interrupted)
600908.SH,wind_get_stock_events,pending: not yet fetched/confirmed (run interrupted)
600909.SH,wind_get_stock_events,pending: not yet fetched/confirmed (run interrupted)
600916.SH,wind_get_stock_events,pending: not yet fetched/confirmed (run interrupted)
600918.SH,wind_get_stock_events,pending: not yet fetched/confirmed (run interrupted)
600919.SH,wind_get_stock_events,pending: not yet fetched/confirmed (run interrupted)
600926.SH,wind_get_stock_events,pending: not yet fetched/confirmed (run interrupted)
600927.SH,wind_get_stock_events,pending: not yet fetched/confirmed (run interrupted)
600928.SH,wind_get_stock_events,pending: not yet fetched/confirmed (run interrupted)
600929.SH,wind_get_stock_events,pending: not yet fetched/confirmed (run interrupted)
600933.SH,wind_get_stock_events,pending: not yet fetched/confirmed (run interrupted)
600935.SH,wind_get_stock_events,pending: not yet fetched/confirmed (run interrupted)
600936.SH,wind_get_stock_events,pending: not yet fetched/confirmed (run interrupted)
600938.SH,wind_get_stock_events,pending: not yet fetched/confirmed (run interrupted)
600941.SH,wind_get_stock_events,pending: not yet fetched/confirmed (run interrupted)
600955.SH,wind_get_stock_events,pending: not yet fetched/confirmed (run interrupted)
600956.SH,wind_get_stock_events,pending: not yet fetched/confirmed (run interrupted)
600958.SH,wind_get_stock_events,pending: not yet fetched/confirmed (run interrupted)
600959.SH,wind_get_stock_events,pending: not yet fetched/confirmed (run interrupted)
600960.SH,wind_get_stock_events,pending: not yet fetched/confirmed (run interrupted)
600962.SH,wind_get_stock_events,pending: not yet fetched/confirmed (run interrupted)
600963.SH,wind_get_stock_events,pending: not yet fetched/confirmed (run interrupted)
600965.SH,wind_get_stock_events,pending: not yet fetched/confirmed (run interrupted)
600966.SH,wind_get_stock_events,pending: not yet fetched/confirmed (run interrupted)
600967.SH,wind_get_stock_events,pending: not yet fetched/confirmed (run interrupted)
600968.SH,wind_get_stock_events,pending: not yet fetched/confirmed (run interrupted)
600969.SH,wind_get_stock_events,pending: not yet fetched/confirmed (run interrupted)
600970.SH,wind_get_stock_events,pending: not yet fetched/confirmed (run interrupted)
600971.SH,wind_get_stock_events,pending: not yet fetched/confirmed (run interrupted)
600973.SH,wind_get_stock_events,pending: not yet fetched/confirmed (run interrupted)
600976.SH,wind_get_stock_events,pending: not yet fetched/confirmed (run interrupted)
600977.SH,wind_get_stock_events,pending: not yet fetched/confirmed (run interrupted)
600981.SH,wind_get_stock_events,pending: not yet fetched/confirmed (run interrupted)
600982.SH,wind_get_stock_events,pending: not yet fetched/confirmed (run interrupted)
600984.SH,wind_get_stock_events,pending: not yet fetched/confirmed (run interrupted)
600985.SH,wind_get_stock_events,pending: not yet fetched/confirmed (run interrupted)
600986.SH,wind_get_stock_events,pending: not yet fetched/confirmed (run interrupted)
600987.SH,wind_get_stock_events,pending: not yet fetched/confirmed (run interrupted)
600988.SH,wind_get_stock_events,pending: not yet fetched/confirmed (run interrupted)
600989.SH,wind_get_stock_events,pending: not yet fetched/confirmed (run interrupted)
600992.SH,wind_get_stock_events,pending: not yet fetched/confirmed (run interrupted)
600993.SH,wind_get_stock_events,pending: not yet fetched/confirmed (run interrupted)
600995.SH,wind_get_stock_events,pending: not yet fetched/confirmed (run interrupted)
600996.SH,wind_get_stock_events,pending: not yet fetched/confirmed (run interrupted)
600997.SH,wind_get_stock_events,pending: not yet fetched/confirmed (run interrupted)
600998.SH,wind_get_stock_events,pending: not yet fetched/confirmed (run interrupted)
600999.SH,wind_get_stock_events,pending: not yet fetched/confirmed (run interrupted)
601000.SH,wind_get_stock_events,pending: not yet fetched/confirmed (run interrupted)
601001.SH,wind_get_stock_events,pending: not yet fetched/confirmed (run interrupted)
601006.SH,wind_get_stock_events,pending: not yet fetched/confirmed (run interrupted)
601009.SH,wind_get_stock_events,pending: not yet fetched/confirmed (run interrupted)
601010.SH,wind_get_stock_events,pending: not yet fetched/confirmed (run interrupted)
601012.SH,wind_get_stock_events,pending: not yet fetched/confirmed (run interrupted)
601015.SH,wind_get_stock_events,pending: not yet fetched/confirmed (run interrupted)
601016.SH,wind_get_stock_events,pending: not yet fetched/confirmed (run interrupted)
601018.SH,wind_get_stock_events,pending: not yet fetched/confirmed (run interrupted)
601021.SH,wind_get_stock_events,pending: not yet fetched/confirmed (run interrupted)
601022.SH,wind_get_stock_events,pending: not yet fetched/confirmed (run interrupted)
601033.SH,wind_get_stock_events,pending: not yet fetched/confirmed (run interrupted)
601058.SH,wind_get_stock_events,pending: not yet fetched/confirmed (run interrupted)
601061.SH,wind_get_stock_events,pending: not yet fetched/confirmed (run interrupted)
601066.SH,wind_get_stock_events,pending: not yet fetched/confirmed (run interrupted)
601068.SH,wind_get_stock_events,pending: not yet fetched/confirmed (run interrupted)
601077.SH,wind_get_stock_events,pending: not yet fetched/confirmed (run interrupted)
601083.SH,wind_get_stock_events,pending: not yet fetched/confirmed (run interrupted)
601088.SH,wind_get_stock_events,pending: not yet fetched/confirmed (run interrupted)
601096.SH,wind_get_stock_events,pending: not yet fetched/confirmed (run interrupted)
601098.SH,wind_get_stock_events,pending: not yet fetched/confirmed (run interrupted)
601101.SH,wind_get_stock_events,pending: not yet fetched/confirmed (run interrupted)
601106.SH,wind_get_stock_events,pending: not yet fetched/confirmed (run interrupted)
601107.SH,wind_get_stock_events,pending: not yet fetched/confirmed (run interrupted)
601108.SH,wind_get_stock_events,pending: not yet fetched/confirmed (run interrupted)
601111.SH,wind_get_stock_events,pending: not yet fetched/confirmed (run interrupted)
601113.SH,wind_get_stock_events,pending: not yet fetched/confirmed (run interrupted)
601116.SH,wind_get_stock_events,pending: not yet fetched/confirmed (run interrupted)
601117.SH,wind_get_stock_events,pending: not yet fetched/confirmed (run interrupted)
601118.SH,wind_get_stock_events,pending: not yet fetched/confirmed (run interrupted)
601121.SH,wind_get_stock_events,pending: not yet fetched/confirmed (run interrupted)
601126.SH,wind_get_stock_events,pending: not yet fetched/confirmed (run interrupted)
601127.SH,wind_get_stock_events,pending: not yet fetched/confirmed (run interrupted)
601133.SH,wind_get_stock_events,pending: not yet fetched/confirmed (run interrupted)
601137.SH,wind_get_stock_events,pending: not yet fetched/confirmed (run interrupted)
601139.SH,wind_get_stock_events,pending: not yet fetched/confirmed (run interrupted)
601155.SH,wind_get_stock_events,pending: not yet fetched/confirmed (run interrupted)
601156.SH,wind_get_stock_events,pending: not yet fetched/confirmed (run interrupted)
601163.SH,wind_get_stock_events,pending: not yet fetched/confirmed (run interrupted)
601166.SH,wind_get_stock_events,pending: not yet fetched/confirmed (run interrupted)
601168.SH,wind_get_stock_events,pending: not yet fetched/confirmed (run interrupted)
601169.SH,wind_get_stock_events,pending: not yet fetched/confirmed (run interrupted)
601179.SH,wind_get_stock_events,pending: not yet fetched/confirmed (run interrupted)
601186.SH,wind_get_stock_events,pending: not yet fetched/confirmed (run interrupted)
601187.SH,wind_get_stock_events,pending: not yet fetched/confirmed (run interrupted)
601198.SH,wind_get_stock_events,pending: not yet fetched/confirmed (run interrupted)
601199.SH,wind_get_stock_events,pending: not yet fetched/confirmed (run interrupted)
601200.SH,wind_get_stock_events,pending: not yet fetched/confirmed (run interrupted)
601211.SH,wind_get_stock_events,pending: not yet fetched/confirmed (run interrupted)
601216.SH,wind_get_stock_events,pending: not yet fetched/confirmed (run interrupted)
601218.SH,wind_get_stock_events,pending: not yet fetched/confirmed (run interrupted)
601222.SH,wind_get_stock_events,pending: not yet fetched/confirmed (run interrupted)
601226.SH,wind_get_stock_events,pending: not yet fetched/confirmed (run interrupted)
601228.SH,wind_get_stock_events,pending: not yet fetched/confirmed (run interrupted)
601233.SH,wind_get_stock_events,pending: not yet fetched/confirmed (run interrupted)
601279.SH,wind_get_stock_events,pending: not yet fetched/confirmed (run interrupted)
601288.SH,wind_get_stock_events,pending: not yet fetched/confirmed (run interrupted)
601298.SH,wind_get_stock_events,pending: not yet fetched/confirmed (run interrupted)
601311.SH,wind_get_stock_events,pending: not yet fetched/confirmed (run interrupted)
601318.SH,wind_get_stock_events,pending: not yet fetched/confirmed (run interrupted)
601319.SH,wind_get_stock_events,pending: not yet fetched/confirmed (run interrupted)
601326.SH,wind_get_stock_events,pending: not yet fetched/confirmed (run interrupted)
601328.SH,wind_get_stock_events,pending: not yet fetched/confirmed (run interrupted)
601330.SH,wind_get_stock_events,pending: not yet fetched/confirmed (run interrupted)
601339.SH,wind_get_stock_events,pending: not yet fetched/confirmed (run interrupted)
601360.SH,wind_get_stock_events,pending: not yet fetched/confirmed (run interrupted)
601366.SH,wind_get_stock_events,pending: not yet fetched/confirmed (run interrupted)
601368.SH,wind_get_stock_events,pending: not yet fetched/confirmed (run interrupted)
601369.SH,wind_get_stock_events,pending: not yet fetched/confirmed (run interrupted)
601377.SH,wind_get_stock_events,pending: not yet fetched/confirmed (run interrupted)
601388.SH,wind_get_stock_events,pending: not yet fetched/confirmed (run interrupted)
601390.SH,wind_get_stock_events,pending: not yet fetched/confirmed (run interrupted)
601398.SH,wind_get_stock_events,pending: not yet fetched/confirmed (run interrupted)
601399.SH,wind_get_stock_events,pending: not yet fetched/confirmed (run interrupted)
601456.SH,wind_get_stock_events,pending: not yet fetched/confirmed (run interrupted)
601512.SH,wind_get_stock_events,pending: not yet fetched/confirmed (run interrupted)
601518.SH,wind_get_stock_events,pending: not yet fetched/confirmed (run interrupted)
601528.SH,wind_get_stock_events,pending: not yet fetched/confirmed (run interrupted)
601566.SH,wind_get_stock_events,pending: not yet fetched/confirmed (run interrupted)
601567.SH,wind_get_stock_events,pending: not yet fetched/confirmed (run interrupted)
601568.SH,wind_get_stock_events,pending: not yet fetched/confirmed (run interrupted)
601577.SH,wind_get_stock_events,pending: not yet fetched/confirmed (run interrupted)
601588.SH,wind_get_stock_events,pending: not yet fetched/confirmed (run interrupted)
601598.SH,wind_get_stock_events,pending: not yet fetched/confirmed (run interrupted)
601599.SH,wind_get_stock_events,pending: not yet fetched/confirmed (run interrupted)
601601.SH,wind_get_stock_events,pending: not yet fetched/confirmed (run interrupted)
601607.SH,wind_get_stock_events,pending: not yet fetched/confirmed (run interrupted)
601611.SH,wind_get_stock_events,pending: not yet fetched/confirmed (run interrupted)
601615.SH,wind_get_stock_events,pending: not yet fetched/confirmed (run interrupted)
601616.SH,wind_get_stock_events,pending: not yet fetched/confirmed (run interrupted)
601619.SH,wind_get_stock_events,pending: not yet fetched/confirmed (run interrupted)
601628.SH,wind_get_stock_events,pending: not yet fetched/confirmed (run interrupted)
601633.SH,wind_get_stock_events,pending: not yet fetched/confirmed (run interrupted)
601636.SH,wind_get_stock_events,pending: not yet fetched/confirmed (run interrupted)
601658.SH,wind_get_stock_events,pending: not yet fetched/confirmed (run interrupted)
601665.SH,wind_get_stock_events,pending: not yet fetched/confirmed (run interrupted)
601666.SH,wind_get_stock_events,pending: not yet fetched/confirmed (run interrupted)
601668.SH,wind_get_stock_events,pending: not yet fetched/confirmed (run interrupted)
601669.SH,wind_get_stock_events,pending: not yet fetched/confirmed (run interrupted)
601677.SH,wind_get_stock_events,pending: not yet fetched/confirmed (run interrupted)
601678.SH,wind_get_stock_events,pending: not yet fetched/confirmed (run interrupted)
601686.SH,wind_get_stock_events,pending: not yet fetched/confirmed (run interrupted)
601688.SH,wind_get_stock_events,pending: not yet fetched/confirmed (run interrupted)
601698.SH,wind_get_stock_events,pending: not yet fetched/confirmed (run interrupted)
601699.SH,wind_get_stock_events,pending: not yet fetched/confirmed (run interrupted)
601700.SH,wind_get_stock_events,pending: not yet fetched/confirmed (run interrupted)
601702.SH,wind_get_stock_events,pending: not yet fetched/confirmed (run interrupted)
601717.SH,wind_get_stock_events,pending: not yet fetched/confirmed (run interrupted)
601728.SH,wind_get_stock_events,pending: not yet fetched/confirmed (run interrupted)
601766.SH,wind_get_stock_events,pending: not yet fetched/confirmed (run interrupted)
601777.SH,wind_get_stock_events,pending: not yet fetched/confirmed (run interrupted)
601778.SH,wind_get_stock_events,pending: not yet fetched/confirmed (run interrupted)
601788.SH,wind_get_stock_events,pending: not yet fetched/confirmed (run interrupted)
601789.SH,wind_get_stock_events,pending: not yet fetched/confirmed (run interrupted)
601799.SH,wind_get_stock_events,pending: not yet fetched/confirmed (run interrupted)
601800.SH,wind_get_stock_events,pending: not yet fetched/confirmed (run interrupted)
601808.SH,wind_get_stock_events,pending: not yet fetched/confirmed (run interrupted)
601816.SH,wind_get_stock_events,pending: not yet fetched/confirmed (run interrupted)
601818.SH,wind_get_stock_events,pending: not yet fetched/confirmed (run interrupted)
601825.SH,wind_get_stock_events,pending: not yet fetched/confirmed (run interrupted)
601827.SH,wind_get_stock_events,pending: not yet fetched/confirmed (run interrupted)
601838.SH,wind_get_stock_events,pending: not yet fetched/confirmed (run interrupted)
601857.SH,wind_get_stock_events,pending: not yet fetched/confirmed (run interrupted)
601858.SH,wind_get_stock_events,pending: not yet fetched/confirmed (run interrupted)
601860.SH,wind_get_stock_events,pending: not yet fetched/confirmed (run interrupted)
601865.SH,wind_get_stock_events,pending: not yet fetched/confirmed (run interrupted)
601866.SH,wind_get_stock_events,pending: not yet fetched/confirmed (run interrupted)
601868.SH,wind_get_stock_events,pending: not yet fetched/confirmed (run interrupted)
601872.SH,wind_get_stock_events,pending: not yet fetched/confirmed (run interrupted)
601877.SH,wind_get_stock_events,pending: not yet fetched/confirmed (run interrupted)
601880.SH,wind_get_stock_events,pending: not yet fetched/confirmed (run interrupted)
601881.SH,wind_get_stock_events,pending: not yet fetched/confirmed (run interrupted)
601882.SH,wind_get_stock_events,pending: not yet fetched/confirmed (run interrupted)
601888.SH,wind_get_stock_events,pending: not yet fetched/confirmed (run interrupted)
601890.SH,wind_get_stock_events,pending: not yet fetched/confirmed (run interrupted)
601900.SH,wind_get_stock_events,pending: not yet fetched/confirmed (run interrupted)
601908.SH,wind_get_stock_events,pending: not yet fetched/confirmed (run interrupted)
601916.SH,wind_get_stock_events,pending: not yet fetched/confirmed (run interrupted)
601918.SH,wind_get_stock_events,pending: not yet fetched/confirmed (run interrupted)
601919.SH,wind_get_stock_events,pending: not yet fetched/confirmed (run interrupted)
601921.SH,wind_get_stock_events,pending: not yet fetched/confirmed (run interrupted)
601929.SH,wind_get_stock_events,pending: not yet fetched/confirmed (run interrupted)
601939.SH,wind_get_stock_events,pending: not yet fetched/confirmed (run interrupted)
601949.SH,wind_get_stock_events,pending: not yet fetched/confirmed (run interrupted)
601952.SH,wind_get_stock_events,pending: not yet fetched/confirmed (run interrupted)
601963.SH,wind_get_stock_events,pending: not yet fetched/confirmed (run interrupted)
601965.SH,wind_get_stock_events,pending: not yet fetched/confirmed (run interrupted)
601968.SH,wind_get_stock_events,pending: not yet fetched/confirmed (run interrupted)
601969.SH,wind_get_stock_events,pending: not yet fetched/confirmed (run interrupted)
601975.SH,wind_get_stock_events,pending: not yet fetched/confirmed (run interrupted)
601985.SH,wind_get_stock_events,pending: not yet fetched/confirmed (run interrupted)
601988.SH,wind_get_stock_events,pending: not yet fetched/confirmed (run interrupted)
601991.SH,wind_get_stock_events,pending: not yet fetched/confirmed (run interrupted)
601992.SH,wind_get_stock_events,pending: not yet fetched/confirmed (run interrupted)
601996.SH,wind_get_stock_events,pending: not yet fetched/confirmed (run interrupted)
601997.SH,wind_get_stock_events,pending: not yet fetched/confirmed (run interrupted)
601998.SH,wind_get_stock_events,pending: not yet fetched/confirmed (run interrupted)
603000.SH,wind_get_stock_events,pending: not yet fetched/confirmed (run interrupted)
603001.SH,wind_get_stock_events,pending: not yet fetched/confirmed (run interrupted)
603002.SH,wind_get_stock_events,pending: not yet fetched/confirmed (run interrupted)
603004.SH,wind_get_stock_events,pending: not yet fetched/confirmed (run interrupted)
603005.SH,wind_get_stock_events,pending: not yet fetched/confirmed (run interrupted)
603008.SH,wind_get_stock_events,pending: not yet fetched/confirmed (run interrupted)
603009.SH,wind_get_stock_events,pending: not yet fetched/confirmed (run interrupted)
603010.SH,wind_get_stock_events,pending: not yet fetched/confirmed (run interrupted)
603011.SH,wind_get_stock_events,pending: not yet fetched/confirmed (run interrupted)
603012.SH,wind_get_stock_events,pending: not yet fetched/confirmed (run interrupted)
603013.SH,wind_get_stock_events,pending: not yet fetched/confirmed (run interrupted)
603014.SH,wind_get_stock_events,pending: not yet fetched/confirmed (run interrupted)
603016.SH,wind_get_stock_events,pending: not yet fetched/confirmed (run interrupted)
603017.SH,wind_get_stock_events,pending: not yet fetched/confirmed (run interrupted)
603019.SH,wind_get_stock_events,pending: not yet fetched/confirmed (run interrupted)
603020.SH,wind_get_stock_events,pending: not yet fetched/confirmed (run interrupted)
603022.SH,wind_get_stock_events,pending: not yet fetched/confirmed (run interrupted)
603025.SH,wind_get_stock_events,pending: not yet fetched/confirmed (run interrupted)
603026.SH,wind_get_stock_events,pending: not yet fetched/confirmed (run interrupted)
603027.SH,wind_get_stock_events,pending: not yet fetched/confirmed (run interrupted)
603028.SH,wind_get_stock_events,pending: not yet fetched/confirmed (run interrupted)
603029.SH,wind_get_stock_events,pending: not yet fetched/confirmed (run interrupted)
603031.SH,wind_get_stock_events,pending: not yet fetched/confirmed (run interrupted)
603032.SH,wind_get_stock_events,pending: not yet fetched/confirmed (run interrupted)
603033.SH,wind_get_stock_events,pending: not yet fetched/confirmed (run interrupted)
603036.SH,wind_get_stock_events,pending: not yet fetched/confirmed (run interrupted)
603037.SH,wind_get_stock_events,pending: not yet fetched/confirmed (run interrupted)
603039.SH,wind_get_stock_events,pending: not yet fetched/confirmed (run interrupted)
603040.SH,wind_get_stock_events,pending: not yet fetched/confirmed (run interrupted)
603041.SH,wind_get_stock_events,pending: not yet fetched/confirmed (run interrupted)
603042.SH,wind_get_stock_events,pending: not yet fetched/confirmed (run interrupted)
603045.SH,wind_get_stock_events,pending: not yet fetched/confirmed (run interrupted)
603048.SH,wind_get_stock_events,pending: not yet fetched/confirmed (run interrupted)
603049.SH,wind_get_stock_events,pending: not yet fetched/confirmed (run interrupted)
603050.SH,wind_get_stock_events,pending: not yet fetched/confirmed (run interrupted)
603051.SH,wind_get_stock_events,pending: not yet fetched/confirmed (run interrupted)
603057.SH,wind_get_stock_events,pending: not yet fetched/confirmed (run interrupted)
603058.SH,wind_get_stock_events,pending: not yet fetched/confirmed (run interrupted)
603059.SH,wind_get_stock_events,pending: not yet fetched/confirmed (run interrupted)
603060.SH,wind_get_stock_events,pending: not yet fetched/confirmed (run interrupted)
603062.SH,wind_get_stock_events,pending: not yet fetched/confirmed (run interrupted)
603063.SH,wind_get_stock_events,pending: not yet fetched/confirmed (run interrupted)
603068.SH,wind_get_stock_events,pending: not yet fetched/confirmed (run interrupted)
603070.SH,wind_get_stock_events,pending: not yet fetched/confirmed (run interrupted)
603071.SH,wind_get_stock_events,pending: not yet fetched/confirmed (run interrupted)
603075.SH,wind_get_stock_events,pending: not yet fetched/confirmed (run interrupted)
603076.SH,wind_get_stock_events,pending: not yet fetched/confirmed (run interrupted)
603077.SH,wind_get_stock_events,pending: not yet fetched/confirmed (run interrupted)
603078.SH,wind_get_stock_events,pending: not yet fetched/confirmed (run interrupted)
603079.SH,wind_get_stock_events,pending: not yet fetched/confirmed (run interrupted)
603080.SH,wind_get_stock_events,pending: not yet fetched/confirmed (run interrupted)
603087.SH,wind_get_stock_events,pending: not yet fetched/confirmed (run interrupted)
603088.SH,wind_get_stock_events,pending: not yet fetched/confirmed (run interrupted)
603091.SH,wind_get_stock_events,pending: not yet fetched/confirmed (run interrupted)
603095.SH,wind_get_stock_events,pending: not yet fetched/confirmed (run interrupted)
603097.SH,wind_get_stock_events,pending: not yet fetched/confirmed (run interrupted)
603100.SH,wind_get_stock_events,pending: not yet fetched/confirmed (run interrupted)
603102.SH,wind_get_stock_events,pending: not yet fetched/confirmed (run interrupted)
603103.SH,wind_get_stock_events,pending: not yet fetched/confirmed (run interrupted)
603105.SH,wind_get_stock_events,pending: not yet fetched/confirmed (run interrupted)
603106.SH,wind_get_stock_events,pending: not yet fetched/confirmed (run interrupted)
603110.SH,wind_get_stock_events,pending: not yet fetched/confirmed (run interrupted)
603112.SH,wind_get_stock_events,pending: not yet fetched/confirmed (run interrupted)
603113.SH,wind_get_stock_events,pending: not yet fetched/confirmed (run interrupted)
603115.SH,wind_get_stock_events,pending: not yet fetched/confirmed (run interrupted)
603116.SH,wind_get_stock_events,pending: not yet fetched/confirmed (run interrupted)
603118.SH,wind_get_stock_events,pending: not yet fetched/confirmed (run interrupted)
603119.SH,wind_get_stock_events,pending: not yet fetched/confirmed (run interrupted)
603120.SH,wind_get_stock_events,pending: not yet fetched/confirmed (run interrupted)
603123.SH,wind_get_stock_events,pending: not yet fetched/confirmed (run interrupted)
603125.SH,wind_get_stock_events,pending: not yet fetched/confirmed (run interrupted)
603126.SH,wind_get_stock_events,pending: not yet fetched/confirmed (run interrupted)
603129.SH,wind_get_stock_events,pending: not yet fetched/confirmed (run interrupted)
603130.SH,wind_get_stock_events,pending: not yet fetched/confirmed (run interrupted)
603131.SH,wind_get_stock_events,pending: not yet fetched/confirmed (run interrupted)
603132.SH,wind_get_stock_events,pending: not yet fetched/confirmed (run interrupted)
603135.SH,wind_get_stock_events,pending: not yet fetched/confirmed (run interrupted)
603137.SH,wind_get_stock_events,pending: not yet fetched/confirmed (run interrupted)
603138.SH,wind_get_stock_events,pending: not yet fetched/confirmed (run interrupted)
603139.SH,wind_get_stock_events,pending: not yet fetched/confirmed (run interrupted)
603150.SH,wind_get_stock_events,pending: not yet fetched/confirmed (run interrupted)
603151.SH,wind_get_stock_events,pending: not yet fetched/confirmed (run interrupted)
603155.SH,wind_get_stock_events,pending: not yet fetched/confirmed (run interrupted)
603156.SH,wind_get_stock_events,pending: not yet fetched/confirmed (run interrupted)
603158.SH,wind_get_stock_events,pending: not yet fetched/confirmed (run interrupted)
603159.SH,wind_get_stock_events,pending: not yet fetched/confirmed (run interrupted)
603160.SH,wind_get_stock_events,pending: not yet fetched/confirmed (run interrupted)
603161.SH,wind_get_stock_events,pending: not yet fetched/confirmed (run interrupted)
603162.SH,wind_get_stock_events,pending: not yet fetched/confirmed (run interrupted)
603165.SH,wind_get_stock_events,pending: not yet fetched/confirmed (run interrupted)
603168.SH,wind_get_stock_events,pending: not yet fetched/confirmed (run interrupted)
603169.SH,wind_get_stock_events,pending: not yet fetched/confirmed (run interrupted)
603171.SH,wind_get_stock_events,pending: not yet fetched/confirmed (run interrupted)
603172.SH,wind_get_stock_events,pending: not yet fetched/confirmed (run interrupted)
603176.SH,wind_get_stock_events,pending: not yet fetched/confirmed (run interrupted)
603177.SH,wind_get_stock_events,pending: not yet fetched/confirmed (run interrupted)
603179.SH,wind_get_stock_events,pending: not yet fetched/confirmed (run interrupted)
603180.SH,wind_get_stock_events,pending: not yet fetched/confirmed (run interrupted)
603182.SH,wind_get_stock_events,pending: not yet fetched/confirmed (run interrupted)
603183.SH,wind_get_stock_events,pending: not yet fetched/confirmed (run interrupted)
603185.SH,wind_get_stock_events,pending: not yet fetched/confirmed (run interrupted)
603187.SH,wind_get_stock_events,pending: not yet fetched/confirmed (run interrupted)
603188.SH,wind_get_stock_events,pending: not yet fetched/confirmed (run interrupted)
603189.SH,wind_get_stock_events,pending: not yet fetched/confirmed (run interrupted)
603190.SH,wind_get_stock_events,pending: not yet fetched/confirmed (run interrupted)
603191.SH,wind_get_stock_events,pending: not yet fetched/confirmed (run interrupted)
603192.SH,wind_get_stock_events,pending: not yet fetched/confirmed (run interrupted)
603193.SH,wind_get_stock_events,pending: not yet fetched/confirmed (run interrupted)
603196.SH,wind_get_stock_events,pending: not yet fetched/confirmed (run interrupted)
603199.SH,wind_get_stock_events,pending: not yet fetched/confirmed (run interrupted)
603201.SH,wind_get_stock_events,pending: not yet fetched/confirmed (run interrupted)
603203.SH,wind_get_stock_events,pending: not yet fetched/confirmed (run interrupted)
603206.SH,wind_get_stock_events,pending: not yet fetched/confirmed (run interrupted)
603209.SH,wind_get_stock_events,pending: not yet fetched/confirmed (run interrupted)
603210.SH,wind_get_stock_events,pending: not yet fetched/confirmed (run interrupted)
603211.SH,wind_get_stock_events,pending: not yet fetched/confirmed (run interrupted)
603212.SH,wind_get_stock_events,pending: not yet fetched/confirmed (run interrupted)
603213.SH,wind_get_stock_events,pending: not yet fetched/confirmed (run interrupted)
603215.SH,wind_get_stock_events,pending: not yet fetched/confirmed (run interrupted)
603216.SH,wind_get_stock_events,pending: not yet fetched/confirmed (run interrupted)
603217.SH,wind_get_stock_events,pending: not yet fetched/confirmed (run interrupted)
603220.SH,wind_get_stock_events,pending: not yet fetched/confirmed (run interrupted)
603221.SH,wind_get_stock_events,pending: not yet fetched/confirmed (run interrupted)
603223.SH,wind_get_stock_events,pending: not yet fetched/confirmed (run interrupted)
603226.SH,wind_get_stock_events,pending: not yet fetched/confirmed (run interrupted)
603228.SH,wind_get_stock_events,pending: not yet fetched/confirmed (run interrupted)
603231.SH,wind_get_stock_events,pending: not yet fetched/confirmed (run interrupted)
603232.SH,wind_get_stock_events,pending: not yet fetched/confirmed (run interrupted)
603233.SH,wind_get_stock_events,pending: not yet fetched/confirmed (run interrupted)
603236.SH,wind_get_stock_events,pending: not yet fetched/confirmed (run interrupted)
603237.SH,wind_get_stock_events,pending: not yet fetched/confirmed (run interrupted)
603238.SH,wind_get_stock_events,pending: not yet fetched/confirmed (run interrupted)
603257.SH,wind_get_stock_events,pending: not yet fetched/confirmed (run interrupted)
603259.SH,wind_get_stock_events,pending: not yet fetched/confirmed (run interrupted)
603260.SH,wind_get_stock_events,pending: not yet fetched/confirmed (run interrupted)
603266.SH,wind_get_stock_events,pending: not yet fetched/confirmed (run interrupted)
603267.SH,wind_get_stock_events,pending: not yet fetched/confirmed (run interrupted)
603268.SH,wind_get_stock_events,pending: not yet fetched/confirmed (run interrupted)
603269.SH,wind_get_stock_events,pending: not yet fetched/confirmed (run interrupted)
603270.SH,wind_get_stock_events,pending: not yet fetched/confirmed (run interrupted)
603271.SH,wind_get_stock_events,pending: not yet fetched/confirmed (run interrupted)
603272.SH,wind_get_stock_events,pending: not yet fetched/confirmed (run interrupted)
603276.SH,wind_get_stock_events,pending: not yet fetched/confirmed (run interrupted)
603277.SH,wind_get_stock_events,pending: not yet fetched/confirmed (run interrupted)
603278.SH,wind_get_stock_events,pending: not yet fetched/confirmed (run interrupted)
603279.SH,wind_get_stock_events,pending: not yet fetched/confirmed (run interrupted)
603281.SH,wind_get_stock_events,pending: not yet fetched/confirmed (run interrupted)
603282.SH,wind_get_stock_events,pending: not yet fetched/confirmed (run interrupted)
603283.SH,wind_get_stock_events,pending: not yet fetched/confirmed (run interrupted)
603285.SH,wind_get_stock_events,pending: not yet fetched/confirmed (run interrupted)
603289.SH,wind_get_stock_events,pending: not yet fetched/confirmed (run interrupted)
603290.SH,wind_get_stock_events,pending: not yet fetched/confirmed (run interrupted)
603291.SH,wind_get_stock_events,pending: not yet fetched/confirmed (run interrupted)
603296.SH,wind_get_stock_events,pending: not yet fetched/confirmed (run interrupted)
603297.SH,wind_get_stock_events,pending: not yet fetched/confirmed (run interrupted)
603298.SH,wind_get_stock_events,pending: not yet fetched/confirmed (run interrupted)
603303.SH,wind_get_stock_events,pending: not yet fetched/confirmed (run interrupted)
603305.SH,wind_get_stock_events,pending: not yet fetched/confirmed (run interrupted)
603309.SH,wind_get_stock_events,pending: not yet fetched/confirmed (run interrupted)
603311.SH,wind_get_stock_events,pending: not yet fetched/confirmed (run interrupted)
603312.SH,wind_get_stock_events,pending: not yet fetched/confirmed (run interrupted)
603313.SH,wind_get_stock_events,pending: not yet fetched/confirmed (run interrupted)
603315.SH,wind_get_stock_events,pending: not yet fetched/confirmed (run interrupted)
603316.SH,wind_get_stock_events,pending: not yet fetched/confirmed (run interrupted)
603317.SH,wind_get_stock_events,pending: not yet fetched/confirmed (run interrupted)
603318.SH,wind_get_stock_events,pending: not yet fetched/confirmed (run interrupted)
603320.SH,wind_get_stock_events,pending: not yet fetched/confirmed (run interrupted)
603321.SH,wind_get_stock_events,pending: not yet fetched/confirmed (run interrupted)
603323.SH,wind_get_stock_events,pending: not yet fetched/confirmed (run interrupted)
603324.SH,wind_get_stock_events,pending: not yet fetched/confirmed (run interrupted)
603326.SH,wind_get_stock_events,pending: not yet fetched/confirmed (run interrupted)
603328.SH,wind_get_stock_events,pending: not yet fetched/confirmed (run interrupted)
603330.SH,wind_get_stock_events,pending: not yet fetched/confirmed (run interrupted)
603331.SH,wind_get_stock_events,pending: not yet fetched/confirmed (run interrupted)
603333.SH,wind_get_stock_events,pending: not yet fetched/confirmed (run interrupted)
603335.SH,wind_get_stock_events,pending: not yet fetched/confirmed (run interrupted)
603336.SH,wind_get_stock_events,pending: not yet fetched/confirmed (run interrupted)
603337.SH,wind_get_stock_events,pending: not yet fetched/confirmed (run interrupted)
603338.SH,wind_get_stock_events,pending: not yet fetched/confirmed (run interrupted)
603339.SH,wind_get_stock_events,pending: not yet fetched/confirmed (run interrupted)
603341.SH,wind_get_stock_events,pending: not yet fetched/confirmed (run interrupted)
603344.SH,wind_get_stock_events,pending: not yet fetched/confirmed (run interrupted)
603345.SH,wind_get_stock_events,pending: not yet fetched/confirmed (run interrupted)
603348.SH,wind_get_stock_events,pending: not yet fetched/confirmed (run interrupted)
603351.SH,wind_get_stock_events,pending: not yet fetched/confirmed (run interrupted)
603355.SH,wind_get_stock_events,pending: not yet fetched/confirmed (run interrupted)
603356.SH,wind_get_stock_events,pending: not yet fetched/confirmed (run interrupted)
603358.SH,wind_get_stock_events,pending: not yet fetched/confirmed (run interrupted)
603359.SH,wind_get_stock_events,pending: not yet fetched/confirmed (run interrupted)
603360.SH,wind_get_stock_events,pending: not yet fetched/confirmed (run interrupted)
603363.SH,wind_get_stock_events,pending: not yet fetched/confirmed (run interrupted)
603365.SH,wind_get_stock_events,pending: not yet fetched/confirmed (run interrupted)
603369.SH,wind_get_stock_events,pending: not yet fetched/confirmed (run interrupted)
603373.SH,wind_get_stock_events,pending: not yet fetched/confirmed (run interrupted)
603375.SH,wind_get_stock_events,pending: not yet fetched/confirmed (run interrupted)
603378.SH,wind_get_stock_events,pending: not yet fetched/confirmed (run interrupted)
603379.SH,wind_get_stock_events,pending: not yet fetched/confirmed (run interrupted)
603381.SH,wind_get_stock_events,pending: not yet fetched/confirmed (run interrupted)
603382.SH,wind_get_stock_events,pending: not yet fetched/confirmed (run interrupted)
603385.SH,wind_get_stock_events,pending: not yet fetched/confirmed (run interrupted)
603386.SH,wind_get_stock_events,pending: not yet fetched/confirmed (run interrupted)
603387.SH,wind_get_stock_events,pending: not yet fetched/confirmed (run interrupted)
603389.SH,wind_get_stock_events,pending: not yet fetched/confirmed (run interrupted)
603392.SH,wind_get_stock_events,pending: not yet fetched/confirmed (run interrupted)
603393.SH,wind_get_stock_events,pending: not yet fetched/confirmed (run interrupted)
603396.SH,wind_get_stock_events,pending: not yet fetched/confirmed (run interrupted)
603399.SH,wind_get_stock_events,pending: not yet fetched/confirmed (run interrupted)
603408.SH,wind_get_stock_events,pending: not yet fetched/confirmed (run interrupted)
603409.SH,wind_get_stock_events,pending: not yet fetched/confirmed (run interrupted)
603416.SH,wind_get_stock_events,pending: not yet fetched/confirmed (run interrupted)
603421.SH,wind_get_stock_events,pending: not yet fetched/confirmed (run interrupted)
603439.SH,wind_get_stock_events,pending: not yet fetched/confirmed (run interrupted)
603466.SH,wind_get_stock_events,pending: not yet fetched/confirmed (run interrupted)
603488.SH,wind_get_stock_events,pending: not yet fetched/confirmed (run interrupted)
603489.SH,wind_get_stock_events,pending: not yet fetched/confirmed (run interrupted)
603496.SH,wind_get_stock_events,pending: not yet fetched/confirmed (run interrupted)
603499.SH,wind_get_stock_events,pending: not yet fetched/confirmed (run interrupted)
603500.SH,wind_get_stock_events,pending: not yet fetched/confirmed (run interrupted)
603501.SH,wind_get_stock_events,pending: not yet fetched/confirmed (run interrupted)
603505.SH,wind_get_stock_events,pending: not yet fetched/confirmed (run interrupted)
603507.SH,wind_get_stock_events,pending: not yet fetched/confirmed (run interrupted)
603508.SH,wind_get_stock_events,pending: not yet fetched/confirmed (run interrupted)
603511.SH,wind_get_stock_events,pending: not yet fetched/confirmed (run interrupted)
603515.SH,wind_get_stock_events,pending: not yet fetched/confirmed (run interrupted)
603516.SH,wind_get_stock_events,pending: not yet fetched/confirmed (run interrupted)
603519.SH,wind_get_stock_events,pending: not yet fetched/confirmed (run interrupted)
603520.SH,wind_get_stock_events,pending: not yet fetched/confirmed (run interrupted)
603527.SH,wind_get_stock_events,pending: not yet fetched/confirmed (run interrupted)
603528.SH,wind_get_stock_events,pending: not yet fetched/confirmed (run interrupted)
603533.SH,wind_get_stock_events,pending: not yet fetched/confirmed (run interrupted)
603536.SH,wind_get_stock_events,pending: not yet fetched/confirmed (run interrupted)
603556.SH,wind_get_stock_events,pending: not yet fetched/confirmed (run interrupted)
603558.SH,wind_get_stock_events,pending: not yet fetched/confirmed (run interrupted)
603559.SH,wind_get_stock_events,pending: not yet fetched/confirmed (run interrupted)
603566.SH,wind_get_stock_events,pending: not yet fetched/confirmed (run interrupted)
603567.SH,wind_get_stock_events,pending: not yet fetched/confirmed (run interrupted)
603568.SH,wind_get_stock_events,pending: not yet fetched/confirmed (run interrupted)
603577.SH,wind_get_stock_events,pending: not yet fetched/confirmed (run interrupted)
603578.SH,wind_get_stock_events,pending: not yet fetched/confirmed (run interrupted)
603580.SH,wind_get_stock_events,pending: not yet fetched/confirmed (run interrupted)
603585.SH,wind_get_stock_events,pending: not yet fetched/confirmed (run interrupted)
603587.SH,wind_get_stock_events,pending: not yet fetched/confirmed (run interrupted)
603589.SH,wind_get_stock_events,pending: not yet fetched/confirmed (run interrupted)
603590.SH,wind_get_stock_events,pending: not yet fetched/confirmed (run interrupted)
603596.SH,wind_get_stock_events,pending: not yet fetched/confirmed (run interrupted)
603598.SH,wind_get_stock_events,pending: not yet fetched/confirmed (run interrupted)
603599.SH,wind_get_stock_events,pending: not yet fetched/confirmed (run interrupted)
603600.SH,wind_get_stock_events,pending: not yet fetched/confirmed (run interrupted)
603601.SH,wind_get_stock_events,pending: not yet fetched/confirmed (run interrupted)
603606.SH,wind_get_stock_events,pending: not yet fetched/confirmed (run interrupted)
603609.SH,wind_get_stock_events,pending: not yet fetched/confirmed (run interrupted)
603618.SH,wind_get_stock_events,pending: not yet fetched/confirmed (run interrupted)
603619.SH,wind_get_stock_events,pending: not yet fetched/confirmed (run interrupted)
603628.SH,wind_get_stock_events,pending: not yet fetched/confirmed (run interrupted)
603629.SH,wind_get_stock_events,pending: not yet fetched/confirmed (run interrupted)
603633.SH,wind_get_stock_events,pending: not yet fetched/confirmed (run interrupted)
603637.SH,wind_get_stock_events,pending: not yet fetched/confirmed (run interrupted)
603638.SH,wind_get_stock_events,pending: not yet fetched/confirmed (run interrupted)
603648.SH,wind_get_stock_events,pending: not yet fetched/confirmed (run interrupted)
603650.SH,wind_get_stock_events,pending: not yet fetched/confirmed (run interrupted)
603660.SH,wind_get_stock_events,pending: not yet fetched/confirmed (run interrupted)
603661.SH,wind_get_stock_events,pending: not yet fetched/confirmed (run interrupted)
603662.SH,wind_get_stock_events,pending: not yet fetched/confirmed (run interrupted)
603663.SH,wind_get_stock_events,pending: not yet fetched/confirmed (run interrupted)
603665.SH,wind_get_stock_events,pending: not yet fetched/confirmed (run interrupted)
603667.SH,wind_get_stock_events,pending: not yet fetched/confirmed (run interrupted)
603668.SH,wind_get_stock_events,pending: not yet fetched/confirmed (run interrupted)
603677.SH,wind_get_stock_events,pending: not yet fetched/confirmed (run interrupted)
603678.SH,wind_get_stock_events,pending: not yet fetched/confirmed (run interrupted)
603679.SH,wind_get_stock_events,pending: not yet fetched/confirmed (run interrupted)
603681.SH,wind_get_stock_events,pending: not yet fetched/confirmed (run interrupted)
603682.SH,wind_get_stock_events,pending: not yet fetched/confirmed (run interrupted)
603683.SH,wind_get_stock_events,pending: not yet fetched/confirmed (run interrupted)
603685.SH,wind_get_stock_events,pending: not yet fetched/confirmed (run interrupted)
603687.SH,wind_get_stock_events,pending: not yet fetched/confirmed (run interrupted)
603688.SH,wind_get_stock_events,pending: not yet fetched/confirmed (run interrupted)
603689.SH,wind_get_stock_events,pending: not yet fetched/confirmed (run interrupted)
603690.SH,wind_get_stock_events,pending: not yet fetched/confirmed (run interrupted)
603696.SH,wind_get_stock_events,pending: not yet fetched/confirmed (run interrupted)
603698.SH,wind_get_stock_events,pending: not yet fetched/confirmed (run interrupted)
603699.SH,wind_get_stock_events,pending: not yet fetched/confirmed (run interrupted)
603700.SH,wind_get_stock_events,pending: not yet fetched/confirmed (run interrupted)
603701.SH,wind_get_stock_events,pending: not yet fetched/confirmed (run interrupted)
603703.SH,wind_get_stock_events,pending: not yet fetched/confirmed (run interrupted)
603707.SH,wind_get_stock_events,pending: not yet fetched/confirmed (run interrupted)
603708.SH,wind_get_stock_events,pending: not yet fetched/confirmed (run interrupted)
603711.SH,wind_get_stock_events,pending: not yet fetched/confirmed (run interrupted)
603712.SH,wind_get_stock_events,pending: not yet fetched/confirmed (run interrupted)
603713.SH,wind_get_stock_events,pending: not yet fetched/confirmed (run interrupted)
603717.SH,wind_get_stock_events,pending: not yet fetched/confirmed (run interrupted)
603718.SH,wind_get_stock_events,pending: not yet fetched/confirmed (run interrupted)
603721.SH,wind_get_stock_events,pending: not yet fetched/confirmed (run interrupted)
603725.SH,wind_get_stock_events,pending: not yet fetched/confirmed (run interrupted)
603726.SH,wind_get_stock_events,pending: not yet fetched/confirmed (run interrupted)
603727.SH,wind_get_stock_events,pending: not yet fetched/confirmed (run interrupted)
603730.SH,wind_get_stock_events,pending: not yet fetched/confirmed (run interrupted)
603733.SH,wind_get_stock_events,pending: not yet fetched/confirmed (run interrupted)
603737.SH,wind_get_stock_events,pending: not yet fetched/confirmed (run interrupted)
603738.SH,wind_get_stock_events,pending: not yet fetched/confirmed (run interrupted)
603739.SH,wind_get_stock_events,pending: not yet fetched/confirmed (run interrupted)
603755.SH,wind_get_stock_events,pending: not yet fetched/confirmed (run interrupted)
603759.SH,wind_get_stock_events,pending: not yet fetched/confirmed (run interrupted)
603766.SH,wind_get_stock_events,pending: not yet fetched/confirmed (run interrupted)
603768.SH,wind_get_stock_events,pending: not yet fetched/confirmed (run interrupted)
603773.SH,wind_get_stock_events,pending: not yet fetched/confirmed (run interrupted)
603776.SH,wind_get_stock_events,pending: not yet fetched/confirmed (run interrupted)
603777.SH,wind_get_stock_events,pending: not yet fetched/confirmed (run interrupted)
603779.SH,wind_get_stock_events,pending: not yet fetched/confirmed (run interrupted)
603786.SH,wind_get_stock_events,pending: not yet fetched/confirmed (run interrupted)
603787.SH,wind_get_stock_events,pending: not yet fetched/confirmed (run interrupted)
603790.SH,wind_get_stock_events,pending: not yet fetched/confirmed (run interrupted)
603797.SH,wind_get_stock_events,pending: not yet fetched/confirmed (run interrupted)
603798.SH,wind_get_stock_events,pending: not yet fetched/confirmed (run interrupted)
603803.SH,wind_get_stock_events,pending: not yet fetched/confirmed (run interrupted)
603806.SH,wind_get_stock_events,pending: not yet fetched/confirmed (run interrupted)
603808.SH,wind_get_stock_events,pending: not yet fetched/confirmed (run interrupted)
603815.SH,wind_get_stock_events,pending: not yet fetched/confirmed (run interrupted)
603816.SH,wind_get_stock_events,pending: not yet fetched/confirmed (run interrupted)
603817.SH,wind_get_stock_events,pending: not yet fetched/confirmed (run interrupted)
603818.SH,wind_get_stock_events,pending: not yet fetched/confirmed (run interrupted)
603819.SH,wind_get_stock_events,pending: not yet fetched/confirmed (run interrupted)
603826.SH,wind_get_stock_events,pending: not yet fetched/confirmed (run interrupted)
603828.SH,wind_get_stock_events,pending: not yet fetched/confirmed (run interrupted)
603829.SH,wind_get_stock_events,pending: not yet fetched/confirmed (run interrupted)
603836.SH,wind_get_stock_events,pending: not yet fetched/confirmed (run interrupted)
603843.SH,wind_get_stock_events,pending: not yet fetched/confirmed (run interrupted)
603848.SH,wind_get_stock_events,pending: not yet fetched/confirmed (run interrupted)
603856.SH,wind_get_stock_events,pending: not yet fetched/confirmed (run interrupted)
603859.SH,wind_get_stock_events,pending: not yet fetched/confirmed (run interrupted)
603860.SH,wind_get_stock_events,pending: not yet fetched/confirmed (run interrupted)
603861.SH,wind_get_stock_events,pending: not yet fetched/confirmed (run interrupted)
603868.SH,wind_get_stock_events,pending: not yet fetched/confirmed (run interrupted)
603869.SH,wind_get_stock_events,pending: not yet fetched/confirmed (run interrupted)
603871.SH,wind_get_stock_events,pending: not yet fetched/confirmed (run interrupted)
603876.SH,wind_get_stock_events,pending: not yet fetched/confirmed (run interrupted)
603878.SH,wind_get_stock_events,pending: not yet fetched/confirmed (run interrupted)
603880.SH,wind_get_stock_events,pending: not yet fetched/confirmed (run interrupted)
603881.SH,wind_get_stock_events,pending: not yet fetched/confirmed (run interrupted)
603885.SH,wind_get_stock_events,pending: not yet fetched/confirmed (run interrupted)
603886.SH,wind_get_stock_events,pending: not yet fetched/confirmed (run interrupted)
603888.SH,wind_get_stock_events,pending: not yet fetched/confirmed (run interrupted)
603889.SH,wind_get_stock_events,pending: not yet fetched/confirmed (run interrupted)
603890.SH,wind_get_stock_events,pending: not yet fetched/confirmed (run interrupted)
603893.SH,wind_get_stock_events,pending: not yet fetched/confirmed (run interrupted)
603895.SH,wind_get_stock_events,pending: not yet fetched/confirmed (run interrupted)
603897.SH,wind_get_stock_events,pending: not yet fetched/confirmed (run interrupted)
603898.SH,wind_get_stock_events,pending: not yet fetched/confirmed (run interrupted)
603899.SH,wind_get_stock_events,pending: not yet fetched/confirmed (run interrupted)
603901.SH,wind_get_stock_events,pending: not yet fetched/confirmed (run interrupted)
603908.SH,wind_get_stock_events,pending: not yet fetched/confirmed (run interrupted)
603909.SH,wind_get_stock_events,pending: not yet fetched/confirmed (run interrupted)
603912.SH,wind_get_stock_events,pending: not yet fetched/confirmed (run interrupted)
603915.SH,wind_get_stock_events,pending: not yet fetched/confirmed (run interrupted)
603916.SH,wind_get_stock_events,pending: not yet fetched/confirmed (run interrupted)
603919.SH,wind_get_stock_events,pending: not yet fetched/confirmed (run interrupted)
603926.SH,wind_get_stock_events,pending: not yet fetched/confirmed (run interrupted)
603931.SH,wind_get_stock_events,pending: not yet fetched/confirmed (run interrupted)
603933.SH,wind_get_stock_events,pending: not yet fetched/confirmed (run interrupted)
603936.SH,wind_get_stock_events,pending: not yet fetched/confirmed (run interrupted)
603937.SH,wind_get_stock_events,pending: not yet fetched/confirmed (run interrupted)
603938.SH,wind_get_stock_events,pending: not yet fetched/confirmed (run interrupted)
603939.SH,wind_get_stock_events,pending: not yet fetched/confirmed (run interrupted)
603950.SH,wind_get_stock_events,pending: not yet fetched/confirmed (run interrupted)
603955.SH,wind_get_stock_events,pending: not yet fetched/confirmed (run interrupted)
603960.SH,wind_get_stock_events,pending: not yet fetched/confirmed (run interrupted)
603966.SH,wind_get_stock_events,pending: not yet fetched/confirmed (run interrupted)
603967.SH,wind_get_stock_events,pending: not yet fetched/confirmed (run interrupted)
603976.SH,wind_get_stock_events,pending: not yet fetched/confirmed (run interrupted)
603977.SH,wind_get_stock_events,pending: not yet fetched/confirmed (run interrupted)
603978.SH,wind_get_stock_events,pending: not yet fetched/confirmed (run interrupted)
603979.SH,wind_get_stock_events,pending: not yet fetched/confirmed (run interrupted)
603982.SH,wind_get_stock_events,pending: not yet fetched/confirmed (run interrupted)
603983.SH,wind_get_stock_events,pending: not yet fetched/confirmed (run interrupted)
603985.SH,wind_get_stock_events,pending: not yet fetched/confirmed (run interrupted)
603988.SH,wind_get_stock_events,pending: not yet fetched/confirmed (run interrupted)
603989.SH,wind_get_stock_events,pending: not yet fetched/confirmed (run interrupted)
603990.SH,wind_get_stock_events,pending: not yet fetched/confirmed (run interrupted)
603991.SH,wind_get_stock_events,pending: not yet fetched/confirmed (run interrupted)
603993.SH,wind_get_stock_events,pending: not yet fetched/confirmed (run interrupted)
603995.SH,wind_get_stock_events,pending: not yet fetched/confirmed (run interrupted)
603997.SH,wind_get_stock_events,pending: not yet fetched/confirmed (run interrupted)
603998.SH,wind_get_stock_events,pending: not yet fetched/confirmed (run interrupted)
603999.SH,wind_get_stock_events,pending: not yet fetched/confirmed (run interrupted)
605001.SH,wind_get_stock_events,pending: not yet fetched/confirmed (run interrupted)
605003.SH,wind_get_stock_events,pending: not yet fetched/confirmed (run interrupted)
605005.SH,wind_get_stock_events,pending: not yet fetched/confirmed (run interrupted)
605006.SH,wind_get_stock_events,pending: not yet fetched/confirmed (run interrupted)
605007.SH,wind_get_stock_events,pending: not yet fetched/confirmed (run interrupted)
605009.SH,wind_get_stock_events,pending: not yet fetched/confirmed (run interrupted)
605011.SH,wind_get_stock_events,pending: not yet fetched/confirmed (run interrupted)
605016.SH,wind_get_stock_events,pending: not yet fetched/confirmed (run interrupted)
605020.SH,wind_get_stock_events,pending: not yet fetched/confirmed (run interrupted)
605028.SH,wind_get_stock_events,pending: not yet fetched/confirmed (run interrupted)
605050.SH,wind_get_stock_events,pending: not yet fetched/confirmed (run interrupted)
605055.SH,wind_get_stock_events,pending: not yet fetched/confirmed (run interrupted)
605056.SH,wind_get_stock_events,pending: not yet fetched/confirmed (run interrupted)
605058.SH,wind_get_stock_events,pending: not yet fetched/confirmed (run interrupted)
605066.SH,wind_get_stock_events,pending: not yet fetched/confirmed (run interrupted)
605068.SH,wind_get_stock_events,pending: not yet fetched/confirmed (run interrupted)
605069.SH,wind_get_stock_events,pending: not yet fetched/confirmed (run interrupted)
605090.SH,wind_get_stock_events,pending: not yet fetched/confirmed (run interrupted)
605098.SH,wind_get_stock_events,pending: not yet fetched/confirmed (run interrupted)
605099.SH,wind_get_stock_events,pending: not yet fetched/confirmed (run interrupted)
605111.SH,wind_get_stock_events,pending: not yet fetched/confirmed (run interrupted)
605116.SH,wind_get_stock_events,pending: not yet fetched/confirmed (run interrupted)
605117.SH,wind_get_stock_events,pending: not yet fetched/confirmed (run interrupted)
605118.SH,wind_get_stock_events,pending: not yet fetched/confirmed (run interrupted)
605123.SH,wind_get_stock_events,pending: not yet fetched/confirmed (run interrupted)
605128.SH,wind_get_stock_events,pending: not yet fetched/confirmed (run interrupted)
605136.SH,wind_get_stock_events,pending: not yet fetched/confirmed (run interrupted)
605138.SH,wind_get_stock_events,pending: not yet fetched/confirmed (run interrupted)
605151.SH,wind_get_stock_events,pending: not yet fetched/confirmed (run interrupted)
605155.SH,wind_get_stock_events,pending: not yet fetched/confirmed (run interrupted)
605162.SH,wind_get_stock_events,pending: not yet fetched/confirmed (run interrupted)
605167.SH,wind_get_stock_events,pending: not yet fetched/confirmed (run interrupted)
605177.SH,wind_get_stock_events,pending: not yet fetched/confirmed (run interrupted)
605183.SH,wind_get_stock_events,pending: not yet fetched/confirmed (run interrupted)
605186.SH,wind_get_stock_events,pending: not yet fetched/confirmed (run interrupted)
605188.SH,wind_get_stock_events,pending: not yet fetched/confirmed (run interrupted)
605189.SH,wind_get_stock_events,pending: not yet fetched/confirmed (run interrupted)
605196.SH,wind_get_stock_events,pending: not yet fetched/confirmed (run interrupted)
605208.SH,wind_get_stock_events,pending: not yet fetched/confirmed (run interrupted)
605218.SH,wind_get_stock_events,pending: not yet fetched/confirmed (run interrupted)
605222.SH,wind_get_stock_events,pending: not yet fetched/confirmed (run interrupted)
605228.SH,wind_get_stock_events,pending: not yet fetched/confirmed (run interrupted)
605258.SH,wind_get_stock_events,pending: not yet fetched/confirmed (run interrupted)
605259.SH,wind_get_stock_events,pending: not yet fetched/confirmed (run interrupted)
605268.SH,wind_get_stock_events,pending: not yet fetched/confirmed (run interrupted)
605287.SH,wind_get_stock_events,pending: not yet fetched/confirmed (run interrupted)
605288.SH,wind_get_stock_events,pending: not yet fetched/confirmed (run interrupted)
605289.SH,wind_get_stock_events,pending: not yet fetched/confirmed (run interrupted)
605296.SH,wind_get_stock_events,pending: not yet fetched/confirmed (run interrupted)
605298.SH,wind_get_stock_events,pending: not yet fetched/confirmed (run interrupted)
605299.SH,wind_get_stock_events,pending: not yet fetched/confirmed (run interrupted)
605300.SH,wind_get_stock_events,pending: not yet fetched/confirmed (run interrupted)
605303.SH,wind_get_stock_events,pending: not yet fetched/confirmed (run interrupted)
605319.SH,wind_get_stock_events,pending: not yet fetched/confirmed (run interrupted)
605358.SH,wind_get_stock_events,pending: not yet fetched/confirmed (run interrupted)
605365.SH,wind_get_stock_events,pending: not yet fetched/confirmed (run interrupted)
605366.SH,wind_get_stock_events,pending: not yet fetched/confirmed (run interrupted)
605368.SH,wind_get_stock_events,pending: not yet fetched/confirmed (run interrupted)
605399.SH,wind_get_stock_events,pending: not yet fetched/confirmed (run interrupted)
605488.SH,wind_get_stock_events,pending: not yet fetched/confirmed (run interrupted)
605499.SH,wind_get_stock_events,pending: not yet fetched/confirmed (run interrupted)
605507.SH,wind_get_stock_events,pending: not yet fetched/confirmed (run interrupted)
605555.SH,wind_get_stock_events,pending: not yet fetched/confirmed (run interrupted)
605566.SH,wind_get_stock_events,pending: not yet fetched/confirmed (run interrupted)
605567.SH,wind_get_stock_events,pending: not yet fetched/confirmed (run interrupted)
605588.SH,wind_get_stock_events,pending: not yet fetched/confirmed (run interrupted)
605589.SH,wind_get_stock_events,pending: not yet fetched/confirmed (run interrupted)
605599.SH,wind_get_stock_events,pending: not yet fetched/confirmed (run interrupted)
688062.SH,wind_get_stock_events,pending: not yet fetched/confirmed (run interrupted)
688068.SH,wind_get_stock_events,pending: not yet fetched/confirmed (run interrupted)
688072.SH,wind_get_stock_events,pending: not yet fetched/confirmed (run interrupted)
688109.SH,wind_get_stock_events,pending: not yet fetched/confirmed (run interrupted)
688168.SH,wind_get_stock_events,pending: not yet fetched/confirmed (run interrupted)
688189.SH,wind_get_stock_events,pending: not yet fetched/confirmed (run interrupted)
688221.SH,wind_get_stock_events,pending: not yet fetched/confirmed (run interrupted)
688228.SH,wind_get_stock_events,pending: not yet fetched/confirmed (run interrupted)
688282.SH,wind_get_stock_events,pending: not yet fetched/confirmed (run interrupted)
688335.SH,wind_get_stock_events,pending: not yet fetched/confirmed (run interrupted)
688359.SH,wind_get_stock_events,pending: not yet fetched/confirmed (run interrupted)
688372.SH,wind_get_stock_events,pending: not yet fetched/confirmed (run interrupted)
688382.SH,wind_get_stock_events,pending: not yet fetched/confirmed (run interrupted)
688485.SH,wind_get_stock_events,pending: not yet fetched/confirmed (run interrupted)
688600.SH,wind_get_stock_events,pending: not yet fetched/confirmed (run interrupted)
688658.SH,wind_get_stock_events,pending: not yet fetched/confirmed (run interrupted)
688689.SH,wind_get_stock_events,pending: not yet fetched/confirmed (run interrupted)
688691.SH,wind_get_stock_events,pending: not yet fetched/confirmed (run interrupted)
688699.SH,wind_get_stock_events,pending: not yet fetched/confirmed (run interrupted)
688766.SH,wind_get_stock_events,pending: not yet fetched/confirmed (run interrupted)
688788.SH,wind_get_stock_events,pending: not yet fetched/confirmed (run interrupted)
920305.BJ,wind_get_stock_events,pending: not yet fetched/confirmed (run interrupted)
920438.BJ,wind_get_stock_events,pending: not yet fetched/confirmed (run interrupted)
920509.BJ,wind_get_stock_events,pending: not yet fetched/confirmed (run interrupted)
920725.BJ,wind_get_stock_events,pending: not yet fetched/confirmed (run interrupted)
920748.BJ,wind_get_stock_events,pending: not yet fetched/confirmed (run interrupted)
920839.BJ,wind_get_stock_events,pending: not yet fetched/confirmed (run interrupted)
