code,ipo_date,delist_date,source
000004.SZ,1990-12-01,2026-07-14,wind:wind_get_stock_events
000006.SZ,1992-04-27,,wind:wind_get_stock_events
000007.SZ,1992-04-13,,wind:wind_get_stock_events
000008.SZ,1992-05-07,,wind:wind_get_stock_events
000009.SZ,1991-06-25,,wind:wind_get_stock_events
000012.SZ,1992-02-28,,wind:wind_get_stock_events
000014.SZ,1992-06-02,,wind:wind_get_stock_events
000016.SZ,1992-03-27,,wind:wind_get_stock_events
000017.SZ,1992-03-31,,wind:wind_get_stock_events
000019.SZ,1992-10-12,,wind:wind_get_stock_events
000020.SZ,1992-04-28,,wind:wind_get_stock_events
000021.SZ,1994-02-02,,wind:wind_get_stock_events
000025.SZ,1993-06-21,,wind:wind_get_stock_events
000027.SZ,1993-09-03,,wind:wind_get_stock_events
000029.SZ,1993-09-15,,wind:wind_get_stock_events
000030.SZ,1993-09-29,,wind:wind_get_stock_events
000032.SZ,1993-10-28,,wind:wind_get_stock_events
000034.SZ,1994-05-09,,wind:wind_get_stock_events
000036.SZ,1994-06-17,,wind:wind_get_stock_events
000037.SZ,1994-07-01,,wind:wind_get_stock_events
000039.SZ,1994-04-08,,wind:wind_get_stock_events
000042.SZ,1994-09-21,,wind:wind_get_stock_events
000045.SZ,1994-08-15,,wind:wind_get_stock_events
000048.SZ,1994-11-01,,wind:wind_get_stock_events
000049.SZ,1995-03-20,,wind:wind_get_stock_events
000050.SZ,1995-03-15,,wind:wind_get_stock_events
000056.SZ,1996-07-08,,wind:wind_get_stock_events
000060.SZ,1997-01-23,,wind:wind_get_stock_events
000061.SZ,1997-01-10,,wind:wind_get_stock_events
000062.SZ,1997-01-30,,wind:wind_get_stock_events
000065.SZ,1998-06-05,,wind:wind_get_stock_events
000066.SZ,1997-06-26,,wind:wind_get_stock_events
000069.SZ,1997-09-10,,wind:wind_get_stock_events
000078.SZ,1998-12-18,,wind:wind_get_stock_events
000089.SZ,1998-04-20,,wind:wind_get_stock_events
000090.SZ,1999-07-21,,wind:wind_get_stock_events
000100.SZ,2004-01-30,,wind:wind_get_stock_events
000151.SZ,2000-09-06,,wind:wind_get_stock_events
000155.SZ,2000-09-26,,wind:wind_get_stock_events
000156.SZ,2000-09-06,,wind:wind_get_stock_events
000157.SZ,2000-10-12,,wind:wind_get_stock_events
000159.SZ,2000-09-26,,wind:wind_get_stock_events
000166.SZ,2015-01-26,,wind:wind_get_stock_events
000301.SZ,2000-05-29,,wind:wind_get_stock_events
000338.SZ,2007-04-30,,wind:wind_get_stock_events
000400.SZ,1997-04-18,,wind:wind_get_stock_events
000401.SZ,1996-06-14,,wind:wind_get_stock_events
000403.SZ,1996-06-28,,wind:wind_get_stock_events
000404.SZ,1996-06-19,,wind:wind_get_stock_events
000407.SZ,1996-07-03,,wind:wind_get_stock_events
000408.SZ,1996-06-28,,wind:wind_get_stock_events
000410.SZ,1996-07-18,,wind:wind_get_stock_events
000411.SZ,1996-07-16,,wind:wind_get_stock_events
000415.SZ,1996-07-16,,wind:wind_get_stock_events
000417.SZ,1996-08-12,,wind:wind_get_stock_events
000419.SZ,1996-08-16,,wind:wind_get_stock_events
000420.SZ,1996-08-02,,wind:wind_get_stock_events
000421.SZ,1996-08-06,,wind:wind_get_stock_events
000422.SZ,1996-08-15,,wind:wind_get_stock_events
000425.SZ,1996-08-28,,wind:wind_get_stock_events
000428.SZ,1996-08-08,,wind:wind_get_stock_events
000429.SZ,1998-02-20,,wind:wind_get_stock_events
000498.SZ,1997-06-09,,wind:wind_get_stock_events
000505.SZ,1992-12-21,,wind:wind_get_stock_events
000507.SZ,1993-03-26,,wind:wind_get_stock_events
000509.SZ,1993-05-07,,wind:wind_get_stock_events
000513.SZ,1993-10-28,,wind:wind_get_stock_events
000514.SZ,1993-07-12,,wind:wind_get_stock_events
000517.SZ,1993-08-06,,wind:wind_get_stock_events
000518.SZ,1993-09-08,,wind:wind_get_stock_events
000521.SZ,1993-10-18,,wind:wind_get_stock_events
000523.SZ,1993-11-08,,wind:wind_get_stock_events
000524.SZ,1993-11-18,,wind:wind_get_stock_events
000526.SZ,1993-11-01,,wind:wind_get_stock_events
000528.SZ,1993-11-18,,wind:wind_get_stock_events
000530.SZ,1993-12-08,,wind:wind_get_stock_events
000531.SZ,1994-01-06,,wind:wind_get_stock_events
000532.SZ,1994-01-03,,wind:wind_get_stock_events
000533.SZ,1994-01-03,,wind:wind_get_stock_events
000534.SZ,1994-01-10,,wind:wind_get_stock_events
000537.SZ,1993-12-10,,wind:wind_get_stock_events
000539.SZ,1993-11-26,,wind:wind_get_stock_events
000543.SZ,1993-12-20,,wind:wind_get_stock_events
000545.SZ,1993-12-15,,wind:wind_get_stock_events
000546.SZ,1993-12-15,,wind:wind_get_stock_events
000547.SZ,1993-11-30,,wind:wind_get_stock_events
000548.SZ,1993-12-20,,wind:wind_get_stock_events
000551.SZ,1994-01-06,,wind:wind_get_stock_events
000552.SZ,1994-01-06,,wind:wind_get_stock_events
000553.SZ,1993-12-03,,wind:wind_get_stock_events
000554.SZ,1993-12-15,,wind:wind_get_stock_events
000557.SZ,1994-06-17,,wind:wind_get_stock_events
000558.SZ,1994-05-09,,wind:wind_get_stock_events
000559.SZ,1994-01-10,,wind:wind_get_stock_events
000560.SZ,1994-02-02,,wind:wind_get_stock_events
000561.SZ,1994-05-09,,wind:wind_get_stock_events
000563.SZ,1994-01-10,,wind:wind_get_stock_events
000565.SZ,1994-04-08,,wind:wind_get_stock_events
000566.SZ,1994-05-25,,wind:wind_get_stock_events
000567.SZ,1994-05-25,,wind:wind_get_stock_events
000568.SZ,1994-05-09,,wind:wind_get_stock_events
000570.SZ,1994-07-01,,wind:wind_get_stock_events
000571.SZ,1994-05-25,,wind:wind_get_stock_events
000581.SZ,1998-09-24,,wind:wind_get_stock_events
000582.SZ,1995-11-02,,wind:wind_get_stock_events
000586.SZ,1995-12-20,,wind:wind_get_stock_events
000589.SZ,1996-03-08,,wind:wind_get_stock_events
000591.SZ,1996-02-08,,wind:wind_get_stock_events
000592.SZ,1996-03-27,,wind:wind_get_stock_events
000595.SZ,1996-04-19,,wind:wind_get_stock_events
000596.SZ,1996-09-27,,wind:wind_get_stock_events
000598.SZ,1996-05-29,,wind:wind_get_stock_events
000599.SZ,1996-04-30,,wind:wind_get_stock_events
000600.SZ,1996-06-06,,wind:wind_get_stock_events
000601.SZ,1996-08-30,,wind:wind_get_stock_events
000605.SZ,1996-09-13,,wind:wind_get_stock_events
000609.SZ,1996-10-10,,wind:wind_get_stock_events
000612.SZ,1996-09-26,,wind:wind_get_stock_events
000617.SZ,1996-10-22,,wind:wind_get_stock_events
000619.SZ,1996-10-23,,wind:wind_get_stock_events
000623.SZ,1996-10-28,,wind:wind_get_stock_events
000625.SZ,1997-06-10,,wind:wind_get_stock_events
000626.SZ,1996-11-28,,wind:wind_get_stock_events
000628.SZ,1996-11-18,,wind:wind_get_stock_events
000629.SZ,1996-11-15,,wind:wind_get_stock_events
000631.SZ,1996-11-22,,wind:wind_get_stock_events
000632.SZ,1996-11-21,,wind:wind_get_stock_events
000635.SZ,1996-11-20,,wind:wind_get_stock_events
000636.SZ,1996-11-29,,wind:wind_get_stock_events
000637.SZ,1996-11-14,,wind:wind_get_stock_events
000638.SZ,1996-11-26,2026-06-03,wind:wind_get_stock_events
000651.SZ,1996-11-18,,wind:wind_get_stock_events
000655.SZ,1996-11-28,,wind:wind_get_stock_events
000657.SZ,1996-12-05,,wind:wind_get_stock_events
000659.SZ,1996-12-03,,wind:wind_get_stock_events
000663.SZ,1996-12-06,,wind:wind_get_stock_events
000665.SZ,1996-12-10,,wind:wind_get_stock_events
000670.SZ,1996-12-17,,wind:wind_get_stock_events
000672.SZ,1996-12-18,,wind:wind_get_stock_events
000676.SZ,1996-12-24,,wind:wind_get_stock_events
000679.SZ,1997-01-24,,wind:wind_get_stock_events
000680.SZ,1997-01-22,,wind:wind_get_stock_events
000681.SZ,1997-01-21,,wind:wind_get_stock_events
000682.SZ,1997-01-21,,wind:wind_get_stock_events
000683.SZ,1997-01-31,,wind:wind_get_stock_events
000685.SZ,1997-01-23,,wind:wind_get_stock_events
000686.SZ,1997-02-27,,wind:wind_get_stock_events
000688.SZ,1997-01-20,,wind:wind_get_stock_events
000690.SZ,1997-01-28,,wind:wind_get_stock_events
000692.SZ,1997-02-27,,wind:wind_get_stock_events
000695.SZ,1997-02-18,,wind:wind_get_stock_events
000697.SZ,1997-03-25,,wind:wind_get_stock_events
000700.SZ,1997-02-28,,wind:wind_get_stock_events
000702.SZ,1997-03-18,,wind:wind_get_stock_events
000703.SZ,1997-03-28,,wind:wind_get_stock_events
000705.SZ,1997-04-10,,wind:wind_get_stock_events
000708.SZ,1997-03-26,,wind:wind_get_stock_events
000712.SZ,1997-04-15,,wind:wind_get_stock_events
000715.SZ,1997-05-08,,wind:wind_get_stock_events
000716.SZ,1997-04-18,,wind:wind_get_stock_events
000719.SZ,1997-03-31,,wind:wind_get_stock_info
000720.SZ,1997-05-09,,wind:wind_get_stock_info
000722.SZ,1997-05-22,,wind:wind_get_stock_info
000723.SZ,1997-05-15,,wind:wind_get_stock_info
000725.SZ,2001-01-12,,wind:wind_get_stock_info
000728.SZ,1997-06-16,,wind:wind_get_stock_info
000729.SZ,1997-07-16,,wind:wind_get_stock_info
000731.SZ,1997-06-17,,wind:wind_get_stock_info
000733.SZ,1997-07-03,,wind:wind_get_stock_info
000735.SZ,1997-06-11,,wind:wind_get_stock_info
000736.SZ,1997-04-25,,wind:wind_get_stock_info
000738.SZ,1997-06-26,,wind:wind_get_stock_info
000739.SZ,1997-05-09,,wind:wind_get_stock_info
000751.SZ,1997-06-26,,wind:wind_get_stock_info
000752.SZ,1997-06-25,,wind:wind_get_stock_info
000755.SZ,1997-06-27,,wind:wind_get_stock_info
000757.SZ,1997-06-27,,wind:wind_get_stock_info
000762.SZ,1997-07-08,,wind:wind_get_stock_info
000767.SZ,1997-06-09,,wind:wind_get_stock_info
000768.SZ,1997-06-26,,wind:wind_get_stock_info
000776.SZ,1997-06-11,,wind:wind_get_stock_info
000782.SZ,1997-06-19,,wind:wind_get_stock_info
000783.SZ,1997-07-31,,wind:wind_get_stock_info
000786.SZ,1997-06-06,,wind:wind_get_stock_info
000788.SZ,1997-06-16,,wind:wind_get_stock_info
000790.SZ,1998-03-27,,wind:wind_get_stock_info
000791.SZ,1997-10-14,,wind:wind_get_stock_info
000797.SZ,1997-07-15,,wind:wind_get_stock_info
000798.SZ,1998-02-12,,wind:wind_get_stock_info
000799.SZ,1997-07-18,,wind:wind_get_stock_info
000801.SZ,1998-05-06,,wind:wind_get_stock_info
000802.SZ,1998-01-08,,wind:wind_get_stock_info
000803.SZ,1998-03-03,,wind:wind_get_stock_info
000807.SZ,1998-04-08,,wind:wind_get_stock_info
000809.SZ,1998-06-16,,wind:wind_get_stock_info
000816.SZ,1997-08-18,,wind:wind_get_stock_info
000818.SZ,1997-10-17,,wind:wind_get_stock_info
000821.SZ,1998-06-26,,wind:wind_get_stock_events
000822.SZ,1998-07-03,,wind:wind_get_stock_events
000823.SZ,1997-10-08,,wind:wind_get_stock_events
000825.SZ,1998-10-21,,wind:wind_get_stock_events
000826.SZ,1998-02-25,,wind:wind_get_stock_events
000828.SZ,1997-06-17,,wind:wind_get_stock_events
000829.SZ,1997-12-02,,wind:wind_get_stock_events
000830.SZ,1998-08-07,,wind:wind_get_stock_events
000831.SZ,1998-09-11,,wind:wind_get_stock_events
000837.SZ,1998-09-28,,wind:wind_get_stock_events
000839.SZ,1997-10-31,,wind:wind_get_stock_events
000850.SZ,1998-10-07,,wind:wind_get_stock_events
000852.SZ,1998-11-26,,wind:wind_get_stock_events
000858.SZ,1998-04-27,,wind:wind_get_stock_events
000859.SZ,1998-11-19,,wind:wind_get_stock_events
000862.SZ,1998-09-15,,wind:wind_get_stock_events
000863.SZ,1997-09-25,,wind:wind_get_stock_events
000868.SZ,1997-07-25,,wind:wind_get_stock_events
000875.SZ,2002-09-26,,wind:wind_get_stock_events
000876.SZ,1998-03-11,,wind:wind_get_stock_events
000877.SZ,1999-01-07,,wind:wind_get_stock_events
000880.SZ,1998-04-02,,wind:wind_get_stock_events
000881.SZ,1998-09-02,,wind:wind_get_stock_events
000882.SZ,1998-06-16,,wind:wind_get_stock_events
000883.SZ,1998-05-19,,wind:wind_get_stock_events
000886.SZ,1998-01-23,,wind:wind_get_stock_events
000887.SZ,1998-12-03,,wind:wind_get_stock_events
000890.SZ,1999-01-19,,wind:wind_get_stock_events
000895.SZ,1998-12-10,,wind:wind_get_stock_events
000897.SZ,1999-04-22,,wind:wind_get_stock_events
000898.SZ,1997-12-25,,wind:wind_get_stock_events
000899.SZ,1997-11-26,,wind:wind_get_stock_events
000902.SZ,1999-04-08,,wind:wind_get_stock_events
000903.SZ,1999-04-15,,wind:wind_get_stock_events
000905.SZ,1999-04-29,,wind:wind_get_stock_events
000908.SZ,1999-02-03,,wind:wind_get_stock_events
000909.SZ,1999-05-07,,wind:wind_get_stock_events
000910.SZ,1999-06-30,,wind:wind_get_stock_events
000912.SZ,1999-06-03,,wind:wind_get_stock_events
000915.SZ,1999-06-09,,wind:wind_get_stock_events
000917.SZ,1999-03-25,,wind:wind_get_stock_events
000919.SZ,1999-11-18,,wind:wind_get_stock_events
000920.SZ,1999-06-16,,wind:wind_get_stock_events
000921.SZ,1999-07-13,,wind:wind_get_stock_events
000922.SZ,1999-06-18,,wind:wind_get_stock_events
000923.SZ,1999-07-14,,wind:wind_get_stock_events
000925.SZ,1999-06-11,,wind:wind_get_stock_events
000927.SZ,1999-07-27,,wind:wind_get_stock_events
000928.SZ,1999-03-12,,wind:wind_get_stock_events
000931.SZ,1999-07-12,,wind:wind_get_stock_events
000932.SZ,1999-08-03,,wind:wind_get_stock_events
000935.SZ,1999-08-24,,wind:wind_get_stock_events
000936.SZ,1999-08-10,,wind:wind_get_stock_events
000938.SZ,1999-11-04,,wind:wind_get_stock_events
000949.SZ,1999-10-21,,wind:wind_get_stock_events
000950.SZ,1999-09-16,,wind:wind_get_stock_events
000951.SZ,1999-11-25,,wind:wind_get_stock_events
000959.SZ,1999-12-16,,wind:wind_get_stock_events
000963.SZ,2000-01-27,,wind:wind_get_stock_events
000966.SZ,2000-03-16,,wind:wind_get_stock_events
000967.SZ,2000-03-30,,wind:wind_get_stock_events
000968.SZ,2000-06-22,,wind:wind_get_stock_events
000969.SZ,2000-05-29,,wind:wind_get_stock_events
000975.SZ,2000-06-08,,wind:wind_get_stock_events
000977.SZ,2000-06-08,,wind:wind_get_stock_events
000978.SZ,2000-05-18,,wind:wind_get_stock_events
000980.SZ,2000-06-16,,wind:wind_get_stock_events
000985.SZ,2000-07-26,,wind:wind_get_stock_events
000987.SZ,2000-07-18,,wind:wind_get_stock_events
000990.SZ,2000-07-06,,wind:wind_get_stock_events
000993.SZ,2000-07-31,,wind:wind_get_stock_events
000995.SZ,2000-08-07,,wind:wind_get_stock_events
001201.SZ,2021-04-28,,wind:wind_get_stock_events
001202.SZ,2021-04-29,,wind:wind_get_stock_events
001205.SZ,2021-05-13,,wind:wind_get_stock_events
001206.SZ,2021-05-18,,wind:wind_get_stock_events
001207.SZ,2021-06-23,,wind:wind_get_stock_events
001208.SZ,2021-06-24,,wind:wind_get_stock_events
001209.SZ,2021-07-23,,wind:wind_get_stock_events
001210.SZ,2021-07-29,,wind:wind_get_stock_events
001211.SZ,2021-08-05,,wind:wind_get_stock_events
001212.SZ,2021-08-23,,wind:wind_get_stock_events
001216.SZ,2021-10-19,,wind:wind_get_stock_events
001217.SZ,2021-09-29,,wind:wind_get_stock_events
001218.SZ,2021-10-15,,wind:wind_get_stock_events
001221.SZ,2025-07-30,,wind:wind_get_stock_events
001222.SZ,2022-08-18,,wind:wind_get_stock_events
001223.SZ,2022-12-12,,wind:wind_get_stock_events
001225.SZ,2023-02-22,,wind:wind_get_stock_events
001226.SZ,2022-06-22,,wind:wind_get_stock_events
001227.SZ,2022-01-17,,wind:wind_get_stock_events
001228.SZ,2022-04-29,,wind:wind_get_stock_events
001229.SZ,2022-08-08,,wind:wind_get_stock_events
001230.SZ,2022-07-15,,wind:wind_get_stock_events
001231.SZ,2022-08-19,,wind:wind_get_stock_events
001236.SZ,2022-08-05,,wind:wind_get_stock_events
001238.SZ,2022-09-19,,wind:wind_get_stock_events
001239.SZ,2023-12-12,,wind:wind_get_stock_events
001255.SZ,2022-09-30,,wind:wind_get_stock_events
001256.SZ,2022-12-05,,wind:wind_get_stock_events
001258.SZ,2022-07-27,,wind:wind_get_stock_events
001259.SZ,2022-08-31,,wind:wind_get_stock_events
001260.SZ,2023-02-16,,wind:wind_get_stock_events
001266.SZ,2022-02-28,,wind:wind_get_stock_events
001268.SZ,2022-06-30,,wind:wind_get_stock_events
001269.SZ,2022-09-30,,wind:wind_get_stock_events
001278.SZ,2023-03-08,,wind:wind_get_stock_events
001279.SZ,2024-10-11,,wind:wind_get_stock_events
001286.SZ,2023-04-10,,wind:wind_get_stock_events
001287.SZ,2023-04-10,,wind:wind_get_stock_events
001289.SZ,2022-01-24,,wind:wind_get_stock_events
001296.SZ,2021-12-24,,wind:wind_get_stock_events
001298.SZ,2022-10-31,,wind:wind_get_stock_events
001299.SZ,2022-10-31,,wind:wind_get_stock_events
001300.SZ,2022-10-19,,wind:wind_get_stock_events
001311.SZ,2023-02-27,,wind:wind_get_stock_events
001313.SZ,2022-02-16,,wind:wind_get_stock_events
001314.SZ,2023-02-14,,wind:wind_get_stock_events
001316.SZ,2022-06-24,,wind:wind_get_stock_events
001317.SZ,2021-11-30,,wind:wind_get_stock_events
001319.SZ,2022-05-12,,wind:wind_get_stock_events
001322.SZ,2022-10-26,,wind:wind_get_stock_events
001323.SZ,2022-06-23,,wind:wind_get_stock_events
001330.SZ,2022-08-18,,wind:wind_get_stock_events
001332.SZ,2022-09-20,,wind:wind_get_stock_events
001335.SZ,2025-04-15,,wind:wind_get_stock_events
001336.SZ,2022-07-25,,wind:wind_get_stock_events
001338.SZ,2022-11-16,,wind:wind_get_stock_events
001358.SZ,2023-12-21,,wind:wind_get_stock_events
001360.SZ,2023-04-10,,wind:wind_get_stock_events
001366.SZ,2023-03-07,,wind:wind_get_stock_events
001367.SZ,2023-04-10,,wind:wind_get_stock_events
001368.SZ,2023-03-13,,wind:wind_get_stock_events
001373.SZ,2023-06-01,,wind:wind_get_stock_events
001378.SZ,2023-10-30,,wind:wind_get_stock_events
001379.SZ,2024-01-19,,wind:wind_get_stock_events
001382.SZ,2025-03-21,,wind:wind_get_stock_events
001387.SZ,2024-01-11,,wind:wind_get_stock_events
001388.SZ,2025-07-01,,wind:wind_get_stock_events
001389.SZ,2024-04-02,,wind:wind_get_stock_events
001390.SZ,2025-05-29,,wind:wind_get_stock_events
001391.SZ,2024-12-30,,wind:wind_get_stock_events
001400.SZ,2025-04-24,,wind:wind_get_stock_events
001872.SZ,1993-05-05,,wind:wind_get_stock_events
001896.SZ,1998-01-22,,wind:wind_get_stock_events
001914.SZ,1994-09-28,,wind:wind_get_stock_events
001965.SZ,2017-12-25,,wind:wind_get_stock_events
001979.SZ,2015-12-30,,wind:wind_get_stock_events
002001.SZ,2004-06-25,,wind:wind_get_stock_events
002003.SZ,2004-06-25,,wind:wind_get_stock_events
002006.SZ,2004-06-25,,wind:wind_get_stock_events
002009.SZ,2004-06-29,,wind:wind_get_stock_events
002011.SZ,2004-07-05,,wind:wind_get_stock_events
002012.SZ,2004-07-05,,wind:wind_get_stock_events
002014.SZ,2004-07-08,,wind:wind_get_stock_events
002015.SZ,2004-07-08,,wind:wind_get_stock_events
002023.SZ,2004-07-21,,wind:wind_get_stock_events
002024.SZ,2004-07-21,,wind:wind_get_stock_events
002025.SZ,2004-07-26,,wind:wind_get_stock_events
002028.SZ,2004-08-05,,wind:wind_get_stock_events
002032.SZ,2004-08-17,,wind:wind_get_stock_events
002033.SZ,2004-08-25,,wind:wind_get_stock_events
002036.SZ,2004-09-03,,wind:wind_get_stock_events
002038.SZ,2004-09-09,,wind:wind_get_stock_events
002039.SZ,2005-03-03,,wind:wind_get_stock_events
002041.SZ,2005-04-18,,wind:wind_get_stock_events
002043.SZ,2005-05-10,,wind:wind_get_stock_events
002044.SZ,2005-05-18,,wind:wind_get_stock_events
002045.SZ,2005-05-23,,wind:wind_get_stock_events
002047.SZ,2005-05-31,,wind:wind_get_stock_events
002049.SZ,2005-06-06,,wind:wind_get_stock_events
002051.SZ,2006-06-19,,wind:wind_get_stock_events
002052.SZ,2006-06-27,,wind:wind_get_stock_events
002054.SZ,2006-07-25,,wind:wind_get_stock_events
002058.SZ,2006-08-02,,wind:wind_get_stock_events
002061.SZ,2006-08-16,,wind:wind_get_stock_events
002063.SZ,2006-08-23,,wind:wind_get_stock_events
002064.SZ,2006-08-23,,wind:wind_get_stock_events
002066.SZ,2006-08-23,,wind:wind_get_stock_events
002069.SZ,2006-09-28,,wind:wind_get_stock_events
002072.SZ,2006-10-18,,wind:wind_get_stock_events
002076.SZ,2006-10-25,,wind:wind_get_stock_events
002077.SZ,2006-11-16,,wind:wind_get_stock_events
002078.SZ,2006-11-16,,wind:wind_get_stock_events
002079.SZ,2006-11-16,,wind:wind_get_stock_events
002081.SZ,2006-11-20,,wind:wind_get_stock_events
002082.SZ,2006-11-20,,wind:wind_get_stock_events
002083.SZ,2006-11-24,,wind:wind_get_stock_events
002090.SZ,2006-12-08,,wind:wind_get_stock_events
002092.SZ,2006-12-08,,wind:wind_get_stock_events
002096.SZ,2006-12-22,,wind:wind_get_stock_events
002097.SZ,2006-12-22,,wind:wind_get_stock_events
002098.SZ,2006-12-22,,wind:wind_get_stock_events
002099.SZ,2006-12-26,,wind:wind_get_stock_events
002100.SZ,2006-12-26,,wind:wind_get_stock_events
002102.SZ,2006-12-29,,wind:wind_get_stock_events
002106.SZ,2007-01-12,,wind:wind_get_stock_events
002107.SZ,2007-01-24,,wind:wind_get_stock_events
002108.SZ,2007-01-24,,wind:wind_get_stock_events
002109.SZ,2007-01-26,,wind:wind_get_stock_events
002114.SZ,2007-02-15,,wind:wind_get_stock_events
002116.SZ,2007-02-15,,wind:wind_get_stock_events
002117.SZ,2007-03-02,,wind:wind_get_stock_events
002119.SZ,2007-03-02,,wind:wind_get_stock_events
002121.SZ,2007-03-06,,wind:wind_get_stock_events
002126.SZ,2007-04-18,,wind:wind_get_stock_events
002128.SZ,2007-04-18,,wind:wind_get_stock_events
002129.SZ,2007-04-20,,wind:wind_get_stock_events
002131.SZ,2007-04-27,,wind:wind_get_stock_events
002132.SZ,2007-04-27,,wind:wind_get_stock_events
002134.SZ,2007-05-16,,wind:wind_get_stock_events
002135.SZ,2007-05-30,,wind:wind_get_stock_events
002136.SZ,2007-05-30,,wind:wind_get_stock_events
002137.SZ,2007-06-13,,wind:wind_get_stock_events
002138.SZ,2007-06-13,,wind:wind_get_stock_events
002140.SZ,2007-07-12,,wind:wind_get_stock_events
002142.SZ,2007-07-19,,wind:wind_get_stock_events
002144.SZ,2007-08-03,,wind:wind_get_stock_events
002145.SZ,2007-08-03,,wind:wind_get_stock_events
002148.SZ,2007-08-10,,wind:wind_get_stock_events
002149.SZ,2007-08-10,,wind:wind_get_stock_events
002151.SZ,2007-08-13,,wind:wind_get_stock_events
002152.SZ,2007-08-13,,wind:wind_get_stock_events
002153.SZ,2007-08-13,,wind:wind_get_stock_events
002155.SZ,2007-08-16,,wind:wind_get_stock_events
002157.SZ,2007-08-17,,wind:wind_get_stock_events
002158.SZ,2007-08-17,,wind:wind_get_stock_events
002159.SZ,2007-08-17,,wind:wind_get_stock_events
002160.SZ,2007-08-21,,wind:wind_get_stock_events
002161.SZ,2007-08-21,,wind:wind_get_stock_events
002162.SZ,2007-08-23,,wind:wind_get_stock_events
002166.SZ,2007-09-13,,wind:wind_get_stock_events
002167.SZ,2007-09-13,,wind:wind_get_stock_events
002170.SZ,2007-09-19,,wind:wind_get_stock_events
002171.SZ,2007-09-21,,wind:wind_get_stock_events
002172.SZ,2007-09-21,,wind:wind_get_stock_events
002179.SZ,2007-11-01,,wind:wind_get_stock_events
002182.SZ,2007-11-13,,wind:wind_get_stock_events
002183.SZ,2007-11-13,,wind:wind_get_stock_events
002185.SZ,2007-11-20,,wind:wind_get_stock_events
002190.SZ,2007-12-03,,wind:wind_get_stock_events
002192.SZ,2007-12-05,,wind:wind_get_stock_events
002193.SZ,2007-12-07,,wind:wind_get_stock_events
002196.SZ,2007-12-12,,wind:wind_get_stock_events
002198.SZ,2007-12-18,,wind:wind_get_stock_events
002200.SZ,2007-12-21,,wind:wind_get_stock_events
002201.SZ,2007-12-26,,wind:wind_get_stock_events
002202.SZ,2007-12-26,,wind:wind_get_stock_events
002203.SZ,2008-01-16,,wind:wind_get_stock_events
002204.SZ,2008-01-16,,wind:wind_get_stock_events
002206.SZ,2008-01-23,,wind:wind_get_stock_events
002207.SZ,2008-01-28,,wind:wind_get_stock_events
002209.SZ,2008-01-30,,wind:wind_get_stock_events
002212.SZ,2008-02-01,,wind:wind_get_stock_events
002213.SZ,2008-02-01,,wind:wind_get_stock_events
002214.SZ,2008-02-18,,wind:wind_get_stock_events
002216.SZ,2008-02-20,,wind:wind_get_stock_events
002217.SZ,2008-02-20,,wind:wind_get_stock_events
002218.SZ,2008-02-28,,wind:wind_get_stock_events
002221.SZ,2008-03-06,,wind:wind_get_stock_events
002222.SZ,2008-03-19,,wind:wind_get_stock_events
002223.SZ,2008-04-18,,wind:wind_get_stock_events
002225.SZ,2008-04-25,,wind:wind_get_stock_events
002228.SZ,2008-05-08,,wind:wind_get_stock_events
002229.SZ,2008-05-08,,wind:wind_get_stock_events
002230.SZ,2008-05-12,,wind:wind_get_stock_events
002231.SZ,2008-05-12,2026-03-27,wind:wind_get_stock_events
002233.SZ,2008-05-16,,wind:wind_get_stock_events
002234.SZ,2008-05-16,,wind:wind_get_stock_events
002235.SZ,2008-05-16,,wind:wind_get_stock_events
002236.SZ,2008-05-20,,wind:wind_get_stock_events
002237.SZ,2008-05-20,,wind:wind_get_stock_events
002238.SZ,2008-05-26,,wind:wind_get_stock_events
002241.SZ,2008-05-22,,wind:wind_get_stock_events
002242.SZ,2008-05-28,,wind:wind_get_stock_events
002243.SZ,2008-05-28,,wind:wind_get_stock_events
002244.SZ,2008-05-29,,wind:wind_get_stock_events
002245.SZ,2008-06-05,,wind:wind_get_stock_events
002246.SZ,2008-06-05,,wind:wind_get_stock_events
002248.SZ,2008-06-12,,wind:wind_get_stock_events
002251.SZ,2008-06-19,,wind:wind_get_stock_info
002252.SZ,2008-06-23,,wind:wind_get_stock_info
002254.SZ,2008-06-25,,wind:wind_get_stock_info
002255.SZ,2008-06-25,,wind:wind_get_stock_info
002256.SZ,2008-06-25,,wind:wind_get_stock_info
002258.SZ,2008-07-08,,wind:wind_get_stock_info
002259.SZ,2008-07-16,,wind:wind_get_stock_info
002261.SZ,2008-07-23,,wind:wind_get_stock_info
002262.SZ,2008-07-23,,wind:wind_get_stock_info
002263.SZ,2008-07-28,,wind:wind_get_stock_info
002264.SZ,2008-07-31,,wind:wind_get_stock_info
002265.SZ,2008-08-06,,wind:wind_get_stock_info
002266.SZ,2008-08-06,,wind:wind_get_stock_info
002268.SZ,2008-08-11,,wind:wind_get_stock_info
002269.SZ,2008-08-28,,wind:wind_get_stock_info
002270.SZ,2008-09-05,,wind:wind_get_stock_info
002271.SZ,2008-09-10,,wind:wind_get_stock_info
002272.SZ,2008-09-19,,wind:wind_get_stock_info
002273.SZ,2008-09-19,,wind:wind_get_stock_info
002277.SZ,2009-07-17,,wind:wind_get_stock_info
002278.SZ,2009-08-11,,wind:wind_get_stock_info
002279.SZ,2009-08-11,,wind:wind_get_stock_info
002281.SZ,2009-08-21,,wind:wind_get_stock_info
002284.SZ,2009-08-28,,wind:wind_get_stock_info
002285.SZ,2009-08-28,,wind:wind_get_stock_info
002286.SZ,2009-08-28,,wind:wind_get_stock_info
002290.SZ,2009-09-03,,wind:wind_get_stock_info
002291.SZ,2009-09-03,,wind:wind_get_stock_info
002293.SZ,2009-09-10,,wind:wind_get_stock_info
002294.SZ,2009-09-10,,wind:wind_get_stock_info
002295.SZ,2009-09-29,,wind:wind_get_stock_info
002296.SZ,2009-09-29,,wind:wind_get_stock_info
002297.SZ,2009-09-29,,wind:wind_get_stock_info
002298.SZ,2009-09-29,,wind:wind_get_stock_info
002299.SZ,2009-10-21,,wind:wind_get_stock_info
002300.SZ,2009-10-21,,wind:wind_get_stock_info
002303.SZ,2009-11-03,,wind:wind_get_stock_info
002304.SZ,2009-11-06,,wind:wind_get_stock_info
002305.SZ,2009-11-06,,wind:wind_get_stock_info
002307.SZ,2009-11-11,,wind:wind_get_stock_info
002309.SZ,2009-11-27,,wind:wind_get_stock_events
002310.SZ,2009-11-27,,wind:wind_get_stock_events
002311.SZ,2009-11-27,,wind:wind_get_stock_events
002312.SZ,2009-12-03,,wind:wind_get_stock_events
002313.SZ,2009-12-03,,wind:wind_get_stock_events
002314.SZ,2009-12-03,,wind:wind_get_stock_events
002315.SZ,2009-12-09,,wind:wind_get_stock_events
002318.SZ,2009-12-11,,wind:wind_get_stock_events
002319.SZ,2009-12-11,,wind:wind_get_stock_events
002320.SZ,2009-12-16,,wind:wind_get_stock_events
002321.SZ,2009-12-16,,wind:wind_get_stock_events
002322.SZ,2009-12-18,,wind:wind_get_stock_events
002323.SZ,2009-12-18,,wind:wind_get_stock_events
002324.SZ,2009-12-18,,wind:wind_get_stock_events
002327.SZ,2009-12-30,,wind:wind_get_stock_events
002328.SZ,2009-12-30,,wind:wind_get_stock_events
002329.SZ,2010-01-06,,wind:wind_get_stock_events
002330.SZ,2010-01-06,,wind:wind_get_stock_events
002331.SZ,2010-01-06,,wind:wind_get_stock_events
002333.SZ,2010-01-12,,wind:wind_get_stock_events
002334.SZ,2010-01-13,,wind:wind_get_stock_events
002335.SZ,2010-01-13,,wind:wind_get_stock_events
002337.SZ,2010-01-15,,wind:wind_get_stock_events
002338.SZ,2010-01-15,,wind:wind_get_stock_events
002339.SZ,2010-01-22,,wind:wind_get_stock_events
002340.SZ,2010-01-22,,wind:wind_get_stock_events
002346.SZ,2010-01-28,,wind:wind_get_stock_events
002348.SZ,2010-02-03,,wind:wind_get_stock_events
002349.SZ,2010-02-03,,wind:wind_get_stock_events
002350.SZ,2010-02-03,,wind:wind_get_stock_events
002354.SZ,2010-02-09,,wind:wind_get_stock_events
002356.SZ,2010-02-09,,wind:wind_get_stock_events
002357.SZ,2010-02-10,,wind:wind_get_stock_events
002360.SZ,2010-03-03,,wind:wind_get_stock_events
002363.SZ,2010-03-05,,wind:wind_get_stock_events
002365.SZ,2010-03-05,,wind:wind_get_stock_events
002366.SZ,2010-03-12,,wind:wind_get_stock_events
002367.SZ,2010-03-12,,wind:wind_get_stock_events
002369.SZ,2010-03-16,,wind:wind_get_stock_events
002371.SZ,2010-03-16,,wind:wind_get_stock_events
002373.SZ,2010-03-18,,wind:wind_get_stock_info
002377.SZ,2010-03-23,,wind:wind_get_stock_info
002379.SZ,2010-03-31,,wind:wind_get_stock_info
002380.SZ,2010-03-31,,wind:wind_get_stock_info
002381.SZ,2010-04-02,,wind:wind_get_stock_info
002382.SZ,2010-04-02,,wind:wind_get_stock_info
002383.SZ,2010-04-02,,wind:wind_get_stock_info
002386.SZ,2010-04-09,,wind:wind_get_stock_info
002389.SZ,2010-04-13,,wind:wind_get_stock_info
002391.SZ,2010-04-16,,wind:wind_get_stock_info
002392.SZ,2010-04-23,,wind:wind_get_stock_info
002393.SZ,2010-04-23,,wind:wind_get_stock_info
002395.SZ,2010-04-29,,wind:wind_get_stock_info
002396.SZ,2010-06-23,,wind:wind_get_stock_info
002397.SZ,2010-04-29,,wind:wind_get_stock_info
002398.SZ,2010-05-06,,wind:wind_get_stock_info
002399.SZ,2010-05-06,,wind:wind_get_stock_info
002400.SZ,2010-05-06,,wind:wind_get_stock_info
002402.SZ,2010-05-11,,wind:wind_get_stock_info
002403.SZ,2010-05-11,,wind:wind_get_stock_info
002405.SZ,2010-05-18,,wind:wind_get_stock_info
002408.SZ,2010-05-18,,wind:wind_get_stock_info
002409.SZ,2010-05-25,,wind:wind_get_stock_info
002410.SZ,2010-05-25,,wind:wind_get_stock_info
002412.SZ,2010-05-25,,wind:wind_get_stock_info
002415.SZ,2010-05-28,,wind:wind_get_stock_info
002416.SZ,2010-05-28,,wind:wind_get_stock_info
002418.SZ,2010-06-01,,wind:wind_get_stock_info
002420.SZ,2010-06-01,,wind:wind_get_stock_info
002421.SZ,2010-06-03,,wind:wind_get_stock_info
002422.SZ,2010-06-03,,wind:wind_get_stock_info
002423.SZ,2010-06-03,,wind:wind_get_stock_info
002426.SZ,2010-06-08,,wind:wind_get_stock_info
002429.SZ,2010-06-10,,wind:wind_get_stock_info
002430.SZ,2010-06-10,,wind:wind_get_stock_info
002431.SZ,2010-06-10,,wind:wind_get_stock_info
002432.SZ,2010-06-10,,wind:wind_get_stock_info
002438.SZ,2010-06-23,,wind:wind_get_stock_events
002440.SZ,2010-07-06,,wind:wind_get_stock_events
002441.SZ,2010-07-06,,wind:wind_get_stock_events
002442.SZ,2010-07-06,,wind:wind_get_stock_events
002443.SZ,2010-07-06,,wind:wind_get_stock_events
002444.SZ,2010-07-13,,wind:wind_get_stock_events
002445.SZ,2010-07-13,,wind:wind_get_stock_events
002446.SZ,2010-07-13,,wind:wind_get_stock_events
002448.SZ,2010-07-16,,wind:wind_get_stock_events
002449.SZ,2010-07-16,,wind:wind_get_stock_events
002451.SZ,2010-07-20,,wind:wind_get_stock_events
002452.SZ,2010-07-20,,wind:wind_get_stock_events
002453.SZ,2010-07-20,,wind:wind_get_stock_events
002454.SZ,2010-07-20,,wind:wind_get_stock_events
002455.SZ,2010-08-03,,wind:wind_get_stock_events
002457.SZ,2010-08-03,,wind:wind_get_stock_events
002458.SZ,2010-08-10,,wind:wind_get_stock_events
002459.SZ,2010-08-10,,wind:wind_get_stock_events
002461.SZ,2010-08-18,,wind:wind_get_stock_events
002462.SZ,2010-08-18,,wind:wind_get_stock_events
002463.SZ,2010-08-18,,wind:wind_get_stock_events
002465.SZ,2010-08-31,,wind:wind_get_stock_events
002466.SZ,2010-08-31,,wind:wind_get_stock_events
002467.SZ,2010-09-08,,wind:wind_get_stock_events
002468.SZ,2010-09-08,,wind:wind_get_stock_events
002469.SZ,2010-09-08,,wind:wind_get_stock_events
002470.SZ,2010-09-08,,wind:wind_get_stock_events
002472.SZ,2010-09-10,,wind:wind_get_stock_events
002474.SZ,2010-09-15,,wind:wind_get_stock_events
002475.SZ,2010-09-15,,wind:wind_get_stock_events
002476.SZ,2010-09-15,,wind:wind_get_stock_events
002478.SZ,2010-09-21,,wind:wind_get_stock_events
002479.SZ,2010-09-21,,wind:wind_get_stock_events
002481.SZ,2010-09-21,,wind:wind_get_stock_events
002484.SZ,2010-09-29,,wind:wind_get_stock_events
002486.SZ,2010-10-15,,wind:wind_get_stock_events
002487.SZ,2010-10-15,,wind:wind_get_stock_events
002490.SZ,2010-10-21,,wind:wind_get_stock_events
002491.SZ,2010-10-21,,wind:wind_get_stock_events
002492.SZ,2010-11-02,,wind:wind_get_stock_events
002493.SZ,2010-11-02,,wind:wind_get_stock_events
002498.SZ,2010-11-09,,wind:wind_get_stock_events
002500.SZ,2010-11-15,,wind:wind_get_stock_events
002501.SZ,2010-11-17,,wind:wind_get_stock_events
002506.SZ,2010-11-18,,wind:wind_get_stock_events
002507.SZ,2010-11-23,,wind:wind_get_stock_events
002508.SZ,2010-11-23,,wind:wind_get_stock_events
002510.SZ,2010-11-25,,wind:wind_get_stock_events
002513.SZ,2010-12-03,,wind:wind_get_stock_events
002514.SZ,2010-12-03,,wind:wind_get_stock_events
002515.SZ,2010-12-03,,wind:wind_get_stock_events
002516.SZ,2010-12-07,,wind:wind_get_stock_events
002517.SZ,2010-12-07,,wind:wind_get_stock_events
002519.SZ,2010-12-07,,wind:wind_get_stock_events
002520.SZ,2010-12-10,,wind:wind_get_stock_events
002521.SZ,2010-12-10,,wind:wind_get_stock_events
002522.SZ,2010-12-10,,wind:wind_get_stock_events
002523.SZ,2010-12-10,,wind:wind_get_stock_events
002528.SZ,2010-12-24,,wind:wind_get_stock_events
002531.SZ,2010-12-31,,wind:wind_get_stock_events
002532.SZ,2010-12-31,,wind:wind_get_stock_events
002533.SZ,2010-12-31,,wind:wind_get_stock_events
002534.SZ,2011-01-10,,wind:wind_get_stock_events
002535.SZ,2011-01-11,,wind:wind_get_stock_events
002538.SZ,2011-01-18,,wind:wind_get_stock_events
002539.SZ,2011-01-18,,wind:wind_get_stock_events
002540.SZ,2011-01-18,,wind:wind_get_stock_events
002541.SZ,2011-01-18,,wind:wind_get_stock_events
002543.SZ,2011-01-28,,wind:wind_get_stock_events
002544.SZ,2011-01-28,,wind:wind_get_stock_events
002545.SZ,2011-02-11,,wind:wind_get_stock_events
002546.SZ,2011-02-11,,wind:wind_get_stock_events
002547.SZ,2011-02-18,,wind:wind_get_stock_events
002548.SZ,2011-02-18,,wind:wind_get_stock_events
002549.SZ,2011-02-18,,wind:wind_get_stock_events
002552.SZ,2011-02-25,,wind:wind_get_stock_events
002553.SZ,2011-02-25,,wind:wind_get_stock_events
002554.SZ,2011-02-25,,wind:wind_get_stock_events
002555.SZ,2011-03-02,,wind:wind_get_stock_events
002556.SZ,2011-03-02,,wind:wind_get_stock_events
002557.SZ,2011-03-02,,wind:wind_get_stock_events
002560.SZ,2011-03-03,,wind:wind_get_stock_events
002566.SZ,2011-03-18,,wind:wind_get_stock_events
002568.SZ,2011-03-25,,wind:wind_get_stock_events
002572.SZ,2011-04-12,,wind:wind_get_stock_events
002574.SZ,2011-04-22,,wind:wind_get_stock_events
002576.SZ,2011-04-28,,wind:wind_get_stock_events
002578.SZ,2011-04-28,,wind:wind_get_stock_events
002579.SZ,2011-05-06,,wind:wind_get_stock_events
002580.SZ,2011-05-06,,wind:wind_get_stock_events
002582.SZ,2011-05-20,,wind:wind_get_stock_events
002584.SZ,2011-06-02,,wind:wind_get_stock_events
002585.SZ,2011-06-02,,wind:wind_get_stock_events
002586.SZ,2011-06-02,,wind:wind_get_stock_events
002589.SZ,2011-06-10,,wind:wind_get_stock_events
002590.SZ,2011-06-10,,wind:wind_get_stock_events
002591.SZ,2011-06-21,,wind:wind_get_stock_events
002593.SZ,2011-06-28,,wind:wind_get_stock_events
002595.SZ,2011-06-28,,wind:wind_get_stock_events
002596.SZ,2011-07-07,,wind:wind_get_stock_events
002597.SZ,2011-07-07,,wind:wind_get_stock_events
002598.SZ,2011-07-07,,wind:wind_get_stock_events
002599.SZ,2011-07-15,,wind:wind_get_stock_events
002600.SZ,2011-07-15,,wind:wind_get_stock_events
002601.SZ,2011-07-15,,wind:wind_get_stock_events
002603.SZ,2011-07-28,,wind:wind_get_stock_events
002605.SZ,2011-08-05,,wind:wind_get_stock_events
002606.SZ,2011-08-05,,wind:wind_get_stock_events
002608.SZ,2011-08-10,,wind:wind_get_stock_events
002612.SZ,2011-08-30,,wind:wind_get_stock_events
002614.SZ,2011-09-09,,wind:wind_get_stock_events
002617.SZ,2011-09-20,,wind:wind_get_stock_events
002622.SZ,2011-10-18,,wind:wind_get_stock_events
002623.SZ,2011-10-13,,wind:wind_get_stock_events
002624.SZ,2011-10-28,,wind:wind_get_stock_events
002625.SZ,2011-11-03,,wind:wind_get_stock_events
002626.SZ,2011-10-28,,wind:wind_get_stock_events
002627.SZ,2011-11-03,,wind:wind_get_stock_events
002628.SZ,2011-11-03,,wind:wind_get_stock_events
002629.SZ,2011-11-03,,wind:wind_get_stock_events
002630.SZ,2011-11-11,,wind:wind_get_stock_events
002631.SZ,2011-11-11,,wind:wind_get_stock_events
002632.SZ,2011-11-22,,wind:wind_get_stock_events
002633.SZ,2011-11-22,,wind:wind_get_stock_events
002635.SZ,2011-11-25,,wind:wind_get_stock_events
002637.SZ,2011-11-25,,wind:wind_get_stock_events
002638.SZ,2011-11-25,,wind:wind_get_stock_events
002639.SZ,2011-12-05,,wind:wind_get_stock_events
002643.SZ,2011-12-20,,wind:wind_get_stock_events
002645.SZ,2011-12-20,,wind:wind_get_stock_events
002646.SZ,2011-12-22,,wind:wind_get_stock_events
002648.SZ,2011-12-28,,wind:wind_get_stock_events
002649.SZ,2012-01-06,,wind:wind_get_stock_events
002652.SZ,2012-01-19,,wind:wind_get_stock_events
002653.SZ,2012-01-17,,wind:wind_get_stock_events
002654.SZ,2012-02-17,,wind:wind_get_stock_events
002655.SZ,2012-02-17,,wind:wind_get_stock_events
002657.SZ,2012-02-28,,wind:wind_get_stock_events
002658.SZ,2012-03-09,,wind:wind_get_stock_events
002659.SZ,2012-03-09,,wind:wind_get_stock_events
002662.SZ,2012-03-09,,wind:wind_get_stock_events
002663.SZ,2012-03-16,,wind:wind_get_stock_events
002667.SZ,2012-03-29,,wind:wind_get_stock_events
002669.SZ,2012-04-16,,wind:wind_get_stock_events
002670.SZ,2012-04-16,,wind:wind_get_stock_events
002672.SZ,2012-04-26,,wind:wind_get_stock_events
002674.SZ,2012-05-07,,wind:wind_get_stock_events
002675.SZ,2012-05-25,,wind:wind_get_stock_events
002676.SZ,2012-05-25,,wind:wind_get_stock_events
002677.SZ,2012-05-25,,wind:wind_get_stock_events
002678.SZ,2012-05-30,,wind:wind_get_stock_events
002679.SZ,2012-06-05,,wind:wind_get_stock_events
002681.SZ,2012-06-05,,wind:wind_get_stock_events
002683.SZ,2012-06-12,,wind:wind_get_stock_events
002685.SZ,2012-06-12,,wind:wind_get_stock_events
002686.SZ,2012-07-03,,wind:wind_get_stock_events
002687.SZ,2012-07-13,,wind:wind_get_stock_events
002689.SZ,2012-07-17,,wind:wind_get_stock_events
002691.SZ,2012-07-31,,wind:wind_get_stock_events
002692.SZ,2012-08-08,,wind:wind_get_stock_events
002693.SZ,2012-08-08,,wind:wind_get_stock_events
002694.SZ,2012-08-16,,wind:wind_get_stock_events
002695.SZ,2012-09-05,,wind:wind_get_stock_events
002696.SZ,2012-09-05,,wind:wind_get_stock_events
002697.SZ,2012-09-05,,wind:wind_get_stock_events
002698.SZ,2012-09-11,,wind:wind_get_stock_events
002700.SZ,2012-09-21,,wind:wind_get_stock_events
002701.SZ,2012-10-11,,wind:wind_get_stock_events
002702.SZ,2012-10-11,,wind:wind_get_stock_events
002703.SZ,2012-11-02,,wind:wind_get_stock_events
002706.SZ,2014-01-21,,wind:wind_get_stock_events
002707.SZ,2014-01-23,,wind:wind_get_stock_events
002712.SZ,2014-01-23,,wind:wind_get_stock_events
002713.SZ,2014-02-19,,wind:wind_get_stock_events
002714.SZ,2014-01-28,,wind:wind_get_stock_events
002716.SZ,2014-01-28,,wind:wind_get_stock_events
002717.SZ,2014-02-19,,wind:wind_get_stock_events
002719.SZ,2014-01-28,,wind:wind_get_stock_events
002721.SZ,2014-01-27,,wind:wind_get_stock_events
002723.SZ,2014-01-29,,wind:wind_get_stock_events
002724.SZ,2014-11-04,,wind:wind_get_stock_events
002726.SZ,2014-06-26,,wind:wind_get_stock_events
002727.SZ,2014-07-02,,wind:wind_get_stock_events
002728.SZ,2014-07-31,,wind:wind_get_stock_events
002729.SZ,2014-09-12,,wind:wind_get_stock_events
002731.SZ,2014-11-04,,wind:wind_get_stock_events
002733.SZ,2014-12-03,,wind:wind_get_stock_events
002735.SZ,2014-12-03,,wind:wind_get_stock_events
002737.SZ,2014-12-30,,wind:wind_get_stock_events
002738.SZ,2014-12-30,,wind:wind_get_stock_events
002739.SZ,2015-01-22,,wind:wind_get_stock_events
002741.SZ,2015-02-16,,wind:wind_get_stock_events
002745.SZ,2015-02-17,,wind:wind_get_stock_events
002746.SZ,2015-02-16,,wind:wind_get_stock_events
002747.SZ,2015-03-20,,wind:wind_get_stock_events
002749.SZ,2015-03-20,,wind:wind_get_stock_events
002752.SZ,2015-04-22,,wind:wind_get_stock_events
002753.SZ,2015-05-19,,wind:wind_get_stock_events
002755.SZ,2015-05-15,,wind:wind_get_stock_events
002756.SZ,2015-05-15,,wind:wind_get_stock_events
002758.SZ,2015-05-27,,wind:wind_get_stock_events
002763.SZ,2015-06-10,,wind:wind_get_stock_events
002766.SZ,2015-06-11,,wind:wind_get_stock_events
002767.SZ,2015-06-12,,wind:wind_get_stock_events
002769.SZ,2015-06-29,,wind:wind_get_stock_events
002771.SZ,2015-06-29,,wind:wind_get_stock_events
002772.SZ,2015-06-26,,wind:wind_get_stock_events
002773.SZ,2015-06-26,,wind:wind_get_stock_events
002774.SZ,2017-03-24,,wind:wind_get_stock_events
002778.SZ,2016-01-06,,wind:wind_get_stock_events
002779.SZ,2015-12-09,,wind:wind_get_stock_events
002780.SZ,2015-12-09,,wind:wind_get_stock_events
002782.SZ,2015-12-22,,wind:wind_get_stock_events
002785.SZ,2015-12-23,,wind:wind_get_stock_events
002787.SZ,2015-12-31,,wind:wind_get_stock_events
002788.SZ,2016-02-18,,wind:wind_get_stock_events
002790.SZ,2016-03-08,,wind:wind_get_stock_events
002791.SZ,2016-03-29,,wind:wind_get_stock_events
002792.SZ,2016-03-28,,wind:wind_get_stock_events
002795.SZ,2016-04-28,,wind:wind_get_stock_events
002798.SZ,2016-05-25,,wind:wind_get_stock_events
002799.SZ,2016-06-08,,wind:wind_get_stock_events
002800.SZ,2016-05-30,,wind:wind_get_stock_events
002801.SZ,2016-06-22,,wind:wind_get_stock_events
002802.SZ,2016-06-29,,wind:wind_get_stock_events
002803.SZ,2016-07-12,,wind:wind_get_stock_events
002805.SZ,2016-07-07,,wind:wind_get_stock_events
002806.SZ,2016-07-26,,wind:wind_get_stock_events
002809.SZ,2016-08-23,,wind:wind_get_stock_events
002810.SZ,2016-08-26,,wind:wind_get_stock_events
002813.SZ,2016-10-12,,wind:wind_get_stock_events
002815.SZ,2016-10-12,,wind:wind_get_stock_events
002817.SZ,2016-10-25,,wind:wind_get_stock_events
002821.SZ,2016-11-18,,wind:wind_get_stock_events
002823.SZ,2016-11-24,,wind:wind_get_stock_events
002824.SZ,2017-01-12,,wind:wind_get_stock_events
002825.SZ,2016-11-29,,wind:wind_get_stock_events
002827.SZ,2016-12-09,,wind:wind_get_stock_events
002828.SZ,2016-12-08,,wind:wind_get_stock_events
002829.SZ,2016-12-13,,wind:wind_get_stock_events
002830.SZ,2016-12-13,,wind:wind_get_stock_events
002831.SZ,2016-12-16,,wind:wind_get_stock_events
002832.SZ,2016-12-23,,wind:wind_get_stock_events
002833.SZ,2016-12-28,,wind:wind_get_stock_events
002836.SZ,2016-12-29,,wind:wind_get_stock_events
002838.SZ,2017-01-06,,wind:wind_get_stock_events
002839.SZ,2017-01-24,,wind:wind_get_stock_events
002840.SZ,2017-01-10,,wind:wind_get_stock_events
002841.SZ,2017-01-19,,wind:wind_get_stock_events
002843.SZ,2017-01-20,,wind:wind_get_stock_events
002847.SZ,2017-02-08,,wind:wind_get_stock_events
002849.SZ,2017-02-17,,wind:wind_get_stock_events
002850.SZ,2017-03-02,,wind:wind_get_stock_events
002851.SZ,2017-03-06,,wind:wind_get_stock_events
002853.SZ,2017-03-10,,wind:wind_get_stock_events
002855.SZ,2017-03-21,,wind:wind_get_stock_events
002856.SZ,2017-03-20,,wind:wind_get_stock_events
002858.SZ,2017-03-24,,wind:wind_get_stock_events
002860.SZ,2017-04-12,,wind:wind_get_stock_events
002862.SZ,2017-04-11,,wind:wind_get_stock_events
002864.SZ,2017-11-16,,wind:wind_get_stock_events
002866.SZ,2017-04-26,,wind:wind_get_stock_events
002868.SZ,2017-05-03,,wind:wind_get_stock_events
002870.SZ,2017-05-15,,wind:wind_get_stock_events
002871.SZ,2017-05-11,,wind:wind_get_stock_events
002875.SZ,2017-06-01,,wind:wind_get_stock_events
002876.SZ,2017-05-25,,wind:wind_get_stock_events
002877.SZ,2017-06-05,,wind:wind_get_stock_events
002879.SZ,2017-07-07,,wind:wind_get_stock_events
002881.SZ,2017-06-22,,wind:wind_get_stock_events
002883.SZ,2017-06-20,,wind:wind_get_stock_events
002884.SZ,2017-07-11,,wind:wind_get_stock_events
002886.SZ,2017-06-27,,wind:wind_get_stock_events
002887.SZ,2017-08-01,,wind:wind_get_stock_events
002888.SZ,2017-07-21,,wind:wind_get_stock_events
002890.SZ,2017-08-02,,wind:wind_get_stock_events
002891.SZ,2017-08-21,,wind:wind_get_stock_events
002892.SZ,2017-08-17,,wind:wind_get_stock_events
002893.SZ,2017-09-15,,wind:wind_get_stock_events
002897.SZ,2017-09-07,,wind:wind_get_stock_events
002898.SZ,2017-09-12,2026-07-17,wind:wind_get_stock_events
002899.SZ,2017-09-15,,wind:wind_get_stock_events
002901.SZ,2017-09-22,,wind:wind_get_stock_events
002902.SZ,2017-09-29,,wind:wind_get_stock_events
002903.SZ,2017-10-13,,wind:wind_get_stock_events
002905.SZ,2017-10-16,,wind:wind_get_stock_events
002906.SZ,2017-10-13,,wind:wind_get_stock_events
002910.SZ,2017-10-31,,wind:wind_get_stock_events
002911.SZ,2017-11-22,,wind:wind_get_stock_events
002912.SZ,2017-11-21,,wind:wind_get_stock_events
002913.SZ,2017-12-01,,wind:wind_get_stock_events
002915.SZ,2017-12-05,,wind:wind_get_stock_events
002918.SZ,2017-12-19,,wind:wind_get_stock_events
002919.SZ,2017-12-18,,wind:wind_get_stock_events
002921.SZ,2017-12-27,,wind:wind_get_stock_events
002923.SZ,2018-01-05,,wind:wind_get_stock_events
002925.SZ,2018-01-15,,wind:wind_get_stock_events
002927.SZ,2018-02-23,,wind:wind_get_stock_events
002928.SZ,2018-03-02,,wind:wind_get_stock_events
002929.SZ,2018-03-01,,wind:wind_get_stock_events
002930.SZ,2018-03-28,,wind:wind_get_stock_events
002931.SZ,2018-04-03,,wind:wind_get_stock_events
002932.SZ,2018-07-10,,wind:wind_get_stock_events
002935.SZ,2018-09-03,,wind:wind_get_stock_events
002937.SZ,2018-09-26,,wind:wind_get_stock_events
002942.SZ,2018-12-05,,wind:wind_get_stock_events
002943.SZ,2018-11-29,,wind:wind_get_stock_events
002945.SZ,2019-01-17,,wind:wind_get_stock_events
002946.SZ,2019-01-25,,wind:wind_get_stock_events
002947.SZ,2019-02-01,,wind:wind_get_stock_events
002948.SZ,2019-01-16,,wind:wind_get_stock_events
002950.SZ,2019-03-11,,wind:wind_get_stock_events
002951.SZ,2019-03-15,,wind:wind_get_stock_events
002953.SZ,2019-05-09,,wind:wind_get_stock_events
002955.SZ,2019-05-23,,wind:wind_get_stock_events
002956.SZ,2019-06-19,,wind:wind_get_stock_events
002957.SZ,2019-07-26,,wind:wind_get_stock_events
002958.SZ,2019-03-26,,wind:wind_get_stock_events
002960.SZ,2019-08-09,,wind:wind_get_stock_events
002961.SZ,2019-09-05,,wind:wind_get_stock_events
002962.SZ,2019-09-17,,wind:wind_get_stock_events
002963.SZ,2019-10-28,,wind:wind_get_stock_events
002966.SZ,2019-08-02,,wind:wind_get_stock_events
002967.SZ,2019-11-08,,wind:wind_get_stock_events
002969.SZ,2019-12-02,,wind:wind_get_stock_events
002970.SZ,2019-12-17,,wind:wind_get_stock_events
002971.SZ,2020-01-13,,wind:wind_get_stock_events
002972.SZ,2019-12-27,,wind:wind_get_stock_events
002976.SZ,2020-03-06,,wind:wind_get_stock_events
002977.SZ,2020-03-17,,wind:wind_get_stock_events
002978.SZ,2020-04-17,,wind:wind_get_stock_events
002979.SZ,2020-04-08,,wind:wind_get_stock_events
002980.SZ,2020-04-15,,wind:wind_get_stock_events
002981.SZ,2020-04-17,,wind:wind_get_stock_events
002983.SZ,2020-04-28,,wind:wind_get_stock_events
002984.SZ,2020-09-11,,wind:wind_get_stock_events
002985.SZ,2020-04-29,,wind:wind_get_stock_events
002986.SZ,2020-06-02,,wind:wind_get_stock_events
002990.SZ,2020-05-25,,wind:wind_get_stock_events
002991.SZ,2020-07-31,,wind:wind_get_stock_events
002993.SZ,2020-08-17,,wind:wind_get_stock_events
002995.SZ,2020-08-05,,wind:wind_get_stock_events
002996.SZ,2020-08-28,,wind:wind_get_stock_events
002997.SZ,2020-09-03,,wind:wind_get_stock_events
002998.SZ,2020-09-25,,wind:wind_get_stock_events
003000.SZ,2020-09-14,,wind:wind_get_stock_events
003001.SZ,2020-10-13,,wind:wind_get_stock_events
003002.SZ,2020-09-22,,wind:wind_get_stock_events
003003.SZ,2020-09-21,,wind:wind_get_stock_events
003005.SZ,2020-09-22,,wind:wind_get_stock_events
003006.SZ,2020-09-21,,wind:wind_get_stock_events
003007.SZ,2020-09-23,,wind:wind_get_stock_events
003008.SZ,2020-09-23,,wind:wind_get_stock_events
003009.SZ,2020-09-25,,wind:wind_get_stock_events
003011.SZ,2020-09-30,,wind:wind_get_stock_events
003013.SZ,2020-10-22,,wind:wind_get_stock_events
003016.SZ,2020-10-26,,wind:wind_get_stock_events
003018.SZ,2020-11-06,,wind:wind_get_stock_events
003020.SZ,2020-12-15,,wind:wind_get_stock_events
003021.SZ,2020-12-04,,wind:wind_get_stock_events
003022.SZ,2020-12-08,,wind:wind_get_stock_events
003023.SZ,2020-12-11,,wind:wind_get_stock_events
003025.SZ,2020-12-11,,wind:wind_get_stock_events
003026.SZ,2020-12-18,,wind:wind_get_stock_events
003027.SZ,2020-12-18,,wind:wind_get_stock_events
003030.SZ,2021-01-06,,wind:wind_get_stock_events
003031.SZ,2021-01-04,,wind:wind_get_stock_events
003032.SZ,2021-01-12,,wind:wind_get_stock_events
003035.SZ,2021-01-19,,wind:wind_get_stock_events
003036.SZ,2021-01-28,,wind:wind_get_stock_events
003039.SZ,2021-03-08,,wind:wind_get_stock_events
003040.SZ,2021-03-22,,wind:wind_get_stock_events
003042.SZ,2021-04-06,,wind:wind_get_stock_events
003043.SZ,2021-04-06,,wind:wind_get_stock_events
003816.SZ,2019-08-26,,wind:wind_get_stock_events
300001.SZ,2009-10-30,,wind:wind_get_stock_events
300004.SZ,2009-10-30,,wind:wind_get_stock_events
300005.SZ,2009-10-30,,wind:wind_get_stock_events
300006.SZ,2009-10-30,,wind:wind_get_stock_events
300007.SZ,2009-10-30,,wind:wind_get_stock_events
300008.SZ,2009-10-30,,wind:wind_get_stock_events
300009.SZ,2009-10-30,,wind:wind_get_stock_events
300011.SZ,2009-10-30,,wind:wind_get_stock_events
300012.SZ,2009-10-30,,wind:wind_get_stock_events
300013.SZ,2009-10-30,,wind:wind_get_stock_events
300014.SZ,2009-10-30,,wind:wind_get_stock_events
300017.SZ,2009-10-30,,wind:wind_get_stock_events
300019.SZ,2009-10-30,,wind:wind_get_stock_events
300022.SZ,2009-10-30,,wind:wind_get_stock_events
300031.SZ,2009-12-25,,wind:wind_get_stock_events
300032.SZ,2009-12-25,,wind:wind_get_stock_events
300034.SZ,2009-12-25,,wind:wind_get_stock_events
300035.SZ,2009-12-25,,wind:wind_get_stock_events
300036.SZ,2009-12-25,,wind:wind_get_stock_events
300037.SZ,2010-01-08,,wind:wind_get_stock_events
300040.SZ,2010-01-08,,wind:wind_get_stock_events
300041.SZ,2010-01-08,,wind:wind_get_stock_events
300042.SZ,2010-01-08,,wind:wind_get_stock_events
300045.SZ,2010-01-20,,wind:wind_get_stock_events
300048.SZ,2010-01-20,,wind:wind_get_stock_events
300050.SZ,2010-01-20,,wind:wind_get_stock_events
300051.SZ,2010-02-11,,wind:wind_get_stock_events
300052.SZ,2010-02-11,,wind:wind_get_stock_events
300053.SZ,2010-02-11,,wind:wind_get_stock_events
300054.SZ,2010-02-11,,wind:wind_get_stock_events
300055.SZ,2010-02-26,,wind:wind_get_stock_events
300057.SZ,2010-02-26,,wind:wind_get_stock_events
300058.SZ,2010-02-26,,wind:wind_get_stock_events
300063.SZ,2010-03-26,,wind:wind_get_stock_events
300065.SZ,2010-03-26,,wind:wind_get_stock_events
300067.SZ,2010-04-21,,wind:wind_get_stock_events
300068.SZ,2010-04-21,,wind:wind_get_stock_events
300071.SZ,2010-04-21,,wind:wind_get_stock_events
300072.SZ,2010-04-27,,wind:wind_get_stock_events
300073.SZ,2010-04-27,,wind:wind_get_stock_events
300078.SZ,2010-04-30,,wind:wind_get_stock_events
300079.SZ,2010-04-30,,wind:wind_get_stock_events
300080.SZ,2010-06-25,,wind:wind_get_stock_events
300082.SZ,2010-05-20,,wind:wind_get_stock_events
300083.SZ,2010-05-20,,wind:wind_get_stock_events
300084.SZ,2010-05-20,,wind:wind_get_stock_events
300086.SZ,2010-05-26,,wind:wind_get_stock_events
300088.SZ,2010-05-26,,wind:wind_get_stock_events
300091.SZ,2010-06-25,,wind:wind_get_stock_events
300095.SZ,2010-07-28,,wind:wind_get_stock_events
300097.SZ,2010-07-28,,wind:wind_get_stock_events
300098.SZ,2010-07-28,,wind:wind_get_stock_events
300099.SZ,2010-08-06,,wind:wind_get_stock_events
300103.SZ,2010-08-12,,wind:wind_get_stock_events
300105.SZ,2010-08-20,,wind:wind_get_stock_events
300106.SZ,2010-08-20,,wind:wind_get_stock_events
300107.SZ,2010-08-20,,wind:wind_get_stock_events
300111.SZ,2010-08-27,,wind:wind_get_stock_events
300113.SZ,2010-08-27,,wind:wind_get_stock_events
300115.SZ,2010-09-02,,wind:wind_get_stock_events
300118.SZ,2010-09-02,,wind:wind_get_stock_events
300121.SZ,2010-09-17,,wind:wind_get_stock_events
300123.SZ,2010-09-28,,wind:wind_get_stock_events
300124.SZ,2010-09-28,,wind:wind_get_stock_events
300128.SZ,2010-10-13,,wind:wind_get_stock_events
300129.SZ,2010-10-19,,wind:wind_get_stock_events
300132.SZ,2010-10-26,,wind:wind_get_stock_events
300133.SZ,2010-10-26,,wind:wind_get_stock_events
300134.SZ,2010-10-26,,wind:wind_get_stock_events
300138.SZ,2010-11-05,,wind:wind_get_stock_events
300139.SZ,2010-11-12,,wind:wind_get_stock_events
300140.SZ,2010-11-12,,wind:wind_get_stock_events
300141.SZ,2010-11-12,,wind:wind_get_stock_events
300142.SZ,2010-11-12,,wind:wind_get_stock_events
300143.SZ,2010-12-09,,wind:wind_get_stock_events
300145.SZ,2010-12-09,,wind:wind_get_stock_events
300150.SZ,2010-12-22,,wind:wind_get_stock_events
300151.SZ,2010-12-22,,wind:wind_get_stock_events
300155.SZ,2011-01-07,,wind:wind_get_stock_events
300157.SZ,2011-01-07,,wind:wind_get_stock_events
300161.SZ,2011-01-13,,wind:wind_get_stock_events
300162.SZ,2011-01-13,,wind:wind_get_stock_events
300163.SZ,2011-01-13,,wind:wind_get_stock_events
300164.SZ,2011-01-13,,wind:wind_get_stock_events
300166.SZ,2011-01-25,,wind:wind_get_stock_events
300170.SZ,2011-02-01,,wind:wind_get_stock_events
300171.SZ,2011-02-01,,wind:wind_get_stock_events
300172.SZ,2011-02-01,,wind:wind_get_stock_events
300174.SZ,2011-02-01,,wind:wind_get_stock_events
300182.SZ,2011-02-22,,wind:wind_get_stock_events
300184.SZ,2011-02-22,,wind:wind_get_stock_events
300185.SZ,2011-03-08,,wind:wind_get_stock_events
300187.SZ,2011-03-08,,wind:wind_get_stock_events
300190.SZ,2011-03-16,,wind:wind_get_stock_events
300192.SZ,2011-03-22,,wind:wind_get_stock_events
300195.SZ,2011-03-29,,wind:wind_get_stock_events
300196.SZ,2011-03-29,,wind:wind_get_stock_events
300200.SZ,2011-04-07,,wind:wind_get_stock_events
300201.SZ,2011-04-07,,wind:wind_get_stock_events
300204.SZ,2011-04-15,,wind:wind_get_stock_events
300206.SZ,2011-04-21,,wind:wind_get_stock_events
300209.SZ,2011-04-26,,wind:wind_get_stock_events
300214.SZ,2011-05-11,,wind:wind_get_stock_events
300215.SZ,2011-05-11,,wind:wind_get_stock_events
300218.SZ,2011-05-18,,wind:wind_get_stock_events
300219.SZ,2011-05-18,,wind:wind_get_stock_events
300221.SZ,2011-05-25,,wind:wind_get_stock_events
300222.SZ,2011-05-25,,wind:wind_get_stock_events
300223.SZ,2011-05-31,,wind:wind_get_stock_events
300226.SZ,2011-06-08,,wind:wind_get_stock_events
300227.SZ,2011-06-08,,wind:wind_get_stock_events
300228.SZ,2011-06-08,,wind:wind_get_stock_events
300234.SZ,2011-06-22,,wind:wind_get_stock_events
300236.SZ,2011-06-29,,wind:wind_get_stock_events
300237.SZ,2011-06-29,,wind:wind_get_stock_events
300238.SZ,2011-07-06,,wind:wind_get_stock_events
300239.SZ,2011-07-06,,wind:wind_get_stock_events
300241.SZ,2011-07-12,,wind:wind_get_stock_events
300242.SZ,2011-07-12,,wind:wind_get_stock_events
300243.SZ,2011-07-12,,wind:wind_get_stock_events
300244.SZ,2011-07-19,,wind:wind_get_stock_events
300247.SZ,2011-07-29,,wind:wind_get_stock_events
300248.SZ,2011-07-29,,wind:wind_get_stock_events
300249.SZ,2011-08-03,,wind:wind_get_stock_events
300252.SZ,2011-08-18,,wind:wind_get_stock_events
300253.SZ,2011-08-18,,wind:wind_get_stock_events
300256.SZ,2011-08-19,,wind:wind_get_stock_events
300257.SZ,2011-08-19,,wind:wind_get_stock_events
300258.SZ,2011-08-26,,wind:wind_get_stock_events
300259.SZ,2011-08-31,,wind:wind_get_stock_events
300260.SZ,2011-09-06,,wind:wind_get_stock_events
300263.SZ,2011-09-16,,wind:wind_get_stock_events
300264.SZ,2011-09-16,,wind:wind_get_stock_events
300265.SZ,2011-09-16,,wind:wind_get_stock_events
300267.SZ,2011-09-27,,wind:wind_get_stock_events
300272.SZ,2011-11-02,,wind:wind_get_stock_events
300277.SZ,2011-11-23,,wind:wind_get_stock_events
300279.SZ,2011-12-29,,wind:wind_get_stock_events
300283.SZ,2012-01-10,,wind:wind_get_stock_events
300285.SZ,2012-01-13,,wind:wind_get_stock_events
300286.SZ,2012-01-13,,wind:wind_get_stock_events
300289.SZ,2012-02-16,,wind:wind_get_stock_events
300292.SZ,2012-02-29,,wind:wind_get_stock_events
300296.SZ,2012-03-15,,wind:wind_get_stock_events
300302.SZ,2012-03-21,,wind:wind_get_stock_events
300303.SZ,2012-03-19,,wind:wind_get_stock_events
300306.SZ,2012-03-29,,wind:wind_get_stock_events
300311.SZ,2012-04-25,,wind:wind_get_stock_events
300316.SZ,2012-05-11,,wind:wind_get_stock_events
300317.SZ,2012-05-11,,wind:wind_get_stock_events
300318.SZ,2012-05-23,,wind:wind_get_stock_events
300319.SZ,2012-05-23,,wind:wind_get_stock_events
300321.SZ,2012-05-23,,wind:wind_get_stock_events
300323.SZ,2012-06-01,,wind:wind_get_stock_events
300326.SZ,2012-06-13,,wind:wind_get_stock_events
300327.SZ,2012-06-13,,wind:wind_get_stock_events
300332.SZ,2012-06-28,,wind:wind_get_stock_events
300334.SZ,2012-07-05,,wind:wind_get_stock_events
300335.SZ,2012-07-10,,wind:wind_get_stock_events
300337.SZ,2012-07-18,,wind:wind_get_stock_events
300342.SZ,2012-07-26,,wind:wind_get_stock_events
300346.SZ,2012-08-07,,wind:wind_get_stock_events
300349.SZ,2012-08-17,,wind:wind_get_stock_events
300351.SZ,2012-09-20,,wind:wind_get_stock_events
300352.SZ,2012-09-12,,wind:wind_get_stock_events
300358.SZ,2014-01-21,,wind:wind_get_stock_events
300360.SZ,2014-01-21,,wind:wind_get_stock_events
300364.SZ,2015-01-21,,wind:wind_get_stock_events
300369.SZ,2014-01-29,,wind:wind_get_stock_events
300373.SZ,2014-01-23,,wind:wind_get_stock_events
300379.SZ,2014-01-28,2026-01-22,wind:wind_get_stock_events
300382.SZ,2014-01-29,,wind:wind_get_stock_events
300383.SZ,2014-01-29,,wind:wind_get_stock_events
300385.SZ,2014-06-26,,wind:wind_get_stock_events
300387.SZ,2014-07-02,,wind:wind_get_stock_events
300390.SZ,2014-07-31,,wind:wind_get_stock_events
300393.SZ,2014-09-12,,wind:wind_get_stock_events
300394.SZ,2015-02-17,,wind:wind_get_stock_events
300395.SZ,2014-09-10,,wind:wind_get_stock_events
300397.SZ,2014-09-10,,wind:wind_get_stock_events
300398.SZ,2014-10-09,,wind:wind_get_stock_events
300401.SZ,2014-10-09,,wind:wind_get_stock_events
300404.SZ,2015-04-24,,wind:wind_get_stock_events
300405.SZ,2014-10-30,,wind:wind_get_stock_events
300407.SZ,2014-12-03,,wind:wind_get_stock_events
300408.SZ,2014-12-03,,wind:wind_get_stock_info
300410.SZ,2014-12-31,,wind:wind_get_stock_info
300412.SZ,2014-12-31,,wind:wind_get_stock_info
300413.SZ,2015-01-21,,wind:wind_get_stock_info
300415.SZ,2015-01-23,,wind:wind_get_stock_info
300416.SZ,2015-01-22,,wind:wind_get_stock_info
300420.SZ,2015-02-17,,wind:wind_get_stock_info
300422.SZ,2015-02-17,,wind:wind_get_stock_info
300423.SZ,2015-02-17,,wind:wind_get_stock_info
300424.SZ,2015-04-22,,wind:wind_get_stock_info
300428.SZ,2015-03-19,,wind:wind_get_stock_info
300429.SZ,2015-03-24,,wind:wind_get_stock_info
300430.SZ,2015-03-19,,wind:wind_get_stock_info
300434.SZ,2015-04-24,,wind:wind_get_stock_info
300436.SZ,2015-04-22,,wind:wind_get_stock_info
300437.SZ,2015-04-23,,wind:wind_get_stock_info
300440.SZ,2015-04-23,,wind:wind_get_stock_info
300443.SZ,2015-04-22,,wind:wind_get_stock_info
300444.SZ,2015-04-23,,wind:wind_get_stock_info
300445.SZ,2015-04-24,,wind:wind_get_stock_info
300446.SZ,2015-04-23,,wind:wind_get_stock_info
300447.SZ,2015-04-22,,wind:wind_get_stock_info
300448.SZ,2015-04-24,,wind:wind_get_stock_info
300449.SZ,2015-04-22,,wind:wind_get_stock_info
300451.SZ,2015-05-14,,wind:wind_get_stock_info
300452.SZ,2015-05-15,,wind:wind_get_stock_info
300453.SZ,2015-05-15,,wind:wind_get_stock_info
300454.SZ,2018-05-16,,wind:wind_get_stock_info
300457.SZ,2015-05-14,,wind:wind_get_stock_info
300467.SZ,2015-05-27,,wind:wind_get_stock_info
300471.SZ,2015-06-11,,wind:wind_get_stock_info
300473.SZ,2015-06-12,,wind:wind_get_stock_info
300476.SZ,2015-06-11,,wind:wind_get_stock_info
300481.SZ,2015-06-30,,wind:wind_get_stock_info
300483.SZ,2015-06-30,,wind:wind_get_stock_info
300487.SZ,2015-07-02,,wind:wind_get_stock_info
300490.SZ,2015-12-31,,wind:wind_get_stock_info
300496.SZ,2015-12-10,,wind:wind_get_stock_info
300497.SZ,2015-12-22,,wind:wind_get_stock_info
300500.SZ,2016-02-04,,wind:wind_get_stock_info
300501.SZ,2016-02-04,,wind:wind_get_stock_events
300504.SZ,2018-03-30,,wind:wind_get_stock_events
300505.SZ,2016-03-15,,wind:wind_get_stock_events
300506.SZ,2016-03-24,,wind:wind_get_stock_events
300508.SZ,2016-04-19,,wind:wind_get_stock_events
300511.SZ,2016-05-04,,wind:wind_get_stock_events
300512.SZ,2016-05-26,,wind:wind_get_stock_events
300513.SZ,2016-05-30,,wind:wind_get_stock_events
300515.SZ,2016-06-08,,wind:wind_get_stock_events
300518.SZ,2016-06-24,,wind:wind_get_stock_events
300520.SZ,2016-07-08,,wind:wind_get_stock_events
300521.SZ,2016-07-05,,wind:wind_get_stock_events
300523.SZ,2016-07-26,,wind:wind_get_stock_events
300535.SZ,2016-08-12,,wind:wind_get_stock_events
300537.SZ,2016-08-30,,wind:wind_get_stock_events
300538.SZ,2016-08-26,,wind:wind_get_stock_events
300540.SZ,2016-08-23,,wind:wind_get_stock_events
300541.SZ,2016-09-13,,wind:wind_get_stock_events
300545.SZ,2016-09-28,,wind:wind_get_stock_events
300546.SZ,2016-09-28,,wind:wind_get_stock_events
300550.SZ,2016-10-18,,wind:wind_get_stock_events
300553.SZ,2016-10-21,,wind:wind_get_stock_events
300554.SZ,2017-04-21,,wind:wind_get_stock_events
300556.SZ,2016-11-04,,wind:wind_get_stock_events
300557.SZ,2016-11-01,,wind:wind_get_stock_events
300558.SZ,2016-11-07,,wind:wind_get_stock_events
300560.SZ,2016-11-01,,wind:wind_get_stock_events
300562.SZ,2016-11-16,,wind:wind_get_stock_events
300565.SZ,2016-11-22,,wind:wind_get_stock_events
300566.SZ,2016-11-15,,wind:wind_get_stock_events
300567.SZ,2016-11-22,,wind:wind_get_stock_events
300568.SZ,2016-12-01,,wind:wind_get_stock_events
300570.SZ,2016-12-06,,wind:wind_get_stock_events
300571.SZ,2016-12-13,,wind:wind_get_stock_events
300576.SZ,2016-12-20,,wind:wind_get_stock_events
300578.SZ,2017-01-25,,wind:wind_get_stock_events
300580.SZ,2017-01-11,,wind:wind_get_stock_events
300582.SZ,2016-12-28,,wind:wind_get_stock_events
300584.SZ,2017-01-12,,wind:wind_get_stock_events
300585.SZ,2016-12-29,,wind:wind_get_stock_events
300589.SZ,2017-01-13,,wind:wind_get_stock_events
300590.SZ,2017-01-11,,wind:wind_get_stock_events
300592.SZ,2017-01-20,,wind:wind_get_stock_events
300594.SZ,2019-06-21,,wind:wind_get_stock_events
300596.SZ,2017-01-19,,wind:wind_get_stock_events
300597.SZ,2017-01-23,,wind:wind_get_stock_events
300599.SZ,2017-01-23,,wind:wind_get_stock_events
300602.SZ,2017-01-26,,wind:wind_get_stock_events
300603.SZ,2017-01-26,,wind:wind_get_stock_events
300605.SZ,2017-02-08,,wind:wind_get_stock_events
300612.SZ,2017-02-15,,wind:wind_get_stock_events
300613.SZ,2017-02-20,,wind:wind_get_stock_events
300617.SZ,2017-02-28,,wind:wind_get_stock_events
300618.SZ,2017-03-06,,wind:wind_get_stock_events
300619.SZ,2017-03-01,,wind:wind_get_stock_events
300622.SZ,2017-03-15,,wind:wind_get_stock_events
300623.SZ,2017-03-14,,wind:wind_get_stock_events
300624.SZ,2018-01-18,,wind:wind_get_stock_events
300626.SZ,2017-03-20,,wind:wind_get_stock_events
300628.SZ,2017-03-17,,wind:wind_get_stock_events
300629.SZ,2017-03-24,,wind:wind_get_stock_events
300632.SZ,2017-04-06,,wind:wind_get_stock_events
300634.SZ,2018-03-23,,wind:wind_get_stock_events
300639.SZ,2017-04-12,,wind:wind_get_stock_events
300640.SZ,2017-04-17,,wind:wind_get_stock_events
300642.SZ,2017-04-21,,wind:wind_get_stock_events
300650.SZ,2017-05-03,,wind:wind_get_stock_events
300651.SZ,2017-05-09,,wind:wind_get_stock_events
300652.SZ,2017-05-16,,wind:wind_get_stock_events
300654.SZ,2017-09-26,,wind:wind_get_stock_events
300655.SZ,2017-05-23,,wind:wind_get_stock_events
300657.SZ,2017-05-23,,wind:wind_get_stock_events
300661.SZ,2017-06-06,,wind:wind_get_stock_events
300664.SZ,2018-01-05,,wind:wind_get_stock_events
300665.SZ,2017-06-13,,wind:wind_get_stock_events
300666.SZ,2017-06-15,,wind:wind_get_stock_events
300667.SZ,2017-06-19,,wind:wind_get_stock_events
300668.SZ,2017-06-19,,wind:wind_get_stock_events
300671.SZ,2017-07-05,,wind:wind_get_stock_events
300672.SZ,2017-07-12,,wind:wind_get_stock_events
300673.SZ,2017-07-11,,wind:wind_get_stock_info
300675.SZ,2017-07-19,,wind:wind_get_stock_info
300676.SZ,2017-07-14,,wind:wind_get_stock_info
300677.SZ,2017-07-21,,wind:wind_get_stock_info
300682.SZ,2017-08-01,,wind:wind_get_stock_info
300683.SZ,2017-08-08,,wind:wind_get_stock_info
300684.SZ,2017-12-27,,wind:wind_get_stock_info
300686.SZ,2017-08-04,,wind:wind_get_stock_info
300688.SZ,2017-08-10,,wind:wind_get_stock_info
300689.SZ,2017-08-09,,wind:wind_get_stock_info
300690.SZ,2017-08-08,,wind:wind_get_stock_info
300692.SZ,2017-08-21,,wind:wind_get_stock_info
300696.SZ,2017-08-22,,wind:wind_get_stock_info
300697.SZ,2017-09-07,,wind:wind_get_stock_info
300699.SZ,2017-09-01,,wind:wind_get_stock_info
300700.SZ,2017-09-12,,wind:wind_get_stock_info
300701.SZ,2017-09-15,,wind:wind_get_stock_info
300707.SZ,2017-10-10,,wind:wind_get_stock_info
300708.SZ,2017-10-16,,wind:wind_get_stock_info
300709.SZ,2017-10-19,,wind:wind_get_stock_info
300710.SZ,2017-10-19,,wind:wind_get_stock_info
300711.SZ,2017-11-01,,wind:wind_get_stock_info
300712.SZ,2017-10-31,,wind:wind_get_stock_info
300715.SZ,2017-10-26,,wind:wind_get_stock_info
300717.SZ,2017-11-06,,wind:wind_get_stock_info
300719.SZ,2017-11-09,,wind:wind_get_stock_info
300720.SZ,2017-11-06,,wind:wind_get_stock_info
300721.SZ,2017-11-15,,wind:wind_get_stock_info
300723.SZ,2017-11-16,,wind:wind_get_stock_info
300725.SZ,2017-11-10,,wind:wind_get_stock_info
300726.SZ,2017-11-21,,wind:wind_get_stock_info
300737.SZ,2018-01-25,,wind:wind_get_stock_info
300738.SZ,2018-01-19,,wind:wind_get_stock_info
300739.SZ,2018-02-01,,wind:wind_get_stock_info
300743.SZ,2018-04-27,,wind:wind_get_stock_info
300749.SZ,2018-09-25,,wind:wind_get_stock_info
300751.SZ,2018-11-09,,wind:wind_get_stock_info
300753.SZ,2018-12-13,,wind:wind_get_stock_info
300756.SZ,2018-12-28,,wind:wind_get_stock_info
300762.SZ,2019-03-14,,wind:wind_get_stock_info
300767.SZ,2019-03-29,,wind:wind_get_stock_info
300768.SZ,2019-04-12,,wind:wind_get_stock_info
300769.SZ,2019-04-15,,wind:wind_get_stock_info
300770.SZ,2019-04-19,,wind:wind_get_stock_info
300771.SZ,2019-04-22,,wind:wind_get_stock_info
300773.SZ,2019-04-25,,wind:wind_get_stock_info
300775.SZ,2019-05-21,,wind:wind_get_stock_info
300776.SZ,2019-05-17,,wind:wind_get_stock_info
300777.SZ,2019-05-16,,wind:wind_get_stock_info
300780.SZ,2019-05-31,,wind:wind_get_stock_info
300782.SZ,2019-06-18,,wind:wind_get_stock_info
300786.SZ,2019-07-23,,wind:wind_get_stock_info
300788.SZ,2019-07-05,,wind:wind_get_stock_info
300789.SZ,2019-08-28,,wind:wind_get_stock_info
300790.SZ,2019-09-20,,wind:wind_get_stock_info
300797.SZ,2019-11-01,,wind:wind_get_stock_info
300798.SZ,2019-11-22,,wind:wind_get_stock_info
300800.SZ,2019-11-06,,wind:wind_get_stock_info
300802.SZ,2019-11-14,,wind:wind_get_stock_info
300804.SZ,2023-06-27,,wind:wind_get_stock_info
300807.SZ,2019-12-19,,wind:wind_get_stock_info
300810.SZ,2019-12-06,,wind:wind_get_stock_info
300811.SZ,2019-12-30,,wind:wind_get_stock_info
300812.SZ,2020-01-09,,wind:wind_get_stock_info
300818.SZ,2020-02-12,,wind:wind_get_stock_info
300821.SZ,2020-03-12,,wind:wind_get_stock_info
300826.SZ,2020-04-03,,wind:wind_get_stock_info
300828.SZ,2020-04-21,,wind:wind_get_stock_info
300830.SZ,2020-05-06,,wind:wind_get_stock_info
300831.SZ,2020-05-07,,wind:wind_get_stock_info
300834.SZ,2022-01-13,,wind:wind_get_stock_info
300836.SZ,2020-05-28,,wind:wind_get_stock_info
300837.SZ,2020-06-05,,wind:wind_get_stock_info
300838.SZ,2020-06-08,,wind:wind_get_stock_info
300839.SZ,2020-06-30,,wind:wind_get_stock_info
300840.SZ,2020-07-08,,wind:wind_get_stock_info
300842.SZ,2020-06-18,,wind:wind_get_stock_info
300843.SZ,2020-07-02,,wind:wind_get_stock_info
300845.SZ,2020-07-03,,wind:wind_get_stock_info
300846.SZ,2020-07-01,,wind:wind_get_stock_info
300850.SZ,2020-07-13,,wind:wind_get_stock_info
300851.SZ,2020-07-17,,wind:wind_get_stock_info
300852.SZ,2020-07-13,,wind:wind_get_stock_info
300854.SZ,2021-09-16,,wind:wind_get_stock_info
300855.SZ,2020-07-23,,wind:wind_get_stock_info
300856.SZ,2020-07-22,,wind:wind_get_stock_info
300858.SZ,2020-07-27,,wind:wind_get_stock_info
300860.SZ,2020-08-24,,wind:wind_get_stock_info
300861.SZ,2020-08-24,,wind:wind_get_stock_info
300862.SZ,2020-08-24,,wind:wind_get_stock_info
300863.SZ,2020-08-24,,wind:wind_get_stock_info
300864.SZ,2020-08-24,,wind:wind_get_stock_info
300866.SZ,2020-08-24,,wind:wind_get_stock_info
300871.SZ,2020-08-24,,wind:wind_get_stock_info
300873.SZ,2020-08-24,,wind:wind_get_stock_info
300875.SZ,2020-08-24,,wind:wind_get_stock_info
300876.SZ,2020-08-24,,wind:wind_get_stock_info
300878.SZ,2020-08-24,,wind:wind_get_stock_info
300880.SZ,2020-09-01,,wind:wind_get_stock_info
300881.SZ,2020-09-01,,wind:wind_get_stock_info
300882.SZ,2020-09-10,,wind:wind_get_stock_info
300884.SZ,2020-11-12,,wind:wind_get_stock_info
300885.SZ,2020-09-10,,wind:wind_get_stock_info
300887.SZ,2020-09-16,,wind:wind_get_stock_info
300889.SZ,2020-09-16,,wind:wind_get_stock_info
300890.SZ,2020-09-17,,wind:wind_get_stock_info
300891.SZ,2020-09-17,,wind:wind_get_stock_info
300893.SZ,2020-09-24,,wind:wind_get_stock_info
300895.SZ,2020-09-24,,wind:wind_get_stock_info
300897.SZ,2020-09-28,,wind:wind_get_stock_info
300901.SZ,2020-10-29,,wind:wind_get_stock_info
300906.SZ,2020-11-05,,wind:wind_get_stock_info
300916.SZ,2020-12-02,,wind:wind_get_stock_info
300919.SZ,2020-12-23,,wind:wind_get_stock_info
300921.SZ,2020-12-22,,wind:wind_get_stock_info
300923.SZ,2020-12-24,,wind:wind_get_stock_info
300926.SZ,2021-01-07,,wind:wind_get_stock_info
300927.SZ,2021-01-07,,wind:wind_get_stock_info
300929.SZ,2021-01-20,,wind:wind_get_stock_info
300931.SZ,2021-01-21,,wind:wind_get_stock_info
300932.SZ,2021-01-22,,wind:wind_get_stock_info
300935.SZ,2021-01-20,,wind:wind_get_stock_info
300936.SZ,2021-01-26,,wind:wind_get_stock_info
300937.SZ,2021-01-27,,wind:wind_get_stock_info
300938.SZ,2021-01-27,,wind:wind_get_stock_info
300939.SZ,2021-01-28,,wind:wind_get_stock_info
300941.SZ,2021-02-09,,wind:wind_get_stock_info
300943.SZ,2021-02-10,,wind:wind_get_stock_info
300953.SZ,2021-03-18,,wind:wind_get_stock_info
300955.SZ,2021-03-24,,wind:wind_get_stock_info
300959.SZ,2021-03-22,,wind:wind_get_stock_info
300964.SZ,2021-08-05,,wind:wind_get_stock_info
300966.SZ,2021-04-09,,wind:wind_get_stock_info
300969.SZ,2021-04-12,,wind:wind_get_stock_info
300970.SZ,2021-04-12,,wind:wind_get_stock_info
300972.SZ,2021-04-19,,wind:wind_get_stock_info
300975.SZ,2021-04-21,,wind:wind_get_stock_info
300976.SZ,2021-04-19,,wind:wind_get_stock_info
300977.SZ,2021-04-20,,wind:wind_get_stock_info
300978.SZ,2021-04-26,,wind:wind_get_stock_info
300980.SZ,2021-04-21,,wind:wind_get_stock_info
300981.SZ,2021-04-27,,wind:wind_get_stock_info
300982.SZ,2021-04-27,,wind:wind_get_stock_info
300983.SZ,2021-04-20,,wind:wind_get_stock_info
300984.SZ,2021-06-18,,wind:wind_get_stock_info
300985.SZ,2021-04-29,,wind:wind_get_stock_info
300987.SZ,2021-05-11,,wind:wind_get_stock_info
300988.SZ,2021-05-12,,wind:wind_get_stock_info
300991.SZ,2021-05-20,,wind:wind_get_stock_info
300992.SZ,2021-05-25,,wind:wind_get_stock_info
300993.SZ,2021-05-24,,wind:wind_get_stock_info
300998.SZ,2021-06-02,,wind:wind_get_stock_info
301003.SZ,2021-06-01,,wind:wind_get_stock_info
301006.SZ,2021-06-07,,wind:wind_get_stock_info
301012.SZ,2021-06-22,,wind:wind_get_stock_info
301013.SZ,2021-06-29,,wind:wind_get_stock_info
301016.SZ,2021-06-30,,wind:wind_get_stock_info
301017.SZ,2021-07-05,,wind:wind_get_stock_info
301019.SZ,2021-06-28,,wind:wind_get_stock_info
301020.SZ,2021-07-06,,wind:wind_get_stock_info
301023.SZ,2021-07-07,,wind:wind_get_stock_info
301025.SZ,2021-07-19,,wind:wind_get_stock_info
301026.SZ,2021-07-16,,wind:wind_get_stock_info
301027.SZ,2021-07-15,,wind:wind_get_stock_info
301028.SZ,2021-07-20,,wind:wind_get_stock_info
301029.SZ,2021-07-23,,wind:wind_get_stock_info
301031.SZ,2021-07-15,,wind:wind_get_stock_info
301033.SZ,2021-07-26,,wind:wind_get_stock_info
301035.SZ,2021-07-28,,wind:wind_get_stock_info
301037.SZ,2021-07-30,,wind:wind_get_stock_info
301039.SZ,2021-07-08,,wind:wind_get_stock_info
301040.SZ,2021-08-03,,wind:wind_get_stock_info
301041.SZ,2021-08-11,,wind:wind_get_stock_info
301045.SZ,2021-08-13,,wind:wind_get_stock_info
301046.SZ,2021-08-17,,wind:wind_get_stock_info
301047.SZ,2021-08-16,,wind:wind_get_stock_info
301050.SZ,2021-08-24,,wind:wind_get_stock_info
301052.SZ,2021-08-30,,wind:wind_get_stock_info
301053.SZ,2021-09-01,,wind:wind_get_stock_info
301057.SZ,2021-09-09,,wind:wind_get_stock_info
301059.SZ,2021-09-13,,wind:wind_get_stock_info
301060.SZ,2021-09-13,,wind:wind_get_stock_info
301062.SZ,2021-09-14,,wind:wind_get_stock_info
301066.SZ,2021-09-22,,wind:wind_get_stock_info
301067.SZ,2021-09-22,,wind:wind_get_stock_info
301068.SZ,2021-09-28,,wind:wind_get_stock_info
301070.SZ,2021-09-23,,wind:wind_get_stock_info
301071.SZ,2021-09-24,,wind:wind_get_stock_info
301073.SZ,2021-09-30,,wind:wind_get_stock_info
301077.SZ,2021-09-30,,wind:wind_get_stock_info
301081.SZ,2021-10-20,,wind:wind_get_stock_info
301082.SZ,2021-10-27,,wind:wind_get_stock_info
301083.SZ,2021-10-21,,wind:wind_get_stock_info
301085.SZ,2021-10-18,,wind:wind_get_stock_info
301087.SZ,2021-10-25,,wind:wind_get_stock_info
301088.SZ,2021-10-28,,wind:wind_get_stock_info
301090.SZ,2021-10-26,,wind:wind_get_stock_info
301092.SZ,2021-11-02,,wind:wind_get_stock_info
301095.SZ,2022-08-05,,wind:wind_get_stock_info
301097.SZ,2022-04-07,,wind:wind_get_stock_info
301099.SZ,2021-11-22,,wind:wind_get_stock_info
301100.SZ,2021-12-17,,wind:wind_get_stock_info
301102.SZ,2022-03-28,,wind:wind_get_stock_info
301107.SZ,2022-05-24,,wind:wind_get_stock_info
301109.SZ,2022-04-13,,wind:wind_get_stock_info
301110.SZ,2022-03-11,,wind:wind_get_stock_info
301111.SZ,2021-12-07,,wind:wind_get_stock_info
301115.SZ,2022-08-31,,wind:wind_get_stock_info
301118.SZ,2021-11-18,,wind:wind_get_stock_info
301125.SZ,2022-06-08,,wind:wind_get_stock_info
301127.SZ,2021-12-30,,wind:wind_get_stock_info
301130.SZ,2022-02-23,,wind:wind_get_stock_info
301132.SZ,2022-08-10,,wind:wind_get_stock_info
301133.SZ,2021-11-26,,wind:wind_get_stock_info
301135.SZ,2022-04-12,,wind:wind_get_stock_info
301138.SZ,2021-12-15,,wind:wind_get_stock_info
301149.SZ,2021-11-10,,wind:wind_get_stock_info
301151.SZ,2022-04-11,,wind:wind_get_stock_info
301155.SZ,2021-11-24,,wind:wind_get_stock_info
301157.SZ,2023-03-09,,wind:wind_get_stock_info
301158.SZ,2022-01-17,,wind:wind_get_stock_info
301159.SZ,2022-01-07,,wind:wind_get_stock_info
301160.SZ,2022-06-06,,wind:wind_get_stock_info
301161.SZ,2022-09-14,,wind:wind_get_stock_info
301162.SZ,2022-04-29,,wind:wind_get_stock_info
301163.SZ,2022-04-19,,wind:wind_get_stock_info
301165.SZ,2022-11-21,,wind:wind_get_stock_info
301166.SZ,2021-12-28,,wind:wind_get_stock_info
301168.SZ,2021-12-10,,wind:wind_get_stock_info
301169.SZ,2021-11-03,,wind:wind_get_stock_info
301170.SZ,2023-06-27,,wind:wind_get_stock_info
301171.SZ,2022-08-19,,wind:wind_get_stock_info
301172.SZ,2023-07-26,,wind:wind_get_stock_info
301175.SZ,2022-07-08,,wind:wind_get_stock_info
301177.SZ,2021-12-15,,wind:wind_get_stock_events
301178.SZ,2021-11-12,,wind:wind_get_stock_events
301179.SZ,2021-12-08,,wind:wind_get_stock_events
301180.SZ,2021-11-16,,wind:wind_get_stock_events
301185.SZ,2021-11-19,,wind:wind_get_stock_events
301186.SZ,2021-12-23,,wind:wind_get_stock_events
301191.SZ,2022-05-26,,wind:wind_get_stock_events
301192.SZ,2022-08-11,,wind:wind_get_stock_events
301193.SZ,2021-12-09,,wind:wind_get_stock_events
301198.SZ,2021-12-02,,wind:wind_get_stock_events
301201.SZ,2022-01-20,,wind:wind_get_stock_events
301203.SZ,2023-04-04,,wind:wind_get_stock_events
301207.SZ,2022-02-18,,wind:wind_get_stock_events
301209.SZ,2022-08-25,,wind:wind_get_stock_events
301211.SZ,2021-12-22,,wind:wind_get_stock_events
301212.SZ,2022-04-19,,wind:wind_get_stock_events
301213.SZ,2021-12-06,,wind:wind_get_stock_events
301217.SZ,2022-01-27,,wind:wind_get_stock_events
301219.SZ,2022-03-17,,wind:wind_get_stock_events
301220.SZ,2022-06-22,,wind:wind_get_stock_events
301222.SZ,2022-03-09,,wind:wind_get_stock_events
301223.SZ,2022-10-26,,wind:wind_get_stock_events
301226.SZ,2022-03-25,,wind:wind_get_stock_events
301227.SZ,2022-09-26,,wind:wind_get_stock_events
301230.SZ,2022-11-01,,wind:wind_get_stock_events
301231.SZ,2022-09-08,,wind:wind_get_stock_events
301234.SZ,2022-07-05,,wind:wind_get_stock_events
301237.SZ,2022-03-23,,wind:wind_get_stock_events
301239.SZ,2022-07-05,,wind:wind_get_stock_events
301246.SZ,2023-03-20,,wind:wind_get_stock_events
301251.SZ,2023-09-06,,wind:wind_get_stock_events
301252.SZ,2023-05-25,,wind:wind_get_stock_events
301261.SZ,2023-07-10,,wind:wind_get_stock_events
301262.SZ,2023-06-20,,wind:wind_get_stock_events
301265.SZ,2022-12-16,,wind:wind_get_stock_events
301266.SZ,2022-06-08,,wind:wind_get_stock_events
301268.SZ,2022-04-07,,wind:wind_get_stock_events
301273.SZ,2022-10-25,,wind:wind_get_stock_events
301275.SZ,2025-03-11,,wind:wind_get_stock_events
301276.SZ,2022-09-09,,wind:wind_get_stock_events
301278.SZ,2022-08-04,,wind:wind_get_stock_info
301279.SZ,2022-04-13,,wind:wind_get_stock_info
301280.SZ,2022-12-26,,wind:wind_get_stock_info
301281.SZ,2023-04-04,,wind:wind_get_stock_info
301282.SZ,2022-08-26,,wind:wind_get_stock_info
301286.SZ,2022-06-14,,wind:wind_get_stock_info
301287.SZ,2023-06-14,,wind:wind_get_stock_info
301289.SZ,2022-06-22,,wind:wind_get_stock_info
301290.SZ,2022-11-30,,wind:wind_get_stock_info
301291.SZ,2023-06-30,,wind:wind_get_stock_info
301292.SZ,2023-07-07,,wind:wind_get_stock_info
301295.SZ,2023-06-28,,wind:wind_get_stock_info
301297.SZ,2022-12-30,,wind:wind_get_stock_info
301299.SZ,2022-10-19,,wind:wind_get_stock_info
301302.SZ,2022-06-23,,wind:wind_get_stock_info
301305.SZ,2023-05-23,,wind:wind_get_stock_info
301306.SZ,2022-07-26,,wind:wind_get_stock_info
301307.SZ,2023-04-24,,wind:wind_get_stock_info
301309.SZ,2022-09-19,,wind:wind_get_stock_info
301313.SZ,2022-09-30,,wind:wind_get_stock_info
301314.SZ,2023-03-28,,wind:wind_get_stock_info
301315.SZ,2023-06-21,,wind:wind_get_stock_info
301317.SZ,2023-01-19,,wind:wind_get_stock_info
301321.SZ,2022-08-18,,wind:wind_get_stock_info
301322.SZ,2023-03-06,,wind:wind_get_stock_info
301328.SZ,2022-09-08,,wind:wind_get_stock_info
301329.SZ,2023-07-17,,wind:wind_get_stock_info
301330.SZ,2022-08-17,,wind:wind_get_stock_info
301336.SZ,2022-08-12,,wind:wind_get_stock_info
301345.SZ,2023-03-21,,wind:wind_get_stock_info
301348.SZ,2023-08-10,,wind:wind_get_stock_info
301349.SZ,2022-09-09,,wind:wind_get_stock_info
301353.SZ,2023-05-30,,wind:wind_get_stock_info
301355.SZ,2023-06-12,,wind:wind_get_stock_info
301356.SZ,2022-11-14,,wind:wind_get_stock_info
301360.SZ,2023-04-25,,wind:wind_get_stock_info
301361.SZ,2022-11-16,,wind:wind_get_stock_info
301363.SZ,2022-10-12,,wind:wind_get_stock_info
301365.SZ,2022-11-22,,wind:wind_get_stock_info
301366.SZ,2022-09-26,,wind:wind_get_stock_info
301370.SZ,2023-07-12,,wind:wind_get_stock_events
301371.SZ,2023-08-01,,wind:wind_get_stock_events
301372.SZ,2023-08-11,,wind:wind_get_stock_events
301378.SZ,2023-03-20,,wind:wind_get_stock_events
301379.SZ,2022-11-01,,wind:wind_get_stock_events
301380.SZ,2022-10-25,,wind:wind_get_stock_events
301382.SZ,2023-05-17,,wind:wind_get_stock_events
301386.SZ,2023-03-29,,wind:wind_get_stock_events
301387.SZ,2023-04-18,,wind:wind_get_stock_events
301388.SZ,2022-11-09,,wind:wind_get_stock_events
301390.SZ,2023-05-08,,wind:wind_get_stock_events
301391.SZ,2022-12-01,,wind:wind_get_stock_events
301392.SZ,2024-06-05,,wind:wind_get_stock_events
301393.SZ,2023-07-12,,wind:wind_get_stock_events
301395.SZ,2023-07-03,,wind:wind_get_stock_events
301397.SZ,2023-06-28,,wind:wind_get_stock_events
301399.SZ,2023-05-23,,wind:wind_get_stock_events
301408.SZ,2023-03-01,,wind:wind_get_stock_events
301418.SZ,2023-08-21,,wind:wind_get_stock_events
301419.SZ,2023-02-09,,wind:wind_get_stock_events
301421.SZ,2023-08-23,,wind:wind_get_stock_events
301428.SZ,2023-05-19,,wind:wind_get_stock_events
301439.SZ,2023-03-17,,wind:wind_get_stock_events
301458.SZ,2025-01-10,,wind:wind_get_stock_events
301469.SZ,2023-08-22,,wind:wind_get_stock_events
301479.SZ,2025-03-18,,wind:wind_get_stock_events
301487.SZ,2023-08-09,,wind:wind_get_stock_events
301489.SZ,2023-10-24,,wind:wind_get_stock_events
301499.SZ,2023-07-21,,wind:wind_get_stock_events
301500.SZ,2023-09-21,,wind:wind_get_stock_events
301505.SZ,2023-07-19,,wind:wind_get_stock_events
301507.SZ,2023-09-05,,wind:wind_get_stock_events
301509.SZ,2023-08-03,,wind:wind_get_stock_events
301510.SZ,2023-08-15,,wind:wind_get_stock_events
301511.SZ,2023-08-17,,wind:wind_get_stock_events
301512.SZ,2023-07-20,,wind:wind_get_stock_events
301515.SZ,2023-07-25,,wind:wind_get_stock_events
301516.SZ,2023-12-08,,wind:wind_get_stock_events
301519.SZ,2023-07-27,,wind:wind_get_stock_events
301522.SZ,2024-10-16,,wind:wind_get_stock_events
301533.SZ,2023-08-18,,wind:wind_get_stock_events
301535.SZ,2025-03-27,,wind:wind_get_stock_events
301536.SZ,2024-03-28,,wind:wind_get_stock_events
301538.SZ,2024-03-20,,wind:wind_get_stock_events
301548.SZ,2023-09-20,,wind:wind_get_stock_events
301555.SZ,2023-10-31,,wind:wind_get_stock_events
301557.SZ,2025-03-04,,wind:wind_get_stock_events
301565.SZ,2024-06-20,,wind:wind_get_stock_events
301566.SZ,2023-12-29,,wind:wind_get_stock_events
301567.SZ,2024-01-16,,wind:wind_get_stock_events
301568.SZ,2023-11-28,,wind:wind_get_stock_events
301571.SZ,2024-08-21,,wind:wind_get_stock_events
301577.SZ,2024-01-24,,wind:wind_get_stock_events
301587.SZ,2024-04-08,,wind:wind_get_stock_events
301588.SZ,2024-03-13,,wind:wind_get_stock_events
301589.SZ,2024-02-08,,wind:wind_get_stock_events
301591.SZ,2024-02-28,,wind:wind_get_stock_events
301595.SZ,2025-05-19,,wind:wind_get_stock_events
301600.SZ,2024-09-11,,wind:wind_get_stock_events
301603.SZ,2024-07-10,,wind:wind_get_stock_events
301606.SZ,2024-07-26,,wind:wind_get_stock_events
301607.SZ,2024-09-04,,wind:wind_get_stock_events
301608.SZ,2024-08-01,,wind:wind_get_stock_events
301609.SZ,2025-07-23,,wind:wind_get_stock_events
301611.SZ,2024-08-16,,wind:wind_get_stock_events
301618.SZ,2024-09-30,,wind:wind_get_stock_events
301628.SZ,2024-10-31,,wind:wind_get_stock_events
301629.SZ,2025-03-24,,wind:wind_get_stock_events
301630.SZ,2025-07-10,,wind:wind_get_stock_events
301631.SZ,2024-11-22,,wind:wind_get_stock_events
301636.SZ,2025-05-16,,wind:wind_get_stock_events
301658.SZ,2025-04-02,,wind:wind_get_stock_events
301662.SZ,2025-04-17,,wind:wind_get_stock_events
301665.SZ,2025-04-11,,wind:wind_get_stock_events
600000.SH,1999-11-10,,wind:wind_get_stock_events
600007.SH,1999-03-12,,wind:wind_get_stock_events
600010.SH,2001-03-09,,wind:wind_get_stock_events
600011.SH,2001-12-06,,wind:wind_get_stock_events
600012.SH,2003-01-07,,wind:wind_get_stock_events
600015.SH,2003-09-12,,wind:wind_get_stock_events
600016.SH,2000-12-19,,wind:wind_get_stock_events
600018.SH,2006-10-26,,wind:wind_get_stock_events
600019.SH,2000-12-12,,wind:wind_get_stock_events
600020.SH,2003-08-08,,wind:wind_get_stock_events
600022.SH,2004-06-29,,wind:wind_get_stock_events
600023.SH,2013-12-19,,wind:wind_get_stock_events
600025.SH,2017-12-15,,wind:wind_get_stock_events
600026.SH,2002-05-23,,wind:wind_get_stock_events
600027.SH,2005-02-03,,wind:wind_get_stock_events
600028.SH,2001-08-08,,wind:wind_get_stock_events
600029.SH,2003-07-25,,wind:wind_get_stock_events
600030.SH,2003-01-06,,wind:wind_get_stock_events
600031.SH,2003-07-03,,wind:wind_get_stock_events
600032.SH,2021-05-25,,wind:wind_get_stock_events
600033.SH,2001-02-09,,wind:wind_get_stock_events
600036.SH,2002-04-09,,wind:wind_get_stock_events
600039.SH,2003-03-25,,wind:wind_get_stock_events
600052.SH,1997-04-15,,wind:wind_get_stock_events
600053.SH,1997-04-18,,wind:wind_get_stock_events
600054.SH,1997-05-06,,wind:wind_get_stock_events
600056.SH,1997-05-15,,wind:wind_get_stock_events
600057.SH,1997-06-04,,wind:wind_get_stock_events
600058.SH,1997-05-28,,wind:wind_get_stock_events
600060.SH,1997-04-22,,wind:wind_get_stock_events
600061.SH,1997-05-19,,wind:wind_get_stock_events
600063.SH,1997-05-28,,wind:wind_get_stock_events
600064.SH,1997-05-06,,wind:wind_get_stock_events
600066.SH,1997-05-08,,wind:wind_get_stock_events
600072.SH,1997-06-03,,wind:wind_get_stock_events
600075.SH,1997-06-17,,wind:wind_get_stock_events
600076.SH,1997-05-26,,wind:wind_get_stock_events
600079.SH,1997-06-06,,wind:wind_get_stock_events
600080.SH,1997-06-12,,wind:wind_get_stock_events
600084.SH,1997-07-11,,wind:wind_get_stock_events
600085.SH,1997-06-25,,wind:wind_get_stock_events
600094.SH,1997-07-03,,wind:wind_get_stock_events
600096.SH,1997-07-09,,wind:wind_get_stock_events
600097.SH,1997-06-19,,wind:wind_get_stock_events
600098.SH,1997-07-18,,wind:wind_get_stock_events
600099.SH,1997-07-04,,wind:wind_get_stock_events
600100.SH,1997-06-27,,wind:wind_get_stock_events
600107.SH,1997-11-06,,wind:wind_get_stock_events
600108.SH,1997-08-18,,wind:wind_get_stock_events
600109.SH,1997-08-07,,wind:wind_get_stock_events
600113.SH,1997-10-21,,wind:wind_get_stock_events
600115.SH,1997-11-05,,wind:wind_get_stock_events
600116.SH,1997-08-04,,wind:wind_get_stock_events
600118.SH,1997-09-08,,wind:wind_get_stock_events
600121.SH,1998-01-07,,wind:wind_get_stock_events
600123.SH,1998-12-17,,wind:wind_get_stock_events
600125.SH,1998-05-11,,wind:wind_get_stock_events
600127.SH,1998-05-06,,wind:wind_get_stock_events
600129.SH,1997-11-18,,wind:wind_get_stock_events
600135.SH,1998-01-22,,wind:wind_get_stock_events
600137.SH,1998-04-16,,wind:wind_get_stock_events
600149.SH,1999-10-14,,wind:wind_get_stock_events
600150.SH,1998-05-20,,wind:wind_get_stock_events
600151.SH,1998-06-05,,wind:wind_get_stock_events
600153.SH,1998-06-16,,wind:wind_get_stock_events
600156.SH,1998-05-27,,wind:wind_get_stock_events
600157.SH,1998-05-13,,wind:wind_get_stock_events
600158.SH,1998-03-27,,wind:wind_get_stock_events
600160.SH,1998-06-26,,wind:wind_get_stock_events
600161.SH,1998-06-16,,wind:wind_get_stock_events
600163.SH,1998-06-02,,wind:wind_get_stock_events
600166.SH,1998-06-02,,wind:wind_get_stock_events
600168.SH,1998-04-27,,wind:wind_get_stock_events
600173.SH,1999-04-15,,wind:wind_get_stock_events
600177.SH,1998-11-19,,wind:wind_get_stock_events
600179.SH,1998-11-04,,wind:wind_get_stock_events
600180.SH,1998-07-03,,wind:wind_get_stock_events
600184.SH,2003-11-06,,wind:wind_get_stock_events
600185.SH,1999-06-11,,wind:wind_get_stock_events
600187.SH,1998-11-11,,wind:wind_get_stock_events
600188.SH,1998-07-01,,wind:wind_get_stock_events
600189.SH,1998-10-07,,wind:wind_get_stock_events
600191.SH,1998-12-10,,wind:wind_get_stock_events
600195.SH,1999-01-07,,wind:wind_get_stock_events
600198.SH,1998-10-21,,wind:wind_get_stock_events
600199.SH,1998-08-12,,wind:wind_get_stock_events
600200.SH,1999-04-01,2025-12-31,wind:wind_get_stock_events
600206.SH,1999-03-19,,wind:wind_get_stock_events
600207.SH,1999-07-14,,wind:wind_get_stock_events
600216.SH,1999-10-21,,wind:wind_get_stock_events
600218.SH,1998-12-03,,wind:wind_get_stock_events
600219.SH,1999-12-23,,wind:wind_get_stock_events
600221.SH,1999-11-25,,wind:wind_get_stock_events
600222.SH,1999-11-05,,wind:wind_get_stock_events
600227.SH,2000-02-21,,wind:wind_get_stock_events
600229.SH,2000-03-09,,wind:wind_get_stock_events
600230.SH,2000-04-06,,wind:wind_get_stock_events
600231.SH,2000-05-11,,wind:wind_get_stock_events
600232.SH,2000-06-02,,wind:wind_get_stock_events
600233.SH,2000-06-08,,wind:wind_get_stock_events
600237.SH,2000-06-09,,wind:wind_get_stock_events
600238.SH,2000-01-20,,wind:wind_get_stock_events
600241.SH,2000-11-28,,wind:wind_get_stock_events
600243.SH,2000-11-20,,wind:wind_get_stock_events
600246.SH,2000-09-22,,wind:wind_get_stock_events
600248.SH,2000-06-22,,wind:wind_get_stock_events
600249.SH,2004-01-30,,wind:wind_get_stock_events
600250.SH,2001-03-06,,wind:wind_get_stock_events
600251.SH,2003-06-09,,wind:wind_get_stock_events
600252.SH,2000-11-30,,wind:wind_get_stock_events
600255.SH,2000-11-22,,wind:wind_get_stock_events
600256.SH,2000-05-26,,wind:wind_get_stock_events
600257.SH,2000-06-12,,wind:wind_get_stock_events
600258.SH,2000-06-01,,wind:wind_get_stock_events
600261.SH,2000-07-20,,wind:wind_get_stock_events
600262.SH,2000-06-30,,wind:wind_get_stock_events
600267.SH,2000-07-25,,wind:wind_get_stock_events
600268.SH,1999-11-18,,wind:wind_get_stock_events
600269.SH,2000-05-18,,wind:wind_get_stock_events
600271.SH,2003-07-11,,wind:wind_get_stock_events
600273.SH,2003-06-27,,wind:wind_get_stock_events
600276.SH,2000-10-18,,wind:wind_get_stock_events
600278.SH,2000-07-12,,wind:wind_get_stock_events
600281.SH,2000-11-09,,wind:wind_get_stock_events
600282.SH,2000-09-19,,wind:wind_get_stock_events
600283.SH,2000-10-18,,wind:wind_get_stock_events
600285.SH,2000-10-18,,wind:wind_get_stock_events
600292.SH,2000-11-01,,wind:wind_get_stock_events
600293.SH,2000-09-19,,wind:wind_get_stock_events
600295.SH,2001-04-26,,wind:wind_get_stock_events
600298.SH,2000-08-18,,wind:wind_get_stock_events
600299.SH,2000-04-20,,wind:wind_get_stock_events
600307.SH,2000-12-20,,wind:wind_get_stock_events
600308.SH,2000-09-28,,wind:wind_get_stock_events
600309.SH,2001-01-05,,wind:wind_get_stock_events
600312.SH,2001-02-21,,wind:wind_get_stock_events
600313.SH,2001-01-19,,wind:wind_get_stock_events
600316.SH,2000-12-15,,wind:wind_get_stock_events
600320.SH,2000-12-21,,wind:wind_get_stock_events
600323.SH,2000-12-25,,wind:wind_get_stock_events
600325.SH,2004-02-25,,wind:wind_get_stock_events
600326.SH,2001-01-16,,wind:wind_get_stock_events
600327.SH,2002-06-25,,wind:wind_get_stock_events
600328.SH,2000-12-22,,wind:wind_get_stock_events
600332.SH,2001-02-06,,wind:wind_get_stock_events
600336.SH,2000-12-29,,wind:wind_get_stock_events
600337.SH,2000-11-27,,wind:wind_get_stock_events
600338.SH,2000-12-27,,wind:wind_get_stock_events
600339.SH,2000-12-25,,wind:wind_get_stock_events
600340.SH,2003-12-30,,wind:wind_get_stock_events
600343.SH,2003-04-08,,wind:wind_get_stock_events
600345.SH,2000-12-22,,wind:wind_get_stock_events
600346.SH,2001-08-20,,wind:wind_get_stock_events
600348.SH,2003-08-21,,wind:wind_get_stock_events
600350.SH,2002-03-18,,wind:wind_get_stock_events
600351.SH,2002-09-26,,wind:wind_get_stock_events
600352.SH,2003-08-01,,wind:wind_get_stock_events
600353.SH,2002-11-20,,wind:wind_get_stock_events
600354.SH,2004-01-15,,wind:wind_get_stock_events
600356.SH,2001-04-19,,wind:wind_get_stock_events
600359.SH,1999-04-29,,wind:wind_get_stock_events
600361.SH,2001-11-29,,wind:wind_get_stock_events
600363.SH,2001-03-29,,wind:wind_get_stock_events
600367.SH,2001-03-20,,wind:wind_get_stock_events
600369.SH,2001-01-09,,wind:wind_get_stock_events
600370.SH,2003-03-06,,wind:wind_get_stock_events
600371.SH,2002-09-16,,wind:wind_get_stock_events
600372.SH,2001-07-06,,wind:wind_get_stock_events
600377.SH,2001-01-16,,wind:wind_get_stock_events
600378.SH,2001-01-11,,wind:wind_get_stock_events
600379.SH,2002-01-16,,wind:wind_get_stock_events
600382.SH,2001-01-18,,wind:wind_get_stock_events
600388.SH,2000-12-29,,wind:wind_get_stock_events
600389.SH,2001-01-10,,wind:wind_get_stock_events
600391.SH,2001-12-12,,wind:wind_get_stock_events
600392.SH,2003-05-29,,wind:wind_get_stock_events
600395.SH,2001-05-31,,wind:wind_get_stock_events
600396.SH,2001-03-28,,wind:wind_get_stock_events
600397.SH,2002-07-02,,wind:wind_get_stock_events
600399.SH,2000-12-29,,wind:wind_get_stock_events
600400.SH,2001-01-08,,wind:wind_get_stock_events
600403.SH,2003-10-09,,wind:wind_get_stock_events
600409.SH,2003-06-18,,wind:wind_get_stock_events
600410.SH,2004-04-27,,wind:wind_get_stock_events
600418.SH,2001-08-24,,wind:wind_get_stock_events
600420.SH,2004-06-16,,wind:wind_get_stock_events
600422.SH,2000-12-06,,wind:wind_get_stock_events
600423.SH,2003-07-17,,wind:wind_get_stock_events
600425.SH,2003-07-24,,wind:wind_get_stock_events
600426.SH,2002-06-20,,wind:wind_get_stock_events
600428.SH,2002-04-18,,wind:wind_get_stock_events
600429.SH,2003-09-15,,wind:wind_get_stock_events
600433.SH,2003-06-19,,wind:wind_get_stock_events
600436.SH,2003-06-16,,wind:wind_get_stock_events
600438.SH,2004-03-02,,wind:wind_get_stock_events
600439.SH,2003-07-10,,wind:wind_get_stock_events
600444.SH,2004-02-19,,wind:wind_get_stock_events
600449.SH,2003-08-29,,wind:wind_get_stock_events
600452.SH,2004-03-03,,wind:wind_get_stock_events
600455.SH,2004-03-29,,wind:wind_get_stock_events
600456.SH,2002-04-12,,wind:wind_get_stock_events
600458.SH,2002-12-19,,wind:wind_get_stock_events
600459.SH,2003-05-16,,wind:wind_get_stock_events
600460.SH,2003-03-11,,wind:wind_get_stock_events
600467.SH,2004-04-05,,wind:wind_get_stock_events
600468.SH,2001-06-15,,wind:wind_get_stock_events
600469.SH,2003-10-21,,wind:wind_get_stock_events
600470.SH,2004-03-05,,wind:wind_get_stock_events
600475.SH,2003-07-21,,wind:wind_get_stock_events
600476.SH,2003-12-10,,wind:wind_get_stock_events
600477.SH,2003-11-10,,wind:wind_get_stock_events
600478.SH,2003-09-18,,wind:wind_get_stock_events
600481.SH,2003-04-22,,wind:wind_get_stock_events
600482.SH,2004-07-14,,wind:wind_get_stock_events
600483.SH,2004-05-31,,wind:wind_get_stock_events
600486.SH,2002-04-25,,wind:wind_get_stock_events
600487.SH,2003-08-22,,wind:wind_get_stock_events
600488.SH,2001-06-18,,wind:wind_get_stock_events
600489.SH,2003-08-14,,wind:wind_get_stock_events
600490.SH,2003-06-26,,wind:wind_get_stock_events
600491.SH,2004-05-24,,wind:wind_get_stock_events
600493.SH,2004-04-21,,wind:wind_get_stock_events
600496.SH,2002-06-05,,wind:wind_get_stock_events
600497.SH,2004-04-20,,wind:wind_get_stock_events
600498.SH,2001-08-23,,wind:wind_get_stock_events
600499.SH,2002-10-10,,wind:wind_get_stock_events
600500.SH,2000-03-01,,wind:wind_get_stock_events
600501.SH,2001-06-15,,wind:wind_get_stock_events
600502.SH,2003-04-15,,wind:wind_get_stock_events
600506.SH,2001-12-26,,wind:wind_get_stock_events
600507.SH,2003-09-30,,wind:wind_get_stock_events
600508.SH,2001-08-29,,wind:wind_get_stock_events
600509.SH,2002-02-28,,wind:wind_get_stock_events
600512.SH,2002-12-26,,wind:wind_get_stock_events
600513.SH,2003-03-19,,wind:wind_get_stock_events
600515.SH,2002-08-06,,wind:wind_get_stock_events
600516.SH,2002-08-30,,wind:wind_get_stock_events
600517.SH,2003-10-10,,wind:wind_get_stock_events
600519.SH,2001-08-27,,wind:wind_get_stock_events
600520.SH,2002-01-08,,wind:wind_get_stock_events
600522.SH,2002-10-24,,wind:wind_get_stock_events
600526.SH,2002-07-22,,wind:wind_get_stock_events
600527.SH,2003-11-27,,wind:wind_get_stock_events
600531.SH,2002-07-30,,wind:wind_get_stock_events
600537.SH,2003-01-23,,wind:wind_get_stock_events
600538.SH,2003-01-14,,wind:wind_get_stock_events
600539.SH,2001-08-24,,wind:wind_get_stock_events
600543.SH,2004-03-24,,wind:wind_get_stock_events
600546.SH,2003-07-31,,wind:wind_get_stock_events
600547.SH,2003-08-28,,wind:wind_get_stock_events
600548.SH,2001-12-25,,wind:wind_get_stock_events
600550.SH,2001-02-28,,wind:wind_get_stock_events
600551.SH,2002-09-05,,wind:wind_get_stock_events
600552.SH,2002-11-08,,wind:wind_get_stock_events
600556.SH,2001-08-07,,wind:wind_get_stock_events
600561.SH,2002-07-16,,wind:wind_get_stock_events
600562.SH,2003-01-28,,wind:wind_get_stock_events
600563.SH,2002-12-10,,wind:wind_get_stock_events
600566.SH,2001-08-22,,wind:wind_get_stock_events
600567.SH,2001-12-18,,wind:wind_get_stock_events
600568.SH,2001-05-18,,wind:wind_get_stock_events
600569.SH,2001-08-20,,wind:wind_get_stock_events
600572.SH,2004-04-12,,wind:wind_get_stock_events
600573.SH,2003-02-26,,wind:wind_get_stock_events
600575.SH,2003-03-28,,wind:wind_get_stock_events
600578.SH,2002-05-10,,wind:wind_get_stock_events
600583.SH,2002-02-05,,wind:wind_get_stock_events
600584.SH,2003-06-03,,wind:wind_get_stock_events
600585.SH,2002-02-07,,wind:wind_get_stock_events
600586.SH,2002-08-15,,wind:wind_get_stock_events
600587.SH,2002-09-27,,wind:wind_get_stock_events
600589.SH,2001-06-12,,wind:wind_get_stock_events
600590.SH,2002-07-03,,wind:wind_get_stock_events
600592.SH,2002-08-05,,wind:wind_get_stock_events
600596.SH,2001-09-06,,wind:wind_get_stock_events
600598.SH,2002-03-29,,wind:wind_get_stock_events
600600.SH,1993-08-27,,wind:wind_get_stock_events
600601.SH,1990-12-19,,wind:wind_get_stock_events
600602.SH,1990-12-19,,wind:wind_get_stock_events
600612.SH,1992-08-14,,wind:wind_get_stock_events
600615.SH,1992-09-10,,wind:wind_get_stock_events
600618.SH,1992-11-13,,wind:wind_get_stock_events
600620.SH,1992-11-17,,wind:wind_get_stock_events
600622.SH,1992-12-03,,wind:wind_get_stock_events
600623.SH,1992-12-04,,wind:wind_get_stock_events
600626.SH,1993-01-07,,wind:wind_get_stock_events
600628.SH,1993-01-19,,wind:wind_get_stock_events
600630.SH,1993-02-09,,wind:wind_get_stock_events
600637.SH,1993-03-16,,wind:wind_get_stock_events
600638.SH,1993-03-26,,wind:wind_get_stock_events
600639.SH,1993-03-26,,wind:wind_get_stock_events
600640.SH,1993-04-07,,wind:wind_get_stock_events
600641.SH,1993-04-07,,wind:wind_get_stock_events
600642.SH,1993-04-16,,wind:wind_get_stock_events
600645.SH,1993-05-04,,wind:wind_get_stock_events
600649.SH,1993-05-18,,wind:wind_get_stock_events
600654.SH,1990-12-19,,wind:wind_get_stock_events
600660.SH,1993-06-10,,wind:wind_get_stock_events
600665.SH,1993-07-09,,wind:wind_get_stock_events
600666.SH,1993-07-12,,wind:wind_get_stock_events
600667.SH,1993-07-28,,wind:wind_get_stock_events
600668.SH,1993-07-28,,wind:wind_get_stock_events
600671.SH,1993-08-23,,wind:wind_get_stock_events
600676.SH,1993-09-28,,wind:wind_get_stock_events
600679.SH,1993-10-08,,wind:wind_get_stock_events
600682.SH,1993-10-18,,wind:wind_get_stock_events
600683.SH,1993-10-25,,wind:wind_get_stock_events
600685.SH,1993-10-28,,wind:wind_get_stock_events
600688.SH,1993-11-08,,wind:wind_get_stock_events
600690.SH,1993-11-19,,wind:wind_get_stock_events
600691.SH,1993-11-19,,wind:wind_get_stock_events
600693.SH,1993-11-22,,wind:wind_get_stock_events
600698.SH,1993-12-06,,wind:wind_get_stock_events
600702.SH,1996-05-24,,wind:wind_get_stock_events
600703.SH,1996-05-28,,wind:wind_get_stock_events
600707.SH,1996-05-20,,wind:wind_get_stock_events
600708.SH,1996-06-06,,wind:wind_get_stock_events
600710.SH,1996-07-01,,wind:wind_get_stock_events
600711.SH,1996-05-31,,wind:wind_get_stock_events
600713.SH,1996-07-01,,wind:wind_get_stock_events
600714.SH,1996-06-06,,wind:wind_get_stock_events
600716.SH,1996-07-02,,wind:wind_get_stock_events
600719.SH,1996-07-16,,wind:wind_get_stock_events
600721.SH,1996-06-26,,wind:wind_get_stock_events
600725.SH,1996-07-02,,wind:wind_get_stock_events
600727.SH,1996-07-02,,wind:wind_get_stock_events
600729.SH,1996-07-02,,wind:wind_get_stock_events
600733.SH,1996-08-16,,wind:wind_get_stock_events
600735.SH,1996-07-26,,wind:wind_get_stock_events
600736.SH,1996-08-15,,wind:wind_get_stock_events
600737.SH,1996-07-31,,wind:wind_get_stock_events
600740.SH,1996-08-08,,wind:wind_get_stock_events
600741.SH,1996-08-26,,wind:wind_get_stock_events
600742.SH,1996-08-26,,wind:wind_get_stock_events
600743.SH,1996-09-09,,wind:wind_get_stock_events
600744.SH,1996-09-05,,wind:wind_get_stock_events
600746.SH,1996-09-18,,wind:wind_get_stock_events
600749.SH,1996-10-15,,wind:wind_get_stock_events
600750.SH,1996-09-23,,wind:wind_get_stock_events
600754.SH,1996-10-11,,wind:wind_get_stock_events
600756.SH,1996-09-23,,wind:wind_get_stock_events
600757.SH,1996-10-03,,wind:wind_get_stock_events
600761.SH,1996-10-09,,wind:wind_get_stock_events
600763.SH,1996-10-30,,wind:wind_get_stock_events
600765.SH,1996-11-06,,wind:wind_get_stock_events
600768.SH,1996-11-11,,wind:wind_get_stock_events
600769.SH,1996-11-01,,wind:wind_get_stock_events
600770.SH,1996-11-20,,wind:wind_get_stock_events
600771.SH,1996-11-05,,wind:wind_get_stock_events
600773.SH,1996-11-08,,wind:wind_get_stock_events
600775.SH,1996-11-18,,wind:wind_get_stock_events
600776.SH,1996-11-26,,wind:wind_get_stock_events
600780.SH,1996-12-05,,wind:wind_get_stock_events
600783.SH,1996-12-25,,wind:wind_get_stock_events
600784.SH,1996-12-25,,wind:wind_get_stock_events
600785.SH,1997-01-08,,wind:wind_get_stock_events
600791.SH,1997-01-30,,wind:wind_get_stock_events
600792.SH,1997-01-23,,wind:wind_get_stock_events
600793.SH,1997-02-20,,wind:wind_get_stock_events
600794.SH,1997-03-06,,wind:wind_get_stock_events
600795.SH,1997-03-18,,wind:wind_get_stock_events
600796.SH,1997-04-08,,wind:wind_get_stock_events
600800.SH,1993-12-06,,wind:wind_get_stock_events
600801.SH,1994-01-03,,wind:wind_get_stock_events
600803.SH,1994-01-03,,wind:wind_get_stock_events
600807.SH,1994-01-03,,wind:wind_get_stock_events
600808.SH,1994-01-06,,wind:wind_get_stock_events
600809.SH,1994-01-06,,wind:wind_get_stock_events
600812.SH,1994-01-14,,wind:wind_get_stock_events
600814.SH,1994-01-14,,wind:wind_get_stock_events
600815.SH,1994-01-28,,wind:wind_get_stock_events
600818.SH,1994-01-28,,wind:wind_get_stock_events
600819.SH,1994-01-28,,wind:wind_get_stock_events
600821.SH,1994-01-28,,wind:wind_get_stock_events
600824.SH,1994-02-04,,wind:wind_get_stock_events
600833.SH,1994-02-24,,wind:wind_get_stock_events
600835.SH,1994-02-24,,wind:wind_get_stock_events
600838.SH,1994-02-24,,wind:wind_get_stock_events
600841.SH,1994-03-11,,wind:wind_get_stock_events
600843.SH,1994-03-11,,wind:wind_get_stock_events
600846.SH,1994-03-11,,wind:wind_get_stock_events
600847.SH,1994-03-24,,wind:wind_get_stock_events
600848.SH,1994-03-24,,wind:wind_get_stock_events
600850.SH,1994-03-24,,wind:wind_get_stock_events
600851.SH,1994-04-04,,wind:wind_get_stock_events
600853.SH,1994-04-04,,wind:wind_get_stock_events
600855.SH,1994-04-25,,wind:wind_get_stock_events
600857.SH,1994-04-25,,wind:wind_get_stock_events
600858.SH,1994-05-06,,wind:wind_get_stock_events
600859.SH,1994-05-06,,wind:wind_get_stock_events
600860.SH,1994-05-06,,wind:wind_get_stock_events
600863.SH,1994-05-20,,wind:wind_get_stock_events
600864.SH,1994-08-09,,wind:wind_get_stock_events
600865.SH,1994-08-09,,wind:wind_get_stock_events
600866.SH,1994-08-18,,wind:wind_get_stock_events
600867.SH,1994-08-24,,wind:wind_get_stock_events
600868.SH,1994-09-12,,wind:wind_get_stock_events
600871.SH,1995-04-11,,wind:wind_get_stock_events
600872.SH,1995-01-24,,wind:wind_get_stock_events
600873.SH,1995-02-17,,wind:wind_get_stock_events
600874.SH,1995-06-30,,wind:wind_get_stock_events
600875.SH,1995-10-10,,wind:wind_get_stock_events
600876.SH,1995-10-31,,wind:wind_get_stock_events
600877.SH,1995-10-13,,wind:wind_get_stock_events
600879.SH,1995-11-15,,wind:wind_get_stock_events
600881.SH,1995-11-15,,wind:wind_get_stock_events
600882.SH,1995-12-06,,wind:wind_get_stock_events
600883.SH,1995-12-08,,wind:wind_get_stock_events
600884.SH,1996-01-30,,wind:wind_get_stock_events
600885.SH,1996-02-05,,wind:wind_get_stock_events
600886.SH,1996-01-18,,wind:wind_get_stock_events
600887.SH,1996-03-12,,wind:wind_get_stock_events
600888.SH,1996-02-15,,wind:wind_get_stock_events
600892.SH,1996-03-15,,wind:wind_get_stock_events
600893.SH,1996-04-08,,wind:wind_get_stock_events
600894.SH,1996-03-28,,wind:wind_get_stock_events
600897.SH,1996-05-31,,wind:wind_get_stock_events
600900.SH,2003-11-18,,wind:wind_get_stock_events
600906.SH,2021-05-07,,wind:wind_get_stock_events
600908.SH,2016-09-23,,wind:wind_get_stock_events
600909.SH,2016-12-06,,wind:wind_get_stock_events
600916.SH,2021-02-05,,wind:wind_get_stock_events
600918.SH,2020-06-03,,wind:wind_get_stock_events
600919.SH,2016-08-02,,wind:wind_get_stock_events
600926.SH,2016-10-27,,wind:wind_get_stock_events
600927.SH,2021-12-23,,wind:wind_get_stock_events
600928.SH,2019-03-01,,wind:wind_get_stock_events
600929.SH,2018-03-26,,wind:wind_get_stock_events
600933.SH,2017-11-17,,wind:wind_get_stock_events
600935.SH,2021-11-26,,wind:wind_get_stock_events
600936.SH,2016-08-15,,wind:wind_get_stock_events
600938.SH,2022-04-21,,wind:wind_get_stock_events
600941.SH,2022-01-05,,wind:wind_get_stock_events
600955.SH,2021-09-15,,wind:wind_get_stock_events
600956.SH,2020-06-29,,wind:wind_get_stock_events
600958.SH,2015-03-23,,wind:wind_get_stock_events
600959.SH,2015-04-28,,wind:wind_get_stock_events
600960.SH,2004-04-07,,wind:wind_get_stock_events
600962.SH,2004-06-22,,wind:wind_get_stock_events
600963.SH,2004-05-25,,wind:wind_get_stock_events
600965.SH,2004-07-13,,wind:wind_get_stock_events
600966.SH,2004-06-08,,wind:wind_get_stock_events
600967.SH,2004-05-18,,wind:wind_get_stock_events
600968.SH,2019-06-26,,wind:wind_get_stock_events
600969.SH,2004-04-08,,wind:wind_get_stock_events
600970.SH,2005-04-12,,wind:wind_get_stock_events
600971.SH,2004-08-17,,wind:wind_get_stock_events
600973.SH,2004-08-02,,wind:wind_get_stock_events
600976.SH,2004-04-19,,wind:wind_get_stock_events
600977.SH,2016-08-09,,wind:wind_get_stock_events
600981.SH,2004-06-30,,wind:wind_get_stock_events
600982.SH,2004-07-06,,wind:wind_get_stock_events
600984.SH,2004-07-07,,wind:wind_get_stock_events
600985.SH,2004-04-28,,wind:wind_get_stock_events
600986.SH,2004-04-26,,wind:wind_get_stock_events
600987.SH,2004-08-09,,wind:wind_get_stock_events
600988.SH,2004-04-14,,wind:wind_get_stock_events
600989.SH,2019-05-16,,wind:wind_get_stock_events
600992.SH,2004-05-14,,wind:wind_get_stock_events
600993.SH,2004-05-17,,wind:wind_get_stock_events
600995.SH,2004-06-15,,wind:wind_get_stock_events
600996.SH,2016-12-26,,wind:wind_get_stock_events
600997.SH,2004-06-02,,wind:wind_get_stock_events
600998.SH,2010-11-02,,wind:wind_get_stock_events
600999.SH,2009-11-17,,wind:wind_get_stock_events
601000.SH,2010-07-05,,wind:wind_get_stock_events
601001.SH,2006-06-23,,wind:wind_get_stock_events
601006.SH,2006-08-01,,wind:wind_get_stock_events
601009.SH,2007-07-19,,wind:wind_get_stock_events
601010.SH,2011-06-03,,wind:wind_get_stock_events
601012.SH,2012-04-11,,wind:wind_get_stock_events
601015.SH,2014-11-05,,wind:wind_get_stock_events
601016.SH,2014-09-29,,wind:wind_get_stock_events
601018.SH,2010-09-28,,wind:wind_get_stock_events
601021.SH,2015-01-21,,wind:wind_get_stock_events
601022.SH,2022-12-08,,wind:wind_get_stock_events
601033.SH,2024-01-18,,wind:wind_get_stock_events
601058.SH,2011-06-30,,wind:wind_get_stock_events
601061.SH,2023-04-10,,wind:wind_get_stock_events
601066.SH,2018-06-20,,wind:wind_get_stock_events
601068.SH,2018-08-31,,wind:wind_get_stock_events
601077.SH,2019-10-29,,wind:wind_get_stock_events
601083.SH,2023-12-05,,wind:wind_get_stock_events
601088.SH,2007-10-09,,wind:wind_get_stock_events
601096.SH,2023-12-22,,wind:wind_get_stock_events
601098.SH,2010-10-28,,wind:wind_get_stock_events
601101.SH,2010-03-31,,wind:wind_get_stock_events
601106.SH,2010-02-09,,wind:wind_get_stock_events
601107.SH,2009-07-27,,wind:wind_get_stock_events
601108.SH,2017-10-24,,wind:wind_get_stock_events
601111.SH,2006-08-18,,wind:wind_get_stock_events
601113.SH,2011-05-09,,wind:wind_get_stock_events
601116.SH,2011-03-02,,wind:wind_get_stock_events
601117.SH,2010-01-07,,wind:wind_get_stock_events
601118.SH,2011-01-07,,wind:wind_get_stock_events
601121.SH,2023-03-10,,wind:wind_get_stock_events
601126.SH,2010-12-31,,wind:wind_get_stock_events
601127.SH,2016-06-15,,wind:wind_get_stock_events
601133.SH,2023-04-10,,wind:wind_get_stock_events
601137.SH,2011-01-27,,wind:wind_get_stock_events
601139.SH,2009-12-25,,wind:wind_get_stock_events
601155.SH,2015-12-04,,wind:wind_get_stock_events
601156.SH,2021-06-09,,wind:wind_get_stock_events
601163.SH,2016-09-09,,wind:wind_get_stock_events
601166.SH,2007-02-05,,wind:wind_get_stock_events
601168.SH,2007-07-12,,wind:wind_get_stock_events
601169.SH,2007-09-19,,wind:wind_get_stock_events
601179.SH,2010-01-28,,wind:wind_get_stock_events
601186.SH,2008-03-10,,wind:wind_get_stock_events
601187.SH,2020-10-27,,wind:wind_get_stock_events
601198.SH,2015-02-26,,wind:wind_get_stock_events
601199.SH,2011-03-17,,wind:wind_get_stock_events
601200.SH,2017-03-31,,wind:wind_get_stock_events
601211.SH,2015-06-26,,wind:wind_get_stock_events
601216.SH,2011-02-22,,wind:wind_get_stock_events
601218.SH,2011-05-06,,wind:wind_get_stock_events
601222.SH,2011-08-08,,wind:wind_get_stock_events
601226.SH,2014-12-11,,wind:wind_get_stock_events
601228.SH,2017-03-29,,wind:wind_get_stock_events
601233.SH,2011-05-18,,wind:wind_get_stock_events
601279.SH,2021-04-15,,wind:wind_get_stock_events
601288.SH,2010-07-15,,wind:wind_get_stock_events
601298.SH,2019-01-21,,wind:wind_get_stock_events
601311.SH,2011-06-02,,wind:wind_get_stock_events
601318.SH,2007-03-01,,wind:wind_get_stock_events
601319.SH,2018-11-16,,wind:wind_get_stock_events
601326.SH,2017-08-16,,wind:wind_get_stock_events
601328.SH,2007-05-15,,wind:wind_get_stock_events
601330.SH,2018-06-11,,wind:wind_get_stock_events
601339.SH,2012-06-12,,wind:wind_get_stock_events
601360.SH,2012-01-16,,wind:wind_get_stock_events
601366.SH,2017-04-12,,wind:wind_get_stock_events
601368.SH,2015-06-12,,wind:wind_get_stock_events
601369.SH,2010-04-28,,wind:wind_get_stock_events
601377.SH,2010-10-13,,wind:wind_get_stock_events
601388.SH,2012-04-23,,wind:wind_get_stock_events
601390.SH,2007-12-03,,wind:wind_get_stock_events
601398.SH,2006-10-27,,wind:wind_get_stock_events
601399.SH,2020-06-08,,wind:wind_get_stock_events
601456.SH,2020-07-31,,wind:wind_get_stock_events
601512.SH,2019-12-20,,wind:wind_get_stock_events
601518.SH,2010-03-19,,wind:wind_get_stock_events
601528.SH,2021-06-25,,wind:wind_get_stock_events
601566.SH,2011-05-30,,wind:wind_get_stock_events
601567.SH,2011-06-15,,wind:wind_get_stock_events
601568.SH,2020-10-20,,wind:wind_get_stock_events
601577.SH,2018-09-26,,wind:wind_get_stock_events
601588.SH,2006-10-16,,wind:wind_get_stock_events
601598.SH,2019-01-18,,wind:wind_get_stock_events
601599.SH,2011-05-27,,wind:wind_get_stock_events
601601.SH,2007-12-25,,wind:wind_get_stock_events
601607.SH,1994-03-24,,wind:wind_get_stock_events
601611.SH,2016-06-06,,wind:wind_get_stock_events
601615.SH,2019-01-23,,wind:wind_get_stock_events
601616.SH,2011-02-01,,wind:wind_get_stock_events
601619.SH,2017-07-20,,wind:wind_get_stock_events
601628.SH,2007-01-09,,wind:wind_get_stock_events
601633.SH,2011-09-28,,wind:wind_get_stock_events
601636.SH,2011-08-12,,wind:wind_get_stock_events
601658.SH,2019-12-10,,wind:wind_get_stock_events
601665.SH,2021-06-18,,wind:wind_get_stock_events
601666.SH,2006-11-23,,wind:wind_get_stock_events
601668.SH,2009-07-29,,wind:wind_get_stock_events
601669.SH,2011-10-18,,wind:wind_get_stock_events
601677.SH,2011-09-19,,wind:wind_get_stock_events
601678.SH,2010-02-23,,wind:wind_get_stock_events
601686.SH,2020-12-04,,wind:wind_get_stock_events
601688.SH,2010-02-26,,wind:wind_get_stock_events
601698.SH,2019-06-28,,wind:wind_get_stock_events
601699.SH,2006-09-22,,wind:wind_get_stock_events
601700.SH,2011-01-18,,wind:wind_get_stock_events
601702.SH,2020-09-07,,wind:wind_get_stock_events
601717.SH,2010-08-03,,wind:wind_get_stock_events
601728.SH,2021-08-20,,wind:wind_get_stock_events
601766.SH,2008-08-18,,wind:wind_get_stock_events
601777.SH,2010-11-25,,wind:wind_get_stock_events
601778.SH,2020-05-19,,wind:wind_get_stock_events
601788.SH,2009-08-18,,wind:wind_get_stock_events
601789.SH,2011-08-16,,wind:wind_get_stock_events
601799.SH,2011-02-01,,wind:wind_get_stock_events
601800.SH,2012-03-09,,wind:wind_get_stock_events
601808.SH,2007-09-28,,wind:wind_get_stock_events
601816.SH,2020-01-16,,wind:wind_get_stock_events
601818.SH,2010-08-18,,wind:wind_get_stock_events
601825.SH,2021-08-19,,wind:wind_get_stock_events
601827.SH,2020-06-05,,wind:wind_get_stock_events
601838.SH,2018-01-31,,wind:wind_get_stock_events
601857.SH,2007-11-05,,wind:wind_get_stock_events
601858.SH,2017-01-18,,wind:wind_get_stock_events
601860.SH,2019-01-03,,wind:wind_get_stock_events
601865.SH,2019-02-15,,wind:wind_get_stock_events
601866.SH,2007-12-12,,wind:wind_get_stock_events
601868.SH,2021-09-28,,wind:wind_get_stock_events
601872.SH,2006-12-01,,wind:wind_get_stock_events
601877.SH,2010-01-21,,wind:wind_get_stock_events
601880.SH,2010-12-06,,wind:wind_get_stock_events
601881.SH,2017-01-23,,wind:wind_get_stock_events
601882.SH,2016-11-07,,wind:wind_get_stock_events
601888.SH,2009-10-15,,wind:wind_get_stock_events
601890.SH,2010-12-28,,wind:wind_get_stock_events
601900.SH,2016-02-15,,wind:wind_get_stock_events
601908.SH,2011-09-08,,wind:wind_get_stock_events
601916.SH,2019-11-26,,wind:wind_get_stock_events
601918.SH,2007-12-19,,wind:wind_get_stock_events
601919.SH,2007-06-26,,wind:wind_get_stock_events
601921.SH,2021-07-23,,wind:wind_get_stock_events
601929.SH,2012-02-23,,wind:wind_get_stock_events
601939.SH,2007-09-25,,wind:wind_get_stock_events
601949.SH,2017-08-21,,wind:wind_get_stock_events
601952.SH,2017-05-15,,wind:wind_get_stock_events
601963.SH,2021-02-05,,wind:wind_get_stock_events
601965.SH,2012-06-11,,wind:wind_get_stock_events
601968.SH,2015-06-11,,wind:wind_get_stock_events
601969.SH,2014-12-09,,wind:wind_get_stock_events
601975.SH,2019-01-08,,wind:wind_get_stock_events
601985.SH,2015-06-10,,wind:wind_get_stock_events
601988.SH,2006-07-05,,wind:wind_get_stock_events
601991.SH,2006-12-20,,wind:wind_get_stock_events
601992.SH,2011-03-01,,wind:wind_get_stock_events
601996.SH,2011-09-29,,wind:wind_get_stock_events
601997.SH,2016-08-16,,wind:wind_get_stock_events
601998.SH,2007-04-27,,wind:wind_get_stock_events
603000.SH,2012-04-27,,wind:wind_get_stock_events
603001.SH,2012-04-26,,wind:wind_get_stock_events
603002.SH,2012-05-18,,wind:wind_get_stock_events
603004.SH,2023-12-27,,wind:wind_get_stock_events
603005.SH,2014-02-10,,wind:wind_get_stock_events
603008.SH,2012-07-17,,wind:wind_get_stock_events
603009.SH,2014-07-18,,wind:wind_get_stock_events
603010.SH,2014-10-10,,wind:wind_get_stock_events
603011.SH,2014-11-07,,wind:wind_get_stock_events
603012.SH,2015-03-20,,wind:wind_get_stock_events
603013.SH,2018-05-09,,wind:wind_get_stock_events
603014.SH,2025-05-19,,wind:wind_get_stock_events
603016.SH,2016-07-01,,wind:wind_get_stock_events
603017.SH,2014-12-31,,wind:wind_get_stock_events
603019.SH,2014-11-06,,wind:wind_get_stock_events
603020.SH,2015-03-25,,wind:wind_get_stock_events
603022.SH,2015-05-18,,wind:wind_get_stock_events
603025.SH,2015-04-22,,wind:wind_get_stock_events
603026.SH,2015-05-29,,wind:wind_get_stock_events
603027.SH,2016-03-07,,wind:wind_get_stock_events
603028.SH,2016-03-31,,wind:wind_get_stock_events
603029.SH,2016-04-27,,wind:wind_get_stock_events
603031.SH,2016-08-22,,wind:wind_get_stock_events
603032.SH,2017-01-05,,wind:wind_get_stock_events
603033.SH,2016-12-07,,wind:wind_get_stock_events
603036.SH,2016-12-09,,wind:wind_get_stock_events
603037.SH,2017-01-20,,wind:wind_get_stock_events
603039.SH,2017-01-13,,wind:wind_get_stock_events
603040.SH,2017-02-09,,wind:wind_get_stock_events
603041.SH,2017-03-30,,wind:wind_get_stock_events
603042.SH,2017-06-02,,wind:wind_get_stock_events
603045.SH,2018-05-17,,wind:wind_get_stock_events
603048.SH,2021-11-16,,wind:wind_get_stock_events
603049.SH,2025-06-05,,wind:wind_get_stock_events
603050.SH,2017-04-14,,wind:wind_get_stock_events
603051.SH,2022-03-25,,wind:wind_get_stock_events
603057.SH,2022-09-26,,wind:wind_get_stock_events
603058.SH,2016-12-23,,wind:wind_get_stock_events
603059.SH,2018-03-02,,wind:wind_get_stock_events
603060.SH,2016-11-09,,wind:wind_get_stock_events
603062.SH,2023-11-07,,wind:wind_get_stock_events
603063.SH,2017-07-28,,wind:wind_get_stock_events
603068.SH,2019-04-15,,wind:wind_get_stock_events
603070.SH,2022-03-10,,wind:wind_get_stock_events
603071.SH,2021-12-16,,wind:wind_get_stock_events
603075.SH,2023-09-11,,wind:wind_get_stock_events
603076.SH,2017-11-13,,wind:wind_get_stock_events
603077.SH,2012-07-31,,wind:wind_get_stock_events
603078.SH,2017-04-10,,wind:wind_get_stock_events
603079.SH,2017-08-23,,wind:wind_get_stock_events
603080.SH,2018-01-03,,wind:wind_get_stock_events
603087.SH,2020-06-29,,wind:wind_get_stock_events
603088.SH,2014-11-11,,wind:wind_get_stock_events
603091.SH,2024-09-20,,wind:wind_get_stock_events
603095.SH,2020-04-15,,wind:wind_get_stock_events
603097.SH,2022-05-12,,wind:wind_get_stock_events
603100.SH,2014-08-05,,wind:wind_get_stock_events
603102.SH,2022-01-25,,wind:wind_get_stock_events
603103.SH,2017-10-12,,wind:wind_get_stock_events
603105.SH,2018-07-09,,wind:wind_get_stock_events
603106.SH,2017-09-20,,wind:wind_get_stock_events
603110.SH,2017-10-13,,wind:wind_get_stock_events
603112.SH,2020-09-17,,wind:wind_get_stock_events
603113.SH,2017-05-11,,wind:wind_get_stock_events
603115.SH,2019-08-09,,wind:wind_get_stock_events
603116.SH,2015-06-29,,wind:wind_get_stock_events
603118.SH,2015-02-25,,wind:wind_get_stock_events
603119.SH,2023-08-01,,wind:wind_get_stock_events
603120.SH,2025-04-16,,wind:wind_get_stock_events
603123.SH,2012-05-03,,wind:wind_get_stock_events
603125.SH,2023-04-10,,wind:wind_get_stock_events
603126.SH,2014-07-31,,wind:wind_get_stock_events
603129.SH,2017-08-18,,wind:wind_get_stock_events
603130.SH,2022-11-18,,wind:wind_get_stock_events
603131.SH,2016-06-07,,wind:wind_get_stock_events
603132.SH,2022-02-22,,wind:wind_get_stock_events
603135.SH,2023-04-10,,wind:wind_get_stock_events
603137.SH,2023-04-19,,wind:wind_get_stock_events
603138.SH,2017-03-06,,wind:wind_get_stock_events
603139.SH,2017-04-21,,wind:wind_get_stock_events
603150.SH,2022-01-24,,wind:wind_get_stock_events
603151.SH,2022-10-19,,wind:wind_get_stock_events
603155.SH,2020-09-01,,wind:wind_get_stock_events
603156.SH,2018-02-12,,wind:wind_get_stock_events
603158.SH,2015-03-20,,wind:wind_get_stock_events
603159.SH,2016-08-12,,wind:wind_get_stock_events
603160.SH,2016-10-17,,wind:wind_get_stock_events
603161.SH,2018-01-05,,wind:wind_get_stock_events
603162.SH,2023-03-29,,wind:wind_get_stock_events
603165.SH,2017-01-17,,wind:wind_get_stock_events
603168.SH,2014-07-02,,wind:wind_get_stock_events
603169.SH,2014-10-09,,wind:wind_get_stock_events
603171.SH,2021-06-30,,wind:wind_get_stock_events
603172.SH,2023-05-10,,wind:wind_get_stock_events
603176.SH,2021-12-31,,wind:wind_get_stock_events
603177.SH,2017-02-07,,wind:wind_get_stock_events
603179.SH,2017-03-17,,wind:wind_get_stock_events
603180.SH,2017-05-12,,wind:wind_get_stock_events
603182.SH,2022-09-09,,wind:wind_get_stock_events
603183.SH,2017-09-05,,wind:wind_get_stock_events
603185.SH,2018-12-28,,wind:wind_get_stock_events
603187.SH,2018-11-29,,wind:wind_get_stock_events
603188.SH,2014-09-09,,wind:wind_get_stock_events
603189.SH,2016-09-14,,wind:wind_get_stock_events
603190.SH,2023-02-17,,wind:wind_get_stock_events
603191.SH,2022-04-28,,wind:wind_get_stock_events
603192.SH,2018-08-28,,wind:wind_get_stock_events
603193.SH,2023-10-17,,wind:wind_get_stock_events
603196.SH,2017-05-31,,wind:wind_get_stock_events
603199.SH,2015-03-26,,wind:wind_get_stock_events
603201.SH,2022-07-29,,wind:wind_get_stock_events
603203.SH,2016-11-08,,wind:wind_get_stock_events
603206.SH,2022-05-06,,wind:wind_get_stock_events
603209.SH,2022-03-24,,wind:wind_get_stock_events
603210.SH,2025-04-09,,wind:wind_get_stock_events
603211.SH,2022-07-25,,wind:wind_get_stock_events
603212.SH,2020-04-30,,wind:wind_get_stock_events
603213.SH,2021-11-11,,wind:wind_get_stock_events
603215.SH,2022-02-18,,wind:wind_get_stock_events
603216.SH,2021-12-15,,wind:wind_get_stock_events
603217.SH,2019-06-20,,wind:wind_get_stock_events
603220.SH,2018-11-15,,wind:wind_get_stock_events
603221.SH,2020-03-23,,wind:wind_get_stock_events
603223.SH,2015-06-30,,wind:wind_get_stock_events
603226.SH,2017-06-15,,wind:wind_get_stock_events
603228.SH,2017-01-06,,wind:wind_get_stock_events
603231.SH,2023-12-15,,wind:wind_get_stock_events
603232.SH,2017-04-21,,wind:wind_get_stock_events
603233.SH,2017-07-31,,wind:wind_get_stock_events
603236.SH,2019-07-16,,wind:wind_get_stock_events
603237.SH,2022-08-31,,wind:wind_get_stock_events
603238.SH,2017-02-22,,wind:wind_get_stock_events
603257.SH,2025-04-08,,wind:wind_get_stock_events
603259.SH,2018-05-08,,wind:wind_get_stock_events
603260.SH,2017-10-30,,wind:wind_get_stock_events
603266.SH,2017-01-10,,wind:wind_get_stock_events
603267.SH,2019-05-15,,wind:wind_get_stock_events
603268.SH,2015-03-19,,wind:wind_get_stock_events
603269.SH,2017-05-17,,wind:wind_get_stock_events
603270.SH,2023-09-01,,wind:wind_get_stock_events
603271.SH,2025-03-11,,wind:wind_get_stock_events
603272.SH,2022-05-20,,wind:wind_get_stock_events
603276.SH,2023-09-25,,wind:wind_get_stock_events
603277.SH,2017-09-11,,wind:wind_get_stock_events
603278.SH,2017-11-13,,wind:wind_get_stock_events
603279.SH,2019-07-29,,wind:wind_get_stock_events
603281.SH,2023-01-31,,wind:wind_get_stock_events
603282.SH,2023-03-15,,wind:wind_get_stock_events
603283.SH,2017-12-25,,wind:wind_get_stock_events
603285.SH,2024-07-05,,wind:wind_get_stock_events
603289.SH,2017-10-31,,wind:wind_get_stock_events
603290.SH,2020-02-04,,wind:wind_get_stock_events
603291.SH,2023-03-27,,wind:wind_get_stock_events
603296.SH,2023-08-08,,wind:wind_get_stock_events
603297.SH,2018-09-10,,wind:wind_get_stock_events
603298.SH,2016-12-27,,wind:wind_get_stock_events
603303.SH,2017-03-30,,wind:wind_get_stock_events
603305.SH,2017-07-10,,wind:wind_get_stock_events
603309.SH,2015-03-02,,wind:wind_get_stock_events
603311.SH,2015-05-18,,wind:wind_get_stock_events
603312.SH,2024-01-11,,wind:wind_get_stock_events
603313.SH,2016-10-13,,wind:wind_get_stock_events
603315.SH,2015-04-24,,wind:wind_get_stock_events
603316.SH,2017-06-19,,wind:wind_get_stock_events
603317.SH,2019-04-16,,wind:wind_get_stock_events
603318.SH,2015-04-24,,wind:wind_get_stock_events
603320.SH,2017-05-02,,wind:wind_get_stock_events
603321.SH,2017-09-15,,wind:wind_get_stock_events
603323.SH,2016-11-29,,wind:wind_get_stock_events
603324.SH,2021-04-07,,wind:wind_get_stock_events
603326.SH,2017-06-16,,wind:wind_get_stock_events
603328.SH,2014-07-01,,wind:wind_get_stock_events
603330.SH,2017-02-13,,wind:wind_get_stock_events
603331.SH,2017-07-05,,wind:wind_get_stock_events
603333.SH,2012-05-07,,wind:wind_get_stock_events
603335.SH,2017-06-20,,wind:wind_get_stock_events
603336.SH,2016-11-24,,wind:wind_get_stock_events
603337.SH,2017-01-19,,wind:wind_get_stock_events
603338.SH,2015-03-25,,wind:wind_get_stock_events
603339.SH,2016-05-19,,wind:wind_get_stock_events
603341.SH,2024-03-01,,wind:wind_get_stock_events
603344.SH,2024-03-20,,wind:wind_get_stock_events
603345.SH,2017-02-22,,wind:wind_get_stock_events
603348.SH,2018-04-26,,wind:wind_get_stock_events
603351.SH,2019-01-30,,wind:wind_get_stock_events
603355.SH,2015-05-13,,wind:wind_get_stock_events
603356.SH,2018-01-24,,wind:wind_get_stock_events
603358.SH,2017-01-25,,wind:wind_get_stock_events
603359.SH,2017-09-01,,wind:wind_get_stock_events
603360.SH,2017-02-06,,wind:wind_get_stock_events
603363.SH,2017-09-26,,wind:wind_get_stock_events
603365.SH,2017-11-20,,wind:wind_get_stock_events
603369.SH,2014-07-03,,wind:wind_get_stock_events
603373.SH,2023-12-20,,wind:wind_get_stock_events
603375.SH,2024-01-24,,wind:wind_get_stock_events
603378.SH,2017-09-28,,wind:wind_get_stock_events
603379.SH,2019-04-02,,wind:wind_get_stock_events
603381.SH,2024-06-26,,wind:wind_get_stock_events
603382.SH,2025-06-12,,wind:wind_get_stock_events
603385.SH,2017-04-05,,wind:wind_get_stock_events
603386.SH,2017-09-12,,wind:wind_get_stock_events
603387.SH,2017-07-17,,wind:wind_get_stock_events
603389.SH,2016-12-15,,wind:wind_get_stock_events
603392.SH,2020-04-29,,wind:wind_get_stock_events
603393.SH,2016-09-12,,wind:wind_get_stock_events
603396.SH,2017-10-18,,wind:wind_get_stock_events
603399.SH,2012-08-24,,wind:wind_get_stock_events
603408.SH,2020-07-30,,wind:wind_get_stock_events
603409.SH,2025-03-04,,wind:wind_get_stock_events
603416.SH,2016-12-21,,wind:wind_get_stock_events
603421.SH,2016-10-11,,wind:wind_get_stock_events
603439.SH,2020-04-28,,wind:wind_get_stock_events
603466.SH,2017-10-20,,wind:wind_get_stock_events
603488.SH,2017-05-16,,wind:wind_get_stock_events
603489.SH,2019-11-11,,wind:wind_get_stock_events
603496.SH,2017-06-07,,wind:wind_get_stock_events
603499.SH,2017-10-16,,wind:wind_get_stock_events
603500.SH,2017-09-04,,wind:wind_get_stock_events
603501.SH,2017-05-04,,wind:wind_get_stock_events
603505.SH,2017-05-03,,wind:wind_get_stock_events
603507.SH,2017-11-06,,wind:wind_get_stock_events
603508.SH,2015-12-24,,wind:wind_get_stock_events
603511.SH,2021-05-31,,wind:wind_get_stock_events
603515.SH,2016-08-19,,wind:wind_get_stock_events
603516.SH,2018-02-02,,wind:wind_get_stock_events
603519.SH,2015-03-19,,wind:wind_get_stock_events
603520.SH,2016-03-09,,wind:wind_get_stock_events
603527.SH,2017-09-07,,wind:wind_get_stock_events
603528.SH,2016-05-03,,wind:wind_get_stock_events
603533.SH,2017-09-21,,wind:wind_get_stock_events
603536.SH,2017-06-13,,wind:wind_get_stock_events
603556.SH,2016-11-10,,wind:wind_get_stock_events
603558.SH,2015-01-27,,wind:wind_get_stock_events
603559.SH,2016-12-02,,wind:wind_get_stock_events
603566.SH,2015-05-18,,wind:wind_get_stock_events
603567.SH,2015-04-24,,wind:wind_get_stock_events
603568.SH,2015-05-28,,wind:wind_get_stock_events
603577.SH,2016-12-22,,wind:wind_get_stock_events
603578.SH,2017-03-06,,wind:wind_get_stock_events
603580.SH,2017-05-25,,wind:wind_get_stock_events
603585.SH,2016-12-14,,wind:wind_get_stock_events
603587.SH,2018-06-22,,wind:wind_get_stock_events
603589.SH,2015-06-29,,wind:wind_get_stock_events
603590.SH,2018-08-27,,wind:wind_get_stock_events
603596.SH,2018-04-27,,wind:wind_get_stock_events
603598.SH,2015-05-27,,wind:wind_get_stock_events
603599.SH,2015-05-13,,wind:wind_get_stock_events
603600.SH,2015-01-23,,wind:wind_get_stock_events
603601.SH,2015-01-22,,wind:wind_get_stock_events
603606.SH,2014-10-15,,wind:wind_get_stock_events
603609.SH,2014-08-08,,wind:wind_get_stock_events
603618.SH,2015-02-17,,wind:wind_get_stock_events
603619.SH,2017-11-17,,wind:wind_get_stock_events
603628.SH,2017-01-12,,wind:wind_get_stock_events
603629.SH,2018-12-24,,wind:wind_get_stock_events
603633.SH,2016-11-17,,wind:wind_get_stock_events
603637.SH,2017-02-08,,wind:wind_get_stock_events
603638.SH,2017-01-20,,wind:wind_get_stock_events
603648.SH,2017-09-13,,wind:wind_get_stock_events
603650.SH,2018-06-27,,wind:wind_get_stock_events
603660.SH,2016-12-01,,wind:wind_get_stock_events
603661.SH,2017-11-21,,wind:wind_get_stock_events
603662.SH,2019-08-06,,wind:wind_get_stock_events
603663.SH,2016-08-01,,wind:wind_get_stock_events
603665.SH,2017-03-13,,wind:wind_get_stock_events
603667.SH,2016-10-25,,wind:wind_get_stock_events
603668.SH,2017-01-17,,wind:wind_get_stock_events
603677.SH,2017-02-06,,wind:wind_get_stock_events
603678.SH,2015-01-26,,wind:wind_get_stock_events
603679.SH,2017-06-21,,wind:wind_get_stock_events
603681.SH,2019-03-26,,wind:wind_get_stock_events
603682.SH,2020-04-21,,wind:wind_get_stock_events
603683.SH,2017-10-20,,wind:wind_get_stock_events
603685.SH,2017-11-27,,wind:wind_get_stock_events
603687.SH,2019-07-26,,wind:wind_get_stock_events
603688.SH,2014-10-31,,wind:wind_get_stock_events
603689.SH,2017-01-10,,wind:wind_get_stock_events
603690.SH,2017-01-13,,wind:wind_get_stock_events
603696.SH,2015-12-09,,wind:wind_get_stock_events
603698.SH,2015-01-28,,wind:wind_get_stock_events
603699.SH,2014-01-17,,wind:wind_get_stock_events
603700.SH,2019-01-22,,wind:wind_get_stock_events
603701.SH,2016-04-12,,wind:wind_get_stock_events
603703.SH,2015-04-23,,wind:wind_get_stock_events
603707.SH,2017-07-19,,wind:wind_get_stock_events
603708.SH,2016-12-13,,wind:wind_get_stock_events
603711.SH,2017-11-30,,wind:wind_get_stock_events
603712.SH,2018-02-26,,wind:wind_get_stock_events
603713.SH,2018-07-13,,wind:wind_get_stock_events
603717.SH,2017-03-27,,wind:wind_get_stock_events
603718.SH,2015-05-15,,wind:wind_get_stock_events
603721.SH,2017-08-11,,wind:wind_get_stock_events
603725.SH,2017-09-06,,wind:wind_get_stock_events
603726.SH,2016-04-21,,wind:wind_get_stock_events
603727.SH,2016-11-22,,wind:wind_get_stock_events
603730.SH,2017-07-28,,wind:wind_get_stock_events
603733.SH,2018-04-20,,wind:wind_get_stock_events
603737.SH,2016-06-03,,wind:wind_get_stock_events
603738.SH,2016-09-28,,wind:wind_get_stock_events
603739.SH,2019-01-16,,wind:wind_get_stock_events
603755.SH,2019-08-28,,wind:wind_get_stock_events
603759.SH,2021-03-26,,wind:wind_get_stock_events
603766.SH,2012-08-10,,wind:wind_get_stock_events
603768.SH,2017-03-24,,wind:wind_get_stock_events
603773.SH,2018-04-17,,wind:wind_get_stock_events
603776.SH,2017-08-17,,wind:wind_get_stock_events
603777.SH,2016-10-12,,wind:wind_get_stock_events
603779.SH,2016-05-16,,wind:wind_get_stock_events
603786.SH,2019-10-15,,wind:wind_get_stock_events
603787.SH,2017-04-27,,wind:wind_get_stock_events
603790.SH,2018-09-12,,wind:wind_get_stock_events
603797.SH,2017-04-13,,wind:wind_get_stock_events
603798.SH,2016-04-06,,wind:wind_get_stock_events
603803.SH,2017-04-20,,wind:wind_get_stock_events
603806.SH,2014-09-05,,wind:wind_get_stock_events
603808.SH,2015-04-22,,wind:wind_get_stock_events
603815.SH,2019-10-21,,wind:wind_get_stock_events
603816.SH,2016-10-14,,wind:wind_get_stock_events
603817.SH,2017-02-20,,wind:wind_get_stock_events
603818.SH,2015-04-22,,wind:wind_get_stock_events
603819.SH,2016-11-25,,wind:wind_get_stock_events
603826.SH,2017-04-14,,wind:wind_get_stock_events
603828.SH,2015-02-26,,wind:wind_get_stock_events
603829.SH,2017-10-17,,wind:wind_get_stock_events
603836.SH,2021-05-26,,wind:wind_get_stock_events
603843.SH,2016-09-05,,wind:wind_get_stock_events
603848.SH,2017-12-01,,wind:wind_get_stock_events
603856.SH,2017-11-06,,wind:wind_get_stock_events
603859.SH,2016-10-21,,wind:wind_get_stock_events
603860.SH,2017-08-02,,wind:wind_get_stock_events
603861.SH,2016-03-22,,wind:wind_get_stock_events
603868.SH,2016-04-18,,wind:wind_get_stock_events
603869.SH,2015-03-26,,wind:wind_get_stock_events
603871.SH,2018-02-06,,wind:wind_get_stock_events
603876.SH,2018-04-18,,wind:wind_get_stock_events
603878.SH,2016-12-19,,wind:wind_get_stock_events
603880.SH,2017-08-07,,wind:wind_get_stock_events
603881.SH,2017-02-08,,wind:wind_get_stock_events
603885.SH,2015-05-27,,wind:wind_get_stock_events
603886.SH,2016-12-28,,wind:wind_get_stock_events
603888.SH,2016-10-28,,wind:wind_get_stock_events
603889.SH,2014-12-31,,wind:wind_get_stock_events
603890.SH,2017-12-12,,wind:wind_get_stock_events
603893.SH,2020-02-07,,wind:wind_get_stock_events
603895.SH,2018-01-22,,wind:wind_get_stock_events
603897.SH,2018-04-10,,wind:wind_get_stock_events
603898.SH,2015-02-17,,wind:wind_get_stock_events
603899.SH,2015-01-27,,wind:wind_get_stock_events
603901.SH,2015-05-29,,wind:wind_get_stock_events
603908.SH,2017-03-07,,wind:wind_get_stock_events
603909.SH,2016-06-28,,wind:wind_get_stock_events
603912.SH,2017-11-01,,wind:wind_get_stock_events
603915.SH,2019-06-14,,wind:wind_get_stock_events
603916.SH,2017-11-10,,wind:wind_get_stock_events
603919.SH,2016-03-10,,wind:wind_get_stock_events
603926.SH,2017-05-10,,wind:wind_get_stock_events
603931.SH,2020-08-19,,wind:wind_get_stock_events
603933.SH,2017-07-06,,wind:wind_get_stock_events
603936.SH,2015-12-09,,wind:wind_get_stock_events
603937.SH,2017-11-02,,wind:wind_get_stock_events
603938.SH,2017-06-28,,wind:wind_get_stock_events
603939.SH,2015-02-17,,wind:wind_get_stock_events
603950.SH,2020-05-26,,wind:wind_get_stock_events
603955.SH,2017-03-10,,wind:wind_get_stock_events
603960.SH,2017-03-14,,wind:wind_get_stock_events
603966.SH,2017-01-25,,wind:wind_get_stock_events
603967.SH,2019-04-29,,wind:wind_get_stock_events
603976.SH,2017-08-22,,wind:wind_get_stock_events
603977.SH,2016-11-11,,wind:wind_get_stock_events
603978.SH,2017-08-07,,wind:wind_get_stock_events
603979.SH,2015-06-30,,wind:wind_get_stock_events
603982.SH,2019-05-22,,wind:wind_get_stock_events
603983.SH,2019-07-25,,wind:wind_get_stock_events
603985.SH,2017-05-05,,wind:wind_get_stock_events
603988.SH,2014-11-04,,wind:wind_get_stock_events
603989.SH,2015-05-15,,wind:wind_get_stock_events
603990.SH,2016-12-08,,wind:wind_get_stock_events
603991.SH,2017-03-08,,wind:wind_get_stock_events
603993.SH,2012-10-09,,wind:wind_get_stock_events
603995.SH,2019-12-24,,wind:wind_get_stock_events
603997.SH,2015-03-02,,wind:wind_get_stock_events
603998.SH,2014-12-05,,wind:wind_get_stock_events
603999.SH,2015-12-10,,wind:wind_get_stock_events
605001.SH,2020-05-22,,wind:wind_get_stock_events
605003.SH,2020-09-08,,wind:wind_get_stock_events
605005.SH,2021-01-19,,wind:wind_get_stock_events
605006.SH,2020-09-03,,wind:wind_get_stock_events
605007.SH,2020-11-10,,wind:wind_get_stock_events
605009.SH,2020-09-11,,wind:wind_get_stock_events
605011.SH,2021-06-30,,wind:wind_get_stock_events
605016.SH,2021-04-21,,wind:wind_get_stock_events
605020.SH,2021-07-09,,wind:wind_get_stock_events
605028.SH,2021-07-12,,wind:wind_get_stock_events
605050.SH,2020-09-24,,wind:wind_get_stock_events
605055.SH,2021-01-29,,wind:wind_get_stock_events
605056.SH,2021-07-20,,wind:wind_get_stock_events
605058.SH,2020-10-21,,wind:wind_get_stock_events
605066.SH,2020-08-07,,wind:wind_get_stock_events
605068.SH,2020-11-23,,wind:wind_get_stock_events
605069.SH,2021-08-16,,wind:wind_get_stock_events
605090.SH,2021-05-25,,wind:wind_get_stock_events
605098.SH,2021-04-21,,wind:wind_get_stock_events
605099.SH,2020-09-30,,wind:wind_get_stock_events
605111.SH,2020-09-28,,wind:wind_get_stock_events
605116.SH,2020-09-21,,wind:wind_get_stock_events
605117.SH,2021-04-20,,wind:wind_get_stock_events
605118.SH,2020-07-30,,wind:wind_get_stock_events
605123.SH,2020-08-25,,wind:wind_get_stock_events
605128.SH,2020-09-15,,wind:wind_get_stock_events
605136.SH,2020-09-29,,wind:wind_get_stock_events
605138.SH,2021-10-27,,wind:wind_get_stock_events
605151.SH,2020-12-15,,wind:wind_get_stock_events
605155.SH,2020-12-31,,wind:wind_get_stock_events
605162.SH,2021-07-07,,wind:wind_get_stock_events
605167.SH,2021-07-26,,wind:wind_get_stock_events
605177.SH,2020-11-25,,wind:wind_get_stock_events
605183.SH,2020-12-07,,wind:wind_get_stock_events
605186.SH,2020-12-22,,wind:wind_get_stock_events
605188.SH,2020-07-28,,wind:wind_get_stock_events
605189.SH,2021-05-28,,wind:wind_get_stock_events
605196.SH,2021-05-11,,wind:wind_get_stock_events
605208.SH,2021-03-08,,wind:wind_get_stock_events
605218.SH,2020-09-28,,wind:wind_get_stock_events
605222.SH,2020-07-31,,wind:wind_get_stock_events
605228.SH,2021-01-20,,wind:wind_get_stock_events
605258.SH,2020-12-03,,wind:wind_get_stock_events
605259.SH,2021-06-15,,wind:wind_get_stock_events
605268.SH,2021-02-24,,wind:wind_get_stock_events
605287.SH,2021-07-06,,wind:wind_get_stock_events
605288.SH,2020-06-01,,wind:wind_get_stock_events
605289.SH,2021-04-26,,wind:wind_get_stock_events
605296.SH,2021-05-28,,wind:wind_get_stock_events
605298.SH,2021-03-01,,wind:wind_get_stock_events
605299.SH,2020-12-15,,wind:wind_get_stock_events
605300.SH,2021-04-30,,wind:wind_get_stock_events
605303.SH,2021-03-01,,wind:wind_get_stock_events
605319.SH,2021-06-07,,wind:wind_get_stock_events
605358.SH,2020-09-11,,wind:wind_get_stock_events
605365.SH,2021-07-20,,wind:wind_get_stock_events
605366.SH,2020-08-12,,wind:wind_get_stock_events
605368.SH,2021-01-29,,wind:wind_get_stock_events
605399.SH,2020-08-04,,wind:wind_get_stock_events
605488.SH,2021-05-13,,wind:wind_get_stock_events
605499.SH,2021-05-27,,wind:wind_get_stock_events
605507.SH,2021-08-02,,wind:wind_get_stock_events
605555.SH,2021-10-21,,wind:wind_get_stock_events
605566.SH,2021-10-25,,wind:wind_get_stock_events
605567.SH,2021-10-13,,wind:wind_get_stock_events
605588.SH,2021-08-12,,wind:wind_get_stock_events
605589.SH,2021-08-10,,wind:wind_get_stock_events
605599.SH,2021-09-09,,wind:wind_get_stock_events
688062.SH,2022-01-18,,wind:wind_get_stock_events
688068.SH,2019-09-30,,wind:wind_get_stock_events
688072.SH,2022-04-20,,wind:wind_get_stock_events
688109.SH,2021-03-30,,wind:wind_get_stock_events
688168.SH,2019-09-06,,wind:wind_get_stock_events
688189.SH,2020-03-26,,wind:wind_get_stock_events
688221.SH,2020-10-28,,wind:wind_get_stock_events
688228.SH,2020-03-27,,wind:wind_get_stock_events
688282.SH,2022-03-18,,wind:wind_get_stock_events
688335.SH,2020-08-17,,wind:wind_get_stock_events
688359.SH,2021-05-21,,wind:wind_get_stock_events
688372.SH,2022-10-26,,wind:wind_get_stock_events
688382.SH,2022-07-25,,wind:wind_get_stock_events
688485.SH,2023-01-18,,wind:wind_get_stock_events
688600.SH,2020-07-03,,wind:wind_get_stock_events
688658.SH,2020-12-24,,wind:wind_get_stock_events
688689.SH,2021-01-27,,wind:wind_get_stock_events
688691.SH,2024-04-11,,wind:wind_get_stock_events
688699.SH,2020-12-18,,wind:wind_get_stock_events
688766.SH,2021-08-23,,wind:wind_get_stock_events
688788.SH,2020-10-22,,wind:wind_get_stock_events
920305.BJ,2021-08-26,2026-07-30,wind:wind_get_stock_events
920438.BJ,2024-03-25,,wind:wind_get_stock_events
920509.BJ,2021-01-11,,wind:wind_get_stock_events
920725.BJ,2022-07-18,,wind:wind_get_stock_events
920748.BJ,2023-08-16,,wind:wind_get_stock_events
920839.BJ,2020-11-09,,wind:wind_get_stock_events
